cid,performed_on,pssn
1,2024-06-12,200001641
2,2023-02-15,200000501
3,2020-03-04,200000025
4,2021-09-26,200001445
5,2022-01-25,200001741
6,2024-10-14,200001832
7,2023-11-20,200001680
8,2020-11-29,200001793
9,2024-05-31,200001902
10,2022-10-11,200001795
11,2020-06-22,200001566
12,2024-04-14,200001194
13,2022-09-24,200001013
14,2024-02-15,200000848
15,2024-08-03,200001883
16,2021-05-10,200001193
17,2022-08-12,200001806
18,2023-06-27,200000277
19,2024-01-17,200001039
20,2020-02-24,200001770
21,2021-04-28,200001060
22,2021-04-13,200001224
23,2020-03-14,200001183
24,2020-05-27,200000573
25,2024-02-18,200000413
26,2023-07-17,200000500
27,2020-11-07,200000328
28,2023-04-16,200001301
29,2021-02-16,200000600
30,2021-01-09,200001011
31,2024-01-10,200000328
32,2021-12-08,200001984
33,2020-07-16,200001257
34,2020-03-04,200001670
35,2024-05-04,200001270
36,2021-12-06,200000490
37,2023-07-11,200000655
38,2024-10-09,200000276
39,2021-06-30,200001859
40,2020-10-23,200001049
41,2023-08-30,200000619
42,2020-09-10,200001874
43,2024-12-16,200000731
44,2022-09-20,200001728
45,2020-09-18,200001577
46,2020-07-27,200000256
47,2023-01-07,200000947
48,2022-04-30,200000622
49,2021-07-18,200001386
50,2024-04-09,200000674
51,2022-07-30,200000484
52,2020-11-22,200001412
53,2021-03-25,200000574
54,2023-05-25,200000661
55,2024-10-03,200001273
56,2024-10-06,200000883
57,2021-10-14,200000304
58,2022-02-15,200000971
59,2021-02-06,200000886
60,2021-12-13,200000884
61,2021-12-16,200000346
62,2023-08-11,200000988
63,2022-12-20,200001554
64,2020-07-06,200001485
65,2022-08-12,200000690
66,2021-04-17,200001999
67,2021-11-07,200001111
68,2023-03-09,200001168
69,2023-05-23,200000884
70,2020-10-18,200000720
71,2022-12-24,200000447
72,2020-03-19,200001088
73,2023-11-10,200000029
74,2024-05-12,200001020
75,2024-04-12,200001563
76,2021-12-31,200000027
77,2023-09-21,200001894
78,2020-09-22,200001721
79,2020-10-07,200001906
80,2021-08-05,200001049
81,2023-04-11,200000633
82,2023-02-20,200000095
83,2022-06-20,200001050
84,2020-10-05,200000019
85,2024-07-23,200000681
86,2020-08-06,200001974
87,2021-11-10,200000326
88,2023-02-05,200000754
89,2020-05-08,200000618
90,2022-04-02,200000564
91,2020-09-07,200001813
92,2020-08-14,200000287
93,2024-05-01,200000922
94,2024-10-06,200001479
95,2024-10-01,200000731
96,2020-02-20,200001975
97,2022-06-29,200001504
98,2024-05-22,200000562
99,2020-02-08,200000058
100,2023-09-07,200001570
101,2023-10-07,200000912
102,2024-07-11,200001072
103,2023-07-08,200000156
104,2023-04-23,200001593
105,2021-03-08,200000039
106,2022-11-18,200001811
107,2021-12-16,200000685
108,2022-10-22,200000303
109,2022-03-24,200000613
110,2023-05-01,200000962
111,2021-12-24,200000502
112,2020-02-06,200001539
113,2023-08-17,200001334
114,2022-06-01,200000168
115,2022-02-05,200001322
116,2022-01-11,200001039
117,2023-08-19,200001503
118,2023-03-17,200000543
119,2023-10-06,200000064
120,2024-02-16,200000121
121,2024-03-31,200001508
122,2023-05-12,200001542
123,2023-02-14,200000772
124,2023-05-12,200001007
125,2023-05-17,200000932
126,2024-04-26,200000662
127,2020-02-14,200001982
128,2020-12-10,200000785
129,2020-09-22,200000517
130,2020-02-21,200000322
131,2021-04-20,200000740
132,2022-03-05,200000591
133,2022-03-04,200000987
134,2024-02-17,200001047
135,2024-03-27,200001551
136,2022-10-06,200000556
137,2021-08-07,200000631
138,2023-10-07,200000362
139,2022-04-09,200000017
140,2024-12-24,200001559
141,2023-08-26,200000494
142,2023-07-09,200000116
143,2022-02-01,200000600
144,2023-10-03,200001095
145,2021-01-16,200000798
146,2024-10-04,200000154
147,2023-08-07,200000611
148,2020-06-16,200000964
149,2022-03-25,200000875
150,2023-02-10,200000519
151,2023-08-02,200000692
152,2023-08-08,200001643
153,2021-07-23,200000810
154,2022-11-12,200000985
155,2024-01-13,200000880
156,2024-11-09,200001096
157,2020-09-30,200001203
158,2024-02-01,200001742
159,2023-05-25,200001826
160,2020-07-04,200000517
161,2021-08-13,200001856
162,2021-11-16,200001085
163,2023-05-19,200000583
164,2021-05-18,200001625
165,2024-07-01,200001265
166,2023-06-19,200000962
167,2020-05-04,200001252
168,2020-04-05,200000784
169,2022-10-10,200000791
170,2022-12-14,200001296
171,2020-04-10,200000437
172,2024-01-17,200000633
173,2021-08-31,200000510
174,2023-07-10,200001822
175,2022-09-02,200000033
176,2023-09-11,200001874
177,2023-10-28,200000933
178,2020-04-24,200001417
179,2022-04-24,200000020
180,2022-05-19,200001563
181,2021-09-29,200000762
182,2022-02-08,200001811
183,2022-02-07,200001237
184,2020-12-23,200000457
185,2021-11-15,200000751
186,2023-08-20,200000070
187,2020-04-07,200001976
188,2022-05-18,200000322
189,2022-04-25,200000429
190,2022-09-14,200000519
191,2024-08-24,200000811
192,2021-12-09,200000324
193,2022-06-27,200001131
194,2022-08-16,200001669
195,2023-06-30,200001822
196,2021-11-12,200000843
197,2023-06-26,200001237
198,2020-09-29,200001420
199,2023-02-24,200001706
200,2022-10-31,200001434
201,2024-08-06,200000615
202,2022-05-13,200000347
203,2024-07-17,200000665
204,2021-10-13,200000742
205,2020-05-04,200001584
206,2021-02-08,200001843
207,2020-10-15,200000214
208,2022-01-08,200001932
209,2021-08-16,200001039
210,2020-03-25,200001175
211,2022-03-17,200001585
212,2022-08-26,200001044
213,2023-07-19,200000764
214,2024-06-20,200001006
215,2024-03-15,200000512
216,2022-12-11,200000606
217,2024-11-26,200000135
218,2021-08-08,200001630
219,2023-05-18,200001457
220,2023-06-09,200000391
221,2024-08-28,200001860
222,2021-09-17,200001822
223,2023-03-29,200001349
224,2021-09-18,200001618
225,2024-03-17,200001696
226,2021-08-17,200001885
227,2022-09-23,200000252
228,2024-03-07,200000953
229,2022-09-22,200000762
230,2020-12-27,200001791
231,2021-06-23,200000483
232,2023-12-21,200000508
233,2024-01-20,200001371
234,2023-04-25,200000440
235,2024-12-13,200001928
236,2020-05-26,200000160
237,2021-09-27,200001034
238,2022-01-12,200001992
239,2022-08-19,200000544
240,2023-07-24,200001095
241,2020-05-03,200000383
242,2021-04-17,200001516
243,2022-03-23,200001137
244,2023-04-21,200001470
245,2021-12-23,200000116
246,2022-08-12,200001790
247,2023-10-08,200001175
248,2021-07-10,200000373
249,2023-09-05,200001894
250,2021-04-14,200000763
251,2022-12-22,200000380
252,2024-02-17,200001105
253,2023-04-25,200001775
254,2023-07-02,200000730
255,2021-04-27,200000691
256,2023-10-03,200000121
257,2021-12-23,200001816
258,2024-10-17,200001645
259,2020-01-05,200001879
260,2020-08-05,200001326
261,2023-01-17,200000969
262,2023-02-18,200000607
263,2023-02-12,200001046
264,2022-05-08,200000564
265,2020-08-18,200001464
266,2023-05-25,200000468
267,2022-06-29,200001308
268,2023-10-17,200000885
269,2024-12-29,200000657
270,2020-10-24,200001696
271,2021-08-22,200001150
272,2024-04-27,200001820
273,2023-02-28,200001721
274,2022-11-05,200001723
275,2023-06-29,200001701
276,2022-08-25,200001975
277,2021-09-14,200001326
278,2022-11-07,200001212
279,2022-03-15,200001219
280,2022-11-26,200000767
281,2021-01-09,200000748
282,2024-04-07,200001069
283,2021-05-03,200001155
284,2020-01-31,200000669
285,2024-07-22,200001799
286,2022-12-22,200000679
287,2020-01-20,200000372
288,2021-09-03,200001272
289,2023-07-01,200001740
290,2020-05-15,200000048
291,2021-07-25,200000377
292,2023-03-21,200001258
293,2023-04-16,200001518
294,2022-11-14,200000663
295,2021-11-30,200000865
296,2021-08-04,200001692
297,2023-10-27,200000785
298,2020-08-21,200001478
299,2021-01-29,200001934
300,2020-04-26,200001379
301,2023-09-19,200000532
302,2024-11-29,200001804
303,2022-06-29,200001382
304,2023-01-04,200001202
305,2023-12-25,200001119
306,2023-05-23,200001886
307,2024-12-25,200001552
308,2020-05-01,200001529
309,2022-08-15,200001376
310,2021-05-09,200000185
311,2021-07-09,200000439
312,2023-06-02,200001470
313,2020-01-08,200000120
314,2024-02-27,200000400
315,2022-08-27,200001980
316,2021-10-22,200000794
317,2021-10-21,200001893
318,2024-12-11,200000577
319,2024-07-13,200001626
320,2024-08-10,200000738
321,2023-03-11,200000923
322,2021-10-29,200001048
323,2024-10-10,200001655
324,2023-09-04,200000831
325,2021-04-13,200000072
326,2023-12-19,200000952
327,2023-01-17,200001251
328,2021-03-11,200001454
329,2023-01-01,200000213
330,2022-12-04,200001428
331,2024-10-22,200000423
332,2021-06-15,200001010
333,2023-10-10,200001252
334,2024-12-12,200000867
335,2024-12-29,200001897
336,2023-10-12,200001547
337,2023-02-06,200000536
338,2023-05-17,200001352
339,2020-07-04,200000736
340,2023-03-23,200001299
341,2024-07-06,200000608
342,2021-10-06,200001588
343,2024-11-12,200001947
344,2023-10-03,200001925
345,2020-12-16,200000035
346,2020-10-20,200000942
347,2022-06-18,200001050
348,2024-02-20,200001383
349,2022-07-06,200001959
350,2023-04-12,200000870
351,2021-05-25,200000329
352,2020-09-14,200001242
353,2023-04-09,200000361
354,2020-10-18,200000644
355,2023-12-11,200001456
356,2020-05-31,200001989
357,2020-08-12,200001704
358,2020-06-22,200000363
359,2022-12-11,200001431
360,2023-09-26,200001959
361,2022-01-02,200001291
362,2023-08-18,200000112
363,2020-05-10,200001144
364,2020-04-29,200001533
365,2022-02-01,200000976
366,2022-11-22,200000376
367,2024-03-23,200001687
368,2021-11-13,200001006
369,2020-09-13,200000537
370,2024-12-28,200001267
371,2024-02-09,200000881
372,2020-05-02,200000767
373,2022-03-03,200000480
374,2021-06-30,200000241
375,2024-03-31,200000977
376,2023-12-17,200000151
377,2022-08-01,200000583
378,2020-11-02,200000578
379,2023-11-10,200001229
380,2022-06-03,200000879
381,2020-09-19,200000096
382,2024-01-23,200000794
383,2022-12-14,200000567
384,2022-06-03,200000084
385,2022-11-17,200000678
386,2022-01-17,200001326
387,2022-07-12,200000511
388,2023-11-24,200001882
389,2021-10-17,200000976
390,2024-07-30,200000528
391,2022-02-19,200000412
392,2022-05-29,200001692
393,2024-06-17,200001231
394,2022-07-18,200001545
395,2022-02-26,200001761
396,2021-12-24,200000146
397,2021-09-18,200001833
398,2021-06-04,200001438
399,2023-04-11,200001812
400,2023-11-28,200000345
401,2020-07-14,200000775
402,2020-06-26,200000998
403,2024-01-24,200000873
404,2023-09-09,200001167
405,2022-05-25,200001484
406,2022-05-03,200001998
407,2023-02-22,200001435
408,2022-07-14,200001570
409,2021-04-19,200001597
410,2020-06-18,200000708
411,2024-07-08,200001983
412,2020-07-05,200001216
413,2021-06-11,200001201
414,2021-10-06,200000501
415,2022-09-24,200001163
416,2024-01-25,200000115
417,2020-11-10,200000438
418,2022-12-24,200001131
419,2024-11-17,200001879
420,2020-11-25,200000423
421,2022-04-08,200000485
422,2023-11-05,200001481
423,2022-12-26,200001339
424,2022-11-20,200000310
425,2021-08-23,200000433
426,2023-07-04,200000787
427,2021-03-23,200001338
428,2021-05-14,200000648
429,2024-05-22,200001704
430,2024-02-29,200000076
431,2024-12-16,200001705
432,2023-07-24,200001198
433,2021-07-07,200000919
434,2022-11-11,200000620
435,2022-04-12,200001988
436,2022-02-25,200001949
437,2023-03-21,200000576
438,2024-09-25,200000863
439,2023-08-26,200000392
440,2024-10-06,200001875
441,2023-06-20,200001982
442,2021-04-30,200000443
443,2022-02-24,200001290
444,2023-01-05,200000596
445,2023-03-21,200001174
446,2022-12-04,200000013
447,2023-09-30,200000243
448,2024-09-02,200000200
449,2024-06-23,200001534
450,2022-07-05,200001149
451,2024-11-15,200000736
452,2024-02-07,200000174
453,2024-02-28,200001230
454,2022-03-26,200000279
455,2024-04-07,200001560
456,2020-07-20,200001612
457,2021-02-18,200000099
458,2021-01-14,200000539
459,2020-08-31,200001719
460,2023-08-26,200000363
461,2024-09-02,200000309
462,2020-10-31,200001245
463,2024-07-07,200001979
464,2022-03-10,200000880
465,2023-06-23,200001556
466,2024-04-04,200000724
467,2024-08-01,200000379
468,2022-05-04,200001683
469,2020-05-23,200000000
470,2022-11-27,200001595
471,2020-06-26,200001014
472,2024-12-12,200000760
473,2021-10-03,200000857
474,2021-07-15,200000773
475,2021-04-06,200000739
476,2020-09-09,200001630
477,2024-12-16,200001452
478,2022-07-18,200001624
479,2023-03-13,200001971
480,2024-05-19,200001657
481,2020-07-19,200001063
482,2022-11-30,200000490
483,2023-11-16,200001124
484,2022-12-13,200001550
485,2022-08-22,200000104
486,2020-07-22,200001004
487,2024-05-02,200000367
488,2022-10-04,200001562
489,2023-12-06,200000981
490,2023-04-20,200001536
491,2024-10-31,200001593
492,2024-09-12,200000860
493,2020-02-21,200000798
494,2022-08-04,200001808
495,2022-12-04,200000679
496,2020-03-03,200000659
497,2023-12-31,200000950
498,2024-04-25,200001265
499,2021-06-10,200001256
500,2020-06-26,200000394
501,2023-04-22,200001892
502,2024-02-21,200001687
503,2021-12-29,200000184
504,2020-01-05,200001663
505,2021-08-08,200000599
506,2022-10-07,200001260
507,2021-02-18,200000694
508,2021-12-24,200001972
509,2023-08-31,200001856
510,2021-08-16,200000237
511,2020-06-09,200001105
512,2022-02-22,200000967
513,2024-04-09,200000083
514,2022-09-06,200000659
515,2024-06-16,200000454
516,2024-05-08,200000912
517,2022-07-26,200001829
518,2022-01-03,200000575
519,2023-11-19,200001843
520,2023-08-16,200001724
521,2020-04-24,200000383
522,2020-03-22,200001429
523,2022-08-16,200001161
524,2022-09-26,200001435
525,2023-05-23,200000138
526,2022-04-10,200000585
527,2023-06-29,200000743
528,2022-02-18,200000481
529,2021-02-16,200001175
530,2021-04-20,200001120
531,2024-04-03,200001461
532,2022-05-18,200001275
533,2021-11-16,200000581
534,2024-06-17,200000804
535,2020-06-23,200000233
536,2024-02-27,200001169
537,2021-03-11,200000427
538,2021-01-12,200001108
539,2021-09-25,200001386
540,2022-07-22,200000974
541,2022-12-02,200000410
542,2021-03-09,200000713
543,2024-06-15,200001649
544,2021-08-10,200000754
545,2022-02-10,200000437
546,2024-09-26,200001037
547,2021-08-08,200000397
548,2020-04-27,200000233
549,2024-05-12,200000225
550,2020-10-07,200000044
551,2023-06-11,200001989
552,2021-04-10,200000690
553,2023-05-28,200000539
554,2021-11-16,200000725
555,2021-02-07,200000762
556,2024-07-01,200001673
557,2020-07-03,200001395
558,2023-08-02,200001459
559,2022-05-07,200000191
560,2022-02-09,200000690
561,2023-03-26,200000358
562,2022-04-23,200001903
563,2021-02-26,200000099
564,2023-03-29,200001582
565,2021-04-30,200000081
566,2022-06-20,200001159
567,2021-03-28,200000029
568,2023-03-01,200001589
569,2021-01-17,200000269
570,2023-11-07,200000354
571,2023-06-06,200000199
572,2024-07-13,200000664
573,2020-02-25,200000977
574,2022-07-30,200000687
575,2023-12-05,200000824
576,2022-11-18,200001133
577,2020-10-17,200001079
578,2023-12-14,200001411
579,2021-10-08,200000555
580,2020-05-09,200001439
581,2023-11-14,200001708
582,2022-02-19,200000908
583,2023-02-25,200000638
584,2021-08-27,200001777
585,2020-03-10,200000573
586,2023-08-09,200001929
587,2022-03-16,200000744
588,2021-10-24,200000484
589,2020-11-09,200001142
590,2020-02-02,200000507
591,2024-01-21,200000141
592,2021-05-14,200001068
593,2022-07-22,200001581
594,2020-07-14,200001673
595,2020-02-18,200001431
596,2020-10-06,200000944
597,2020-10-10,200001248
598,2022-05-29,200001133
599,2024-07-22,200000640
600,2023-11-22,200001295
601,2021-05-30,200001505
602,2020-01-03,200001988
603,2020-05-30,200000507
604,2024-06-09,200001605
605,2024-11-02,200001237
606,2021-07-05,200001726
607,2022-05-08,200000333
608,2024-02-13,200001764
609,2021-12-11,200001022
610,2023-10-29,200000364
611,2022-01-03,200001089
612,2022-09-03,200001803
613,2022-11-20,200000339
614,2022-09-08,200000899
615,2020-10-26,200001936
616,2020-09-08,200001640
617,2023-09-15,200000481
618,2022-06-27,200000479
619,2023-12-19,200000130
620,2020-08-16,200000179
621,2024-10-21,200001886
622,2020-02-25,200000696
623,2020-08-28,200001765
624,2023-06-01,200000200
625,2020-01-22,200001775
626,2022-11-05,200000184
627,2020-03-21,200001920
628,2024-08-07,200000195
629,2022-05-21,200001553
630,2022-12-03,200001349
631,2024-02-12,200000192
632,2020-01-01,200000015
633,2024-12-26,200000435
634,2020-08-26,200000484
635,2020-01-10,200001561
636,2022-06-01,200001483
637,2021-07-17,200001906
638,2021-09-15,200001203
639,2020-06-07,200000154
640,2021-06-13,200001274
641,2020-07-27,200001694
642,2020-09-06,200000445
643,2021-11-10,200000099
644,2023-11-15,200001816
645,2020-10-09,200000271
646,2024-02-19,200001510
647,2023-11-24,200001741
648,2023-08-26,200000515
649,2022-09-21,200000642
650,2020-06-30,200001104
651,2021-04-24,200001972
652,2023-06-20,200000878
653,2023-03-26,200000662
654,2021-02-23,200001237
655,2021-11-21,200001220
656,2024-07-15,200000038
657,2024-08-19,200001233
658,2022-12-21,200001228
659,2024-04-30,200000892
660,2021-07-15,200000513
661,2023-12-04,200001572
662,2020-10-10,200001544
663,2023-04-07,200000611
664,2022-05-18,200000126
665,2023-07-10,200000629
666,2020-07-14,200001277
667,2024-09-26,200001252
668,2023-07-05,200001342
669,2024-05-05,200001988
670,2023-05-08,200000846
671,2023-06-25,200000230
672,2024-12-03,200000616
673,2022-06-30,200000799
674,2024-08-20,200000042
675,2021-04-04,200001582
676,2020-03-19,200001087
677,2023-11-17,200000487
678,2022-11-20,200001901
679,2020-08-22,200001073
680,2023-01-03,200001425
681,2024-10-06,200000068
682,2020-03-03,200000661
683,2021-02-17,200000150
684,2020-12-15,200000117
685,2024-01-01,200001283
686,2023-06-19,200001520
687,2023-05-06,200000783
688,2022-12-05,200001344
689,2022-06-29,200000460
690,2024-11-24,200001851
691,2022-02-17,200000978
692,2021-09-10,200001392
693,2020-12-29,200001788
694,2023-03-02,200001388
695,2020-08-05,200001327
696,2021-05-10,200001714
697,2022-08-16,200000312
698,2020-08-04,200001714
699,2020-04-07,200001035
700,2024-01-08,200001596
701,2024-04-21,200000742
702,2020-02-13,200000675
703,2020-07-12,200000980
704,2024-08-05,200000309
705,2023-12-26,200000727
706,2020-03-15,200001424
707,2021-03-08,200000484
708,2022-04-19,200000041
709,2024-12-17,200000090
710,2023-11-20,200000447
711,2021-04-09,200001598
712,2024-04-06,200001016
713,2024-10-28,200001108
714,2023-04-20,200001271
715,2021-06-18,200001283
716,2021-10-22,200001043
717,2020-06-17,200000685
718,2023-02-14,200001170
719,2021-04-10,200001021
720,2023-07-26,200001328
721,2022-12-19,200001973
722,2022-03-03,200001518
723,2023-12-22,200000807
724,2020-08-22,200001642
725,2021-04-09,200000681
726,2020-08-25,200001512
727,2023-03-10,200000195
728,2024-05-01,200001260
729,2023-08-02,200001537
730,2024-09-04,200000019
731,2023-05-06,200000399
732,2020-09-21,200001017
733,2020-05-19,200001703
734,2020-07-18,200001609
735,2020-08-19,200000892
736,2021-07-18,200001795
737,2020-08-10,200001377
738,2020-11-11,200000015
739,2024-02-08,200001604
740,2023-03-31,200001342
741,2023-11-14,200000559
742,2021-04-01,200001145
743,2022-08-02,200001919
744,2020-07-20,200000377
745,2022-06-03,200001123
746,2020-07-19,200001318
747,2024-11-30,200000214
748,2020-08-02,200001406
749,2022-03-02,200001293
750,2022-09-28,200001631
751,2020-06-28,200000960
752,2022-01-01,200001660
753,2024-01-20,200000974
754,2024-07-09,200001754
755,2022-10-28,200001970
756,2023-03-23,200000641
757,2021-03-03,200000299
758,2023-03-19,200001929
759,2021-10-16,200001848
760,2023-06-30,200001836
761,2021-01-13,200000786
762,2020-09-14,200000609
763,2023-06-02,200001679
764,2023-04-13,200000251
765,2021-08-13,200000412
766,2024-08-04,200001695
767,2020-03-23,200001777
768,2021-06-29,200001044
769,2024-10-11,200001619
770,2020-09-27,200000800
771,2022-09-29,200001832
772,2021-03-09,200001991
773,2022-09-09,200001690
774,2020-09-30,200000011
775,2021-11-12,200001594
776,2024-01-21,200000857
777,2020-12-31,200001056
778,2022-01-03,200000921
779,2023-10-26,200001868
780,2023-01-15,200001906
781,2020-12-07,200001172
782,2023-03-03,200000375
783,2020-12-21,200001922
784,2024-11-06,200001463
785,2022-01-12,200000218
786,2020-01-20,200001189
787,2024-03-07,200001648
788,2021-10-21,200001378
789,2021-08-18,200001025
790,2023-04-25,200001115
791,2022-09-08,200001554
792,2023-04-30,200001983
793,2020-11-14,200000904
794,2024-09-14,200001861
795,2022-03-16,200001825
796,2020-04-14,200001241
797,2024-12-09,200001625
798,2023-10-09,200000042
799,2020-01-27,200001401
800,2024-01-02,200001835
801,2024-08-23,200001723
802,2022-10-12,200000231
803,2024-12-03,200000435
804,2020-09-13,200001927
805,2020-02-05,200001507
806,2023-08-16,200001171
807,2022-02-20,200000663
808,2024-10-04,200000134
809,2020-07-19,200001266
810,2022-01-08,200001588
811,2020-05-19,200000053
812,2022-11-24,200000511
813,2023-11-15,200001413
814,2021-06-01,200001083
815,2021-09-11,200000913
816,2023-12-27,200001739
817,2020-09-25,200001688
818,2023-07-18,200001251
819,2021-09-19,200001042
820,2021-02-02,200000209
821,2023-01-29,200001449
822,2021-06-27,200001631
823,2022-12-06,200001036
824,2020-02-19,200001822
825,2022-07-19,200001690
826,2024-01-03,200000557
827,2020-09-13,200000791
828,2021-01-17,200000867
829,2024-09-19,200000351
830,2024-09-05,200000589
831,2023-11-02,200000746
832,2023-02-11,200001152
833,2021-06-19,200001017
834,2020-02-20,200001684
835,2021-02-07,200001856
836,2023-05-03,200001188
837,2023-11-07,200000285
838,2024-08-31,200001058
839,2020-01-21,200000969
840,2021-07-26,200000613
841,2021-06-20,200001919
842,2020-02-18,200001103
843,2023-10-31,200001560
844,2020-06-24,200000818
845,2022-07-10,200001685
846,2020-07-30,200001801
847,2023-12-12,200000818
848,2022-08-17,200001578
849,2021-11-14,200001859
850,2020-10-21,200000476
851,2020-05-05,200000578
852,2023-02-15,200001086
853,2021-07-28,200001036
854,2024-06-27,200000289
855,2024-07-31,200001295
856,2022-10-17,200001557
857,2023-08-26,200001305
858,2023-04-14,200000518
859,2021-11-14,200001550
860,2023-09-19,200000329
861,2022-04-12,200000368
862,2020-06-20,200001954
863,2023-01-25,200001073
864,2022-02-27,200000883
865,2022-05-22,200000830
866,2022-12-17,200000007
867,2024-09-25,200001336
868,2022-04-30,200001404
869,2022-02-21,200001445
870,2024-11-19,200001836
871,2020-09-22,200000061
872,2023-09-24,200001800
873,2022-03-23,200001269
874,2022-08-27,200000842
875,2021-05-09,200000675
876,2024-11-03,200001262
877,2023-06-08,200001176
878,2020-07-18,200000239
879,2021-05-21,200001288
880,2024-01-31,200001879
881,2021-10-23,200001429
882,2021-12-07,200001826
883,2023-01-08,200000341
884,2024-10-20,200000580
885,2022-05-20,200000808
886,2022-04-01,200001559
887,2021-10-31,200000444
888,2023-05-19,200001838
889,2021-04-21,200000493
890,2020-11-06,200000592
891,2023-02-16,200000419
892,2024-01-19,200001315
893,2020-03-30,200001705
894,2022-01-03,200001533
895,2023-11-17,200001181
896,2022-09-08,200000926
897,2022-05-04,200000057
898,2024-01-27,200001200
899,2020-07-11,200001168
900,2024-07-21,200001543
901,2023-09-15,200001439
902,2024-07-29,200000608
903,2020-04-25,200001046
904,2023-02-27,200000217
905,2021-06-18,200001086
906,2022-09-13,200001250
907,2023-06-06,200001985
908,2021-01-18,200000724
909,2023-10-09,200001809
910,2023-06-21,200001446
911,2021-02-09,200000388
912,2021-01-21,200001271
913,2024-09-10,200000271
914,2024-07-21,200000604
915,2021-10-04,200001766
916,2024-07-17,200000014
917,2024-11-25,200001337
918,2023-08-16,200000412
919,2020-06-28,200001172
920,2023-11-25,200000431
921,2020-04-23,200001349
922,2023-04-18,200000656
923,2023-01-30,200001600
924,2022-09-28,200001041
925,2024-11-20,200000082
926,2023-07-21,200001691
927,2023-06-23,200000488
928,2021-07-15,200001390
929,2020-07-25,200001071
930,2021-11-16,200000694
931,2024-02-02,200000568
932,2024-11-02,200001680
933,2021-06-14,200001482
934,2023-05-19,200001590
935,2020-01-01,200001572
936,2020-11-25,200000521
937,2020-10-19,200001293
938,2020-02-27,200000363
939,2022-04-26,200001310
940,2024-06-02,200000751
941,2021-10-21,200001345
942,2023-02-27,200000224
943,2022-03-20,200000803
944,2023-10-03,200001618
945,2021-08-12,200000197
946,2020-04-24,200000880
947,2023-06-23,200000015
948,2024-09-24,200000079
949,2020-01-25,200001286
950,2023-04-26,200001091
951,2024-04-01,200000760
952,2021-01-26,200001341
953,2023-12-05,200001247
954,2021-12-11,200000160
955,2020-04-21,200000303
956,2022-04-28,200001677
957,2020-03-03,200001390
958,2022-04-18,200001077
959,2021-08-14,200001674
960,2023-07-11,200001743
961,2021-06-07,200001053
962,2020-05-05,200001419
963,2020-12-11,200000857
964,2020-05-19,200000808
965,2021-02-18,200000696
966,2022-04-19,200001730
967,2024-03-10,200001244
968,2020-08-26,200001071
969,2021-01-13,200000677
970,2020-07-13,200001656
971,2022-05-24,200000143
972,2023-05-09,200001503
973,2022-10-18,200001989
974,2022-05-31,200001626
975,2020-05-24,200000906
976,2024-12-24,200000634
977,2020-01-16,200001127
978,2024-05-09,200000029
979,2021-05-05,200001015
980,2024-07-14,200000458
981,2023-05-13,200001025
982,2024-03-02,200001876
983,2024-06-16,200001806
984,2024-09-22,200001896
985,2024-06-08,200000613
986,2022-10-15,200001257
987,2022-10-06,200000040
988,2020-09-25,200001340
989,2021-12-27,200000979
990,2021-12-22,200001316
991,2022-01-04,200001959
992,2023-04-22,200001546
993,2021-10-17,200000376
994,2023-07-02,200000884
995,2021-07-02,200001062
996,2020-07-09,200000998
997,2023-02-13,200000808
998,2022-08-22,200001403
999,2021-01-02,200000091
1000,2021-03-07,200001460
1001,2021-09-22,200000023
1002,2020-03-14,200000358
1003,2023-04-10,200001973
1004,2023-09-20,200000485
1005,2023-04-07,200000319
1006,2022-01-29,200001255
1007,2021-07-07,200000644
1008,2022-05-31,200000855
1009,2021-02-13,200000453
1010,2022-05-11,200000447
1011,2020-06-15,200001451
1012,2021-12-18,200001586
1013,2024-10-17,200001080
1014,2021-05-16,200001456
1015,2020-01-07,200001810
1016,2021-10-24,200000562
1017,2021-01-02,200001844
1018,2022-01-29,200000273
1019,2023-07-19,200000605
1020,2021-05-11,200000402
1021,2021-05-13,200000795
1022,2021-09-06,200000162
1023,2023-04-11,200001880
1024,2022-01-01,200000559
1025,2024-08-26,200000035
1026,2023-12-21,200000072
1027,2021-05-10,200001525
1028,2022-12-29,200001552
1029,2024-01-21,200000617
1030,2022-05-01,200000263
1031,2020-01-03,200001620
1032,2024-11-17,200000559
1033,2021-11-09,200000593
1034,2020-08-28,200000121
1035,2021-03-12,200001162
1036,2022-07-16,200001079
1037,2020-08-11,200001616
1038,2023-08-09,200000354
1039,2022-02-25,200001898
1040,2020-08-06,200001761
1041,2024-04-20,200001114
1042,2021-07-29,200000528
1043,2024-06-16,200001752
1044,2022-02-23,200001765
1045,2023-01-05,200000881
1046,2024-06-06,200000949
1047,2023-07-05,200001006
1048,2021-01-16,200001233
1049,2024-06-19,200001504
1050,2023-10-20,200000935
1051,2021-05-11,200000471
1052,2020-06-07,200001632
1053,2022-09-28,200000708
1054,2020-10-02,200001714
1055,2024-08-16,200000762
1056,2022-07-13,200001408
1057,2024-01-05,200001035
1058,2022-07-24,200001389
1059,2021-04-20,200001441
1060,2020-03-09,200000458
1061,2024-09-26,200000345
1062,2024-11-15,200001789
1063,2021-08-01,200000910
1064,2023-10-09,200000436
1065,2020-01-25,200001845
1066,2020-08-03,200001859
1067,2022-02-26,200001324
1068,2021-05-21,200000385
1069,2024-11-23,200001638
1070,2020-01-12,200001861
1071,2020-02-15,200001474
1072,2020-07-14,200000737
1073,2022-04-28,200000104
1074,2020-07-23,200000720
1075,2022-03-11,200000953
1076,2023-10-29,200001776
1077,2022-03-24,200001414
1078,2020-12-14,200001412
1079,2022-12-28,200001829
1080,2023-09-28,200000575
1081,2023-04-29,200000202
1082,2021-08-20,200001131
1083,2022-11-03,200001414
1084,2021-02-26,200001152
1085,2022-02-14,200001760
1086,2022-08-30,200000914
1087,2023-02-02,200000428
1088,2020-07-08,200000961
1089,2020-08-13,200001863
1090,2022-01-26,200000792
1091,2021-10-26,200001058
1092,2024-10-14,200000123
1093,2022-12-03,200000653
1094,2023-03-28,200000955
1095,2023-06-12,200000787
1096,2021-06-09,200000948
1097,2023-03-13,200001525
1098,2024-10-23,200000134
1099,2021-12-12,200000110
1100,2022-04-25,200000792
1101,2023-09-22,200000404
1102,2023-08-20,200001325
1103,2022-06-06,200000368
1104,2024-06-07,200000595
1105,2020-04-12,200001064
1106,2022-09-19,200001105
1107,2020-11-05,200000812
1108,2022-05-26,200000447
1109,2024-07-27,200000240
1110,2022-10-09,200000638
1111,2024-07-04,200000530
1112,2023-11-10,200001350
1113,2022-03-02,200001121
1114,2021-10-18,200001085
1115,2022-09-20,200001737
1116,2022-06-14,200000726
1117,2022-09-23,200000826
1118,2022-01-21,200001166
1119,2024-10-04,200000702
1120,2022-08-18,200000696
1121,2021-02-09,200001399
1122,2021-04-22,200001766
1123,2023-04-19,200000568
1124,2024-01-06,200001111
1125,2023-06-25,200001111
1126,2023-04-29,200000218
1127,2022-08-24,200001020
1128,2023-05-23,200000764
1129,2022-11-03,200000868
1130,2021-06-09,200000102
1131,2024-10-09,200000787
1132,2024-07-22,200001534
1133,2024-06-15,200001171
1134,2020-03-10,200001832
1135,2024-06-29,200000096
1136,2024-06-11,200000953
1137,2023-02-13,200000956
1138,2024-08-17,200001843
1139,2022-09-18,200000883
1140,2023-04-05,200001516
1141,2023-04-13,200000615
1142,2021-03-15,200001176
1143,2021-09-28,200000854
1144,2022-04-17,200001594
1145,2020-04-16,200000500
1146,2020-11-13,200001037
1147,2023-12-18,200001149
1148,2022-03-02,200001102
1149,2021-10-14,200001300
1150,2020-01-28,200000526
1151,2024-06-16,200001639
1152,2024-11-01,200001154
1153,2021-06-21,200001448
1154,2022-07-30,200000938
1155,2022-08-27,200001034
1156,2022-02-15,200001217
1157,2020-02-09,200001157
1158,2022-02-03,200000012
1159,2020-06-09,200001718
1160,2020-01-09,200000611
1161,2022-06-29,200001297
1162,2021-08-19,200001914
1163,2022-09-25,200001165
1164,2023-08-03,200001220
1165,2023-06-20,200001461
1166,2023-08-14,200001472
1167,2022-05-06,200000652
1168,2022-03-30,200001232
1169,2023-04-12,200001839
1170,2021-06-09,200000453
1171,2021-09-21,200001145
1172,2022-06-29,200001756
1173,2024-10-07,200001784
1174,2021-08-17,200001838
1175,2020-10-22,200001472
1176,2023-04-06,200000781
1177,2024-04-13,200001464
1178,2021-02-28,200001182
1179,2024-09-10,200000113
1180,2023-05-07,200000378
1181,2024-01-07,200001043
1182,2024-02-24,200001607
1183,2023-04-06,200001451
1184,2021-10-05,200000303
1185,2021-12-15,200000100
1186,2020-06-29,200000780
1187,2022-08-16,200000046
1188,2022-07-15,200000314
1189,2022-03-27,200000433
1190,2022-06-16,200000986
1191,2022-09-11,200001085
1192,2023-09-10,200000553
1193,2021-01-19,200001812
1194,2020-08-12,200000906
1195,2024-10-25,200000824
1196,2022-04-30,200001495
1197,2022-09-18,200000036
1198,2023-10-14,200000112
1199,2022-04-12,200000426
1200,2023-09-21,200001871
1201,2020-12-29,200001507
1202,2021-09-22,200001979
1203,2021-04-13,200001325
1204,2024-09-19,200001766
1205,2023-01-08,200001513
1206,2022-05-27,200001509
1207,2022-09-01,200000984
1208,2020-10-25,200000184
1209,2021-01-26,200001277
1210,2021-08-13,200001315
1211,2021-07-25,200001453
1212,2023-12-19,200000183
1213,2022-06-28,200000789
1214,2020-11-11,200001017
1215,2021-12-26,200000240
1216,2020-04-24,200001751
1217,2021-08-25,200000212
1218,2023-05-07,200000164
1219,2021-12-21,200001149
1220,2023-06-25,200000264
1221,2020-11-02,200001825
1222,2020-04-23,200000520
1223,2022-05-02,200000288
1224,2024-04-11,200001510
1225,2020-12-18,200000646
1226,2023-12-08,200001757
1227,2023-06-17,200000785
1228,2021-06-17,200001823
1229,2023-08-24,200000958
1230,2020-07-10,200000256
1231,2022-02-11,200000690
1232,2021-05-12,200000572
1233,2022-04-30,200000219
1234,2022-02-23,200001650
1235,2020-11-07,200000474
1236,2022-04-12,200001628
1237,2024-09-07,200000056
1238,2024-07-31,200001865
1239,2020-06-30,200001223
1240,2020-10-13,200000196
1241,2022-08-27,200001033
1242,2022-03-23,200000295
1243,2023-12-25,200001945
1244,2023-02-23,200000737
1245,2020-09-11,200000213
1246,2023-02-26,200000371
1247,2021-09-11,200000850
1248,2020-02-15,200000249
1249,2020-02-09,200000087
1250,2020-04-03,200000604
1251,2021-09-20,200001559
1252,2021-11-30,200000340
1253,2021-03-06,200000686
1254,2022-10-30,200000621
1255,2023-07-28,200000858
1256,2021-01-24,200001020
1257,2022-02-25,200000086
1258,2020-07-05,200001293
1259,2024-06-20,200001938
1260,2023-05-05,200001285
1261,2024-04-19,200000334
1262,2024-12-24,200000282
1263,2020-04-06,200001154
1264,2022-11-03,200001820
1265,2021-11-18,200000251
1266,2021-09-18,200000319
1267,2024-10-06,200000712
1268,2022-02-09,200001632
1269,2023-08-16,200001764
1270,2024-06-21,200001753
1271,2024-02-24,200001301
1272,2023-11-24,200000390
1273,2023-08-03,200000396
1274,2022-05-08,200001713
1275,2023-03-03,200001756
1276,2024-09-14,200001391
1277,2022-12-19,200001478
1278,2023-03-31,200000108
1279,2022-04-29,200000350
1280,2021-03-11,200000808
1281,2021-02-20,200000595
1282,2023-04-21,200000807
1283,2023-04-26,200001644
1284,2021-02-28,200001354
1285,2022-01-29,200001985
1286,2021-05-20,200001683
1287,2024-12-03,200001876
1288,2024-12-14,200000496
1289,2022-01-30,200001806
1290,2020-07-16,200000510
1291,2023-10-12,200001838
1292,2024-09-27,200000616
1293,2023-03-18,200001382
1294,2022-02-27,200001175
1295,2020-12-18,200000948
1296,2021-01-29,200001246
1297,2023-11-07,200001699
1298,2023-08-18,200001023
1299,2022-11-29,200000960
1300,2020-08-25,200000965
1301,2020-05-08,200001330
1302,2021-12-26,200000693
1303,2024-05-30,200001590
1304,2020-11-07,200001283
1305,2021-01-02,200000556
1306,2023-10-10,200001896
1307,2021-11-20,200000047
1308,2022-06-25,200001590
1309,2021-04-17,200001671
1310,2023-03-27,200001051
1311,2020-09-12,200001572
1312,2023-03-23,200001160
1313,2023-12-22,200001282
1314,2024-03-03,200000852
1315,2024-04-28,200001107
1316,2022-07-03,200001477
1317,2022-10-14,200001216
1318,2024-02-21,200000027
1319,2023-11-07,200000875
1320,2020-09-18,200000294
1321,2022-05-18,200000142
1322,2024-06-08,200001727
1323,2023-03-28,200000203
1324,2024-09-03,200001830
1325,2021-05-16,200001210
1326,2022-11-07,200001020
1327,2020-05-06,200000390
1328,2022-07-13,200000322
1329,2020-04-04,200000185
1330,2022-07-17,200001609
1331,2023-03-14,200000066
1332,2020-10-16,200001451
1333,2020-01-02,200001374
1334,2024-09-01,200001890
1335,2021-02-13,200000408
1336,2023-11-07,200001593
1337,2021-03-18,200000662
1338,2022-07-30,200001298
1339,2020-10-11,200000884
1340,2023-06-02,200000151
1341,2024-07-06,200000346
1342,2023-10-16,200000756
1343,2024-10-28,200001166
1344,2023-02-12,200001038
1345,2023-11-01,200000136
1346,2020-07-19,200000782
1347,2021-06-18,200000687
1348,2024-07-04,200000838
1349,2022-11-07,200000148
1350,2022-12-09,200001390
1351,2020-09-08,200001486
1352,2021-02-27,200000384
1353,2024-02-03,200000559
1354,2023-12-25,200001996
1355,2022-10-25,200001215
1356,2024-04-03,200000567
1357,2020-11-09,200001548
1358,2024-12-23,200000936
1359,2022-09-21,200000553
1360,2022-10-07,200001733
1361,2020-07-10,200000493
1362,2022-01-28,200001870
1363,2020-01-30,200000705
1364,2024-11-03,200001958
1365,2020-01-18,200000561
1366,2021-07-11,200000053
1367,2020-03-27,200000661
1368,2023-10-22,200001783
1369,2022-07-08,200001479
1370,2021-07-23,200001059
1371,2023-02-12,200001419
1372,2020-04-02,200001979
1373,2020-04-25,200001406
1374,2024-09-05,200001926
1375,2022-05-14,200000762
1376,2023-12-26,200001820
1377,2021-03-16,200000217
1378,2023-03-12,200001801
1379,2023-02-06,200000465
1380,2021-06-14,200000985
1381,2023-11-22,200000382
1382,2022-06-19,200000445
1383,2024-09-11,200000110
1384,2023-07-06,200000918
1385,2021-08-07,200000231
1386,2024-05-19,200001355
1387,2024-10-21,200001037
1388,2023-11-28,200000985
1389,2022-05-02,200001481
1390,2020-04-29,200000017
1391,2020-03-11,200001921
1392,2021-07-28,200000467
1393,2021-08-09,200001986
1394,2020-07-16,200000285
1395,2023-12-27,200001030
1396,2024-12-15,200000921
1397,2024-11-28,200001250
1398,2023-04-20,200001322
1399,2021-07-22,200000938
1400,2022-10-19,200000133
1401,2022-08-29,200001727
1402,2022-04-16,200000697
1403,2024-04-10,200001743
1404,2021-03-16,200001860
1405,2022-01-22,200001384
1406,2020-05-21,200001344
1407,2020-07-17,200000072
1408,2024-11-25,200001598
1409,2023-10-06,200001912
1410,2021-09-15,200000992
1411,2021-08-30,200001395
1412,2020-12-07,200000307
1413,2020-10-08,200001584
1414,2024-04-04,200001696
1415,2022-10-04,200001750
1416,2020-09-16,200000252
1417,2021-07-03,200001985
1418,2021-09-29,200000527
1419,2020-11-02,200001907
1420,2020-10-25,200001177
1421,2023-05-27,200000040
1422,2021-07-17,200001260
1423,2020-03-31,200001801
1424,2021-02-16,200001519
1425,2022-03-18,200000578
1426,2022-10-30,200001691
1427,2024-05-07,200001154
1428,2021-07-24,200000730
1429,2020-06-04,200000352
1430,2024-12-10,200001630
1431,2024-11-01,200000629
1432,2023-02-13,200000013
1433,2021-09-13,200000690
1434,2020-01-31,200000040
1435,2021-07-08,200001062
1436,2022-05-28,200001105
1437,2022-07-04,200000352
1438,2024-07-28,200001507
1439,2022-08-06,200000688
1440,2024-02-15,200000204
1441,2024-09-19,200000155
1442,2020-02-01,200001516
1443,2023-10-05,200001287
1444,2020-04-23,200000570
1445,2024-03-07,200001615
1446,2020-03-17,200001501
1447,2024-04-12,200000304
1448,2024-12-21,200001010
1449,2021-12-13,200000235
1450,2021-09-18,200001689
1451,2021-02-25,200000266
1452,2024-11-12,200000856
1453,2023-05-02,200000480
1454,2022-07-27,200000814
1455,2024-11-07,200001444
1456,2020-11-29,200000152
1457,2022-07-27,200001224
1458,2020-11-23,200001684
1459,2020-06-18,200000228
1460,2022-01-24,200000588
1461,2020-07-05,200000211
1462,2023-09-15,200000606
1463,2021-06-13,200000745
1464,2023-11-01,200001239
1465,2024-08-13,200001439
1466,2020-12-26,200000551
1467,2021-11-24,200001957
1468,2023-03-28,200001835
1469,2020-05-16,200001908
1470,2024-02-22,200000312
1471,2021-03-10,200001076
1472,2024-01-15,200000861
1473,2023-11-26,200001474
1474,2023-11-19,200000062
1475,2020-09-25,200000539
1476,2023-03-18,200001261
1477,2023-06-07,200001332
1478,2024-11-24,200001400
1479,2022-04-02,200000903
1480,2021-05-23,200001932
1481,2021-07-18,200000712
1482,2021-08-31,200001069
1483,2020-02-19,200001035
1484,2021-07-12,200001968
1485,2023-01-08,200001619
1486,2022-05-25,200000797
1487,2022-11-09,200001729
1488,2024-09-15,200001312
1489,2020-06-24,200001173
1490,2021-05-01,200000126
1491,2022-11-20,200001621
1492,2024-05-29,200001563
1493,2023-08-15,200001877
1494,2022-06-16,200001742
1495,2022-03-19,200000107
1496,2022-07-19,200001195
1497,2022-03-14,200001092
1498,2020-11-25,200001477
1499,2023-07-01,200000185
1500,2023-02-15,200001257
1501,2024-11-17,200000001
1502,2020-09-10,200001218
1503,2024-12-14,200000063
1504,2024-05-19,200001354
1505,2021-03-13,200000716
1506,2024-10-12,200000220
1507,2023-08-30,200000867
1508,2023-01-29,200001514
1509,2020-07-29,200001897
1510,2022-02-28,200000868
1511,2023-11-21,200000743
1512,2020-12-11,200000152
1513,2021-11-26,200000242
1514,2024-09-23,200001779
1515,2021-09-17,200000631
1516,2021-10-08,200000085
1517,2021-12-17,200001018
1518,2021-11-07,200000910
1519,2020-02-24,200000674
1520,2024-12-10,200001921
1521,2023-11-16,200000353
1522,2021-01-30,200001970
1523,2024-11-26,200000892
1524,2022-12-16,200001909
1525,2020-06-23,200001292
1526,2020-07-21,200001551
1527,2020-06-25,200000137
1528,2021-01-30,200001557
1529,2024-01-22,200001765
1530,2023-09-24,200001938
1531,2023-05-19,200000855
1532,2024-12-18,200001251
1533,2024-08-29,200000329
1534,2021-09-06,200001449
1535,2023-12-01,200000425
1536,2022-06-28,200000639
1537,2021-06-29,200001465
1538,2021-02-23,200000959
1539,2023-09-11,200001207
1540,2024-11-06,200001956
1541,2023-07-07,200000419
1542,2020-02-02,200000279
1543,2023-01-22,200000096
1544,2023-11-05,200000177
1545,2021-08-26,200000580
1546,2020-07-18,200001337
1547,2022-12-02,200000004
1548,2023-12-06,200001411
1549,2020-04-10,200001143
1550,2021-10-11,200000908
1551,2020-01-06,200001238
1552,2024-02-14,200000152
1553,2022-08-29,200001008
1554,2024-02-08,200000040
1555,2021-08-19,200001120
1556,2024-06-24,200001730
1557,2021-08-16,200001020
1558,2022-07-07,200000026
1559,2021-07-15,200001870
1560,2024-05-10,200000600
1561,2024-08-10,200001887
1562,2021-10-20,200000259
1563,2022-10-30,200000875
1564,2021-11-06,200000205
1565,2022-10-04,200001710
1566,2022-07-31,200000831
1567,2024-11-05,200000625
1568,2020-08-17,200001331
1569,2022-08-28,200000639
1570,2022-03-27,200001652
1571,2022-12-31,200001768
1572,2021-05-15,200001059
1573,2024-09-01,200001279
1574,2023-06-29,200001619
1575,2020-02-13,200000274
1576,2024-12-13,200001884
1577,2024-08-17,200000519
1578,2024-08-04,200000338
1579,2020-09-30,200000003
1580,2023-01-09,200001078
1581,2021-03-02,200001603
1582,2021-02-07,200001570
1583,2021-12-02,200000830
1584,2022-08-31,200001309
1585,2024-05-19,200000094
1586,2023-08-23,200000516
1587,2023-02-03,200001483
1588,2020-01-27,200000118
1589,2020-07-04,200000059
1590,2021-06-24,200000289
1591,2021-07-01,200001605
1592,2023-12-08,200000838
1593,2023-08-01,200001701
1594,2023-01-09,200001779
1595,2024-09-06,200000496
1596,2023-02-14,200000327
1597,2020-08-16,200001873
1598,2022-08-15,200001132
1599,2020-09-30,200000842
1600,2021-11-08,200000369
1601,2020-06-25,200001099
1602,2023-12-29,200000779
1603,2024-09-19,200001386
1604,2022-08-28,200001477
1605,2023-11-16,200000079
1606,2024-09-27,200000088
1607,2024-05-05,200000605
1608,2022-04-19,200000693
1609,2021-02-07,200001440
1610,2022-01-13,200000185
1611,2024-05-13,200000492
1612,2024-01-22,200001709
1613,2023-09-01,200001312
1614,2020-09-25,200001247
1615,2020-11-28,200000421
1616,2024-09-20,200001101
1617,2020-01-25,200001944
1618,2024-01-28,200001761
1619,2022-06-16,200001746
1620,2022-09-11,200001664
1621,2023-04-03,200000761
1622,2021-03-24,200001473
1623,2021-09-10,200001077
1624,2024-06-15,200000737
1625,2020-07-05,200001396
1626,2020-12-23,200001757
1627,2022-09-09,200001427
1628,2020-09-02,200000075
1629,2021-02-06,200001271
1630,2024-07-19,200001741
1631,2024-08-01,200001533
1632,2022-07-17,200001221
1633,2021-06-07,200000838
1634,2020-07-13,200001853
1635,2021-07-16,200000878
1636,2023-11-17,200001141
1637,2022-01-27,200000138
1638,2021-05-04,200000209
1639,2020-08-02,200001600
1640,2020-05-23,200000512
1641,2021-07-06,200001282
1642,2022-07-09,200001950
1643,2022-02-02,200000459
1644,2022-06-12,200000858
1645,2020-09-24,200000605
1646,2022-02-21,200001712
1647,2022-05-24,200000938
1648,2022-09-09,200001426
1649,2021-05-05,200000452
1650,2023-07-09,200000213
1651,2024-03-16,200000926
1652,2020-08-24,200001992
1653,2021-08-19,200000625
1654,2024-05-17,200001550
1655,2020-03-21,200001549
1656,2021-07-23,200001749
1657,2021-06-11,200000298
1658,2021-06-16,200000042
1659,2020-11-25,200001360
1660,2023-06-10,200000466
1661,2020-07-26,200001008
1662,2021-01-06,200000489
1663,2024-10-08,200000894
1664,2021-11-26,200000174
1665,2023-02-10,200000808
1666,2020-10-21,200000434
1667,2024-10-06,200001594
1668,2022-08-05,200001660
1669,2022-12-10,200000806
1670,2020-06-24,200000208
1671,2023-10-18,200000764
1672,2023-08-17,200001109
1673,2023-03-06,200001311
1674,2024-12-06,200000655
1675,2021-05-31,200000202
1676,2024-08-20,200000999
1677,2024-03-07,200001589
1678,2020-08-09,200000320
1679,2021-12-07,200001398
1680,2020-12-30,200001247
1681,2020-09-29,200000633
1682,2022-06-22,200000142
1683,2020-08-19,200001468
1684,2021-03-02,200000305
1685,2024-02-17,200000814
1686,2024-04-03,200001778
1687,2020-02-15,200001981
1688,2020-09-10,200000736
1689,2023-07-04,200000739
1690,2024-06-04,200000826
1691,2021-06-01,200000454
1692,2021-06-09,200001950
1693,2022-04-20,200001266
1694,2020-01-31,200000926
1695,2020-10-05,200001481
1696,2023-03-14,200001483
1697,2022-10-17,200000609
1698,2021-08-07,200000964
1699,2023-06-19,200000517
1700,2020-08-20,200001696
1701,2024-10-03,200000029
1702,2022-01-09,200001727
1703,2022-06-04,200001765
1704,2023-09-06,200001151
1705,2020-09-03,200000149
1706,2020-04-27,200001865
1707,2020-08-23,200000693
1708,2022-10-22,200001855
1709,2022-12-27,200000482
1710,2020-05-31,200000470
1711,2021-10-31,200000753
1712,2022-12-27,200001244
1713,2020-04-16,200001098
1714,2024-01-10,200001484
1715,2024-11-26,200001979
1716,2022-10-02,200001078
1717,2024-11-26,200000075
1718,2021-03-11,200000968
1719,2020-02-24,200000794
1720,2024-07-15,200000722
1721,2020-12-23,200000595
1722,2020-11-24,200001853
1723,2022-10-04,200001230
1724,2024-02-23,200000721
1725,2022-09-26,200001632
1726,2020-09-24,200000759
1727,2022-05-21,200000052
1728,2020-04-01,200001398
1729,2022-05-20,200000257
1730,2022-01-24,200000413
1731,2022-05-06,200001827
1732,2023-08-25,200000223
1733,2021-06-20,200001733
1734,2023-11-06,200000286
1735,2021-01-25,200000099
1736,2022-09-23,200001257
1737,2024-03-26,200001381
1738,2022-04-11,200001431
1739,2023-09-12,200000854
1740,2023-07-23,200001617
1741,2023-07-22,200000901
1742,2023-04-26,200000949
1743,2020-04-17,200001090
1744,2020-12-18,200000496
1745,2023-02-26,200000957
1746,2023-06-22,200000104
1747,2021-01-27,200000359
1748,2023-07-24,200001901
1749,2022-07-18,200000370
1750,2022-12-25,200000250
1751,2021-11-28,200000543
1752,2023-01-30,200000854
1753,2024-02-04,200001417
1754,2023-08-20,200001097
1755,2021-11-20,200000894
1756,2020-12-01,200000804
1757,2023-05-19,200001296
1758,2024-04-05,200000563
1759,2023-05-03,200000774
1760,2024-04-23,200000213
1761,2022-02-26,200000838
1762,2020-08-06,200000990
1763,2021-09-30,200001054
1764,2024-02-20,200001073
1765,2020-02-01,200001423
1766,2022-07-15,200001558
1767,2021-10-01,200001122
1768,2021-11-10,200000281
1769,2020-02-06,200001642
1770,2021-05-06,200000285
1771,2024-12-22,200000213
1772,2022-11-26,200001065
1773,2024-11-18,200000356
1774,2021-03-25,200001073
1775,2020-05-23,200000011
1776,2023-04-10,200000060
1777,2021-11-07,200000004
1778,2023-11-08,200001987
1779,2022-11-28,200001153
1780,2023-09-04,200000126
1781,2023-12-03,200001125
1782,2024-10-19,200001252
1783,2022-11-22,200000160
1784,2023-02-24,200000096
1785,2021-08-15,200000074
1786,2020-04-10,200001943
1787,2022-05-16,200001068
1788,2021-08-01,200001289
1789,2024-03-05,200000491
1790,2023-11-15,200001919
1791,2023-03-09,200000486
1792,2020-05-21,200001456
1793,2022-05-18,200001106
1794,2020-03-05,200000091
1795,2023-02-01,200000875
1796,2024-01-30,200000384
1797,2023-10-12,200000932
1798,2020-05-05,200000349
1799,2023-12-10,200001724
1800,2020-05-22,200000528
1801,2024-05-17,200000119
1802,2021-05-20,200000381
1803,2024-05-22,200001914
1804,2023-07-15,200000373
1805,2024-03-12,200001215
1806,2024-02-11,200000445
1807,2020-10-21,200000493
1808,2022-02-17,200001860
1809,2024-03-26,200000385
1810,2023-04-07,200001053
1811,2024-04-17,200000496
1812,2022-11-02,200001645
1813,2023-09-12,200000306
1814,2024-06-07,200001649
1815,2021-03-01,200000439
1816,2022-08-19,200001115
1817,2021-11-04,200000213
1818,2023-02-08,200000477
1819,2022-08-01,200001756
1820,2020-07-06,200000571
1821,2022-12-08,200001839
1822,2024-12-10,200000436
1823,2022-07-21,200001933
1824,2020-06-27,200001634
1825,2020-12-22,200001413
1826,2021-07-23,200001250
1827,2022-07-31,200000747
1828,2021-01-17,200000157
1829,2020-01-31,200001245
1830,2023-05-27,200000444
1831,2024-02-12,200000522
1832,2022-06-04,200000384
1833,2023-02-05,200001795
1834,2021-07-24,200000557
1835,2024-08-13,200001855
1836,2024-02-22,200001133
1837,2023-05-12,200000216
1838,2020-05-31,200001271
1839,2023-04-15,200000665
1840,2024-02-06,200000862
1841,2024-03-28,200000192
1842,2021-09-11,200001742
1843,2023-10-09,200000543
1844,2023-08-08,200000225
1845,2024-01-03,200001681
1846,2024-07-07,200001661
1847,2023-07-11,200000645
1848,2023-12-15,200001689
1849,2024-05-09,200001239
1850,2020-07-29,200001062
1851,2020-10-08,200001554
1852,2023-07-05,200000381
1853,2021-12-26,200000928
1854,2023-05-15,200000709
1855,2022-12-13,200000146
1856,2023-08-12,200000212
1857,2023-05-23,200001885
1858,2024-10-22,200001605
1859,2024-05-15,200000076
1860,2021-08-10,200001467
1861,2022-11-01,200000892
1862,2021-12-22,200001873
1863,2021-01-03,200001074
1864,2020-04-07,200000217
1865,2023-01-20,200000139
1866,2023-01-17,200000683
1867,2021-08-05,200000278
1868,2024-12-13,200001764
1869,2020-11-06,200000214
1870,2023-01-24,200000918
1871,2023-10-19,200000323
1872,2023-09-12,200000197
1873,2024-03-09,200000471
1874,2020-05-28,200000536
1875,2024-02-15,200000952
1876,2020-10-01,200001530
1877,2024-12-23,200001334
1878,2021-07-20,200001857
1879,2022-08-14,200000474
1880,2021-06-05,200001977
1881,2023-12-14,200000972
1882,2023-06-05,200000015
1883,2021-09-08,200000081
1884,2024-03-07,200001786
1885,2021-02-25,200000229
1886,2021-12-29,200000083
1887,2024-09-17,200000293
1888,2023-04-25,200001656
1889,2023-02-01,200001748
1890,2022-03-17,200001772
1891,2023-06-26,200001011
1892,2022-01-08,200000556
1893,2020-04-13,200000577
1894,2024-01-21,200001716
1895,2022-01-27,200000849
1896,2021-06-23,200001853
1897,2024-03-08,200000826
1898,2023-04-26,200001218
1899,2023-04-04,200001023
1900,2020-07-18,200001806
1901,2021-09-05,200000669
1902,2020-11-07,200000391
1903,2020-09-20,200000692
1904,2024-11-28,200001009
1905,2021-10-04,200000240
1906,2022-05-04,200000671
1907,2022-02-24,200001268
1908,2023-03-15,200000414
1909,2021-10-13,200001160
1910,2023-04-24,200001417
1911,2020-03-28,200001676
1912,2021-07-28,200001087
1913,2021-04-20,200001746
1914,2023-08-15,200001406
1915,2024-02-22,200001116
1916,2023-09-10,200000435
1917,2023-10-01,200000844
1918,2022-07-28,200001818
1919,2023-10-28,200000329
1920,2022-04-25,200000306
1921,2022-06-08,200000844
1922,2020-03-25,200001251
1923,2023-12-29,200000598
1924,2022-12-14,200001359
1925,2023-01-28,200001785
1926,2023-10-31,200000014
1927,2024-03-11,200001639
1928,2020-04-24,200000366
1929,2024-01-08,200000224
1930,2020-06-01,200000349
1931,2023-02-13,200001914
1932,2024-02-09,200001235
1933,2024-12-25,200001042
1934,2022-07-06,200000885
1935,2023-10-29,200001129
1936,2021-04-25,200000985
1937,2023-01-01,200000361
1938,2024-05-13,200000226
1939,2021-10-08,200001158
1940,2021-01-30,200001657
1941,2022-02-27,200001220
1942,2022-04-29,200001266
1943,2022-04-25,200001877
1944,2023-03-01,200000255
1945,2022-08-26,200001263
1946,2021-01-31,200001374
1947,2020-08-20,200000871
1948,2023-01-07,200001861
1949,2021-02-19,200000366
1950,2020-02-27,200000213
1951,2023-09-29,200001387
1952,2022-12-13,200000141
1953,2022-08-11,200001637
1954,2022-01-01,200000989
1955,2021-08-20,200000724
1956,2023-08-03,200001889
1957,2022-05-23,200000426
1958,2023-10-05,200001460
1959,2024-10-22,200000052
1960,2023-04-08,200000170
1961,2022-11-04,200000322
1962,2023-08-31,200000127
1963,2020-11-12,200001379
1964,2023-01-19,200001239
1965,2021-09-06,200000975
1966,2020-08-24,200001473
1967,2021-11-19,200000807
1968,2022-11-17,200001676
1969,2020-02-07,200000528
1970,2020-06-27,200001058
1971,2023-11-06,200000115
1972,2023-05-09,200000904
1973,2021-11-19,200000772
1974,2022-12-09,200001453
1975,2021-11-12,200001975
1976,2021-02-24,200000507
1977,2020-01-01,200001283
1978,2024-07-30,200001966
1979,2021-10-30,200001869
1980,2023-03-11,200001199
1981,2022-09-07,200000027
1982,2023-09-27,200000334
1983,2021-04-30,200001297
1984,2021-06-08,200001635
1985,2020-09-27,200001567
1986,2024-07-17,200000853
1987,2024-07-07,200001953
1988,2020-05-15,200000965
1989,2023-03-13,200001717
1990,2020-12-10,200000163
1991,2020-11-09,200000432
1992,2021-06-24,200000768
1993,2020-07-04,200000900
1994,2023-09-11,200000063
1995,2024-10-25,200000924
1996,2024-04-01,200000705
1997,2023-05-06,200001891
1998,2021-03-31,200000387
1999,2022-06-05,200001980
2000,2024-05-22,200000614
2001,2021-04-27,200001175
2002,2021-11-15,200000189
2003,2021-03-10,200000815
2004,2020-11-08,200001443
2005,2021-11-21,200000934
2006,2023-05-03,200000912
2007,2020-07-12,200001627
2008,2022-08-16,200000290
2009,2024-09-16,200000269
2010,2024-08-13,200001815
2011,2022-01-11,200000142
2012,2023-12-29,200000684
2013,2021-01-13,200000374
2014,2023-08-05,200000560
2015,2020-03-09,200000772
2016,2022-02-01,200001537
2017,2020-08-23,200001793
2018,2021-12-06,200001636
2019,2020-08-26,200001321
2020,2023-07-16,200000185
2021,2021-02-10,200001064
2022,2022-11-04,200000759
2023,2024-08-22,200001453
2024,2024-09-26,200000098
2025,2021-08-19,200000647
2026,2021-07-03,200001135
2027,2024-12-06,200001341
2028,2023-06-07,200000268
2029,2022-02-19,200000522
2030,2022-11-17,200001738
2031,2024-08-01,200000733
2032,2024-07-01,200001328
2033,2023-12-31,200001711
2034,2021-06-17,200000820
2035,2020-07-18,200000134
2036,2020-07-26,200001783
2037,2023-08-03,200000431
2038,2023-11-09,200001301
2039,2024-09-03,200001598
2040,2020-05-18,200001498
2041,2022-03-21,200000446
2042,2020-03-24,200001678
2043,2024-12-17,200001863
2044,2020-02-14,200000167
2045,2020-10-29,200001293
2046,2021-03-12,200001212
2047,2023-05-03,200000900
2048,2020-07-29,200001474
2049,2022-07-07,200000002
2050,2024-01-11,200000667
2051,2023-04-11,200001916
2052,2021-03-01,200001581
2053,2020-07-01,200001103
2054,2024-09-30,200000178
2055,2023-05-17,200001267
2056,2024-01-11,200001978
2057,2024-10-01,200000373
2058,2020-08-03,200000215
2059,2021-11-04,200001674
2060,2024-01-03,200000473
2061,2021-01-28,200001362
2062,2022-05-18,200001880
2063,2023-09-04,200000997
2064,2020-01-11,200001870
2065,2022-11-14,200001803
2066,2022-05-20,200000756
2067,2024-11-28,200000667
2068,2024-05-04,200001073
2069,2023-04-22,200000719
2070,2021-03-22,200001649
2071,2021-12-10,200000499
2072,2023-08-03,200001123
2073,2024-04-26,200001410
2074,2024-09-25,200001126
2075,2020-07-02,200000361
2076,2024-05-08,200001233
2077,2023-06-22,200001072
2078,2022-08-26,200001883
2079,2024-07-26,200001155
2080,2022-01-16,200001901
2081,2020-11-15,200001875
2082,2022-09-21,200000744
2083,2024-05-31,200000564
2084,2023-03-28,200000311
2085,2023-03-23,200000778
2086,2023-12-28,200001300
2087,2023-03-31,200001740
2088,2023-06-04,200000193
2089,2023-06-27,200000021
2090,2021-06-10,200000945
2091,2020-12-26,200001072
2092,2022-12-28,200001102
2093,2024-01-11,200001950
2094,2022-05-28,200000987
2095,2023-02-14,200001788
2096,2020-07-17,200000665
2097,2023-05-19,200001885
2098,2023-10-04,200001969
2099,2020-08-20,200000083
2100,2024-12-05,200001072
2101,2021-05-29,200000178
2102,2020-07-13,200001205
2103,2020-12-28,200001318
2104,2023-05-08,200000817
2105,2021-11-20,200001812
2106,2023-08-10,200001422
2107,2021-06-21,200001420
2108,2021-07-18,200001414
2109,2021-06-15,200000290
2110,2020-09-09,200001068
2111,2020-02-16,200000701
2112,2020-05-03,200001445
2113,2021-11-03,200001724
2114,2021-12-13,200000405
2115,2024-09-13,200001721
2116,2020-05-16,200001178
2117,2022-08-29,200001617
2118,2022-02-07,200001407
2119,2020-02-03,200001234
2120,2023-03-25,200000092
2121,2020-06-14,200001075
2122,2023-06-07,200001528
2123,2023-07-24,200000833
2124,2021-03-16,200000190
2125,2020-04-01,200001745
2126,2020-10-08,200001543
2127,2022-11-18,200000255
2128,2024-05-17,200000315
2129,2024-10-23,200001097
2130,2022-07-21,200000317
2131,2021-01-16,200000297
2132,2024-09-05,200000018
2133,2021-08-29,200001482
2134,2022-01-25,200000917
2135,2024-06-16,200001831
2136,2021-07-12,200001149
2137,2022-01-19,200001896
2138,2021-03-16,200001135
2139,2023-10-15,200000129
2140,2022-10-18,200000815
2141,2023-01-25,200001758
2142,2022-10-16,200000244
2143,2021-01-18,200001493
2144,2021-11-24,200000020
2145,2024-10-30,200001743
2146,2020-07-21,200001553
2147,2024-09-24,200001858
2148,2022-02-24,200000642
2149,2022-11-21,200001544
2150,2022-09-27,200001423
2151,2024-04-05,200001657
2152,2020-03-10,200001062
2153,2021-11-14,200000871
2154,2021-09-13,200000981
2155,2024-05-23,200001092
2156,2022-07-25,200001738
2157,2022-12-27,200001367
2158,2022-03-31,200001206
2159,2024-10-06,200001239
2160,2022-03-20,200000455
2161,2022-04-11,200000324
2162,2023-08-11,200000830
2163,2022-06-04,200001922
2164,2021-10-15,200001467
2165,2023-03-12,200000305
2166,2021-05-25,200001023
2167,2020-02-05,200000919
2168,2022-02-04,200001474
2169,2024-08-21,200000878
2170,2021-02-20,200001484
2171,2020-02-24,200001418
2172,2020-06-24,200001545
2173,2022-04-16,200000343
2174,2024-04-13,200001691
2175,2021-03-13,200000929
2176,2021-06-24,200000545
2177,2020-01-24,200000311
2178,2024-11-24,200001025
2179,2023-12-24,200001145
2180,2022-05-22,200000824
2181,2020-08-11,200001168
2182,2024-11-04,200001314
2183,2021-04-28,200001980
2184,2023-01-27,200001420
2185,2022-11-08,200001633
2186,2022-11-06,200001502
2187,2023-12-09,200000907
2188,2022-07-09,200001099
2189,2023-03-04,200001087
2190,2023-10-29,200001921
2191,2023-04-24,200000576
2192,2021-01-03,200000684
2193,2024-09-20,200000506
2194,2024-06-13,200001639
2195,2023-04-20,200000477
2196,2020-01-29,200001243
2197,2024-02-11,200000989
2198,2024-10-13,200001724
2199,2020-06-29,200001429
2200,2024-12-17,200001292
2201,2021-04-25,200001659
2202,2023-04-20,200000855
2203,2020-08-08,200001947
2204,2023-11-24,200001977
2205,2023-09-06,200001174
2206,2024-05-05,200001586
2207,2024-01-07,200001908
2208,2022-03-20,200001361
2209,2022-09-14,200001957
2210,2021-11-21,200001859
2211,2021-05-25,200000654
2212,2024-08-09,200001238
2213,2023-08-03,200001667
2214,2024-10-29,200000410
2215,2020-01-11,200001338
2216,2021-03-16,200001073
2217,2024-08-04,200000127
2218,2020-10-13,200000750
2219,2024-10-13,200000099
2220,2024-09-16,200000467
2221,2023-01-23,200001381
2222,2020-12-12,200000524
2223,2024-07-11,200000543
2224,2022-02-06,200000315
2225,2020-12-23,200000310
2226,2021-06-17,200000186
2227,2023-05-11,200000322
2228,2024-12-10,200000274
2229,2020-11-27,200001622
2230,2020-01-05,200000680
2231,2023-01-06,200001824
2232,2022-03-25,200001475
2233,2022-05-05,200001336
2234,2023-09-28,200001827
2235,2021-10-02,200001809
2236,2021-12-23,200001641
2237,2023-09-15,200000813
2238,2020-12-30,200001285
2239,2023-01-20,200001849
2240,2022-09-21,200001980
2241,2020-06-01,200000625
2242,2021-03-09,200001431
2243,2020-07-12,200001435
2244,2021-08-11,200001773
2245,2021-07-29,200000188
2246,2023-01-01,200001814
2247,2023-08-05,200001834
2248,2023-08-11,200000103
2249,2021-09-27,200001022
2250,2021-06-24,200000696
2251,2021-01-14,200000506
2252,2021-02-23,200001049
2253,2024-05-05,200001696
2254,2024-06-16,200000606
2255,2021-12-22,200000958
2256,2022-03-16,200000193
2257,2024-09-21,200001351
2258,2021-10-12,200001101
2259,2021-05-31,200001201
2260,2023-09-17,200000436
2261,2024-01-16,200001934
2262,2020-06-16,200001866
2263,2020-09-25,200000109
2264,2020-06-27,200001769
2265,2024-01-10,200001599
2266,2023-10-08,200001915
2267,2021-09-08,200001052
2268,2021-09-19,200000423
2269,2020-04-30,200001604
2270,2022-03-01,200001172
2271,2021-11-21,200000549
2272,2021-05-02,200001956
2273,2020-11-21,200001128
2274,2020-07-01,200001269
2275,2021-03-08,200001157
2276,2023-01-27,200000728
2277,2021-06-12,200000994
2278,2022-11-06,200001529
2279,2023-07-03,200001252
2280,2023-12-30,200001733
2281,2023-08-22,200001805
2282,2020-08-22,200000785
2283,2020-06-16,200001816
2284,2022-04-14,200001374
2285,2021-03-29,200000926
2286,2023-04-17,200001829
2287,2023-01-30,200000859
2288,2022-01-23,200000819
2289,2023-10-04,200001881
2290,2021-11-08,200000840
2291,2022-08-12,200001069
2292,2020-09-15,200000931
2293,2024-10-19,200001803
2294,2020-05-24,200001986
2295,2022-10-26,200000743
2296,2023-04-13,200000726
2297,2022-11-23,200001758
2298,2020-12-12,200000875
2299,2020-11-26,200001767
2300,2020-06-21,200001672
2301,2020-02-20,200001350
2302,2020-12-30,200001199
2303,2023-09-08,200001412
2304,2024-11-06,200001276
2305,2022-12-31,200001015
2306,2024-08-16,200000107
2307,2021-08-29,200001847
2308,2020-07-30,200000376
2309,2024-09-03,200000017
2310,2023-09-20,200001923
2311,2021-07-08,200001058
2312,2022-02-11,200001815
2313,2020-12-06,200000796
2314,2023-05-06,200001651
2315,2023-09-02,200001778
2316,2022-08-06,200001246
2317,2020-03-26,200000843
2318,2024-09-07,200000581
2319,2020-07-10,200000400
2320,2023-02-23,200000250
2321,2021-09-09,200000214
2322,2021-02-25,200001575
2323,2024-06-08,200000274
2324,2021-06-30,200001810
2325,2020-02-08,200000489
2326,2020-01-15,200000032
2327,2024-04-26,200001331
2328,2022-10-29,200000219
2329,2022-11-05,200000423
2330,2023-12-23,200000931
2331,2024-05-20,200000822
2332,2024-09-26,200001518
2333,2023-02-17,200000771
2334,2020-11-14,200000547
2335,2024-12-19,200001492
2336,2023-05-05,200001589
2337,2024-02-08,200000522
2338,2020-02-05,200001318
2339,2022-02-22,200001855
2340,2024-10-17,200001159
2341,2023-12-26,200001841
2342,2023-07-10,200001442
2343,2020-07-12,200000665
2344,2020-12-21,200001693
2345,2020-01-11,200001590
2346,2021-05-16,200001795
2347,2023-07-19,200000972
2348,2023-04-08,200001434
2349,2021-07-03,200001563
2350,2023-07-01,200001482
2351,2020-08-02,200001840
2352,2023-12-25,200001621
2353,2024-03-20,200001816
2354,2020-03-30,200001084
2355,2022-05-01,200000360
2356,2020-12-02,200000028
2357,2024-06-09,200000690
2358,2022-12-29,200001764
2359,2020-09-26,200001731
2360,2021-06-18,200001086
2361,2020-01-27,200000996
2362,2024-11-04,200001627
2363,2020-12-01,200001855
2364,2023-03-30,200001137
2365,2024-05-28,200001279
2366,2020-12-17,200001667
2367,2020-11-04,200001411
2368,2022-06-26,200001052
2369,2021-10-01,200000773
2370,2022-09-03,200000171
2371,2023-06-12,200001312
2372,2020-02-21,200000229
2373,2020-04-21,200000039
2374,2020-01-13,200000652
2375,2024-04-21,200001599
2376,2024-12-22,200001503
2377,2022-02-10,200001685
2378,2021-11-16,200000733
2379,2023-06-16,200000395
2380,2020-03-19,200001931
2381,2022-02-13,200000974
2382,2021-08-14,200001747
2383,2023-05-05,200000006
2384,2024-09-10,200000044
2385,2023-01-29,200000539
2386,2022-11-25,200000941
2387,2020-03-07,200001192
2388,2024-01-04,200000470
2389,2020-12-19,200000840
2390,2023-12-21,200001503
2391,2022-05-12,200001218
2392,2023-01-16,200000502
2393,2022-01-12,200000593
2394,2024-11-17,200001694
2395,2021-07-11,200000329
2396,2024-02-21,200001407
2397,2020-10-16,200001936
2398,2023-10-21,200001260
2399,2022-12-10,200000570
2400,2020-12-08,200000915
2401,2022-12-06,200000041
2402,2023-01-01,200000865
2403,2021-11-20,200000776
2404,2020-12-12,200000856
2405,2021-12-14,200001101
2406,2020-04-05,200001201
2407,2022-08-04,200001176
2408,2024-04-09,200000249
2409,2020-05-14,200001688
2410,2021-10-09,200000933
2411,2020-08-29,200001079
2412,2024-03-15,200001910
2413,2024-08-17,200001475
2414,2021-02-01,200001328
2415,2023-02-27,200000939
2416,2023-09-27,200001289
2417,2020-10-11,200000164
2418,2023-03-01,200000614
2419,2024-03-26,200001292
2420,2022-03-20,200000001
2421,2021-07-28,200001018
2422,2024-02-01,200000752
2423,2020-06-20,200000973
2424,2024-04-05,200001294
2425,2020-02-25,200001194
2426,2022-03-18,200000125
2427,2023-04-26,200001034
2428,2024-05-29,200000952
2429,2022-12-26,200001201
2430,2021-06-05,200000247
2431,2020-05-26,200000389
2432,2021-03-07,200000779
2433,2020-02-28,200001696
2434,2023-08-17,200000462
2435,2022-09-05,200000023
2436,2022-10-02,200001537
2437,2023-03-20,200001309
2438,2024-06-01,200000279
2439,2022-12-27,200001366
2440,2020-07-26,200000486
2441,2020-06-26,200001090
2442,2022-12-24,200000638
2443,2024-04-25,200000390
2444,2024-06-12,200001764
2445,2020-10-04,200001963
2446,2022-01-18,200001438
2447,2022-10-11,200001635
2448,2023-06-05,200001016
2449,2023-05-31,200000464
2450,2023-06-04,200000228
2451,2023-12-03,200000564
2452,2020-11-14,200000275
2453,2021-10-22,200001517
2454,2021-09-20,200001088
2455,2024-04-15,200001339
2456,2023-05-26,200001313
2457,2021-10-31,200000180
2458,2024-03-04,200001840
2459,2024-02-23,200000212
2460,2022-03-06,200000322
2461,2021-03-25,200000409
2462,2020-06-30,200001436
2463,2022-05-30,200001134
2464,2024-03-20,200001481
2465,2022-01-18,200001742
2466,2020-07-13,200000605
2467,2024-11-11,200001980
2468,2021-08-07,200000291
2469,2024-05-11,200000602
2470,2021-06-28,200001273
2471,2020-09-23,200001757
2472,2022-12-31,200000279
2473,2023-09-10,200001829
2474,2023-10-04,200001879
2475,2021-06-13,200000065
2476,2021-02-28,200001334
2477,2021-06-14,200000908
2478,2024-03-29,200000574
2479,2021-11-10,200000997
2480,2023-12-07,200000201
2481,2024-09-21,200000264
2482,2020-03-22,200000201
2483,2023-02-08,200001702
2484,2022-08-19,200000824
2485,2021-05-31,200000359
2486,2021-09-08,200000799
2487,2020-11-03,200000680
2488,2024-05-11,200001974
2489,2021-10-03,200000969
2490,2020-05-21,200001425
2491,2020-11-15,200000112
2492,2021-11-04,200001235
2493,2021-04-20,200001339
2494,2021-07-03,200001662
2495,2023-11-09,200000376
2496,2021-04-03,200001089
2497,2022-05-20,200000315
2498,2024-01-01,200000131
2499,2020-11-09,200000132
2500,2024-03-26,200001269
2501,2024-12-14,200000450
2502,2023-10-21,200000268
2503,2020-05-18,200001595
2504,2024-05-19,200000098
2505,2023-12-25,200001193
2506,2024-10-21,200001463
2507,2023-08-29,200001074
2508,2022-07-16,200000784
2509,2020-11-28,200000019
2510,2024-07-20,200001970
2511,2021-07-21,200000709
2512,2022-03-20,200001140
2513,2024-02-17,200000116
2514,2021-06-25,200001877
2515,2024-02-10,200001753
2516,2022-06-10,200000123
2517,2020-08-13,200001194
2518,2021-11-30,200000593
2519,2022-03-20,200000443
2520,2020-03-29,200001871
2521,2021-12-03,200000406
2522,2020-07-22,200000494
2523,2024-08-01,200001492
2524,2021-07-28,200001853
2525,2020-11-20,200001171
2526,2022-12-30,200001544
2527,2021-12-25,200000218
2528,2023-09-02,200000403
2529,2020-01-26,200000184
2530,2023-10-15,200001222
2531,2021-06-28,200001893
2532,2020-05-25,200000851
2533,2020-09-13,200000003
2534,2024-02-09,200000403
2535,2021-01-12,200000812
2536,2024-09-19,200000011
2537,2021-12-05,200000053
2538,2024-10-21,200000737
2539,2021-08-11,200000222
2540,2023-10-26,200001993
2541,2022-06-28,200001886
2542,2020-09-20,200000971
2543,2023-01-30,200000013
2544,2020-03-08,200001487
2545,2020-07-29,200000872
2546,2021-09-10,200000333
2547,2022-07-01,200000817
2548,2022-09-20,200000602
2549,2020-05-18,200001668
2550,2022-04-24,200001265
2551,2024-04-10,200000334
2552,2023-11-19,200001839
2553,2023-01-20,200001794
2554,2023-05-19,200000694
2555,2024-01-22,200001040
2556,2022-02-14,200001367
2557,2021-01-18,200000258
2558,2023-01-24,200001008
2559,2021-05-25,200001072
2560,2024-11-08,200001103
2561,2023-12-19,200001953
2562,2021-06-14,200000795
2563,2021-12-29,200001289
2564,2023-09-02,200000820
2565,2021-06-24,200000482
2566,2024-06-24,200000934
2567,2024-12-13,200000567
2568,2023-02-01,200001102
2569,2020-10-07,200000830
2570,2024-12-18,200001683
2571,2023-09-14,200001337
2572,2021-01-04,200000538
2573,2020-10-14,200001086
2574,2024-05-10,200001661
2575,2024-03-15,200000808
2576,2020-06-18,200000701
2577,2024-05-15,200001924
2578,2022-07-28,200001278
2579,2023-04-20,200000420
2580,2021-10-27,200000259
2581,2020-10-10,200001085
2582,2020-02-29,200001540
2583,2022-01-11,200000406
2584,2022-04-13,200001314
2585,2023-08-08,200001115
2586,2023-09-28,200001192
2587,2022-04-10,200000644
2588,2024-06-19,200001393
2589,2020-08-02,200000204
2590,2020-12-05,200000779
2591,2022-09-20,200000167
2592,2023-01-03,200000356
2593,2022-03-14,200000885
2594,2021-08-25,200001809
2595,2022-03-16,200000617
2596,2021-09-18,200000852
2597,2024-01-04,200000390
2598,2022-01-08,200000638
2599,2024-05-17,200001127
2600,2023-01-01,200000162
2601,2021-10-24,200000386
2602,2023-05-15,200001727
2603,2023-05-12,200000159
2604,2020-10-14,200001156
2605,2023-04-25,200000581
2606,2020-09-29,200000057
2607,2021-01-17,200001409
2608,2022-05-02,200001457
2609,2021-12-21,200000827
2610,2020-05-23,200001761
2611,2023-07-22,200000301
2612,2020-12-15,200000616
2613,2022-01-21,200001611
2614,2020-03-09,200001739
2615,2023-04-29,200000714
2616,2020-02-06,200001712
2617,2022-09-18,200000323
2618,2023-08-11,200000648
2619,2022-03-10,200000706
2620,2022-08-01,200000376
2621,2020-02-15,200001776
2622,2022-08-28,200000171
2623,2020-06-29,200000562
2624,2021-08-03,200000251
2625,2020-09-01,200000027
2626,2023-07-05,200000152
2627,2024-02-29,200000998
2628,2020-08-18,200000717
2629,2021-05-12,200000824
2630,2022-08-12,200000696
2631,2024-10-23,200001993
2632,2022-07-14,200001533
2633,2022-07-31,200001621
2634,2024-03-26,200000164
2635,2020-12-26,200000801
2636,2021-05-24,200000734
2637,2020-04-21,200000973
2638,2023-08-30,200000458
2639,2022-12-09,200001568
2640,2024-09-24,200001550
2641,2022-10-23,200000924
2642,2023-11-13,200001089
2643,2023-07-30,200001435
2644,2024-09-02,200001151
2645,2023-02-17,200001250
2646,2020-03-28,200001493
2647,2022-09-25,200000833
2648,2024-02-19,200001310
2649,2023-01-06,200001460
2650,2022-06-29,200000749
2651,2022-10-18,200000388
2652,2021-04-27,200000802
2653,2023-05-30,200000387
2654,2023-03-31,200000702
2655,2024-11-24,200001489
2656,2023-12-11,200001475
2657,2024-09-29,200001458
2658,2020-07-01,200000737
2659,2022-10-11,200001943
2660,2023-05-26,200000899
2661,2022-08-17,200001726
2662,2023-01-13,200001382
2663,2022-05-10,200001792
2664,2023-12-27,200000464
2665,2024-07-27,200000976
2666,2022-07-09,200000934
2667,2023-08-02,200001801
2668,2020-01-15,200001265
2669,2022-09-26,200001467
2670,2022-04-18,200001042
2671,2020-10-11,200001641
2672,2023-01-02,200000073
2673,2020-09-22,200000383
2674,2020-10-01,200000067
2675,2022-08-17,200001686
2676,2021-07-29,200000348
2677,2020-06-16,200000642
2678,2022-04-19,200001673
2679,2021-05-15,200000766
2680,2024-01-04,200000700
2681,2021-05-11,200000414
2682,2022-01-31,200001898
2683,2022-12-23,200000800
2684,2023-12-09,200000506
2685,2023-08-12,200001703
2686,2020-05-05,200001874
2687,2024-12-23,200000252
2688,2024-01-16,200001005
2689,2021-03-07,200000964
2690,2022-05-29,200000497
2691,2023-11-29,200001230
2692,2023-04-11,200001508
2693,2021-01-29,200000287
2694,2022-05-04,200001535
2695,2022-04-17,200000482
2696,2021-12-11,200001409
2697,2021-11-18,200000376
2698,2021-02-05,200001840
2699,2023-07-09,200001648
2700,2024-08-17,200000395
2701,2021-09-28,200000069
2702,2020-10-08,200000693
2703,2023-10-08,200001007
2704,2022-04-15,200001024
2705,2021-09-23,200000287
2706,2023-08-09,200001273
2707,2021-05-08,200000213
2708,2022-11-27,200001602
2709,2024-07-31,200000644
2710,2022-03-31,200001630
2711,2022-12-11,200001598
2712,2024-03-22,200000736
2713,2022-03-25,200001962
2714,2024-10-05,200001136
2715,2024-07-17,200000579
2716,2020-04-12,200001496
2717,2024-06-14,200001920
2718,2022-08-21,200001438
2719,2024-01-21,200000074
2720,2022-11-16,200000876
2721,2022-02-18,200000050
2722,2021-06-04,200000217
2723,2022-09-19,200000324
2724,2024-01-02,200000735
2725,2022-02-12,200001918
2726,2020-05-01,200001720
2727,2021-03-03,200001246
2728,2022-11-02,200000540
2729,2022-06-09,200001889
2730,2021-07-27,200000692
2731,2023-04-20,200000524
2732,2023-03-13,200001190
2733,2024-02-19,200001511
2734,2022-12-07,200001848
2735,2022-06-23,200001135
2736,2022-09-14,200001744
2737,2020-03-29,200001721
2738,2021-12-10,200001408
2739,2021-09-22,200000389
2740,2024-04-02,200001455
2741,2024-10-28,200001172
2742,2023-07-08,200001851
2743,2020-02-18,200001622
2744,2021-04-08,200001837
2745,2022-06-11,200001108
2746,2024-05-17,200000792
2747,2020-11-16,200000111
2748,2021-11-13,200000386
2749,2024-04-13,200001968
2750,2024-10-15,200001188
2751,2020-02-04,200001496
2752,2024-12-09,200000784
2753,2021-07-10,200001153
2754,2022-10-17,200000251
2755,2023-01-04,200001582
2756,2023-01-28,200001189
2757,2020-01-10,200001777
2758,2021-02-09,200000761
2759,2023-12-27,200000894
2760,2022-12-02,200000540
2761,2021-06-04,200000699
2762,2023-10-27,200001702
2763,2020-03-11,200001129
2764,2022-11-29,200001109
2765,2024-10-29,200001755
2766,2020-12-27,200001396
2767,2023-10-12,200000798
2768,2021-07-31,200000948
2769,2023-10-27,200001366
2770,2020-10-30,200001693
2771,2023-05-14,200000972
2772,2020-04-17,200001677
2773,2021-11-24,200000159
2774,2021-06-20,200000576
2775,2024-07-30,200001599
2776,2020-10-17,200000796
2777,2022-09-20,200000184
2778,2023-12-19,200000962
2779,2024-07-04,200001011
2780,2020-12-28,200001307
2781,2020-01-13,200001277
2782,2022-05-30,200000194
2783,2023-10-09,200001961
2784,2022-06-14,200000526
2785,2020-07-07,200000230
2786,2024-02-22,200000717
2787,2021-06-07,200001073
2788,2021-02-05,200001760
2789,2020-02-14,200001753
2790,2020-08-15,200001117
2791,2020-05-17,200000401
2792,2023-07-18,200000009
2793,2020-10-12,200001064
2794,2022-03-12,200001126
2795,2022-01-17,200000913
2796,2021-09-08,200000646
2797,2023-04-07,200001426
2798,2023-10-28,200000924
2799,2020-11-20,200000259
2800,2024-09-01,200000899
2801,2023-12-05,200000191
2802,2022-11-20,200001250
2803,2024-09-01,200001721
2804,2024-05-01,200001717
2805,2024-12-23,200000235
2806,2021-01-31,200000254
2807,2020-07-27,200001590
2808,2024-11-21,200000616
2809,2022-05-07,200001875
2810,2024-06-17,200001343
2811,2022-05-20,200000716
2812,2024-10-05,200000137
2813,2021-11-05,200001700
2814,2023-03-13,200001397
2815,2021-01-04,200001734
2816,2021-03-03,200001227
2817,2021-08-27,200001266
2818,2024-03-23,200001726
2819,2023-02-16,200001941
2820,2023-04-09,200001725
2821,2021-12-01,200000253
2822,2024-03-08,200000318
2823,2021-06-05,200001519
2824,2023-09-22,200001241
2825,2020-12-30,200000535
2826,2021-07-14,200001741
2827,2024-12-04,200001288
2828,2020-01-04,200001124
2829,2020-03-16,200000820
2830,2024-07-06,200000877
2831,2021-11-22,200000897
2832,2021-01-17,200001607
2833,2021-06-26,200000466
2834,2024-03-09,200000978
2835,2024-04-28,200000588
2836,2022-10-05,200000907
2837,2022-03-23,200001514
2838,2021-04-19,200000408
2839,2020-07-14,200001304
2840,2023-02-09,200000093
2841,2023-09-07,200001345
2842,2021-07-10,200000926
2843,2024-10-29,200001133
2844,2021-04-05,200000335
2845,2022-04-20,200000957
2846,2023-07-20,200001552
2847,2023-03-07,200000175
2848,2020-06-12,200000426
2849,2024-11-11,200001146
2850,2021-07-09,200001406
2851,2020-07-08,200001000
2852,2020-11-09,200001109
2853,2020-06-29,200000693
2854,2022-04-23,200000896
2855,2023-06-29,200000569
2856,2024-05-31,200001572
2857,2020-03-17,200000306
2858,2024-09-13,200000945
2859,2024-05-03,200000212
2860,2022-01-20,200000679
2861,2023-05-04,200001857
2862,2022-03-17,200000031
2863,2023-07-05,200001026
2864,2022-11-17,200000630
2865,2022-04-18,200001292
2866,2022-06-05,200001575
2867,2023-10-28,200000817
2868,2020-11-11,200001037
2869,2022-11-26,200001729
2870,2024-10-22,200000426
2871,2020-11-08,200001337
2872,2022-02-09,200000462
2873,2024-07-19,200000462
2874,2022-04-14,200001871
2875,2020-04-20,200000191
2876,2023-10-29,200001551
2877,2020-08-21,200000203
2878,2023-06-04,200001886
2879,2021-10-02,200000371
2880,2024-08-19,200001025
2881,2020-01-21,200001858
2882,2022-03-28,200000027
2883,2020-11-06,200001139
2884,2022-08-15,200000624
2885,2024-02-02,200000362
2886,2022-09-05,200000400
2887,2023-04-06,200001987
2888,2020-09-04,200000640
2889,2021-03-19,200000172
2890,2022-12-06,200000609
2891,2021-09-16,200000672
2892,2024-09-18,200000622
2893,2022-07-06,200000456
2894,2020-11-08,200001128
2895,2023-04-20,200001619
2896,2023-10-04,200000244
2897,2022-01-27,200001963
2898,2021-09-02,200001666
2899,2020-11-22,200000924
2900,2021-01-01,200001776
2901,2020-05-03,200001227
2902,2022-09-30,200001108
2903,2024-02-14,200001916
2904,2022-08-03,200001966
2905,2022-08-30,200001388
2906,2022-10-16,200000705
2907,2024-06-08,200000588
2908,2021-04-15,200001287
2909,2020-11-03,200001278
2910,2023-07-28,200000515
2911,2022-04-20,200001645
2912,2022-01-10,200001165
2913,2024-04-24,200001298
2914,2020-01-24,200001508
2915,2023-04-05,200000218
2916,2024-05-22,200000660
2917,2023-05-15,200000519
2918,2022-04-04,200000963
2919,2023-09-06,200001762
2920,2021-06-15,200001674
2921,2022-07-28,200000883
2922,2024-02-13,200000207
2923,2023-10-05,200000720
2924,2020-06-24,200000077
2925,2021-12-19,200001265
2926,2024-11-08,200001999
2927,2022-02-06,200000380
2928,2024-04-06,200000488
2929,2024-02-21,200001140
2930,2023-09-25,200000324
2931,2021-05-17,200001635
2932,2024-10-13,200000556
2933,2022-03-24,200000886
2934,2023-01-08,200000101
2935,2021-03-26,200000990
2936,2022-02-26,200001601
2937,2023-10-06,200000895
2938,2024-08-25,200000727
2939,2024-08-22,200001815
2940,2022-07-15,200000856
2941,2021-07-07,200000379
2942,2021-06-09,200001365
2943,2022-10-07,200000000
2944,2020-01-19,200001124
2945,2023-05-04,200000365
2946,2021-04-14,200001565
2947,2023-03-13,200001793
2948,2024-06-12,200000726
2949,2020-08-10,200000520
2950,2024-12-08,200000332
2951,2020-12-05,200000573
2952,2023-10-30,200001381
2953,2022-02-01,200001031
2954,2023-12-28,200001710
2955,2023-07-25,200000836
2956,2022-06-14,200001586
2957,2023-03-22,200000734
2958,2020-04-03,200001098
2959,2023-01-04,200000647
2960,2021-04-17,200001381
2961,2021-06-25,200000343
2962,2021-03-14,200000169
2963,2021-11-22,200000450
2964,2022-04-29,200001857
2965,2022-06-25,200001905
2966,2023-03-01,200001810
2967,2024-02-07,200001264
2968,2024-11-19,200001815
2969,2022-03-29,200000941
2970,2023-09-15,200000645
2971,2022-08-08,200000516
2972,2024-02-24,200001258
2973,2024-02-03,200000075
2974,2024-04-24,200000546
2975,2022-10-11,200000364
2976,2021-11-10,200000430
2977,2020-07-17,200000065
2978,2024-07-02,200001874
2979,2020-10-24,200000598
2980,2023-04-18,200001711
2981,2023-09-03,200000782
2982,2021-11-30,200001799
2983,2022-01-29,200001833
2984,2021-09-15,200000673
2985,2024-07-22,200001044
2986,2021-06-07,200000081
2987,2022-02-19,200000551
2988,2022-03-31,200001698
2989,2024-02-12,200000811
2990,2023-10-05,200001034
2991,2021-02-12,200000320
2992,2021-06-21,200000009
2993,2020-01-21,200001251
2994,2024-06-23,200001940
2995,2024-12-20,200000087
2996,2023-10-30,200000156
2997,2020-04-05,200001541
2998,2024-03-31,200001713
2999,2023-05-08,200000433
3000,2023-10-15,200001424
3001,2021-03-18,200000770
3002,2023-07-11,200001309
3003,2022-03-02,200001413
3004,2020-07-25,200000288
3005,2023-06-15,200001965
3006,2022-01-18,200000151
3007,2020-07-23,200001203
3008,2021-06-09,200001038
3009,2024-03-12,200000092
3010,2023-10-28,200000060
3011,2021-11-04,200000804
3012,2024-09-26,200001350
3013,2021-01-13,200000403
3014,2024-02-24,200001599
3015,2024-12-15,200001060
3016,2023-07-11,200000256
3017,2024-04-09,200000933
3018,2024-10-25,200000301
3019,2020-10-08,200000699
3020,2024-11-08,200001708
3021,2022-04-23,200000167
3022,2023-08-01,200001243
3023,2023-11-07,200000848
3024,2022-12-18,200001550
3025,2021-03-14,200001032
3026,2023-03-04,200000661
3027,2022-09-02,200000226
3028,2020-02-10,200001357
3029,2021-07-21,200001239
3030,2022-03-05,200001905
3031,2022-05-26,200000546
3032,2022-08-09,200000155
3033,2024-09-15,200001701
3034,2020-09-01,200000485
3035,2024-05-05,200000497
3036,2022-08-04,200000299
3037,2021-04-28,200000562
3038,2022-04-09,200000680
3039,2024-01-20,200001063
3040,2023-04-03,200000019
3041,2021-06-25,200001427
3042,2020-09-08,200001341
3043,2020-03-26,200000682
3044,2020-02-17,200000019
3045,2020-04-26,200000565
3046,2021-08-05,200000004
3047,2022-04-13,200000378
3048,2021-07-20,200000838
3049,2021-08-05,200000427
3050,2023-08-08,200001437
3051,2024-10-10,200000035
3052,2020-02-18,200001912
3053,2023-04-13,200000297
3054,2020-11-20,200000699
3055,2020-08-23,200001235
3056,2021-09-23,200001861
3057,2024-11-06,200001221
3058,2020-06-02,200001110
3059,2023-01-20,200001110
3060,2024-06-03,200001541
3061,2024-05-27,200001795
3062,2021-04-01,200000365
3063,2021-08-30,200000301
3064,2023-08-20,200000702
3065,2022-12-21,200001520
3066,2022-09-07,200001459
3067,2023-10-26,200001551
3068,2021-03-10,200000729
3069,2021-02-08,200000804
3070,2020-09-01,200000614
3071,2023-05-27,200000176
3072,2024-07-28,200001207
3073,2022-06-26,200000935
3074,2020-05-30,200001737
3075,2021-02-23,200001610
3076,2020-09-04,200000384
3077,2022-05-02,200001458
3078,2023-08-13,200000104
3079,2020-06-03,200001255
3080,2020-11-28,200001542
3081,2021-10-09,200000916
3082,2021-05-28,200000879
3083,2021-11-30,200001454
3084,2021-11-07,200001763
3085,2022-05-20,200000515
3086,2023-12-09,200001735
3087,2023-11-18,200001205
3088,2024-06-20,200000669
3089,2022-02-12,200000170
3090,2023-08-09,200001515
3091,2024-06-29,200000695
3092,2024-03-22,200000816
3093,2022-07-03,200001162
3094,2023-01-07,200001056
3095,2020-10-02,200000145
3096,2020-10-15,200000732
3097,2022-12-19,200001522
3098,2020-02-10,200000175
3099,2023-09-27,200001641
3100,2024-05-08,200001875
3101,2020-06-02,200000138
3102,2020-11-03,200000568
3103,2021-07-05,200001160
3104,2023-01-29,200000893
3105,2020-12-29,200001548
3106,2023-02-05,200001569
3107,2021-12-02,200001510
3108,2023-03-26,200001574
3109,2020-10-30,200000644
3110,2024-04-09,200001988
3111,2021-02-02,200000376
3112,2023-01-30,200001641
3113,2023-11-22,200000583
3114,2024-01-25,200001110
3115,2020-05-16,200000988
3116,2022-06-25,200000971
3117,2021-12-02,200001578
3118,2022-03-14,200001508
3119,2020-04-26,200000629
3120,2023-05-07,200001344
3121,2020-01-17,200000351
3122,2020-01-29,200001582
3123,2020-08-15,200001357
3124,2020-04-01,200001740
3125,2021-08-14,200001307
3126,2024-03-18,200000402
3127,2021-06-23,200000679
3128,2022-01-08,200000429
3129,2023-10-23,200001307
3130,2024-05-06,200000484
3131,2024-08-06,200001828
3132,2022-10-02,200000532
3133,2020-09-16,200001152
3134,2022-09-07,200001354
3135,2024-12-12,200001454
3136,2022-05-06,200001949
3137,2020-08-17,200001491
3138,2023-04-02,200000562
3139,2024-12-26,200001503
3140,2023-01-26,200001878
3141,2022-08-15,200000827
3142,2022-05-03,200001950
3143,2020-09-03,200001150
3144,2023-09-06,200000132
3145,2021-09-13,200000690
3146,2021-11-30,200001396
3147,2024-12-17,200000580
3148,2023-04-29,200000474
3149,2022-06-04,200001042
3150,2022-09-19,200000985
3151,2024-05-17,200000172
3152,2021-07-22,200001613
3153,2021-02-13,200001752
3154,2022-02-14,200000222
3155,2020-08-18,200001156
3156,2024-07-13,200000920
3157,2022-05-11,200001423
3158,2024-05-10,200000771
3159,2020-10-27,200001876
3160,2021-05-05,200000122
3161,2022-10-14,200001743
3162,2024-11-10,200001011
3163,2020-12-17,200000517
3164,2020-01-19,200001936
3165,2021-01-31,200001972
3166,2023-03-10,200000155
3167,2024-07-01,200001210
3168,2021-11-02,200001987
3169,2024-08-11,200001159
3170,2022-01-26,200000938
3171,2022-03-19,200001054
3172,2021-01-20,200000768
3173,2020-04-05,200000254
3174,2023-07-18,200001172
3175,2023-10-05,200001577
3176,2020-11-08,200001080
3177,2021-12-07,200000527
3178,2021-10-05,200000737
3179,2024-01-11,200001003
3180,2020-08-13,200001783
3181,2021-09-05,200001153
3182,2020-10-19,200000742
3183,2022-05-13,200000968
3184,2023-11-27,200000525
3185,2021-08-27,200001084
3186,2022-09-19,200000448
3187,2022-08-26,200000503
3188,2023-11-15,200000615
3189,2024-10-02,200000038
3190,2022-10-15,200001463
3191,2024-11-26,200001710
3192,2021-03-23,200000026
3193,2021-03-25,200000569
3194,2024-04-13,200000239
3195,2020-01-24,200000556
3196,2020-11-05,200001165
3197,2020-01-24,200001727
3198,2024-10-26,200001934
3199,2020-06-01,200001380
3200,2020-07-16,200000637
3201,2021-03-15,200001555
3202,2021-03-08,200000964
3203,2024-07-23,200001066
3204,2023-11-24,200001348
3205,2024-02-18,200000207
3206,2022-09-18,200000244
3207,2022-05-13,200001138
3208,2022-09-20,200001207
3209,2021-06-27,200001328
3210,2024-09-17,200000851
3211,2021-03-12,200000626
3212,2021-08-25,200001075
3213,2024-10-30,200000738
3214,2023-11-12,200000609
3215,2020-08-13,200000031
3216,2020-08-12,200001110
3217,2022-10-13,200001055
3218,2020-10-06,200001979
3219,2023-10-21,200000507
3220,2021-08-17,200001077
3221,2023-03-30,200001819
3222,2020-03-27,200001123
3223,2021-05-24,200001372
3224,2023-10-04,200001947
3225,2024-12-16,200001815
3226,2024-03-24,200001647
3227,2020-09-19,200000709
3228,2024-04-24,200001738
3229,2023-05-03,200001212
3230,2022-11-05,200001627
3231,2024-12-29,200000058
3232,2020-06-07,200000343
3233,2021-05-31,200001075
3234,2023-01-26,200001525
3235,2022-08-14,200000335
3236,2022-11-09,200001955
3237,2020-03-02,200001298
3238,2022-08-03,200001964
3239,2022-05-09,200001026
3240,2024-02-01,200001327
3241,2020-11-25,200000220
3242,2020-09-23,200001172
3243,2023-02-22,200001822
3244,2021-03-14,200001986
3245,2023-08-01,200001202
3246,2023-06-05,200000529
3247,2021-04-09,200001110
3248,2022-09-08,200000042
3249,2021-05-16,200001191
3250,2024-11-18,200001671
3251,2024-11-28,200000803
3252,2020-08-09,200001004
3253,2021-08-28,200000419
3254,2020-03-19,200000528
3255,2020-11-20,200000635
3256,2024-07-27,200000047
3257,2020-11-05,200001733
3258,2022-05-01,200000579
3259,2024-03-30,200000069
3260,2022-10-16,200001270
3261,2020-07-03,200001740
3262,2021-06-28,200001505
3263,2022-03-01,200001395
3264,2024-12-28,200001004
3265,2023-08-17,200000043
3266,2024-08-03,200001734
3267,2023-12-24,200001563
3268,2024-10-10,200000517
3269,2022-07-26,200001315
3270,2020-09-24,200000128
3271,2021-03-14,200000055
3272,2022-08-14,200000026
3273,2023-01-28,200000020
3274,2023-05-28,200000592
3275,2024-03-24,200000628
3276,2024-10-09,200000139
3277,2022-11-13,200001814
3278,2021-06-09,200000100
3279,2020-01-01,200001910
3280,2021-10-10,200001360
3281,2024-01-07,200000266
3282,2024-02-18,200000105
3283,2021-12-10,200000276
3284,2020-12-10,200000405
3285,2024-10-05,200000187
3286,2021-09-19,200001437
3287,2022-05-31,200001301
3288,2023-03-11,200001971
3289,2022-06-25,200001970
3290,2024-12-14,200001335
3291,2021-07-18,200001319
3292,2021-04-17,200001040
3293,2022-12-09,200000083
3294,2023-03-29,200000633
3295,2021-12-08,200001394
3296,2023-12-05,200001073
3297,2024-09-02,200001439
3298,2020-11-18,200000689
3299,2023-09-05,200001361
3300,2020-10-14,200000173
3301,2020-03-05,200001111
3302,2023-09-30,200000717
3303,2021-06-13,200000954
3304,2021-11-12,200001739
3305,2023-11-18,200001802
3306,2022-03-07,200001595
3307,2020-11-04,200001449
3308,2021-12-29,200001851
3309,2020-04-02,200001743
3310,2024-04-25,200000432
3311,2024-03-16,200000683
3312,2022-11-26,200001041
3313,2023-09-21,200000216
3314,2022-04-25,200001241
3315,2022-07-07,200000444
3316,2020-05-03,200001390
3317,2023-03-04,200000386
3318,2024-10-07,200000210
3319,2023-11-22,200000198
3320,2024-04-20,200000232
3321,2020-12-17,200001783
3322,2024-12-26,200000018
3323,2024-01-18,200000968
3324,2020-07-20,200001106
3325,2020-02-07,200001950
3326,2022-06-15,200001896
3327,2022-07-05,200001819
3328,2020-07-08,200001773
3329,2024-09-16,200001316
3330,2022-09-06,200001679
3331,2020-07-25,200001232
3332,2024-08-30,200000560
3333,2020-03-08,200001059
3334,2020-10-16,200001054
3335,2022-01-11,200000876
3336,2023-05-27,200000953
3337,2024-01-11,200001478
3338,2023-04-18,200001194
3339,2024-04-19,200001421
3340,2021-10-03,200000243
3341,2024-12-14,200000330
3342,2021-02-28,200001228
3343,2020-06-03,200001477
3344,2020-07-09,200000447
3345,2023-08-17,200001436
3346,2020-11-26,200001273
3347,2021-07-21,200001248
3348,2024-05-11,200000913
3349,2022-12-06,200001415
3350,2021-05-11,200000839
3351,2021-08-21,200000937
3352,2024-12-22,200001976
3353,2023-05-16,200001809
3354,2021-02-05,200000613
3355,2020-04-08,200000240
3356,2022-07-14,200001172
3357,2022-05-29,200001724
3358,2020-01-01,200000623
3359,2022-10-29,200001645
3360,2022-06-05,200000585
3361,2022-11-14,200000020
3362,2021-05-14,200000069
3363,2021-08-21,200001439
3364,2023-09-29,200001636
3365,2022-01-15,200000179
3366,2020-05-28,200001409
3367,2020-07-03,200000358
3368,2022-06-21,200001054
3369,2022-11-23,200001065
3370,2020-11-28,200001183
3371,2021-11-15,200001726
3372,2023-01-13,200000033
3373,2023-11-06,200000311
3374,2024-12-11,200000596
3375,2020-11-30,200001162
3376,2021-12-15,200000829
3377,2024-12-03,200001972
3378,2022-02-25,200001196
3379,2020-10-09,200000524
3380,2024-06-21,200000146
3381,2020-06-29,200000343
3382,2021-12-18,200001516
3383,2023-02-24,200001376
3384,2024-10-16,200001766
3385,2024-06-20,200001286
3386,2022-09-05,200000757
3387,2022-10-25,200000040
3388,2021-07-14,200001994
3389,2022-08-30,200001360
3390,2022-12-23,200000040
3391,2023-11-14,200001433
3392,2022-03-16,200000378
3393,2023-02-12,200000978
3394,2023-10-26,200001012
3395,2024-07-15,200001567
3396,2022-12-15,200000761
3397,2024-02-24,200000645
3398,2022-03-03,200000560
3399,2022-03-20,200000484
3400,2023-07-04,200000474
3401,2020-02-25,200001068
3402,2023-02-21,200001574
3403,2023-10-07,200001698
3404,2022-06-16,200000752
3405,2022-05-28,200001262
3406,2022-10-13,200000683
3407,2024-05-18,200000856
3408,2023-09-07,200001239
3409,2021-01-11,200001915
3410,2024-07-28,200000905
3411,2024-08-20,200000629
3412,2021-10-27,200001137
3413,2020-03-05,200001500
3414,2024-08-22,200001898
3415,2021-10-01,200001197
3416,2024-10-27,200001801
3417,2024-08-05,200000084
3418,2022-05-12,200000348
3419,2020-02-17,200000061
3420,2020-02-28,200000280
3421,2023-08-22,200001072
3422,2024-11-06,200001207
3423,2020-12-14,200001721
3424,2020-03-14,200001116
3425,2022-12-16,200001841
3426,2023-04-26,200000221
3427,2024-06-09,200000092
3428,2021-07-19,200000916
3429,2020-05-30,200000755
3430,2022-08-06,200001980
3431,2021-03-22,200001505
3432,2023-04-08,200001699
3433,2024-03-18,200001944
3434,2022-10-25,200001892
3435,2021-12-20,200001305
3436,2021-02-26,200001380
3437,2022-09-28,200001806
3438,2022-08-12,200001726
3439,2023-07-10,200001005
3440,2022-08-15,200001548
3441,2021-05-16,200000711
3442,2020-02-09,200000954
3443,2024-09-28,200000958
3444,2020-03-13,200001669
3445,2024-05-06,200001740
3446,2022-04-20,200000584
3447,2023-02-15,200001479
3448,2020-11-17,200001985
3449,2020-04-23,200000053
3450,2021-11-15,200001290
3451,2023-06-08,200001122
3452,2021-03-11,200000810
3453,2020-07-08,200001588
3454,2022-06-02,200001848
3455,2021-11-12,200001440
3456,2021-05-27,200000314
3457,2022-06-10,200000762
3458,2021-10-10,200000428
3459,2022-01-11,200001693
3460,2022-05-31,200000267
3461,2023-07-08,200000456
3462,2021-04-30,200000641
3463,2021-01-21,200000522
3464,2020-06-04,200000009
3465,2022-07-12,200001651
3466,2024-04-08,200001583
3467,2024-09-02,200001669
3468,2024-03-21,200000853
3469,2023-08-20,200001622
3470,2023-11-02,200001270
3471,2020-11-22,200001782
3472,2021-03-08,200000921
3473,2023-10-28,200001736
3474,2022-08-04,200000146
3475,2020-02-19,200001736
3476,2024-07-19,200000937
3477,2023-08-10,200001026
3478,2020-01-23,200000046
3479,2023-11-12,200001124
3480,2022-10-14,200000947
3481,2022-12-17,200001331
3482,2021-08-11,200001133
3483,2020-07-06,200001095
3484,2022-06-06,200001629
3485,2020-02-07,200001208
3486,2024-03-08,200001780
3487,2024-03-12,200000932
3488,2020-10-01,200000187
3489,2020-02-29,200000672
3490,2021-06-19,200001706
3491,2020-04-17,200001427
3492,2023-10-29,200000212
3493,2022-12-16,200001191
3494,2022-12-24,200000410
3495,2024-08-30,200001870
3496,2021-09-11,200001422
3497,2022-04-20,200000744
3498,2023-07-06,200001139
3499,2024-11-25,200001782
3500,2021-06-04,200000039
3501,2020-02-10,200000896
3502,2024-10-29,200001044
3503,2023-11-27,200001126
3504,2023-02-24,200000058
3505,2021-07-13,200001107
3506,2024-10-20,200001268
3507,2021-02-04,200001558
3508,2023-05-14,200000908
3509,2021-11-04,200001220
3510,2020-01-26,200000726
3511,2023-09-02,200000258
3512,2022-11-11,200000508
3513,2024-06-23,200000632
3514,2021-09-13,200000904
3515,2024-06-19,200001999
3516,2024-06-03,200001993
3517,2023-01-23,200000220
3518,2021-02-18,200001032
3519,2022-09-13,200001606
3520,2024-09-30,200000055
3521,2022-01-22,200001267
3522,2022-02-10,200001786
3523,2022-01-26,200001701
3524,2024-08-07,200001306
3525,2021-01-08,200000443
3526,2021-05-11,200000901
3527,2024-05-14,200001205
3528,2024-09-09,200000522
3529,2023-07-01,200001676
3530,2021-06-10,200000274
3531,2024-12-24,200001456
3532,2021-10-20,200000303
3533,2023-08-18,200000397
3534,2023-12-11,200000540
3535,2020-08-26,200001776
3536,2024-04-27,200001454
3537,2021-01-14,200001406
3538,2021-09-27,200000024
3539,2020-12-28,200001978
3540,2021-12-24,200001099
3541,2020-10-28,200001604
3542,2021-04-13,200001243
3543,2024-02-18,200001453
3544,2022-01-31,200000487
3545,2023-01-24,200000626
3546,2021-05-19,200000727
3547,2024-08-09,200000643
3548,2023-09-10,200000132
3549,2020-03-06,200001155
3550,2024-03-30,200000280
3551,2022-09-16,200000199
3552,2024-02-27,200001221
3553,2024-10-24,200000709
3554,2023-01-03,200000939
3555,2023-07-28,200000932
3556,2022-09-27,200000919
3557,2021-10-31,200001655
3558,2024-05-12,200000986
3559,2024-09-19,200001842
3560,2022-09-02,200000209
3561,2024-03-22,200001518
3562,2022-12-25,200000043
3563,2024-01-02,200000811
3564,2020-08-16,200000082
3565,2024-04-03,200000593
3566,2022-09-04,200001482
3567,2024-12-29,200001442
3568,2021-10-05,200001016
3569,2021-11-07,200000326
3570,2021-10-02,200001716
3571,2021-06-21,200000003
3572,2020-01-07,200001969
3573,2024-03-18,200001574
3574,2020-10-18,200000057
3575,2023-01-22,200001181
3576,2020-12-14,200001890
3577,2020-12-20,200000878
3578,2020-11-04,200001739
3579,2024-11-29,200000016
3580,2023-04-02,200001216
3581,2020-03-09,200000249
3582,2023-10-03,200000097
3583,2021-03-19,200000406
3584,2020-11-07,200001680
3585,2020-01-04,200001309
3586,2021-03-08,200000048
3587,2020-06-24,200001928
3588,2021-09-18,200001478
3589,2020-07-20,200000107
3590,2020-05-01,200001624
3591,2020-10-28,200001618
3592,2020-04-08,200000231
3593,2022-07-07,200000898
3594,2020-12-17,200001946
3595,2024-02-29,200000544
3596,2021-06-19,200000061
3597,2023-02-13,200001465
3598,2021-02-20,200001837
3599,2022-09-02,200001140
3600,2023-05-26,200001331
3601,2024-11-05,200000254
3602,2022-03-26,200000142
3603,2024-12-11,200000838
3604,2022-10-02,200001124
3605,2021-05-04,200000512
3606,2022-10-09,200000917
3607,2024-09-13,200000089
3608,2021-04-27,200001816
3609,2021-03-31,200001749
3610,2024-09-23,200001814
3611,2023-05-25,200001608
3612,2022-09-19,200000162
3613,2021-11-29,200000201
3614,2022-09-24,200001810
3615,2020-06-21,200001965
3616,2022-10-22,200000010
3617,2022-05-03,200001746
3618,2022-10-12,200000367
3619,2023-11-24,200001411
3620,2023-07-31,200001471
3621,2024-03-29,200001983
3622,2023-01-18,200001717
3623,2023-07-16,200001155
3624,2023-11-06,200000141
3625,2023-03-26,200001929
3626,2023-01-20,200000763
3627,2023-12-16,200001447
3628,2024-01-11,200000032
3629,2021-06-03,200000872
3630,2020-09-27,200000281
3631,2023-03-19,200001917
3632,2024-04-17,200001012
3633,2022-10-07,200000128
3634,2022-02-16,200001781
3635,2022-04-01,200000011
3636,2022-08-30,200000630
3637,2020-08-08,200001619
3638,2023-09-12,200000003
3639,2024-03-24,200001624
3640,2020-07-31,200000432
3641,2023-01-02,200001531
3642,2020-09-12,200000275
3643,2022-09-20,200000388
3644,2022-02-01,200000101
3645,2020-04-30,200001588
3646,2020-02-23,200000157
3647,2023-03-06,200000035
3648,2023-11-16,200001203
3649,2022-03-27,200001514
3650,2022-12-28,200001917
3651,2022-12-13,200001773
3652,2020-10-06,200001074
3653,2020-08-30,200001596
3654,2023-04-16,200001925
3655,2022-12-23,200001722
3656,2023-08-14,200000207
3657,2024-12-02,200000434
3658,2020-06-29,200000087
3659,2024-10-15,200000641
3660,2020-07-19,200001471
3661,2020-02-02,200000402
3662,2022-09-10,200001669
3663,2022-11-05,200001942
3664,2020-09-25,200000530
3665,2022-01-10,200000193
3666,2020-09-09,200001155
3667,2020-02-12,200000103
3668,2023-04-29,200000868
3669,2024-04-17,200001814
3670,2021-02-08,200000099
3671,2024-09-27,200000559
3672,2024-03-06,200000634
3673,2021-03-08,200001138
3674,2024-10-16,200000042
3675,2023-09-03,200000155
3676,2021-11-20,200001682
3677,2022-08-15,200000077
3678,2022-02-07,200000972
3679,2023-03-14,200001763
3680,2022-03-20,200001307
3681,2024-12-29,200001373
3682,2022-04-15,200000858
3683,2023-09-27,200000793
3684,2021-03-15,200000666
3685,2022-06-28,200001209
3686,2020-07-15,200000288
3687,2020-06-04,200001540
3688,2024-07-20,200000654
3689,2021-01-07,200000399
3690,2024-06-24,200000311
3691,2021-02-05,200000402
3692,2023-05-26,200000609
3693,2021-08-28,200000876
3694,2021-06-12,200001863
3695,2022-12-11,200000517
3696,2020-01-22,200001514
3697,2022-08-27,200001966
3698,2024-04-24,200001126
3699,2023-06-28,200000126
3700,2020-03-09,200000700
3701,2021-12-28,200001169
3702,2022-11-10,200001142
3703,2024-10-02,200001508
3704,2020-02-15,200000659
3705,2022-09-29,200000934
3706,2021-10-08,200001663
3707,2020-11-09,200001636
3708,2020-11-08,200000976
3709,2023-04-29,200001895
3710,2024-01-30,200000457
3711,2024-12-12,200001448
3712,2024-05-29,200000063
3713,2022-07-22,200000467
3714,2023-12-24,200000751
3715,2024-03-21,200001109
3716,2024-06-16,200000885
3717,2020-12-17,200000544
3718,2024-11-05,200000913
3719,2024-07-18,200000931
3720,2021-11-04,200001744
3721,2023-01-03,200000084
3722,2020-10-20,200000526
3723,2021-02-23,200000582
3724,2021-07-25,200001695
3725,2021-08-26,200000444
3726,2024-04-30,200001447
3727,2024-09-12,200000624
3728,2022-02-08,200000590
3729,2022-05-29,200001951
3730,2022-02-08,200000204
3731,2024-08-08,200000510
3732,2023-06-16,200001389
3733,2023-03-02,200000534
3734,2021-08-15,200001313
3735,2024-12-29,200000484
3736,2023-01-26,200001455
3737,2024-02-25,200000315
3738,2023-08-20,200000425
3739,2021-12-28,200001150
3740,2024-03-25,200001734
3741,2023-12-30,200001277
3742,2022-12-31,200000010
3743,2023-12-19,200000872
3744,2024-01-22,200000426
3745,2021-08-22,200001628
3746,2021-02-03,200000210
3747,2023-12-07,200000577
3748,2021-02-10,200000672
3749,2020-10-05,200001272
3750,2022-10-13,200000499
3751,2023-05-10,200000534
3752,2023-02-24,200000004
3753,2023-05-29,200000402
3754,2020-12-30,200000882
3755,2024-07-18,200000482
3756,2020-06-25,200001898
3757,2024-06-12,200001561
3758,2021-09-14,200000032
3759,2022-01-25,200001335
3760,2021-03-30,200000060
3761,2023-03-13,200000098
3762,2023-06-02,200000160
3763,2024-10-13,200000995
3764,2022-01-20,200001209
3765,2020-04-09,200000371
3766,2024-12-27,200000756
3767,2021-06-26,200001441
3768,2023-07-07,200000188
3769,2021-01-24,200001519
3770,2020-10-01,200001594
3771,2021-07-09,200001523
3772,2024-08-15,200000890
3773,2022-04-11,200000971
3774,2024-11-30,200000732
3775,2022-06-28,200001103
3776,2024-01-11,200000428
3777,2023-11-19,200000904
3778,2024-12-07,200000140
3779,2022-05-03,200001066
3780,2022-08-06,200000557
3781,2020-04-17,200000341
3782,2021-06-29,200000835
3783,2024-07-09,200001281
3784,2023-05-27,200001565
3785,2022-05-12,200001099
3786,2021-10-25,200000302
3787,2024-02-07,200001882
3788,2023-07-16,200000291
3789,2021-05-04,200000552
3790,2024-01-08,200001216
3791,2024-11-15,200001765
3792,2022-08-16,200000876
3793,2021-05-31,200001588
3794,2021-06-09,200000275
3795,2024-11-03,200001365
3796,2023-06-23,200001989
3797,2024-03-17,200000647
3798,2021-10-22,200001527
3799,2021-01-31,200001434
3800,2022-03-16,200001217
3801,2023-03-19,200000329
3802,2024-02-03,200001666
3803,2020-01-04,200001326
3804,2022-03-11,200000879
3805,2023-09-26,200001313
3806,2024-09-10,200001410
3807,2022-12-02,200001394
3808,2020-03-15,200000711
3809,2023-01-10,200000846
3810,2021-05-11,200001496
3811,2023-09-06,200001924
3812,2023-01-17,200001908
3813,2021-05-15,200001750
3814,2022-12-25,200000270
3815,2023-07-17,200001900
3816,2020-06-07,200000160
3817,2023-08-19,200001417
3818,2021-12-08,200001944
3819,2024-06-08,200000276
3820,2021-01-27,200001347
3821,2022-10-26,200000615
3822,2021-11-10,200001672
3823,2024-11-17,200001933
3824,2023-02-19,200000993
3825,2022-07-17,200001289
3826,2024-02-16,200000234
3827,2022-03-02,200001891
3828,2022-08-29,200000372
3829,2021-10-25,200000174
3830,2020-02-18,200000766
3831,2024-12-30,200001691
3832,2022-11-16,200001477
3833,2023-02-06,200001046
3834,2020-05-15,200001033
3835,2021-12-27,200000870
3836,2023-08-01,200001283
3837,2023-12-03,200000668
3838,2022-12-01,200000465
3839,2022-08-02,200000396
3840,2023-06-17,200001077
3841,2021-12-18,200000993
3842,2023-12-05,200001894
3843,2022-05-13,200001269
3844,2024-02-28,200001308
3845,2022-07-08,200000992
3846,2024-06-29,200000703
3847,2024-07-22,200000527
3848,2023-09-30,200001861
3849,2024-08-21,200000840
3850,2021-05-29,200000522
3851,2024-01-23,200001981
3852,2020-12-07,200001679
3853,2023-06-02,200001536
3854,2024-06-06,200000645
3855,2024-01-07,200001413
3856,2021-04-18,200001825
3857,2022-12-31,200000991
3858,2024-10-08,200001084
3859,2023-08-08,200000895
3860,2022-02-20,200001932
3861,2021-07-03,200000904
3862,2021-11-24,200000529
3863,2021-02-10,200001983
3864,2023-11-03,200001362
3865,2020-08-23,200000280
3866,2022-09-09,200000776
3867,2020-06-10,200001368
3868,2022-06-05,200000642
3869,2021-07-24,200001582
3870,2024-07-08,200001471
3871,2022-12-04,200001492
3872,2021-12-21,200000476
3873,2023-02-20,200000552
3874,2022-07-15,200001019
3875,2021-07-13,200001144
3876,2022-03-29,200001000
3877,2021-07-19,200000101
3878,2020-11-10,200000717
3879,2021-12-09,200000958
3880,2020-04-16,200000573
3881,2023-07-07,200001367
3882,2020-04-22,200000371
3883,2023-12-01,200000780
3884,2024-09-28,200000588
3885,2023-05-30,200000074
3886,2021-12-29,200000068
3887,2024-06-24,200001229
3888,2020-05-27,200000976
3889,2020-09-07,200001213
3890,2020-07-02,200001392
3891,2020-05-05,200000327
3892,2021-07-24,200001127
3893,2023-06-06,200000596
3894,2021-02-04,200001463
3895,2023-02-09,200000723
3896,2023-05-23,200000193
3897,2024-12-24,200000851
3898,2022-05-06,200000041
3899,2024-11-08,200000015
3900,2023-05-15,200000240
3901,2022-10-13,200001264
3902,2024-02-26,200000825
3903,2021-03-20,200000953
3904,2024-04-05,200001392
3905,2023-01-16,200001324
3906,2022-03-20,200000180
3907,2024-09-18,200000228
3908,2021-10-14,200001791
3909,2023-03-07,200001314
3910,2023-06-12,200000384
3911,2024-10-28,200000493
3912,2020-06-07,200001875
3913,2021-03-08,200001494
3914,2022-10-04,200001185
3915,2022-10-03,200000476
3916,2021-05-06,200000682
3917,2024-06-28,200001306
3918,2023-12-14,200001752
3919,2024-02-04,200001370
3920,2020-06-26,200000359
3921,2021-07-23,200000090
3922,2024-08-06,200001002
3923,2022-11-10,200000263
3924,2020-03-28,200001849
3925,2021-04-22,200001911
3926,2023-07-03,200001306
3927,2022-04-17,200000224
3928,2023-05-20,200001789
3929,2020-12-07,200001446
3930,2024-01-25,200001908
3931,2020-02-15,200001699
3932,2021-02-24,200000733
3933,2020-12-10,200000589
3934,2022-06-07,200000500
3935,2022-08-13,200000775
3936,2021-04-29,200000439
3937,2024-05-27,200001453
3938,2024-01-22,200001935
3939,2024-06-08,200001891
3940,2024-03-07,200001501
3941,2023-01-19,200001379
3942,2020-11-16,200001431
3943,2024-03-03,200000111
3944,2021-05-27,200000107
3945,2021-04-10,200001369
3946,2024-08-25,200000372
3947,2020-02-03,200000884
3948,2022-08-10,200001657
3949,2023-12-15,200001053
3950,2022-01-23,200000065
3951,2022-08-08,200000512
3952,2024-06-04,200001812
3953,2021-03-16,200001325
3954,2022-06-22,200000538
3955,2020-07-13,200001526
3956,2024-10-17,200001591
3957,2022-07-28,200001100
3958,2020-04-22,200001062
3959,2023-11-03,200001194
3960,2023-10-04,200000776
3961,2022-05-17,200000812
3962,2023-08-21,200001952
3963,2021-11-02,200001291
3964,2021-04-13,200000447
3965,2022-05-21,200000161
3966,2023-10-02,200000536
3967,2020-11-10,200000895
3968,2022-01-21,200001048
3969,2022-08-30,200001752
3970,2022-01-28,200001792
3971,2021-04-14,200000894
3972,2024-05-30,200001748
3973,2024-10-24,200000879
3974,2023-09-15,200001868
3975,2020-12-22,200001429
3976,2022-12-23,200000289
3977,2023-04-26,200000658
3978,2021-04-10,200001007
3979,2023-03-30,200001474
3980,2022-04-27,200001352
3981,2024-04-28,200001856
3982,2021-12-10,200000235
3983,2024-02-10,200001262
3984,2024-11-16,200001521
3985,2021-11-25,200000595
3986,2022-02-11,200000256
3987,2021-12-26,200000872
3988,2020-11-28,200001872
3989,2021-02-24,200000678
3990,2022-06-28,200000721
3991,2023-10-01,200000071
3992,2020-12-13,200000119
3993,2023-09-30,200000264
3994,2020-06-03,200000242
3995,2022-01-17,200001163
3996,2024-09-04,200001795
3997,2024-02-25,200001238
3998,2023-09-21,200001241
3999,2024-08-23,200000807
4000,2024-11-11,200001821
4001,2021-07-13,200000342
4002,2022-05-12,200000263
4003,2020-06-03,200001713
4004,2021-06-29,200001800
4005,2023-10-18,200001702
4006,2023-04-16,200001476
4007,2020-10-16,200001571
4008,2022-07-22,200001995
4009,2023-07-05,200001857
4010,2024-11-19,200000348
4011,2021-12-24,200001583
4012,2021-08-12,200000605
4013,2021-10-23,200000639
4014,2024-11-11,200001587
4015,2020-05-03,200001274
4016,2023-09-10,200001450
4017,2020-04-22,200001957
4018,2021-10-18,200001510
4019,2022-05-01,200001820
4020,2022-09-03,200000928
4021,2023-11-16,200001593
4022,2022-11-22,200001977
4023,2023-12-18,200001574
4024,2022-07-20,200000853
4025,2020-01-28,200001256
4026,2020-08-12,200000517
4027,2022-10-05,200000807
4028,2021-02-18,200000544
4029,2024-01-30,200000244
4030,2023-02-28,200001718
4031,2020-12-02,200000519
4032,2023-04-30,200000047
4033,2021-08-15,200001773
4034,2022-09-11,200001462
4035,2024-07-22,200000731
4036,2024-09-06,200000158
4037,2021-07-22,200001920
4038,2021-07-07,200000452
4039,2021-04-26,200001059
4040,2021-08-26,200000707
4041,2020-02-16,200000586
4042,2022-04-27,200000470
4043,2020-06-28,200000600
4044,2024-12-12,200000693
4045,2022-06-20,200001657
4046,2022-04-09,200001429
4047,2022-05-22,200000298
4048,2024-03-05,200001279
4049,2024-06-28,200001735
4050,2023-05-27,200001889
4051,2024-09-25,200000675
4052,2021-04-21,200000902
4053,2020-02-04,200000787
4054,2024-12-11,200001922
4055,2020-03-05,200001126
4056,2021-08-19,200000935
4057,2022-08-31,200001191
4058,2023-04-08,200000707
4059,2022-10-12,200001909
4060,2024-08-06,200001049
4061,2024-02-11,200001654
4062,2023-01-29,200001458
4063,2024-05-17,200001002
4064,2021-03-31,200000756
4065,2020-03-04,200000279
4066,2024-03-15,200000549
4067,2020-10-25,200000273
4068,2021-09-27,200001859
4069,2023-06-17,200000648
4070,2022-06-27,200001761
4071,2023-02-24,200000012
4072,2023-03-21,200001606
4073,2021-02-12,200000592
4074,2020-10-06,200001614
4075,2023-10-25,200001794
4076,2024-08-14,200000886
4077,2024-12-07,200001271
4078,2022-12-31,200000587
4079,2022-07-21,200001393
4080,2023-05-03,200001703
4081,2024-02-28,200000268
4082,2024-12-25,200001104
4083,2020-01-07,200001339
4084,2021-06-30,200000217
4085,2020-09-04,200001986
4086,2022-01-11,200001001
4087,2021-02-16,200001031
4088,2020-12-31,200001658
4089,2021-07-02,200000388
4090,2024-10-19,200000036
4091,2023-03-28,200001320
4092,2024-02-07,200001674
4093,2020-09-17,200001738
4094,2021-02-03,200000357
4095,2021-01-27,200001979
4096,2020-02-12,200000615
4097,2022-08-05,200001513
4098,2023-03-22,200001681
4099,2021-07-17,200001275
4100,2022-04-02,200001369
4101,2024-02-22,200000664
4102,2021-05-30,200001886
4103,2021-10-02,200000088
4104,2020-12-07,200001079
4105,2024-08-05,200000481
4106,2021-06-13,200000753
4107,2021-01-02,200001494
4108,2022-10-20,200001717
4109,2024-08-15,200000508
4110,2022-10-19,200000278
4111,2021-07-25,200000509
4112,2023-07-17,200000633
4113,2023-09-25,200000352
4114,2022-03-05,200001393
4115,2024-02-17,200001360
4116,2024-05-22,200001342
4117,2021-03-02,200000976
4118,2022-05-04,200001877
4119,2022-06-28,200001978
4120,2023-09-26,200001368
4121,2020-04-03,200000290
4122,2024-08-28,200001197
4123,2022-05-08,200000494
4124,2020-09-16,200001558
4125,2022-08-15,200001032
4126,2024-03-08,200001636
4127,2022-03-10,200000537
4128,2022-04-16,200000778
4129,2021-10-20,200001315
4130,2020-06-24,200001914
4131,2021-10-23,200000899
4132,2023-07-03,200001515
4133,2022-02-17,200001369
4134,2023-03-08,200000994
4135,2023-02-05,200000778
4136,2023-10-20,200000469
4137,2023-11-29,200000040
4138,2023-01-11,200001729
4139,2024-02-01,200001296
4140,2023-06-26,200001410
4141,2021-12-17,200001137
4142,2021-08-18,200001434
4143,2020-10-05,200001455
4144,2023-09-24,200001919
4145,2020-05-29,200001573
4146,2024-09-04,200001686
4147,2020-05-04,200000001
4148,2020-11-25,200000016
4149,2020-06-03,200001103
4150,2020-08-24,200001762
4151,2023-04-06,200000465
4152,2023-10-13,200000940
4153,2020-08-14,200001014
4154,2022-02-16,200000400
4155,2022-03-20,200000102
4156,2021-03-06,200001119
4157,2022-03-15,200001931
4158,2023-02-01,200001167
4159,2021-02-12,200000647
4160,2022-12-15,200000326
4161,2024-11-20,200001071
4162,2023-01-14,200001309
4163,2022-09-04,200001782
4164,2023-02-06,200000751
4165,2022-09-08,200000821
4166,2024-11-16,200001904
4167,2020-03-30,200001986
4168,2023-09-17,200001519
4169,2024-11-23,200001767
4170,2022-07-30,200000014
4171,2020-12-31,200000308
4172,2021-02-06,200000214
4173,2023-01-25,200000444
4174,2022-11-24,200000386
4175,2023-06-18,200000669
4176,2022-02-10,200001364
4177,2022-02-10,200001386
4178,2024-09-25,200000983
4179,2023-01-12,200000027
4180,2023-08-13,200000287
4181,2024-01-31,200000522
4182,2024-01-22,200000285
4183,2024-12-18,200000930
4184,2021-07-10,200000867
4185,2021-08-23,200001479
4186,2024-08-17,200001332
4187,2024-11-10,200001583
4188,2022-08-17,200001231
4189,2022-07-20,200000048
4190,2023-09-25,200001153
4191,2023-07-05,200000351
4192,2020-02-29,200000928
4193,2020-03-28,200001578
4194,2023-09-03,200000134
4195,2022-06-22,200001528
4196,2020-07-12,200001552
4197,2023-12-20,200001645
4198,2020-11-22,200001096
4199,2020-03-30,200001043
4200,2024-12-19,200001456
4201,2021-07-14,200000587
4202,2023-10-27,200001855
4203,2023-12-10,200000197
4204,2023-05-01,200000920
4205,2024-09-16,200000432
4206,2024-07-16,200000291
4207,2022-04-04,200001124
4208,2021-07-26,200000108
4209,2023-12-14,200001904
4210,2024-12-07,200001762
4211,2023-03-23,200001517
4212,2022-07-11,200000336
4213,2023-04-27,200000005
4214,2024-01-02,200000657
4215,2023-01-01,200001398
4216,2024-05-07,200001000
4217,2023-07-31,200000226
4218,2020-12-25,200000199
4219,2024-04-09,200001188
4220,2024-11-18,200001732
4221,2020-02-06,200000201
4222,2022-11-09,200000579
4223,2023-07-28,200001029
4224,2021-12-18,200000344
4225,2021-08-25,200000376
4226,2022-11-04,200000602
4227,2022-05-27,200001142
4228,2021-05-07,200000597
4229,2023-06-28,200001108
4230,2022-12-04,200000376
4231,2021-06-14,200000945
4232,2022-05-09,200000673
4233,2023-10-27,200001104
4234,2024-11-01,200001917
4235,2022-05-16,200001668
4236,2024-09-27,200001801
4237,2021-07-27,200000158
4238,2021-04-16,200000548
4239,2021-02-08,200001003
4240,2023-11-24,200000260
4241,2023-08-30,200000177
4242,2023-12-13,200000503
4243,2024-11-12,200000305
4244,2020-07-29,200001492
4245,2022-08-22,200000464
4246,2022-01-15,200001137
4247,2024-10-15,200000963
4248,2020-11-13,200001299
4249,2020-07-10,200001663
4250,2023-12-13,200000843
4251,2020-08-08,200001700
4252,2022-07-13,200000634
4253,2020-06-15,200001571
4254,2022-03-15,200001252
4255,2023-05-29,200000468
4256,2023-04-25,200001534
4257,2024-01-27,200001361
4258,2022-05-17,200000154
4259,2023-01-15,200000979
4260,2022-07-14,200000161
4261,2021-07-08,200000047
4262,2021-12-06,200001422
4263,2021-03-22,200001605
4264,2020-10-24,200000533
4265,2021-02-07,200001677
4266,2020-09-22,200001368
4267,2020-01-10,200001641
4268,2024-11-25,200001444
4269,2020-06-08,200001971
4270,2021-11-18,200001310
4271,2023-10-04,200000973
4272,2021-03-17,200000477
4273,2023-07-11,200000758
4274,2021-12-27,200001327
4275,2023-02-22,200001194
4276,2022-06-03,200001259
4277,2023-12-02,200000073
4278,2022-10-14,200001903
4279,2022-08-06,200000991
4280,2021-12-27,200001888
4281,2022-10-18,200000900
4282,2022-07-15,200001632
4283,2020-09-01,200001377
4284,2023-06-26,200000126
4285,2024-09-21,200000868
4286,2020-07-10,200000262
4287,2024-08-02,200001045
4288,2023-08-17,200000834
4289,2022-10-19,200001318
4290,2021-08-19,200001702
4291,2023-05-09,200000029
4292,2020-04-25,200001986
4293,2024-01-23,200000469
4294,2021-03-25,200001354
4295,2020-06-19,200000320
4296,2023-02-28,200000915
4297,2020-10-05,200001532
4298,2021-04-02,200001892
4299,2022-04-28,200000496
4300,2022-09-16,200000897
4301,2022-02-27,200001819
4302,2021-07-08,200001391
4303,2020-04-04,200001129
4304,2023-03-09,200001962
4305,2020-07-04,200001382
4306,2023-01-18,200000582
4307,2023-12-18,200000303
4308,2024-02-05,200001221
4309,2021-07-26,200000203
4310,2020-10-09,200001914
4311,2024-02-06,200001407
4312,2020-04-28,200000240
4313,2024-12-16,200000306
4314,2020-02-16,200001774
4315,2020-11-04,200000778
4316,2020-05-20,200001200
4317,2022-04-25,200001444
4318,2020-04-02,200001202
4319,2022-09-22,200001428
4320,2020-10-25,200000102
4321,2023-01-13,200001502
4322,2022-01-24,200001332
4323,2021-03-01,200000112
4324,2023-04-16,200001006
4325,2022-12-20,200001548
4326,2022-07-20,200001097
4327,2024-04-24,200001513
4328,2023-11-20,200000155
4329,2020-11-12,200000013
4330,2024-10-11,200001981
4331,2021-03-07,200001490
4332,2020-11-23,200001839
4333,2020-10-03,200001379
4334,2023-06-22,200001876
4335,2023-09-12,200001332
4336,2022-10-24,200001813
4337,2023-02-21,200000804
4338,2024-10-04,200001986
4339,2023-01-07,200001086
4340,2022-01-02,200000523
4341,2022-09-19,200001923
4342,2021-11-16,200001730
4343,2022-10-01,200001103
4344,2021-07-13,200000654
4345,2022-07-26,200000783
4346,2023-04-05,200001792
4347,2023-02-28,200001296
4348,2023-08-12,200000986
4349,2022-04-03,200000605
4350,2023-01-16,200001645
4351,2022-11-23,200001374
4352,2020-02-14,200001883
4353,2020-04-01,200001091
4354,2022-05-23,200000185
4355,2021-12-13,200001568
4356,2022-04-21,200000033
4357,2024-12-06,200001094
4358,2020-10-02,200000016
4359,2023-12-06,200001793
4360,2021-05-24,200001412
4361,2020-02-15,200001758
4362,2021-03-02,200000772
4363,2022-03-12,200000150
4364,2022-04-17,200000154
4365,2022-04-26,200001045
4366,2020-03-06,200000838
4367,2024-05-23,200001370
4368,2021-01-30,200001569
4369,2020-09-21,200001656
4370,2024-05-31,200001210
4371,2024-02-07,200000865
4372,2022-02-17,200001046
4373,2022-12-18,200000140
4374,2024-05-16,200001603
4375,2020-06-04,200001783
4376,2020-02-25,200001775
4377,2022-04-13,200001524
4378,2021-02-11,200001347
4379,2022-03-31,200000956
4380,2022-09-26,200000532
4381,2023-07-29,200000530
4382,2020-06-28,200000103
4383,2022-04-15,200000727
4384,2020-10-09,200001526
4385,2022-03-24,200000108
4386,2023-09-08,200001231
4387,2020-08-24,200000856
4388,2020-09-06,200000174
4389,2024-10-10,200001154
4390,2021-06-05,200001595
4391,2021-08-03,200000147
4392,2020-04-05,200000758
4393,2024-04-12,200000040
4394,2024-11-20,200000875
4395,2021-04-17,200001873
4396,2020-12-09,200000308
4397,2020-07-14,200001460
4398,2021-04-16,200001556
4399,2020-08-29,200001512
4400,2024-10-22,200001229
4401,2021-11-11,200001538
4402,2024-12-05,200001906
4403,2020-11-28,200001566
4404,2024-03-11,200000308
4405,2023-12-14,200001062
4406,2020-03-07,200000624
4407,2022-01-27,200000142
4408,2021-03-24,200001075
4409,2023-07-04,200001011
4410,2021-06-09,200000968
4411,2024-04-12,200000246
4412,2021-07-06,200000006
4413,2024-10-18,200001736
4414,2020-04-26,200000502
4415,2020-01-29,200000918
4416,2022-10-09,200001033
4417,2021-09-04,200001253
4418,2023-08-15,200000977
4419,2023-01-16,200001357
4420,2020-11-21,200001595
4421,2024-09-27,200001208
4422,2022-12-28,200000992
4423,2024-07-20,200000557
4424,2022-07-27,200000173
4425,2022-03-31,200001855
4426,2023-04-25,200001948
4427,2021-03-22,200001569
4428,2023-09-01,200001395
4429,2023-06-21,200001030
4430,2024-11-02,200001355
4431,2023-10-02,200000622
4432,2022-06-11,200001931
4433,2020-11-11,200000887
4434,2024-10-28,200000487
4435,2020-06-23,200001577
4436,2023-05-05,200001360
4437,2024-05-14,200001777
4438,2024-07-25,200000243
4439,2020-03-20,200001398
4440,2024-07-31,200000475
4441,2020-09-06,200000088
4442,2021-04-28,200001431
4443,2023-08-10,200000250
4444,2020-05-11,200001047
4445,2024-09-26,200001703
4446,2024-10-30,200000546
4447,2020-03-12,200001760
4448,2022-09-28,200001259
4449,2022-03-02,200001506
4450,2023-10-01,200001017
4451,2021-01-30,200001588
4452,2022-07-14,200000136
4453,2021-02-04,200001842
4454,2023-05-29,200000057
4455,2022-04-25,200001811
4456,2020-10-26,200001812
4457,2024-07-11,200000574
4458,2022-04-01,200000739
4459,2022-06-12,200001042
4460,2023-02-14,200000994
4461,2021-11-09,200001173
4462,2021-04-18,200000785
4463,2020-04-10,200000171
4464,2021-09-17,200000947
4465,2020-11-18,200000961
4466,2024-07-31,200001486
4467,2024-04-11,200001689
4468,2023-10-27,200001392
4469,2024-05-31,200000472
4470,2023-05-15,200001596
4471,2022-09-20,200001262
4472,2020-12-24,200000581
4473,2023-09-04,200000844
4474,2020-05-12,200001108
4475,2024-03-21,200000258
4476,2021-08-16,200001181
4477,2022-05-05,200001778
4478,2022-02-05,200000724
4479,2024-02-24,200000153
4480,2020-12-13,200001762
4481,2023-11-24,200000071
4482,2020-06-24,200001651
4483,2020-04-03,200001535
4484,2020-11-05,200001441
4485,2023-09-08,200000297
4486,2023-06-07,200000903
4487,2022-05-07,200001924
4488,2024-05-05,200001784
4489,2024-09-29,200000229
4490,2024-05-11,200000874
4491,2023-06-25,200001034
4492,2020-10-10,200000634
4493,2023-05-31,200000609
4494,2022-02-17,200001826
4495,2022-08-17,200000459
4496,2023-04-14,200001819
4497,2023-05-06,200001466
4498,2024-01-29,200000965
4499,2020-12-03,200001052
4500,2023-08-19,200000111
4501,2023-01-24,200001688
4502,2022-05-19,200000009
4503,2024-05-07,200000225
4504,2022-02-21,200001479
4505,2023-12-03,200000149
4506,2024-08-20,200001973
4507,2024-01-02,200000925
4508,2024-05-13,200001484
4509,2024-05-23,200001215
4510,2021-12-22,200000472
4511,2021-06-23,200000683
4512,2023-09-13,200000384
4513,2023-05-03,200001532
4514,2021-04-13,200001685
4515,2024-10-09,200000609
4516,2021-07-02,200000788
4517,2021-06-07,200000559
4518,2020-11-06,200001195
4519,2024-05-11,200000300
4520,2022-10-08,200000313
4521,2021-02-01,200001808
4522,2021-07-18,200001220
4523,2020-04-22,200001838
4524,2022-04-23,200001859
4525,2023-07-23,200001936
4526,2020-08-08,200000992
4527,2023-09-13,200001254
4528,2024-10-06,200000730
4529,2021-08-12,200001333
4530,2023-09-18,200000370
4531,2021-01-22,200000012
4532,2023-06-25,200000620
4533,2021-03-25,200001946
4534,2021-12-24,200000819
4535,2021-12-01,200001348
4536,2020-01-20,200000476
4537,2021-02-21,200000193
4538,2021-07-07,200000636
4539,2023-08-26,200000808
4540,2021-12-17,200001474
4541,2024-11-17,200001201
4542,2022-09-01,200000880
4543,2022-09-21,200000146
4544,2020-05-10,200001646
4545,2023-08-11,200001172
4546,2020-08-02,200000662
4547,2021-05-04,200000294
4548,2024-10-21,200001813
4549,2022-02-18,200001365
4550,2021-07-20,200001687
4551,2020-02-06,200001496
4552,2022-03-28,200001987
4553,2023-09-10,200001220
4554,2022-10-07,200001883
4555,2024-04-23,200000823
4556,2021-04-22,200001126
4557,2020-06-17,200000326
4558,2023-10-21,200000731
4559,2024-07-11,200001891
4560,2023-03-08,200000514
4561,2020-10-15,200000935
4562,2020-11-29,200000080
4563,2024-12-03,200000680
4564,2022-06-24,200000032
4565,2022-09-20,200001175
4566,2023-10-16,200001691
4567,2021-02-16,200000668
4568,2020-10-26,200001047
4569,2021-07-11,200001998
4570,2021-12-08,200000330
4571,2023-03-30,200001209
4572,2020-12-12,200001217
4573,2021-08-07,200000256
4574,2024-12-26,200001025
4575,2021-02-22,200001083
4576,2023-09-01,200001265
4577,2020-07-16,200001881
4578,2020-05-07,200001649
4579,2021-10-07,200001587
4580,2022-03-26,200001055
4581,2021-07-14,200000330
4582,2021-06-25,200000372
4583,2023-08-24,200001118
4584,2021-11-12,200000692
4585,2022-08-25,200000104
4586,2020-10-06,200000666
4587,2021-01-24,200000402
4588,2021-04-03,200000067
4589,2022-11-03,200001194
4590,2022-06-23,200000366
4591,2023-11-25,200000990
4592,2020-04-25,200000801
4593,2023-05-30,200000622
4594,2022-12-18,200001535
4595,2020-12-06,200001806
4596,2020-04-28,200000295
4597,2022-10-22,200001443
4598,2023-02-13,200001638
4599,2023-08-03,200000588
4600,2020-01-25,200000773
4601,2023-06-26,200000504
4602,2020-06-17,200001844
4603,2024-06-30,200001731
4604,2022-10-21,200000739
4605,2020-03-18,200000652
4606,2021-10-19,200001778
4607,2022-06-16,200001150
4608,2021-10-31,200000682
4609,2020-05-23,200000683
4610,2024-02-28,200001228
4611,2021-07-31,200001804
4612,2021-02-07,200000660
4613,2022-05-17,200001075
4614,2023-04-12,200000268
4615,2022-05-21,200000665
4616,2020-08-25,200000084
4617,2020-09-21,200000129
4618,2022-12-30,200000439
4619,2021-11-20,200001173
4620,2022-05-07,200000720
4621,2023-07-12,200000521
4622,2020-07-03,200001730
4623,2023-10-27,200001718
4624,2021-03-19,200000158
4625,2022-04-19,200001126
4626,2020-01-23,200001877
4627,2021-04-26,200001350
4628,2021-06-19,200001979
4629,2023-02-15,200001604
4630,2023-07-31,200000228
4631,2023-03-19,200001284
4632,2020-04-04,200001755
4633,2024-08-08,200001228
4634,2021-03-09,200000453
4635,2021-10-29,200000558
4636,2021-02-18,200000365
4637,2022-06-24,200001864
4638,2023-09-11,200000754
4639,2024-11-08,200001654
4640,2022-11-04,200001340
4641,2024-06-15,200001773
4642,2024-09-11,200000970
4643,2020-10-01,200000811
4644,2021-05-04,200001908
4645,2020-09-10,200001220
4646,2024-10-13,200000945
4647,2024-01-14,200001317
4648,2020-05-27,200001760
4649,2024-10-04,200001403
4650,2020-12-25,200000092
4651,2021-09-02,200000206
4652,2024-11-28,200001862
4653,2021-12-18,200000925
4654,2020-03-13,200000468
4655,2024-04-30,200000062
4656,2022-05-14,200001300
4657,2024-04-20,200001321
4658,2021-11-18,200001649
4659,2022-02-14,200000729
4660,2024-08-25,200001219
4661,2022-02-17,200000163
4662,2021-02-20,200000626
4663,2020-02-07,200000705
4664,2021-01-28,200001520
4665,2024-11-20,200001258
4666,2020-09-27,200000299
4667,2023-06-11,200000064
4668,2021-12-14,200000614
4669,2021-01-20,200001970
4670,2023-11-29,200000495
4671,2022-08-17,200001375
4672,2023-11-05,200000933
4673,2021-09-24,200001574
4674,2024-12-01,200001198
4675,2024-08-11,200001289
4676,2024-09-20,200001343
4677,2020-08-20,200001401
4678,2022-03-12,200001347
4679,2020-10-11,200000889
4680,2023-07-07,200001070
4681,2024-05-04,200000748
4682,2022-11-06,200000803
4683,2024-07-20,200001998
4684,2021-04-12,200000995
4685,2022-02-28,200001374
4686,2022-03-02,200001333
4687,2020-10-01,200001103
4688,2021-05-14,200000985
4689,2021-07-13,200001597
4690,2024-12-30,200000799
4691,2023-05-04,200001380
4692,2021-08-03,200001607
4693,2022-08-08,200000896
4694,2023-11-30,200001266
4695,2024-11-28,200000152
4696,2022-06-10,200001817
4697,2022-06-08,200001788
4698,2021-11-08,200000572
4699,2023-09-14,200001460
4700,2021-12-08,200000366
4701,2023-02-01,200001311
4702,2020-05-18,200001552
4703,2023-11-19,200001250
4704,2021-02-22,200001252
4705,2024-02-04,200000244
4706,2024-09-19,200001696
4707,2022-07-02,200000569
4708,2022-06-17,200000151
4709,2021-07-19,200001860
4710,2021-09-28,200001658
4711,2022-10-22,200000825
4712,2023-10-28,200001836
4713,2020-02-17,200001202
4714,2022-03-16,200000311
4715,2020-05-16,200001606
4716,2024-01-28,200001720
4717,2023-01-15,200001894
4718,2021-06-13,200001971
4719,2023-07-13,200001160
4720,2024-11-06,200000511
4721,2020-08-28,200000684
4722,2023-03-06,200001821
4723,2024-12-25,200001496
4724,2023-03-18,200001008
4725,2022-04-26,200000789
4726,2022-11-20,200001052
4727,2023-10-17,200001120
4728,2022-05-10,200000032
4729,2021-06-30,200000015
4730,2020-08-04,200000168
4731,2020-06-04,200000759
4732,2020-12-07,200000542
4733,2024-08-08,200000085
4734,2021-05-23,200000041
4735,2022-02-06,200001369
4736,2020-09-06,200000130
4737,2022-08-24,200001316
4738,2023-11-15,200001971
4739,2023-12-08,200000341
4740,2024-07-17,200000769
4741,2020-06-17,200001311
4742,2023-06-30,200000537
4743,2023-06-29,200000194
4744,2020-07-28,200000286
4745,2021-03-14,200001691
4746,2021-01-10,200001186
4747,2020-09-15,200000041
4748,2024-02-14,200001713
4749,2022-03-11,200000637
4750,2021-05-12,200000706
4751,2023-09-24,200000084
4752,2021-08-07,200001279
4753,2020-05-27,200000375
4754,2020-03-24,200000390
4755,2022-03-23,200000411
4756,2024-10-04,200000379
4757,2020-12-25,200001733
4758,2024-03-29,200001691
4759,2023-04-14,200001481
4760,2024-08-14,200000884
4761,2023-04-05,200000456
4762,2024-08-18,200000439
4763,2022-04-21,200000216
4764,2020-08-01,200000072
4765,2021-07-04,200001962
4766,2023-12-17,200000604
4767,2024-12-17,200000218
4768,2024-11-17,200001602
4769,2021-11-04,200001739
4770,2022-12-29,200001878
4771,2021-02-13,200001035
4772,2024-05-04,200000543
4773,2022-01-18,200000406
4774,2024-03-30,200001629
4775,2022-06-15,200000013
4776,2022-08-08,200000216
4777,2022-04-07,200001141
4778,2023-11-24,200000231
4779,2023-09-19,200001044
4780,2023-04-12,200001434
4781,2022-03-25,200000962
4782,2020-04-23,200000909
4783,2023-04-10,200000120
4784,2024-12-01,200000795
4785,2022-09-22,200001238
4786,2020-11-29,200001641
4787,2021-10-01,200001501
4788,2020-01-13,200000125
4789,2020-08-25,200000114
4790,2021-11-25,200001747
4791,2023-06-15,200000556
4792,2022-12-06,200000301
4793,2024-11-12,200001158
4794,2023-09-26,200000067
4795,2021-01-31,200001798
4796,2024-08-18,200000409
4797,2024-01-17,200000357
4798,2021-03-04,200001723
4799,2020-06-25,200001522
4800,2022-02-11,200001072
4801,2022-07-28,200001724
4802,2023-03-09,200001491
4803,2021-03-05,200001695
4804,2021-03-26,200000710
4805,2020-11-09,200000262
4806,2024-07-25,200001330
4807,2022-09-29,200001302
4808,2022-10-19,200000351
4809,2022-08-11,200001609
4810,2024-10-15,200000590
4811,2024-06-08,200001521
4812,2020-06-01,200000130
4813,2024-05-27,200000382
4814,2020-01-25,200001180
4815,2024-09-05,200000198
4816,2023-01-14,200001821
4817,2020-04-27,200001987
4818,2020-06-13,200001810
4819,2020-03-15,200000171
4820,2022-10-27,200001550
4821,2024-07-21,200000030
4822,2023-09-06,200000657
4823,2024-07-05,200001988
4824,2023-02-20,200001669
4825,2021-06-01,200000656
4826,2024-01-29,200000337
4827,2023-05-13,200000328
4828,2020-12-10,200000668
4829,2022-10-26,200000682
4830,2020-07-25,200001212
4831,2020-10-04,200001401
4832,2020-08-02,200001959
4833,2023-01-11,200000058
4834,2021-01-20,200001218
4835,2020-03-30,200001148
4836,2023-02-09,200000628
4837,2024-12-01,200001756
4838,2023-09-04,200001577
4839,2023-05-09,200000803
4840,2022-10-09,200000996
4841,2022-03-04,200001598
4842,2023-09-06,200000272
4843,2023-03-16,200000455
4844,2023-09-11,200000002
4845,2023-11-12,200001895
4846,2020-06-03,200000072
4847,2020-02-06,200000383
4848,2022-09-02,200001708
4849,2021-03-23,200001012
4850,2021-07-16,200001083
4851,2022-12-05,200000495
4852,2020-07-01,200001357
4853,2023-02-04,200000892
4854,2024-08-03,200001614
4855,2020-09-01,200001827
4856,2024-03-12,200001640
4857,2021-08-06,200000214
4858,2021-03-10,200001483
4859,2022-08-26,200000127
4860,2021-04-01,200001007
4861,2020-05-19,200001338
4862,2020-01-24,200001836
4863,2023-11-25,200001090
4864,2020-03-21,200001691
4865,2022-01-14,200000324
4866,2020-06-19,200001645
4867,2023-10-02,200000404
4868,2024-05-24,200001245
4869,2022-01-18,200001651
4870,2022-04-02,200001812
4871,2023-12-20,200001701
4872,2020-06-01,200000105
4873,2023-03-02,200000572
4874,2024-01-11,200001478
4875,2020-12-10,200001422
4876,2024-07-01,200001064
4877,2020-04-26,200001144
4878,2022-12-14,200000328
4879,2021-12-11,200000246
4880,2020-03-08,200001448
4881,2020-03-30,200001577
4882,2022-05-02,200001207
4883,2022-12-03,200000410
4884,2022-07-15,200000091
4885,2022-01-04,200000098
4886,2024-03-28,200000309
4887,2022-03-31,200000946
4888,2023-03-29,200001423
4889,2022-12-22,200001375
4890,2022-01-18,200000025
4891,2024-07-08,200000250
4892,2022-11-28,200000848
4893,2024-04-12,200000664
4894,2024-08-04,200000901
4895,2021-01-23,200000228
4896,2021-01-31,200000160
4897,2024-01-03,200001051
4898,2022-07-05,200001024
4899,2024-11-13,200000259
4900,2024-06-04,200000555
4901,2022-07-18,200001905
4902,2021-10-08,200001387
4903,2023-10-02,200001260
4904,2022-03-17,200000777
4905,2021-08-04,200001315
4906,2022-06-15,200001444
4907,2023-03-12,200001626
4908,2022-01-04,200001698
4909,2022-04-20,200001329
4910,2023-08-23,200001966
4911,2020-10-28,200000016
4912,2020-07-25,200000146
4913,2024-07-08,200000841
4914,2021-05-08,200000416
4915,2020-11-28,200001319
4916,2024-01-26,200000537
4917,2024-11-13,200001924
4918,2024-07-13,200001649
4919,2020-11-04,200000684
4920,2024-03-19,200000500
4921,2022-01-14,200000471
4922,2023-02-26,200000546
4923,2020-12-11,200001980
4924,2021-02-25,200001735
4925,2023-08-06,200001992
4926,2020-08-08,200000948
4927,2023-07-26,200001406
4928,2020-11-23,200000327
4929,2021-02-23,200001931
4930,2020-06-04,200000953
4931,2024-10-05,200001510
4932,2024-04-06,200000005
4933,2023-09-15,200001544
4934,2022-01-27,200001883
4935,2022-04-06,200000574
4936,2021-08-05,200001328
4937,2022-03-11,200000097
4938,2021-09-08,200001549
4939,2020-08-30,200000858
4940,2024-09-14,200001030
4941,2024-11-10,200001436
4942,2022-07-15,200000918
4943,2020-05-13,200000637
4944,2021-04-11,200001440
4945,2022-04-16,200001899
4946,2024-04-27,200000435
4947,2020-02-17,200000757
4948,2024-02-08,200001389
4949,2023-11-14,200000258
4950,2023-08-23,200000814
4951,2023-08-26,200000232
4952,2020-12-01,200000562
4953,2021-03-15,200000926
4954,2022-03-06,200001311
4955,2021-01-15,200000875
4956,2024-02-08,200001963
4957,2021-05-28,200001844
4958,2020-07-02,200000114
4959,2020-04-19,200001259
4960,2022-12-10,200001814
4961,2021-12-31,200001438
4962,2021-08-24,200001991
4963,2020-12-22,200001897
4964,2022-04-09,200000247
4965,2024-03-28,200000997
4966,2021-03-25,200001590
4967,2022-08-26,200000476
4968,2020-10-14,200001197
4969,2022-10-02,200000620
4970,2020-09-09,200000349
4971,2023-04-24,200000993
4972,2024-05-16,200000420
4973,2022-04-26,200001827
4974,2024-04-22,200000937
4975,2020-10-27,200000017
4976,2021-07-14,200000853
4977,2022-11-26,200000646
4978,2023-11-19,200001687
4979,2021-10-07,200001570
4980,2022-04-02,200001471
4981,2023-09-21,200000584
4982,2020-06-01,200000193
4983,2021-11-02,200001648
4984,2023-04-05,200000864
4985,2021-11-14,200000323
4986,2021-09-03,200001826
4987,2020-11-08,200000216
4988,2022-12-02,200001699
4989,2022-12-17,200000008
4990,2021-04-18,200000329
4991,2022-10-06,200000266
4992,2023-12-16,200000538
4993,2024-04-16,200001540
4994,2021-06-16,200001904
4995,2024-07-26,200000890
4996,2021-12-16,200000772
4997,2021-01-21,200000165
4998,2024-09-25,200000924
4999,2021-02-09,200000667
5000,2021-02-04,200001198
