otid,team_role,oid
1,Lead Surgeon,1
2,Anesthesiologist,1
3,Surgical Nurse,1
4,Circulating Nurse,1
5,Lead Surgeon,2
6,Anesthesiologist,2
7,Surgical Nurse,2
8,Circulating Nurse,2
9,Lead Surgeon,3
10,Anesthesiologist,3
11,Surgical Nurse,3
12,Circulating Nurse,3
13,Lead Surgeon,4
14,Anesthesiologist,4
15,Surgical Nurse,4
16,Circulating Nurse,4
17,Lead Surgeon,5
18,Anesthesiologist,5
19,Surgical Nurse,5
20,Circulating Nurse,5
21,Lead Surgeon,6
22,Anesthesiologist,6
23,Surgical Nurse,6
24,Circulating Nurse,6
25,Lead Surgeon,7
26,Anesthesiologist,7
27,Surgical Nurse,7
28,Circulating Nurse,7
29,Lead Surgeon,8
30,Anesthesiologist,8
31,Surgical Nurse,8
32,Circulating Nurse,8
33,Lead Surgeon,9
34,Anesthesiologist,9
35,Surgical Nurse,9
36,Circulating Nurse,9
37,Lead Surgeon,10
38,Anesthesiologist,10
39,Surgical Nurse,10
40,Circulating Nurse,10
41,Lead Surgeon,11
42,Anesthesiologist,11
43,Surgical Nurse,11
44,Circulating Nurse,11
45,Lead Surgeon,12
46,Anesthesiologist,12
47,Surgical Nurse,12
48,Circulating Nurse,12
49,Lead Surgeon,13
50,Anesthesiologist,13
51,Surgical Nurse,13
52,Circulating Nurse,13
53,Lead Surgeon,14
54,Anesthesiologist,14
55,Surgical Nurse,14
56,Circulating Nurse,14
57,Lead Surgeon,15
58,Anesthesiologist,15
59,Surgical Nurse,15
60,Circulating Nurse,15
61,Lead Surgeon,16
62,Anesthesiologist,16
63,Surgical Nurse,16
64,Circulating Nurse,16
65,Lead Surgeon,17
66,Anesthesiologist,17
67,Surgical Nurse,17
68,Circulating Nurse,17
69,Lead Surgeon,18
70,Anesthesiologist,18
71,Surgical Nurse,18
72,Circulating Nurse,18
73,Lead Surgeon,19
74,Anesthesiologist,19
75,Surgical Nurse,19
76,Circulating Nurse,19
77,Lead Surgeon,20
78,Anesthesiologist,20
79,Surgical Nurse,20
80,Circulating Nurse,20
81,Lead Surgeon,21
82,Anesthesiologist,21
83,Surgical Nurse,21
84,Circulating Nurse,21
85,Lead Surgeon,22
86,Anesthesiologist,22
87,Surgical Nurse,22
88,Circulating Nurse,22
89,Lead Surgeon,23
90,Anesthesiologist,23
91,Surgical Nurse,23
92,Circulating Nurse,23
93,Lead Surgeon,24
94,Anesthesiologist,24
95,Surgical Nurse,24
96,Circulating Nurse,24
97,Lead Surgeon,25
98,Anesthesiologist,25
99,Surgical Nurse,25
100,Circulating Nurse,25
101,Lead Surgeon,26
102,Anesthesiologist,26
103,Surgical Nurse,26
104,Circulating Nurse,26
105,Lead Surgeon,27
106,Anesthesiologist,27
107,Surgical Nurse,27
108,Circulating Nurse,27
109,Lead Surgeon,28
110,Anesthesiologist,28
111,Surgical Nurse,28
112,Circulating Nurse,28
113,Lead Surgeon,29
114,Anesthesiologist,29
115,Surgical Nurse,29
116,Circulating Nurse,29
117,Lead Surgeon,30
118,Anesthesiologist,30
119,Surgical Nurse,30
120,Circulating Nurse,30
121,Lead Surgeon,31
122,Anesthesiologist,31
123,Surgical Nurse,31
124,Circulating Nurse,31
125,Lead Surgeon,32
126,Anesthesiologist,32
127,Surgical Nurse,32
128,Circulating Nurse,32
129,Lead Surgeon,33
130,Anesthesiologist,33
131,Surgical Nurse,33
132,Circulating Nurse,33
133,Lead Surgeon,34
134,Anesthesiologist,34
135,Surgical Nurse,34
136,Circulating Nurse,34
137,Lead Surgeon,35
138,Anesthesiologist,35
139,Surgical Nurse,35
140,Circulating Nurse,35
141,Lead Surgeon,36
142,Anesthesiologist,36
143,Surgical Nurse,36
144,Circulating Nurse,36
145,Lead Surgeon,37
146,Anesthesiologist,37
147,Surgical Nurse,37
148,Circulating Nurse,37
149,Lead Surgeon,38
150,Anesthesiologist,38
151,Surgical Nurse,38
152,Circulating Nurse,38
153,Lead Surgeon,39
154,Anesthesiologist,39
155,Surgical Nurse,39
156,Circulating Nurse,39
157,Lead Surgeon,40
158,Anesthesiologist,40
159,Surgical Nurse,40
160,Circulating Nurse,40
161,Lead Surgeon,41
162,Anesthesiologist,41
163,Surgical Nurse,41
164,Circulating Nurse,41
165,Lead Surgeon,42
166,Anesthesiologist,42
167,Surgical Nurse,42
168,Circulating Nurse,42
169,Lead Surgeon,43
170,Anesthesiologist,43
171,Surgical Nurse,43
172,Circulating Nurse,43
173,Lead Surgeon,44
174,Anesthesiologist,44
175,Surgical Nurse,44
176,Circulating Nurse,44
177,Lead Surgeon,45
178,Anesthesiologist,45
179,Surgical Nurse,45
180,Circulating Nurse,45
181,Lead Surgeon,46
182,Anesthesiologist,46
183,Surgical Nurse,46
184,Circulating Nurse,46
185,Lead Surgeon,47
186,Anesthesiologist,47
187,Surgical Nurse,47
188,Circulating Nurse,47
189,Lead Surgeon,48
190,Anesthesiologist,48
191,Surgical Nurse,48
192,Circulating Nurse,48
193,Lead Surgeon,49
194,Anesthesiologist,49
195,Surgical Nurse,49
196,Circulating Nurse,49
197,Lead Surgeon,50
198,Anesthesiologist,50
199,Surgical Nurse,50
200,Circulating Nurse,50
201,Lead Surgeon,51
202,Anesthesiologist,51
203,Surgical Nurse,51
204,Circulating Nurse,51
205,Lead Surgeon,52
206,Anesthesiologist,52
207,Surgical Nurse,52
208,Circulating Nurse,52
209,Lead Surgeon,53
210,Anesthesiologist,53
211,Surgical Nurse,53
212,Circulating Nurse,53
213,Lead Surgeon,54
214,Anesthesiologist,54
215,Surgical Nurse,54
216,Circulating Nurse,54
217,Lead Surgeon,55
218,Anesthesiologist,55
219,Surgical Nurse,55
220,Circulating Nurse,55
221,Lead Surgeon,56
222,Anesthesiologist,56
223,Surgical Nurse,56
224,Circulating Nurse,56
225,Lead Surgeon,57
226,Anesthesiologist,57
227,Surgical Nurse,57
228,Circulating Nurse,57
229,Lead Surgeon,58
230,Anesthesiologist,58
231,Surgical Nurse,58
232,Circulating Nurse,58
233,Lead Surgeon,59
234,Anesthesiologist,59
235,Surgical Nurse,59
236,Circulating Nurse,59
237,Lead Surgeon,60
238,Anesthesiologist,60
239,Surgical Nurse,60
240,Circulating Nurse,60
241,Lead Surgeon,61
242,Anesthesiologist,61
243,Surgical Nurse,61
244,Circulating Nurse,61
245,Lead Surgeon,62
246,Anesthesiologist,62
247,Surgical Nurse,62
248,Circulating Nurse,62
249,Lead Surgeon,63
250,Anesthesiologist,63
251,Surgical Nurse,63
252,Circulating Nurse,63
253,Lead Surgeon,64
254,Anesthesiologist,64
255,Surgical Nurse,64
256,Circulating Nurse,64
257,Lead Surgeon,65
258,Anesthesiologist,65
259,Surgical Nurse,65
260,Circulating Nurse,65
261,Lead Surgeon,66
262,Anesthesiologist,66
263,Surgical Nurse,66
264,Circulating Nurse,66
265,Lead Surgeon,67
266,Anesthesiologist,67
267,Surgical Nurse,67
268,Circulating Nurse,67
269,Lead Surgeon,68
270,Anesthesiologist,68
271,Surgical Nurse,68
272,Circulating Nurse,68
273,Lead Surgeon,69
274,Anesthesiologist,69
275,Surgical Nurse,69
276,Circulating Nurse,69
277,Lead Surgeon,70
278,Anesthesiologist,70
279,Surgical Nurse,70
280,Circulating Nurse,70
281,Lead Surgeon,71
282,Anesthesiologist,71
283,Surgical Nurse,71
284,Circulating Nurse,71
285,Lead Surgeon,72
286,Anesthesiologist,72
287,Surgical Nurse,72
288,Circulating Nurse,72
289,Lead Surgeon,73
290,Anesthesiologist,73
291,Surgical Nurse,73
292,Circulating Nurse,73
293,Lead Surgeon,74
294,Anesthesiologist,74
295,Surgical Nurse,74
296,Circulating Nurse,74
297,Lead Surgeon,75
298,Anesthesiologist,75
299,Surgical Nurse,75
300,Circulating Nurse,75
301,Lead Surgeon,76
302,Anesthesiologist,76
303,Surgical Nurse,76
304,Circulating Nurse,76
305,Lead Surgeon,77
306,Anesthesiologist,77
307,Surgical Nurse,77
308,Circulating Nurse,77
309,Lead Surgeon,78
310,Anesthesiologist,78
311,Surgical Nurse,78
312,Circulating Nurse,78
313,Lead Surgeon,79
314,Anesthesiologist,79
315,Surgical Nurse,79
316,Circulating Nurse,79
317,Lead Surgeon,80
318,Anesthesiologist,80
319,Surgical Nurse,80
320,Circulating Nurse,80
321,Lead Surgeon,81
322,Anesthesiologist,81
323,Surgical Nurse,81
324,Circulating Nurse,81
325,Lead Surgeon,82
326,Anesthesiologist,82
327,Surgical Nurse,82
328,Circulating Nurse,82
329,Lead Surgeon,83
330,Anesthesiologist,83
331,Surgical Nurse,83
332,Circulating Nurse,83
333,Lead Surgeon,84
334,Anesthesiologist,84
335,Surgical Nurse,84
336,Circulating Nurse,84
337,Lead Surgeon,85
338,Anesthesiologist,85
339,Surgical Nurse,85
340,Circulating Nurse,85
341,Lead Surgeon,86
342,Anesthesiologist,86
343,Surgical Nurse,86
344,Circulating Nurse,86
345,Lead Surgeon,87
346,Anesthesiologist,87
347,Surgical Nurse,87
348,Circulating Nurse,87
349,Lead Surgeon,88
350,Anesthesiologist,88
351,Surgical Nurse,88
352,Circulating Nurse,88
353,Lead Surgeon,89
354,Anesthesiologist,89
355,Surgical Nurse,89
356,Circulating Nurse,89
357,Lead Surgeon,90
358,Anesthesiologist,90
359,Surgical Nurse,90
360,Circulating Nurse,90
361,Lead Surgeon,91
362,Anesthesiologist,91
363,Surgical Nurse,91
364,Circulating Nurse,91
365,Lead Surgeon,92
366,Anesthesiologist,92
367,Surgical Nurse,92
368,Circulating Nurse,92
369,Lead Surgeon,93
370,Anesthesiologist,93
371,Surgical Nurse,93
372,Circulating Nurse,93
373,Lead Surgeon,94
374,Anesthesiologist,94
375,Surgical Nurse,94
376,Circulating Nurse,94
377,Lead Surgeon,95
378,Anesthesiologist,95
379,Surgical Nurse,95
380,Circulating Nurse,95
381,Lead Surgeon,96
382,Anesthesiologist,96
383,Surgical Nurse,96
384,Circulating Nurse,96
385,Lead Surgeon,97
386,Anesthesiologist,97
387,Surgical Nurse,97
388,Circulating Nurse,97
389,Lead Surgeon,98
390,Anesthesiologist,98
391,Surgical Nurse,98
392,Circulating Nurse,98
393,Lead Surgeon,99
394,Anesthesiologist,99
395,Surgical Nurse,99
396,Circulating Nurse,99
397,Lead Surgeon,100
398,Anesthesiologist,100
399,Surgical Nurse,100
400,Circulating Nurse,100
401,Lead Surgeon,101
402,Anesthesiologist,101
403,Surgical Nurse,101
404,Circulating Nurse,101
405,Lead Surgeon,102
406,Anesthesiologist,102
407,Surgical Nurse,102
408,Circulating Nurse,102
409,Lead Surgeon,103
410,Anesthesiologist,103
411,Surgical Nurse,103
412,Circulating Nurse,103
413,Lead Surgeon,104
414,Anesthesiologist,104
415,Surgical Nurse,104
416,Circulating Nurse,104
417,Lead Surgeon,105
418,Anesthesiologist,105
419,Surgical Nurse,105
420,Circulating Nurse,105
421,Lead Surgeon,106
422,Anesthesiologist,106
423,Surgical Nurse,106
424,Circulating Nurse,106
425,Lead Surgeon,107
426,Anesthesiologist,107
427,Surgical Nurse,107
428,Circulating Nurse,107
429,Lead Surgeon,108
430,Anesthesiologist,108
431,Surgical Nurse,108
432,Circulating Nurse,108
433,Lead Surgeon,109
434,Anesthesiologist,109
435,Surgical Nurse,109
436,Circulating Nurse,109
437,Lead Surgeon,110
438,Anesthesiologist,110
439,Surgical Nurse,110
440,Circulating Nurse,110
441,Lead Surgeon,111
442,Anesthesiologist,111
443,Surgical Nurse,111
444,Circulating Nurse,111
445,Lead Surgeon,112
446,Anesthesiologist,112
447,Surgical Nurse,112
448,Circulating Nurse,112
449,Lead Surgeon,113
450,Anesthesiologist,113
451,Surgical Nurse,113
452,Circulating Nurse,113
453,Lead Surgeon,114
454,Anesthesiologist,114
455,Surgical Nurse,114
456,Circulating Nurse,114
457,Lead Surgeon,115
458,Anesthesiologist,115
459,Surgical Nurse,115
460,Circulating Nurse,115
461,Lead Surgeon,116
462,Anesthesiologist,116
463,Surgical Nurse,116
464,Circulating Nurse,116
465,Lead Surgeon,117
466,Anesthesiologist,117
467,Surgical Nurse,117
468,Circulating Nurse,117
469,Lead Surgeon,118
470,Anesthesiologist,118
471,Surgical Nurse,118
472,Circulating Nurse,118
473,Lead Surgeon,119
474,Anesthesiologist,119
475,Surgical Nurse,119
476,Circulating Nurse,119
477,Lead Surgeon,120
478,Anesthesiologist,120
479,Surgical Nurse,120
480,Circulating Nurse,120
481,Lead Surgeon,121
482,Anesthesiologist,121
483,Surgical Nurse,121
484,Circulating Nurse,121
485,Lead Surgeon,122
486,Anesthesiologist,122
487,Surgical Nurse,122
488,Circulating Nurse,122
489,Lead Surgeon,123
490,Anesthesiologist,123
491,Surgical Nurse,123
492,Circulating Nurse,123
493,Lead Surgeon,124
494,Anesthesiologist,124
495,Surgical Nurse,124
496,Circulating Nurse,124
497,Lead Surgeon,125
498,Anesthesiologist,125
499,Surgical Nurse,125
500,Circulating Nurse,125
501,Lead Surgeon,126
502,Anesthesiologist,126
503,Surgical Nurse,126
504,Circulating Nurse,126
505,Lead Surgeon,127
506,Anesthesiologist,127
507,Surgical Nurse,127
508,Circulating Nurse,127
509,Lead Surgeon,128
510,Anesthesiologist,128
511,Surgical Nurse,128
512,Circulating Nurse,128
513,Lead Surgeon,129
514,Anesthesiologist,129
515,Surgical Nurse,129
516,Circulating Nurse,129
517,Lead Surgeon,130
518,Anesthesiologist,130
519,Surgical Nurse,130
520,Circulating Nurse,130
521,Lead Surgeon,131
522,Anesthesiologist,131
523,Surgical Nurse,131
524,Circulating Nurse,131
525,Lead Surgeon,132
526,Anesthesiologist,132
527,Surgical Nurse,132
528,Circulating Nurse,132
529,Lead Surgeon,133
530,Anesthesiologist,133
531,Surgical Nurse,133
532,Circulating Nurse,133
533,Lead Surgeon,134
534,Anesthesiologist,134
535,Surgical Nurse,134
536,Circulating Nurse,134
537,Lead Surgeon,135
538,Anesthesiologist,135
539,Surgical Nurse,135
540,Circulating Nurse,135
541,Lead Surgeon,136
542,Anesthesiologist,136
543,Surgical Nurse,136
544,Circulating Nurse,136
545,Lead Surgeon,137
546,Anesthesiologist,137
547,Surgical Nurse,137
548,Circulating Nurse,137
549,Lead Surgeon,138
550,Anesthesiologist,138
551,Surgical Nurse,138
552,Circulating Nurse,138
553,Lead Surgeon,139
554,Anesthesiologist,139
555,Surgical Nurse,139
556,Circulating Nurse,139
557,Lead Surgeon,140
558,Anesthesiologist,140
559,Surgical Nurse,140
560,Circulating Nurse,140
561,Lead Surgeon,141
562,Anesthesiologist,141
563,Surgical Nurse,141
564,Circulating Nurse,141
565,Lead Surgeon,142
566,Anesthesiologist,142
567,Surgical Nurse,142
568,Circulating Nurse,142
569,Lead Surgeon,143
570,Anesthesiologist,143
571,Surgical Nurse,143
572,Circulating Nurse,143
573,Lead Surgeon,144
574,Anesthesiologist,144
575,Surgical Nurse,144
576,Circulating Nurse,144
577,Lead Surgeon,145
578,Anesthesiologist,145
579,Surgical Nurse,145
580,Circulating Nurse,145
581,Lead Surgeon,146
582,Anesthesiologist,146
583,Surgical Nurse,146
584,Circulating Nurse,146
585,Lead Surgeon,147
586,Anesthesiologist,147
587,Surgical Nurse,147
588,Circulating Nurse,147
589,Lead Surgeon,148
590,Anesthesiologist,148
591,Surgical Nurse,148
592,Circulating Nurse,148
593,Lead Surgeon,149
594,Anesthesiologist,149
595,Surgical Nurse,149
596,Circulating Nurse,149
597,Lead Surgeon,150
598,Anesthesiologist,150
599,Surgical Nurse,150
600,Circulating Nurse,150
601,Lead Surgeon,151
602,Anesthesiologist,151
603,Surgical Nurse,151
604,Circulating Nurse,151
605,Lead Surgeon,152
606,Anesthesiologist,152
607,Surgical Nurse,152
608,Circulating Nurse,152
609,Lead Surgeon,153
610,Anesthesiologist,153
611,Surgical Nurse,153
612,Circulating Nurse,153
613,Lead Surgeon,154
614,Anesthesiologist,154
615,Surgical Nurse,154
616,Circulating Nurse,154
617,Lead Surgeon,155
618,Anesthesiologist,155
619,Surgical Nurse,155
620,Circulating Nurse,155
621,Lead Surgeon,156
622,Anesthesiologist,156
623,Surgical Nurse,156
624,Circulating Nurse,156
625,Lead Surgeon,157
626,Anesthesiologist,157
627,Surgical Nurse,157
628,Circulating Nurse,157
629,Lead Surgeon,158
630,Anesthesiologist,158
631,Surgical Nurse,158
632,Circulating Nurse,158
633,Lead Surgeon,159
634,Anesthesiologist,159
635,Surgical Nurse,159
636,Circulating Nurse,159
637,Lead Surgeon,160
638,Anesthesiologist,160
639,Surgical Nurse,160
640,Circulating Nurse,160
641,Lead Surgeon,161
642,Anesthesiologist,161
643,Surgical Nurse,161
644,Circulating Nurse,161
645,Lead Surgeon,162
646,Anesthesiologist,162
647,Surgical Nurse,162
648,Circulating Nurse,162
649,Lead Surgeon,163
650,Anesthesiologist,163
651,Surgical Nurse,163
652,Circulating Nurse,163
653,Lead Surgeon,164
654,Anesthesiologist,164
655,Surgical Nurse,164
656,Circulating Nurse,164
657,Lead Surgeon,165
658,Anesthesiologist,165
659,Surgical Nurse,165
660,Circulating Nurse,165
661,Lead Surgeon,166
662,Anesthesiologist,166
663,Surgical Nurse,166
664,Circulating Nurse,166
665,Lead Surgeon,167
666,Anesthesiologist,167
667,Surgical Nurse,167
668,Circulating Nurse,167
669,Lead Surgeon,168
670,Anesthesiologist,168
671,Surgical Nurse,168
672,Circulating Nurse,168
673,Lead Surgeon,169
674,Anesthesiologist,169
675,Surgical Nurse,169
676,Circulating Nurse,169
677,Lead Surgeon,170
678,Anesthesiologist,170
679,Surgical Nurse,170
680,Circulating Nurse,170
681,Lead Surgeon,171
682,Anesthesiologist,171
683,Surgical Nurse,171
684,Circulating Nurse,171
685,Lead Surgeon,172
686,Anesthesiologist,172
687,Surgical Nurse,172
688,Circulating Nurse,172
689,Lead Surgeon,173
690,Anesthesiologist,173
691,Surgical Nurse,173
692,Circulating Nurse,173
693,Lead Surgeon,174
694,Anesthesiologist,174
695,Surgical Nurse,174
696,Circulating Nurse,174
697,Lead Surgeon,175
698,Anesthesiologist,175
699,Surgical Nurse,175
700,Circulating Nurse,175
701,Lead Surgeon,176
702,Anesthesiologist,176
703,Surgical Nurse,176
704,Circulating Nurse,176
705,Lead Surgeon,177
706,Anesthesiologist,177
707,Surgical Nurse,177
708,Circulating Nurse,177
709,Lead Surgeon,178
710,Anesthesiologist,178
711,Surgical Nurse,178
712,Circulating Nurse,178
713,Lead Surgeon,179
714,Anesthesiologist,179
715,Surgical Nurse,179
716,Circulating Nurse,179
717,Lead Surgeon,180
718,Anesthesiologist,180
719,Surgical Nurse,180
720,Circulating Nurse,180
721,Lead Surgeon,181
722,Anesthesiologist,181
723,Surgical Nurse,181
724,Circulating Nurse,181
725,Lead Surgeon,182
726,Anesthesiologist,182
727,Surgical Nurse,182
728,Circulating Nurse,182
729,Lead Surgeon,183
730,Anesthesiologist,183
731,Surgical Nurse,183
732,Circulating Nurse,183
733,Lead Surgeon,184
734,Anesthesiologist,184
735,Surgical Nurse,184
736,Circulating Nurse,184
737,Lead Surgeon,185
738,Anesthesiologist,185
739,Surgical Nurse,185
740,Circulating Nurse,185
741,Lead Surgeon,186
742,Anesthesiologist,186
743,Surgical Nurse,186
744,Circulating Nurse,186
745,Lead Surgeon,187
746,Anesthesiologist,187
747,Surgical Nurse,187
748,Circulating Nurse,187
749,Lead Surgeon,188
750,Anesthesiologist,188
751,Surgical Nurse,188
752,Circulating Nurse,188
753,Lead Surgeon,189
754,Anesthesiologist,189
755,Surgical Nurse,189
756,Circulating Nurse,189
757,Lead Surgeon,190
758,Anesthesiologist,190
759,Surgical Nurse,190
760,Circulating Nurse,190
761,Lead Surgeon,191
762,Anesthesiologist,191
763,Surgical Nurse,191
764,Circulating Nurse,191
765,Lead Surgeon,192
766,Anesthesiologist,192
767,Surgical Nurse,192
768,Circulating Nurse,192
769,Lead Surgeon,193
770,Anesthesiologist,193
771,Surgical Nurse,193
772,Circulating Nurse,193
773,Lead Surgeon,194
774,Anesthesiologist,194
775,Surgical Nurse,194
776,Circulating Nurse,194
777,Lead Surgeon,195
778,Anesthesiologist,195
779,Surgical Nurse,195
780,Circulating Nurse,195
781,Lead Surgeon,196
782,Anesthesiologist,196
783,Surgical Nurse,196
784,Circulating Nurse,196
785,Lead Surgeon,197
786,Anesthesiologist,197
787,Surgical Nurse,197
788,Circulating Nurse,197
789,Lead Surgeon,198
790,Anesthesiologist,198
791,Surgical Nurse,198
792,Circulating Nurse,198
793,Lead Surgeon,199
794,Anesthesiologist,199
795,Surgical Nurse,199
796,Circulating Nurse,199
797,Lead Surgeon,200
798,Anesthesiologist,200
799,Surgical Nurse,200
800,Circulating Nurse,200
801,Lead Surgeon,201
802,Anesthesiologist,201
803,Surgical Nurse,201
804,Circulating Nurse,201
805,Lead Surgeon,202
806,Anesthesiologist,202
807,Surgical Nurse,202
808,Circulating Nurse,202
809,Lead Surgeon,203
810,Anesthesiologist,203
811,Surgical Nurse,203
812,Circulating Nurse,203
813,Lead Surgeon,204
814,Anesthesiologist,204
815,Surgical Nurse,204
816,Circulating Nurse,204
817,Lead Surgeon,205
818,Anesthesiologist,205
819,Surgical Nurse,205
820,Circulating Nurse,205
821,Lead Surgeon,206
822,Anesthesiologist,206
823,Surgical Nurse,206
824,Circulating Nurse,206
825,Lead Surgeon,207
826,Anesthesiologist,207
827,Surgical Nurse,207
828,Circulating Nurse,207
829,Lead Surgeon,208
830,Anesthesiologist,208
831,Surgical Nurse,208
832,Circulating Nurse,208
833,Lead Surgeon,209
834,Anesthesiologist,209
835,Surgical Nurse,209
836,Circulating Nurse,209
837,Lead Surgeon,210
838,Anesthesiologist,210
839,Surgical Nurse,210
840,Circulating Nurse,210
841,Lead Surgeon,211
842,Anesthesiologist,211
843,Surgical Nurse,211
844,Circulating Nurse,211
845,Lead Surgeon,212
846,Anesthesiologist,212
847,Surgical Nurse,212
848,Circulating Nurse,212
849,Lead Surgeon,213
850,Anesthesiologist,213
851,Surgical Nurse,213
852,Circulating Nurse,213
853,Lead Surgeon,214
854,Anesthesiologist,214
855,Surgical Nurse,214
856,Circulating Nurse,214
857,Lead Surgeon,215
858,Anesthesiologist,215
859,Surgical Nurse,215
860,Circulating Nurse,215
861,Lead Surgeon,216
862,Anesthesiologist,216
863,Surgical Nurse,216
864,Circulating Nurse,216
865,Lead Surgeon,217
866,Anesthesiologist,217
867,Surgical Nurse,217
868,Circulating Nurse,217
869,Lead Surgeon,218
870,Anesthesiologist,218
871,Surgical Nurse,218
872,Circulating Nurse,218
873,Lead Surgeon,219
874,Anesthesiologist,219
875,Surgical Nurse,219
876,Circulating Nurse,219
877,Lead Surgeon,220
878,Anesthesiologist,220
879,Surgical Nurse,220
880,Circulating Nurse,220
881,Lead Surgeon,221
882,Anesthesiologist,221
883,Surgical Nurse,221
884,Circulating Nurse,221
885,Lead Surgeon,222
886,Anesthesiologist,222
887,Surgical Nurse,222
888,Circulating Nurse,222
889,Lead Surgeon,223
890,Anesthesiologist,223
891,Surgical Nurse,223
892,Circulating Nurse,223
893,Lead Surgeon,224
894,Anesthesiologist,224
895,Surgical Nurse,224
896,Circulating Nurse,224
897,Lead Surgeon,225
898,Anesthesiologist,225
899,Surgical Nurse,225
900,Circulating Nurse,225
901,Lead Surgeon,226
902,Anesthesiologist,226
903,Surgical Nurse,226
904,Circulating Nurse,226
905,Lead Surgeon,227
906,Anesthesiologist,227
907,Surgical Nurse,227
908,Circulating Nurse,227
909,Lead Surgeon,228
910,Anesthesiologist,228
911,Surgical Nurse,228
912,Circulating Nurse,228
913,Lead Surgeon,229
914,Anesthesiologist,229
915,Surgical Nurse,229
916,Circulating Nurse,229
917,Lead Surgeon,230
918,Anesthesiologist,230
919,Surgical Nurse,230
920,Circulating Nurse,230
921,Lead Surgeon,231
922,Anesthesiologist,231
923,Surgical Nurse,231
924,Circulating Nurse,231
925,Lead Surgeon,232
926,Anesthesiologist,232
927,Surgical Nurse,232
928,Circulating Nurse,232
929,Lead Surgeon,233
930,Anesthesiologist,233
931,Surgical Nurse,233
932,Circulating Nurse,233
933,Lead Surgeon,234
934,Anesthesiologist,234
935,Surgical Nurse,234
936,Circulating Nurse,234
937,Lead Surgeon,235
938,Anesthesiologist,235
939,Surgical Nurse,235
940,Circulating Nurse,235
941,Lead Surgeon,236
942,Anesthesiologist,236
943,Surgical Nurse,236
944,Circulating Nurse,236
945,Lead Surgeon,237
946,Anesthesiologist,237
947,Surgical Nurse,237
948,Circulating Nurse,237
949,Lead Surgeon,238
950,Anesthesiologist,238
951,Surgical Nurse,238
952,Circulating Nurse,238
953,Lead Surgeon,239
954,Anesthesiologist,239
955,Surgical Nurse,239
956,Circulating Nurse,239
957,Lead Surgeon,240
958,Anesthesiologist,240
959,Surgical Nurse,240
960,Circulating Nurse,240
961,Lead Surgeon,241
962,Anesthesiologist,241
963,Surgical Nurse,241
964,Circulating Nurse,241
965,Lead Surgeon,242
966,Anesthesiologist,242
967,Surgical Nurse,242
968,Circulating Nurse,242
969,Lead Surgeon,243
970,Anesthesiologist,243
971,Surgical Nurse,243
972,Circulating Nurse,243
973,Lead Surgeon,244
974,Anesthesiologist,244
975,Surgical Nurse,244
976,Circulating Nurse,244
977,Lead Surgeon,245
978,Anesthesiologist,245
979,Surgical Nurse,245
980,Circulating Nurse,245
981,Lead Surgeon,246
982,Anesthesiologist,246
983,Surgical Nurse,246
984,Circulating Nurse,246
985,Lead Surgeon,247
986,Anesthesiologist,247
987,Surgical Nurse,247
988,Circulating Nurse,247
989,Lead Surgeon,248
990,Anesthesiologist,248
991,Surgical Nurse,248
992,Circulating Nurse,248
993,Lead Surgeon,249
994,Anesthesiologist,249
995,Surgical Nurse,249
996,Circulating Nurse,249
997,Lead Surgeon,250
998,Anesthesiologist,250
999,Surgical Nurse,250
1000,Circulating Nurse,250
1001,Lead Surgeon,251
1002,Anesthesiologist,251
1003,Surgical Nurse,251
1004,Circulating Nurse,251
1005,Lead Surgeon,252
1006,Anesthesiologist,252
1007,Surgical Nurse,252
1008,Circulating Nurse,252
1009,Lead Surgeon,253
1010,Anesthesiologist,253
1011,Surgical Nurse,253
1012,Circulating Nurse,253
1013,Lead Surgeon,254
1014,Anesthesiologist,254
1015,Surgical Nurse,254
1016,Circulating Nurse,254
1017,Lead Surgeon,255
1018,Anesthesiologist,255
1019,Surgical Nurse,255
1020,Circulating Nurse,255
1021,Lead Surgeon,256
1022,Anesthesiologist,256
1023,Surgical Nurse,256
1024,Circulating Nurse,256
1025,Lead Surgeon,257
1026,Anesthesiologist,257
1027,Surgical Nurse,257
1028,Circulating Nurse,257
1029,Lead Surgeon,258
1030,Anesthesiologist,258
1031,Surgical Nurse,258
1032,Circulating Nurse,258
1033,Lead Surgeon,259
1034,Anesthesiologist,259
1035,Surgical Nurse,259
1036,Circulating Nurse,259
1037,Lead Surgeon,260
1038,Anesthesiologist,260
1039,Surgical Nurse,260
1040,Circulating Nurse,260
1041,Lead Surgeon,261
1042,Anesthesiologist,261
1043,Surgical Nurse,261
1044,Circulating Nurse,261
1045,Lead Surgeon,262
1046,Anesthesiologist,262
1047,Surgical Nurse,262
1048,Circulating Nurse,262
1049,Lead Surgeon,263
1050,Anesthesiologist,263
1051,Surgical Nurse,263
1052,Circulating Nurse,263
1053,Lead Surgeon,264
1054,Anesthesiologist,264
1055,Surgical Nurse,264
1056,Circulating Nurse,264
1057,Lead Surgeon,265
1058,Anesthesiologist,265
1059,Surgical Nurse,265
1060,Circulating Nurse,265
1061,Lead Surgeon,266
1062,Anesthesiologist,266
1063,Surgical Nurse,266
1064,Circulating Nurse,266
1065,Lead Surgeon,267
1066,Anesthesiologist,267
1067,Surgical Nurse,267
1068,Circulating Nurse,267
1069,Lead Surgeon,268
1070,Anesthesiologist,268
1071,Surgical Nurse,268
1072,Circulating Nurse,268
1073,Lead Surgeon,269
1074,Anesthesiologist,269
1075,Surgical Nurse,269
1076,Circulating Nurse,269
1077,Lead Surgeon,270
1078,Anesthesiologist,270
1079,Surgical Nurse,270
1080,Circulating Nurse,270
1081,Lead Surgeon,271
1082,Anesthesiologist,271
1083,Surgical Nurse,271
1084,Circulating Nurse,271
1085,Lead Surgeon,272
1086,Anesthesiologist,272
1087,Surgical Nurse,272
1088,Circulating Nurse,272
1089,Lead Surgeon,273
1090,Anesthesiologist,273
1091,Surgical Nurse,273
1092,Circulating Nurse,273
1093,Lead Surgeon,274
1094,Anesthesiologist,274
1095,Surgical Nurse,274
1096,Circulating Nurse,274
1097,Lead Surgeon,275
1098,Anesthesiologist,275
1099,Surgical Nurse,275
1100,Circulating Nurse,275
1101,Lead Surgeon,276
1102,Anesthesiologist,276
1103,Surgical Nurse,276
1104,Circulating Nurse,276
1105,Lead Surgeon,277
1106,Anesthesiologist,277
1107,Surgical Nurse,277
1108,Circulating Nurse,277
1109,Lead Surgeon,278
1110,Anesthesiologist,278
1111,Surgical Nurse,278
1112,Circulating Nurse,278
1113,Lead Surgeon,279
1114,Anesthesiologist,279
1115,Surgical Nurse,279
1116,Circulating Nurse,279
1117,Lead Surgeon,280
1118,Anesthesiologist,280
1119,Surgical Nurse,280
1120,Circulating Nurse,280
1121,Lead Surgeon,281
1122,Anesthesiologist,281
1123,Surgical Nurse,281
1124,Circulating Nurse,281
1125,Lead Surgeon,282
1126,Anesthesiologist,282
1127,Surgical Nurse,282
1128,Circulating Nurse,282
1129,Lead Surgeon,283
1130,Anesthesiologist,283
1131,Surgical Nurse,283
1132,Circulating Nurse,283
1133,Lead Surgeon,284
1134,Anesthesiologist,284
1135,Surgical Nurse,284
1136,Circulating Nurse,284
1137,Lead Surgeon,285
1138,Anesthesiologist,285
1139,Surgical Nurse,285
1140,Circulating Nurse,285
1141,Lead Surgeon,286
1142,Anesthesiologist,286
1143,Surgical Nurse,286
1144,Circulating Nurse,286
1145,Lead Surgeon,287
1146,Anesthesiologist,287
1147,Surgical Nurse,287
1148,Circulating Nurse,287
1149,Lead Surgeon,288
1150,Anesthesiologist,288
1151,Surgical Nurse,288
1152,Circulating Nurse,288
1153,Lead Surgeon,289
1154,Anesthesiologist,289
1155,Surgical Nurse,289
1156,Circulating Nurse,289
1157,Lead Surgeon,290
1158,Anesthesiologist,290
1159,Surgical Nurse,290
1160,Circulating Nurse,290
1161,Lead Surgeon,291
1162,Anesthesiologist,291
1163,Surgical Nurse,291
1164,Circulating Nurse,291
1165,Lead Surgeon,292
1166,Anesthesiologist,292
1167,Surgical Nurse,292
1168,Circulating Nurse,292
1169,Lead Surgeon,293
1170,Anesthesiologist,293
1171,Surgical Nurse,293
1172,Circulating Nurse,293
1173,Lead Surgeon,294
1174,Anesthesiologist,294
1175,Surgical Nurse,294
1176,Circulating Nurse,294
1177,Lead Surgeon,295
1178,Anesthesiologist,295
1179,Surgical Nurse,295
1180,Circulating Nurse,295
1181,Lead Surgeon,296
1182,Anesthesiologist,296
1183,Surgical Nurse,296
1184,Circulating Nurse,296
1185,Lead Surgeon,297
1186,Anesthesiologist,297
1187,Surgical Nurse,297
1188,Circulating Nurse,297
1189,Lead Surgeon,298
1190,Anesthesiologist,298
1191,Surgical Nurse,298
1192,Circulating Nurse,298
1193,Lead Surgeon,299
1194,Anesthesiologist,299
1195,Surgical Nurse,299
1196,Circulating Nurse,299
1197,Lead Surgeon,300
1198,Anesthesiologist,300
1199,Surgical Nurse,300
1200,Circulating Nurse,300
1201,Lead Surgeon,301
1202,Anesthesiologist,301
1203,Surgical Nurse,301
1204,Circulating Nurse,301
1205,Lead Surgeon,302
1206,Anesthesiologist,302
1207,Surgical Nurse,302
1208,Circulating Nurse,302
1209,Lead Surgeon,303
1210,Anesthesiologist,303
1211,Surgical Nurse,303
1212,Circulating Nurse,303
1213,Lead Surgeon,304
1214,Anesthesiologist,304
1215,Surgical Nurse,304
1216,Circulating Nurse,304
1217,Lead Surgeon,305
1218,Anesthesiologist,305
1219,Surgical Nurse,305
1220,Circulating Nurse,305
1221,Lead Surgeon,306
1222,Anesthesiologist,306
1223,Surgical Nurse,306
1224,Circulating Nurse,306
1225,Lead Surgeon,307
1226,Anesthesiologist,307
1227,Surgical Nurse,307
1228,Circulating Nurse,307
1229,Lead Surgeon,308
1230,Anesthesiologist,308
1231,Surgical Nurse,308
1232,Circulating Nurse,308
1233,Lead Surgeon,309
1234,Anesthesiologist,309
1235,Surgical Nurse,309
1236,Circulating Nurse,309
1237,Lead Surgeon,310
1238,Anesthesiologist,310
1239,Surgical Nurse,310
1240,Circulating Nurse,310
1241,Lead Surgeon,311
1242,Anesthesiologist,311
1243,Surgical Nurse,311
1244,Circulating Nurse,311
1245,Lead Surgeon,312
1246,Anesthesiologist,312
1247,Surgical Nurse,312
1248,Circulating Nurse,312
1249,Lead Surgeon,313
1250,Anesthesiologist,313
1251,Surgical Nurse,313
1252,Circulating Nurse,313
1253,Lead Surgeon,314
1254,Anesthesiologist,314
1255,Surgical Nurse,314
1256,Circulating Nurse,314
1257,Lead Surgeon,315
1258,Anesthesiologist,315
1259,Surgical Nurse,315
1260,Circulating Nurse,315
1261,Lead Surgeon,316
1262,Anesthesiologist,316
1263,Surgical Nurse,316
1264,Circulating Nurse,316
1265,Lead Surgeon,317
1266,Anesthesiologist,317
1267,Surgical Nurse,317
1268,Circulating Nurse,317
1269,Lead Surgeon,318
1270,Anesthesiologist,318
1271,Surgical Nurse,318
1272,Circulating Nurse,318
1273,Lead Surgeon,319
1274,Anesthesiologist,319
1275,Surgical Nurse,319
1276,Circulating Nurse,319
1277,Lead Surgeon,320
1278,Anesthesiologist,320
1279,Surgical Nurse,320
1280,Circulating Nurse,320
1281,Lead Surgeon,321
1282,Anesthesiologist,321
1283,Surgical Nurse,321
1284,Circulating Nurse,321
1285,Lead Surgeon,322
1286,Anesthesiologist,322
1287,Surgical Nurse,322
1288,Circulating Nurse,322
1289,Lead Surgeon,323
1290,Anesthesiologist,323
1291,Surgical Nurse,323
1292,Circulating Nurse,323
1293,Lead Surgeon,324
1294,Anesthesiologist,324
1295,Surgical Nurse,324
1296,Circulating Nurse,324
1297,Lead Surgeon,325
1298,Anesthesiologist,325
1299,Surgical Nurse,325
1300,Circulating Nurse,325
1301,Lead Surgeon,326
1302,Anesthesiologist,326
1303,Surgical Nurse,326
1304,Circulating Nurse,326
1305,Lead Surgeon,327
1306,Anesthesiologist,327
1307,Surgical Nurse,327
1308,Circulating Nurse,327
1309,Lead Surgeon,328
1310,Anesthesiologist,328
1311,Surgical Nurse,328
1312,Circulating Nurse,328
1313,Lead Surgeon,329
1314,Anesthesiologist,329
1315,Surgical Nurse,329
1316,Circulating Nurse,329
1317,Lead Surgeon,330
1318,Anesthesiologist,330
1319,Surgical Nurse,330
1320,Circulating Nurse,330
1321,Lead Surgeon,331
1322,Anesthesiologist,331
1323,Surgical Nurse,331
1324,Circulating Nurse,331
1325,Lead Surgeon,332
1326,Anesthesiologist,332
1327,Surgical Nurse,332
1328,Circulating Nurse,332
1329,Lead Surgeon,333
1330,Anesthesiologist,333
1331,Surgical Nurse,333
1332,Circulating Nurse,333
1333,Lead Surgeon,334
1334,Anesthesiologist,334
1335,Surgical Nurse,334
1336,Circulating Nurse,334
1337,Lead Surgeon,335
1338,Anesthesiologist,335
1339,Surgical Nurse,335
1340,Circulating Nurse,335
1341,Lead Surgeon,336
1342,Anesthesiologist,336
1343,Surgical Nurse,336
1344,Circulating Nurse,336
1345,Lead Surgeon,337
1346,Anesthesiologist,337
1347,Surgical Nurse,337
1348,Circulating Nurse,337
1349,Lead Surgeon,338
1350,Anesthesiologist,338
1351,Surgical Nurse,338
1352,Circulating Nurse,338
1353,Lead Surgeon,339
1354,Anesthesiologist,339
1355,Surgical Nurse,339
1356,Circulating Nurse,339
1357,Lead Surgeon,340
1358,Anesthesiologist,340
1359,Surgical Nurse,340
1360,Circulating Nurse,340
1361,Lead Surgeon,341
1362,Anesthesiologist,341
1363,Surgical Nurse,341
1364,Circulating Nurse,341
1365,Lead Surgeon,342
1366,Anesthesiologist,342
1367,Surgical Nurse,342
1368,Circulating Nurse,342
1369,Lead Surgeon,343
1370,Anesthesiologist,343
1371,Surgical Nurse,343
1372,Circulating Nurse,343
1373,Lead Surgeon,344
1374,Anesthesiologist,344
1375,Surgical Nurse,344
1376,Circulating Nurse,344
1377,Lead Surgeon,345
1378,Anesthesiologist,345
1379,Surgical Nurse,345
1380,Circulating Nurse,345
1381,Lead Surgeon,346
1382,Anesthesiologist,346
1383,Surgical Nurse,346
1384,Circulating Nurse,346
1385,Lead Surgeon,347
1386,Anesthesiologist,347
1387,Surgical Nurse,347
1388,Circulating Nurse,347
1389,Lead Surgeon,348
1390,Anesthesiologist,348
1391,Surgical Nurse,348
1392,Circulating Nurse,348
1393,Lead Surgeon,349
1394,Anesthesiologist,349
1395,Surgical Nurse,349
1396,Circulating Nurse,349
1397,Lead Surgeon,350
1398,Anesthesiologist,350
1399,Surgical Nurse,350
1400,Circulating Nurse,350
1401,Lead Surgeon,351
1402,Anesthesiologist,351
1403,Surgical Nurse,351
1404,Circulating Nurse,351
1405,Lead Surgeon,352
1406,Anesthesiologist,352
1407,Surgical Nurse,352
1408,Circulating Nurse,352
1409,Lead Surgeon,353
1410,Anesthesiologist,353
1411,Surgical Nurse,353
1412,Circulating Nurse,353
1413,Lead Surgeon,354
1414,Anesthesiologist,354
1415,Surgical Nurse,354
1416,Circulating Nurse,354
1417,Lead Surgeon,355
1418,Anesthesiologist,355
1419,Surgical Nurse,355
1420,Circulating Nurse,355
1421,Lead Surgeon,356
1422,Anesthesiologist,356
1423,Surgical Nurse,356
1424,Circulating Nurse,356
1425,Lead Surgeon,357
1426,Anesthesiologist,357
1427,Surgical Nurse,357
1428,Circulating Nurse,357
1429,Lead Surgeon,358
1430,Anesthesiologist,358
1431,Surgical Nurse,358
1432,Circulating Nurse,358
1433,Lead Surgeon,359
1434,Anesthesiologist,359
1435,Surgical Nurse,359
1436,Circulating Nurse,359
1437,Lead Surgeon,360
1438,Anesthesiologist,360
1439,Surgical Nurse,360
1440,Circulating Nurse,360
1441,Lead Surgeon,361
1442,Anesthesiologist,361
1443,Surgical Nurse,361
1444,Circulating Nurse,361
1445,Lead Surgeon,362
1446,Anesthesiologist,362
1447,Surgical Nurse,362
1448,Circulating Nurse,362
1449,Lead Surgeon,363
1450,Anesthesiologist,363
1451,Surgical Nurse,363
1452,Circulating Nurse,363
1453,Lead Surgeon,364
1454,Anesthesiologist,364
1455,Surgical Nurse,364
1456,Circulating Nurse,364
1457,Lead Surgeon,365
1458,Anesthesiologist,365
1459,Surgical Nurse,365
1460,Circulating Nurse,365
1461,Lead Surgeon,366
1462,Anesthesiologist,366
1463,Surgical Nurse,366
1464,Circulating Nurse,366
1465,Lead Surgeon,367
1466,Anesthesiologist,367
1467,Surgical Nurse,367
1468,Circulating Nurse,367
1469,Lead Surgeon,368
1470,Anesthesiologist,368
1471,Surgical Nurse,368
1472,Circulating Nurse,368
1473,Lead Surgeon,369
1474,Anesthesiologist,369
1475,Surgical Nurse,369
1476,Circulating Nurse,369
1477,Lead Surgeon,370
1478,Anesthesiologist,370
1479,Surgical Nurse,370
1480,Circulating Nurse,370
1481,Lead Surgeon,371
1482,Anesthesiologist,371
1483,Surgical Nurse,371
1484,Circulating Nurse,371
1485,Lead Surgeon,372
1486,Anesthesiologist,372
1487,Surgical Nurse,372
1488,Circulating Nurse,372
1489,Lead Surgeon,373
1490,Anesthesiologist,373
1491,Surgical Nurse,373
1492,Circulating Nurse,373
1493,Lead Surgeon,374
1494,Anesthesiologist,374
1495,Surgical Nurse,374
1496,Circulating Nurse,374
1497,Lead Surgeon,375
1498,Anesthesiologist,375
1499,Surgical Nurse,375
1500,Circulating Nurse,375
1501,Lead Surgeon,376
1502,Anesthesiologist,376
1503,Surgical Nurse,376
1504,Circulating Nurse,376
1505,Lead Surgeon,377
1506,Anesthesiologist,377
1507,Surgical Nurse,377
1508,Circulating Nurse,377
1509,Lead Surgeon,378
1510,Anesthesiologist,378
1511,Surgical Nurse,378
1512,Circulating Nurse,378
1513,Lead Surgeon,379
1514,Anesthesiologist,379
1515,Surgical Nurse,379
1516,Circulating Nurse,379
1517,Lead Surgeon,380
1518,Anesthesiologist,380
1519,Surgical Nurse,380
1520,Circulating Nurse,380
1521,Lead Surgeon,381
1522,Anesthesiologist,381
1523,Surgical Nurse,381
1524,Circulating Nurse,381
1525,Lead Surgeon,382
1526,Anesthesiologist,382
1527,Surgical Nurse,382
1528,Circulating Nurse,382
1529,Lead Surgeon,383
1530,Anesthesiologist,383
1531,Surgical Nurse,383
1532,Circulating Nurse,383
1533,Lead Surgeon,384
1534,Anesthesiologist,384
1535,Surgical Nurse,384
1536,Circulating Nurse,384
1537,Lead Surgeon,385
1538,Anesthesiologist,385
1539,Surgical Nurse,385
1540,Circulating Nurse,385
1541,Lead Surgeon,386
1542,Anesthesiologist,386
1543,Surgical Nurse,386
1544,Circulating Nurse,386
1545,Lead Surgeon,387
1546,Anesthesiologist,387
1547,Surgical Nurse,387
1548,Circulating Nurse,387
1549,Lead Surgeon,388
1550,Anesthesiologist,388
1551,Surgical Nurse,388
1552,Circulating Nurse,388
1553,Lead Surgeon,389
1554,Anesthesiologist,389
1555,Surgical Nurse,389
1556,Circulating Nurse,389
1557,Lead Surgeon,390
1558,Anesthesiologist,390
1559,Surgical Nurse,390
1560,Circulating Nurse,390
1561,Lead Surgeon,391
1562,Anesthesiologist,391
1563,Surgical Nurse,391
1564,Circulating Nurse,391
1565,Lead Surgeon,392
1566,Anesthesiologist,392
1567,Surgical Nurse,392
1568,Circulating Nurse,392
1569,Lead Surgeon,393
1570,Anesthesiologist,393
1571,Surgical Nurse,393
1572,Circulating Nurse,393
1573,Lead Surgeon,394
1574,Anesthesiologist,394
1575,Surgical Nurse,394
1576,Circulating Nurse,394
1577,Lead Surgeon,395
1578,Anesthesiologist,395
1579,Surgical Nurse,395
1580,Circulating Nurse,395
1581,Lead Surgeon,396
1582,Anesthesiologist,396
1583,Surgical Nurse,396
1584,Circulating Nurse,396
1585,Lead Surgeon,397
1586,Anesthesiologist,397
1587,Surgical Nurse,397
1588,Circulating Nurse,397
1589,Lead Surgeon,398
1590,Anesthesiologist,398
1591,Surgical Nurse,398
1592,Circulating Nurse,398
1593,Lead Surgeon,399
1594,Anesthesiologist,399
1595,Surgical Nurse,399
1596,Circulating Nurse,399
1597,Lead Surgeon,400
1598,Anesthesiologist,400
1599,Surgical Nurse,400
1600,Circulating Nurse,400
1601,Lead Surgeon,401
1602,Anesthesiologist,401
1603,Surgical Nurse,401
1604,Circulating Nurse,401
1605,Lead Surgeon,402
1606,Anesthesiologist,402
1607,Surgical Nurse,402
1608,Circulating Nurse,402
1609,Lead Surgeon,403
1610,Anesthesiologist,403
1611,Surgical Nurse,403
1612,Circulating Nurse,403
1613,Lead Surgeon,404
1614,Anesthesiologist,404
1615,Surgical Nurse,404
1616,Circulating Nurse,404
1617,Lead Surgeon,405
1618,Anesthesiologist,405
1619,Surgical Nurse,405
1620,Circulating Nurse,405
1621,Lead Surgeon,406
1622,Anesthesiologist,406
1623,Surgical Nurse,406
1624,Circulating Nurse,406
1625,Lead Surgeon,407
1626,Anesthesiologist,407
1627,Surgical Nurse,407
1628,Circulating Nurse,407
1629,Lead Surgeon,408
1630,Anesthesiologist,408
1631,Surgical Nurse,408
1632,Circulating Nurse,408
1633,Lead Surgeon,409
1634,Anesthesiologist,409
1635,Surgical Nurse,409
1636,Circulating Nurse,409
1637,Lead Surgeon,410
1638,Anesthesiologist,410
1639,Surgical Nurse,410
1640,Circulating Nurse,410
1641,Lead Surgeon,411
1642,Anesthesiologist,411
1643,Surgical Nurse,411
1644,Circulating Nurse,411
1645,Lead Surgeon,412
1646,Anesthesiologist,412
1647,Surgical Nurse,412
1648,Circulating Nurse,412
1649,Lead Surgeon,413
1650,Anesthesiologist,413
1651,Surgical Nurse,413
1652,Circulating Nurse,413
1653,Lead Surgeon,414
1654,Anesthesiologist,414
1655,Surgical Nurse,414
1656,Circulating Nurse,414
1657,Lead Surgeon,415
1658,Anesthesiologist,415
1659,Surgical Nurse,415
1660,Circulating Nurse,415
1661,Lead Surgeon,416
1662,Anesthesiologist,416
1663,Surgical Nurse,416
1664,Circulating Nurse,416
1665,Lead Surgeon,417
1666,Anesthesiologist,417
1667,Surgical Nurse,417
1668,Circulating Nurse,417
1669,Lead Surgeon,418
1670,Anesthesiologist,418
1671,Surgical Nurse,418
1672,Circulating Nurse,418
1673,Lead Surgeon,419
1674,Anesthesiologist,419
1675,Surgical Nurse,419
1676,Circulating Nurse,419
1677,Lead Surgeon,420
1678,Anesthesiologist,420
1679,Surgical Nurse,420
1680,Circulating Nurse,420
1681,Lead Surgeon,421
1682,Anesthesiologist,421
1683,Surgical Nurse,421
1684,Circulating Nurse,421
1685,Lead Surgeon,422
1686,Anesthesiologist,422
1687,Surgical Nurse,422
1688,Circulating Nurse,422
1689,Lead Surgeon,423
1690,Anesthesiologist,423
1691,Surgical Nurse,423
1692,Circulating Nurse,423
1693,Lead Surgeon,424
1694,Anesthesiologist,424
1695,Surgical Nurse,424
1696,Circulating Nurse,424
1697,Lead Surgeon,425
1698,Anesthesiologist,425
1699,Surgical Nurse,425
1700,Circulating Nurse,425
1701,Lead Surgeon,426
1702,Anesthesiologist,426
1703,Surgical Nurse,426
1704,Circulating Nurse,426
1705,Lead Surgeon,427
1706,Anesthesiologist,427
1707,Surgical Nurse,427
1708,Circulating Nurse,427
1709,Lead Surgeon,428
1710,Anesthesiologist,428
1711,Surgical Nurse,428
1712,Circulating Nurse,428
1713,Lead Surgeon,429
1714,Anesthesiologist,429
1715,Surgical Nurse,429
1716,Circulating Nurse,429
1717,Lead Surgeon,430
1718,Anesthesiologist,430
1719,Surgical Nurse,430
1720,Circulating Nurse,430
1721,Lead Surgeon,431
1722,Anesthesiologist,431
1723,Surgical Nurse,431
1724,Circulating Nurse,431
1725,Lead Surgeon,432
1726,Anesthesiologist,432
1727,Surgical Nurse,432
1728,Circulating Nurse,432
1729,Lead Surgeon,433
1730,Anesthesiologist,433
1731,Surgical Nurse,433
1732,Circulating Nurse,433
1733,Lead Surgeon,434
1734,Anesthesiologist,434
1735,Surgical Nurse,434
1736,Circulating Nurse,434
1737,Lead Surgeon,435
1738,Anesthesiologist,435
1739,Surgical Nurse,435
1740,Circulating Nurse,435
1741,Lead Surgeon,436
1742,Anesthesiologist,436
1743,Surgical Nurse,436
1744,Circulating Nurse,436
1745,Lead Surgeon,437
1746,Anesthesiologist,437
1747,Surgical Nurse,437
1748,Circulating Nurse,437
1749,Lead Surgeon,438
1750,Anesthesiologist,438
1751,Surgical Nurse,438
1752,Circulating Nurse,438
1753,Lead Surgeon,439
1754,Anesthesiologist,439
1755,Surgical Nurse,439
1756,Circulating Nurse,439
1757,Lead Surgeon,440
1758,Anesthesiologist,440
1759,Surgical Nurse,440
1760,Circulating Nurse,440
1761,Lead Surgeon,441
1762,Anesthesiologist,441
1763,Surgical Nurse,441
1764,Circulating Nurse,441
1765,Lead Surgeon,442
1766,Anesthesiologist,442
1767,Surgical Nurse,442
1768,Circulating Nurse,442
1769,Lead Surgeon,443
1770,Anesthesiologist,443
1771,Surgical Nurse,443
1772,Circulating Nurse,443
1773,Lead Surgeon,444
1774,Anesthesiologist,444
1775,Surgical Nurse,444
1776,Circulating Nurse,444
1777,Lead Surgeon,445
1778,Anesthesiologist,445
1779,Surgical Nurse,445
1780,Circulating Nurse,445
1781,Lead Surgeon,446
1782,Anesthesiologist,446
1783,Surgical Nurse,446
1784,Circulating Nurse,446
1785,Lead Surgeon,447
1786,Anesthesiologist,447
1787,Surgical Nurse,447
1788,Circulating Nurse,447
1789,Lead Surgeon,448
1790,Anesthesiologist,448
1791,Surgical Nurse,448
1792,Circulating Nurse,448
1793,Lead Surgeon,449
1794,Anesthesiologist,449
1795,Surgical Nurse,449
1796,Circulating Nurse,449
1797,Lead Surgeon,450
1798,Anesthesiologist,450
1799,Surgical Nurse,450
1800,Circulating Nurse,450
1801,Lead Surgeon,451
1802,Anesthesiologist,451
1803,Surgical Nurse,451
1804,Circulating Nurse,451
1805,Lead Surgeon,452
1806,Anesthesiologist,452
1807,Surgical Nurse,452
1808,Circulating Nurse,452
1809,Lead Surgeon,453
1810,Anesthesiologist,453
1811,Surgical Nurse,453
1812,Circulating Nurse,453
1813,Lead Surgeon,454
1814,Anesthesiologist,454
1815,Surgical Nurse,454
1816,Circulating Nurse,454
1817,Lead Surgeon,455
1818,Anesthesiologist,455
1819,Surgical Nurse,455
1820,Circulating Nurse,455
1821,Lead Surgeon,456
1822,Anesthesiologist,456
1823,Surgical Nurse,456
1824,Circulating Nurse,456
1825,Lead Surgeon,457
1826,Anesthesiologist,457
1827,Surgical Nurse,457
1828,Circulating Nurse,457
1829,Lead Surgeon,458
1830,Anesthesiologist,458
1831,Surgical Nurse,458
1832,Circulating Nurse,458
1833,Lead Surgeon,459
1834,Anesthesiologist,459
1835,Surgical Nurse,459
1836,Circulating Nurse,459
1837,Lead Surgeon,460
1838,Anesthesiologist,460
1839,Surgical Nurse,460
1840,Circulating Nurse,460
1841,Lead Surgeon,461
1842,Anesthesiologist,461
1843,Surgical Nurse,461
1844,Circulating Nurse,461
1845,Lead Surgeon,462
1846,Anesthesiologist,462
1847,Surgical Nurse,462
1848,Circulating Nurse,462
1849,Lead Surgeon,463
1850,Anesthesiologist,463
1851,Surgical Nurse,463
1852,Circulating Nurse,463
1853,Lead Surgeon,464
1854,Anesthesiologist,464
1855,Surgical Nurse,464
1856,Circulating Nurse,464
1857,Lead Surgeon,465
1858,Anesthesiologist,465
1859,Surgical Nurse,465
1860,Circulating Nurse,465
1861,Lead Surgeon,466
1862,Anesthesiologist,466
1863,Surgical Nurse,466
1864,Circulating Nurse,466
1865,Lead Surgeon,467
1866,Anesthesiologist,467
1867,Surgical Nurse,467
1868,Circulating Nurse,467
1869,Lead Surgeon,468
1870,Anesthesiologist,468
1871,Surgical Nurse,468
1872,Circulating Nurse,468
1873,Lead Surgeon,469
1874,Anesthesiologist,469
1875,Surgical Nurse,469
1876,Circulating Nurse,469
1877,Lead Surgeon,470
1878,Anesthesiologist,470
1879,Surgical Nurse,470
1880,Circulating Nurse,470
1881,Lead Surgeon,471
1882,Anesthesiologist,471
1883,Surgical Nurse,471
1884,Circulating Nurse,471
1885,Lead Surgeon,472
1886,Anesthesiologist,472
1887,Surgical Nurse,472
1888,Circulating Nurse,472
1889,Lead Surgeon,473
1890,Anesthesiologist,473
1891,Surgical Nurse,473
1892,Circulating Nurse,473
1893,Lead Surgeon,474
1894,Anesthesiologist,474
1895,Surgical Nurse,474
1896,Circulating Nurse,474
1897,Lead Surgeon,475
1898,Anesthesiologist,475
1899,Surgical Nurse,475
1900,Circulating Nurse,475
1901,Lead Surgeon,476
1902,Anesthesiologist,476
1903,Surgical Nurse,476
1904,Circulating Nurse,476
1905,Lead Surgeon,477
1906,Anesthesiologist,477
1907,Surgical Nurse,477
1908,Circulating Nurse,477
1909,Lead Surgeon,478
1910,Anesthesiologist,478
1911,Surgical Nurse,478
1912,Circulating Nurse,478
1913,Lead Surgeon,479
1914,Anesthesiologist,479
1915,Surgical Nurse,479
1916,Circulating Nurse,479
1917,Lead Surgeon,480
1918,Anesthesiologist,480
1919,Surgical Nurse,480
1920,Circulating Nurse,480
1921,Lead Surgeon,481
1922,Anesthesiologist,481
1923,Surgical Nurse,481
1924,Circulating Nurse,481
1925,Lead Surgeon,482
1926,Anesthesiologist,482
1927,Surgical Nurse,482
1928,Circulating Nurse,482
1929,Lead Surgeon,483
1930,Anesthesiologist,483
1931,Surgical Nurse,483
1932,Circulating Nurse,483
1933,Lead Surgeon,484
1934,Anesthesiologist,484
1935,Surgical Nurse,484
1936,Circulating Nurse,484
1937,Lead Surgeon,485
1938,Anesthesiologist,485
1939,Surgical Nurse,485
1940,Circulating Nurse,485
1941,Lead Surgeon,486
1942,Anesthesiologist,486
1943,Surgical Nurse,486
1944,Circulating Nurse,486
1945,Lead Surgeon,487
1946,Anesthesiologist,487
1947,Surgical Nurse,487
1948,Circulating Nurse,487
1949,Lead Surgeon,488
1950,Anesthesiologist,488
1951,Surgical Nurse,488
1952,Circulating Nurse,488
1953,Lead Surgeon,489
1954,Anesthesiologist,489
1955,Surgical Nurse,489
1956,Circulating Nurse,489
1957,Lead Surgeon,490
1958,Anesthesiologist,490
1959,Surgical Nurse,490
1960,Circulating Nurse,490
1961,Lead Surgeon,491
1962,Anesthesiologist,491
1963,Surgical Nurse,491
1964,Circulating Nurse,491
1965,Lead Surgeon,492
1966,Anesthesiologist,492
1967,Surgical Nurse,492
1968,Circulating Nurse,492
1969,Lead Surgeon,493
1970,Anesthesiologist,493
1971,Surgical Nurse,493
1972,Circulating Nurse,493
1973,Lead Surgeon,494
1974,Anesthesiologist,494
1975,Surgical Nurse,494
1976,Circulating Nurse,494
1977,Lead Surgeon,495
1978,Anesthesiologist,495
1979,Surgical Nurse,495
1980,Circulating Nurse,495
1981,Lead Surgeon,496
1982,Anesthesiologist,496
1983,Surgical Nurse,496
1984,Circulating Nurse,496
1985,Lead Surgeon,497
1986,Anesthesiologist,497
1987,Surgical Nurse,497
1988,Circulating Nurse,497
1989,Lead Surgeon,498
1990,Anesthesiologist,498
1991,Surgical Nurse,498
1992,Circulating Nurse,498
1993,Lead Surgeon,499
1994,Anesthesiologist,499
1995,Surgical Nurse,499
1996,Circulating Nurse,499
1997,Lead Surgeon,500
1998,Anesthesiologist,500
1999,Surgical Nurse,500
2000,Circulating Nurse,500
2001,Lead Surgeon,501
2002,Anesthesiologist,501
2003,Surgical Nurse,501
2004,Circulating Nurse,501
2005,Lead Surgeon,502
2006,Anesthesiologist,502
2007,Surgical Nurse,502
2008,Circulating Nurse,502
2009,Lead Surgeon,503
2010,Anesthesiologist,503
2011,Surgical Nurse,503
2012,Circulating Nurse,503
2013,Lead Surgeon,504
2014,Anesthesiologist,504
2015,Surgical Nurse,504
2016,Circulating Nurse,504
2017,Lead Surgeon,505
2018,Anesthesiologist,505
2019,Surgical Nurse,505
2020,Circulating Nurse,505
2021,Lead Surgeon,506
2022,Anesthesiologist,506
2023,Surgical Nurse,506
2024,Circulating Nurse,506
2025,Lead Surgeon,507
2026,Anesthesiologist,507
2027,Surgical Nurse,507
2028,Circulating Nurse,507
2029,Lead Surgeon,508
2030,Anesthesiologist,508
2031,Surgical Nurse,508
2032,Circulating Nurse,508
2033,Lead Surgeon,509
2034,Anesthesiologist,509
2035,Surgical Nurse,509
2036,Circulating Nurse,509
2037,Lead Surgeon,510
2038,Anesthesiologist,510
2039,Surgical Nurse,510
2040,Circulating Nurse,510
2041,Lead Surgeon,511
2042,Anesthesiologist,511
2043,Surgical Nurse,511
2044,Circulating Nurse,511
2045,Lead Surgeon,512
2046,Anesthesiologist,512
2047,Surgical Nurse,512
2048,Circulating Nurse,512
2049,Lead Surgeon,513
2050,Anesthesiologist,513
2051,Surgical Nurse,513
2052,Circulating Nurse,513
2053,Lead Surgeon,514
2054,Anesthesiologist,514
2055,Surgical Nurse,514
2056,Circulating Nurse,514
2057,Lead Surgeon,515
2058,Anesthesiologist,515
2059,Surgical Nurse,515
2060,Circulating Nurse,515
2061,Lead Surgeon,516
2062,Anesthesiologist,516
2063,Surgical Nurse,516
2064,Circulating Nurse,516
2065,Lead Surgeon,517
2066,Anesthesiologist,517
2067,Surgical Nurse,517
2068,Circulating Nurse,517
2069,Lead Surgeon,518
2070,Anesthesiologist,518
2071,Surgical Nurse,518
2072,Circulating Nurse,518
2073,Lead Surgeon,519
2074,Anesthesiologist,519
2075,Surgical Nurse,519
2076,Circulating Nurse,519
2077,Lead Surgeon,520
2078,Anesthesiologist,520
2079,Surgical Nurse,520
2080,Circulating Nurse,520
2081,Lead Surgeon,521
2082,Anesthesiologist,521
2083,Surgical Nurse,521
2084,Circulating Nurse,521
2085,Lead Surgeon,522
2086,Anesthesiologist,522
2087,Surgical Nurse,522
2088,Circulating Nurse,522
2089,Lead Surgeon,523
2090,Anesthesiologist,523
2091,Surgical Nurse,523
2092,Circulating Nurse,523
2093,Lead Surgeon,524
2094,Anesthesiologist,524
2095,Surgical Nurse,524
2096,Circulating Nurse,524
2097,Lead Surgeon,525
2098,Anesthesiologist,525
2099,Surgical Nurse,525
2100,Circulating Nurse,525
2101,Lead Surgeon,526
2102,Anesthesiologist,526
2103,Surgical Nurse,526
2104,Circulating Nurse,526
2105,Lead Surgeon,527
2106,Anesthesiologist,527
2107,Surgical Nurse,527
2108,Circulating Nurse,527
2109,Lead Surgeon,528
2110,Anesthesiologist,528
2111,Surgical Nurse,528
2112,Circulating Nurse,528
2113,Lead Surgeon,529
2114,Anesthesiologist,529
2115,Surgical Nurse,529
2116,Circulating Nurse,529
2117,Lead Surgeon,530
2118,Anesthesiologist,530
2119,Surgical Nurse,530
2120,Circulating Nurse,530
2121,Lead Surgeon,531
2122,Anesthesiologist,531
2123,Surgical Nurse,531
2124,Circulating Nurse,531
2125,Lead Surgeon,532
2126,Anesthesiologist,532
2127,Surgical Nurse,532
2128,Circulating Nurse,532
2129,Lead Surgeon,533
2130,Anesthesiologist,533
2131,Surgical Nurse,533
2132,Circulating Nurse,533
2133,Lead Surgeon,534
2134,Anesthesiologist,534
2135,Surgical Nurse,534
2136,Circulating Nurse,534
2137,Lead Surgeon,535
2138,Anesthesiologist,535
2139,Surgical Nurse,535
2140,Circulating Nurse,535
2141,Lead Surgeon,536
2142,Anesthesiologist,536
2143,Surgical Nurse,536
2144,Circulating Nurse,536
2145,Lead Surgeon,537
2146,Anesthesiologist,537
2147,Surgical Nurse,537
2148,Circulating Nurse,537
2149,Lead Surgeon,538
2150,Anesthesiologist,538
2151,Surgical Nurse,538
2152,Circulating Nurse,538
2153,Lead Surgeon,539
2154,Anesthesiologist,539
2155,Surgical Nurse,539
2156,Circulating Nurse,539
2157,Lead Surgeon,540
2158,Anesthesiologist,540
2159,Surgical Nurse,540
2160,Circulating Nurse,540
2161,Lead Surgeon,541
2162,Anesthesiologist,541
2163,Surgical Nurse,541
2164,Circulating Nurse,541
2165,Lead Surgeon,542
2166,Anesthesiologist,542
2167,Surgical Nurse,542
2168,Circulating Nurse,542
2169,Lead Surgeon,543
2170,Anesthesiologist,543
2171,Surgical Nurse,543
2172,Circulating Nurse,543
2173,Lead Surgeon,544
2174,Anesthesiologist,544
2175,Surgical Nurse,544
2176,Circulating Nurse,544
2177,Lead Surgeon,545
2178,Anesthesiologist,545
2179,Surgical Nurse,545
2180,Circulating Nurse,545
2181,Lead Surgeon,546
2182,Anesthesiologist,546
2183,Surgical Nurse,546
2184,Circulating Nurse,546
2185,Lead Surgeon,547
2186,Anesthesiologist,547
2187,Surgical Nurse,547
2188,Circulating Nurse,547
2189,Lead Surgeon,548
2190,Anesthesiologist,548
2191,Surgical Nurse,548
2192,Circulating Nurse,548
2193,Lead Surgeon,549
2194,Anesthesiologist,549
2195,Surgical Nurse,549
2196,Circulating Nurse,549
2197,Lead Surgeon,550
2198,Anesthesiologist,550
2199,Surgical Nurse,550
2200,Circulating Nurse,550
2201,Lead Surgeon,551
2202,Anesthesiologist,551
2203,Surgical Nurse,551
2204,Circulating Nurse,551
2205,Lead Surgeon,552
2206,Anesthesiologist,552
2207,Surgical Nurse,552
2208,Circulating Nurse,552
2209,Lead Surgeon,553
2210,Anesthesiologist,553
2211,Surgical Nurse,553
2212,Circulating Nurse,553
2213,Lead Surgeon,554
2214,Anesthesiologist,554
2215,Surgical Nurse,554
2216,Circulating Nurse,554
2217,Lead Surgeon,555
2218,Anesthesiologist,555
2219,Surgical Nurse,555
2220,Circulating Nurse,555
2221,Lead Surgeon,556
2222,Anesthesiologist,556
2223,Surgical Nurse,556
2224,Circulating Nurse,556
2225,Lead Surgeon,557
2226,Anesthesiologist,557
2227,Surgical Nurse,557
2228,Circulating Nurse,557
2229,Lead Surgeon,558
2230,Anesthesiologist,558
2231,Surgical Nurse,558
2232,Circulating Nurse,558
2233,Lead Surgeon,559
2234,Anesthesiologist,559
2235,Surgical Nurse,559
2236,Circulating Nurse,559
2237,Lead Surgeon,560
2238,Anesthesiologist,560
2239,Surgical Nurse,560
2240,Circulating Nurse,560
2241,Lead Surgeon,561
2242,Anesthesiologist,561
2243,Surgical Nurse,561
2244,Circulating Nurse,561
2245,Lead Surgeon,562
2246,Anesthesiologist,562
2247,Surgical Nurse,562
2248,Circulating Nurse,562
2249,Lead Surgeon,563
2250,Anesthesiologist,563
2251,Surgical Nurse,563
2252,Circulating Nurse,563
2253,Lead Surgeon,564
2254,Anesthesiologist,564
2255,Surgical Nurse,564
2256,Circulating Nurse,564
2257,Lead Surgeon,565
2258,Anesthesiologist,565
2259,Surgical Nurse,565
2260,Circulating Nurse,565
2261,Lead Surgeon,566
2262,Anesthesiologist,566
2263,Surgical Nurse,566
2264,Circulating Nurse,566
2265,Lead Surgeon,567
2266,Anesthesiologist,567
2267,Surgical Nurse,567
2268,Circulating Nurse,567
2269,Lead Surgeon,568
2270,Anesthesiologist,568
2271,Surgical Nurse,568
2272,Circulating Nurse,568
2273,Lead Surgeon,569
2274,Anesthesiologist,569
2275,Surgical Nurse,569
2276,Circulating Nurse,569
2277,Lead Surgeon,570
2278,Anesthesiologist,570
2279,Surgical Nurse,570
2280,Circulating Nurse,570
2281,Lead Surgeon,571
2282,Anesthesiologist,571
2283,Surgical Nurse,571
2284,Circulating Nurse,571
2285,Lead Surgeon,572
2286,Anesthesiologist,572
2287,Surgical Nurse,572
2288,Circulating Nurse,572
2289,Lead Surgeon,573
2290,Anesthesiologist,573
2291,Surgical Nurse,573
2292,Circulating Nurse,573
2293,Lead Surgeon,574
2294,Anesthesiologist,574
2295,Surgical Nurse,574
2296,Circulating Nurse,574
2297,Lead Surgeon,575
2298,Anesthesiologist,575
2299,Surgical Nurse,575
2300,Circulating Nurse,575
2301,Lead Surgeon,576
2302,Anesthesiologist,576
2303,Surgical Nurse,576
2304,Circulating Nurse,576
2305,Lead Surgeon,577
2306,Anesthesiologist,577
2307,Surgical Nurse,577
2308,Circulating Nurse,577
2309,Lead Surgeon,578
2310,Anesthesiologist,578
2311,Surgical Nurse,578
2312,Circulating Nurse,578
2313,Lead Surgeon,579
2314,Anesthesiologist,579
2315,Surgical Nurse,579
2316,Circulating Nurse,579
2317,Lead Surgeon,580
2318,Anesthesiologist,580
2319,Surgical Nurse,580
2320,Circulating Nurse,580
2321,Lead Surgeon,581
2322,Anesthesiologist,581
2323,Surgical Nurse,581
2324,Circulating Nurse,581
2325,Lead Surgeon,582
2326,Anesthesiologist,582
2327,Surgical Nurse,582
2328,Circulating Nurse,582
2329,Lead Surgeon,583
2330,Anesthesiologist,583
2331,Surgical Nurse,583
2332,Circulating Nurse,583
2333,Lead Surgeon,584
2334,Anesthesiologist,584
2335,Surgical Nurse,584
2336,Circulating Nurse,584
2337,Lead Surgeon,585
2338,Anesthesiologist,585
2339,Surgical Nurse,585
2340,Circulating Nurse,585
2341,Lead Surgeon,586
2342,Anesthesiologist,586
2343,Surgical Nurse,586
2344,Circulating Nurse,586
2345,Lead Surgeon,587
2346,Anesthesiologist,587
2347,Surgical Nurse,587
2348,Circulating Nurse,587
2349,Lead Surgeon,588
2350,Anesthesiologist,588
2351,Surgical Nurse,588
2352,Circulating Nurse,588
2353,Lead Surgeon,589
2354,Anesthesiologist,589
2355,Surgical Nurse,589
2356,Circulating Nurse,589
2357,Lead Surgeon,590
2358,Anesthesiologist,590
2359,Surgical Nurse,590
2360,Circulating Nurse,590
2361,Lead Surgeon,591
2362,Anesthesiologist,591
2363,Surgical Nurse,591
2364,Circulating Nurse,591
2365,Lead Surgeon,592
2366,Anesthesiologist,592
2367,Surgical Nurse,592
2368,Circulating Nurse,592
2369,Lead Surgeon,593
2370,Anesthesiologist,593
2371,Surgical Nurse,593
2372,Circulating Nurse,593
2373,Lead Surgeon,594
2374,Anesthesiologist,594
2375,Surgical Nurse,594
2376,Circulating Nurse,594
2377,Lead Surgeon,595
2378,Anesthesiologist,595
2379,Surgical Nurse,595
2380,Circulating Nurse,595
2381,Lead Surgeon,596
2382,Anesthesiologist,596
2383,Surgical Nurse,596
2384,Circulating Nurse,596
2385,Lead Surgeon,597
2386,Anesthesiologist,597
2387,Surgical Nurse,597
2388,Circulating Nurse,597
2389,Lead Surgeon,598
2390,Anesthesiologist,598
2391,Surgical Nurse,598
2392,Circulating Nurse,598
2393,Lead Surgeon,599
2394,Anesthesiologist,599
2395,Surgical Nurse,599
2396,Circulating Nurse,599
2397,Lead Surgeon,600
2398,Anesthesiologist,600
2399,Surgical Nurse,600
2400,Circulating Nurse,600
2401,Lead Surgeon,601
2402,Anesthesiologist,601
2403,Surgical Nurse,601
2404,Circulating Nurse,601
2405,Lead Surgeon,602
2406,Anesthesiologist,602
2407,Surgical Nurse,602
2408,Circulating Nurse,602
2409,Lead Surgeon,603
2410,Anesthesiologist,603
2411,Surgical Nurse,603
2412,Circulating Nurse,603
2413,Lead Surgeon,604
2414,Anesthesiologist,604
2415,Surgical Nurse,604
2416,Circulating Nurse,604
2417,Lead Surgeon,605
2418,Anesthesiologist,605
2419,Surgical Nurse,605
2420,Circulating Nurse,605
2421,Lead Surgeon,606
2422,Anesthesiologist,606
2423,Surgical Nurse,606
2424,Circulating Nurse,606
2425,Lead Surgeon,607
2426,Anesthesiologist,607
2427,Surgical Nurse,607
2428,Circulating Nurse,607
2429,Lead Surgeon,608
2430,Anesthesiologist,608
2431,Surgical Nurse,608
2432,Circulating Nurse,608
2433,Lead Surgeon,609
2434,Anesthesiologist,609
2435,Surgical Nurse,609
2436,Circulating Nurse,609
2437,Lead Surgeon,610
2438,Anesthesiologist,610
2439,Surgical Nurse,610
2440,Circulating Nurse,610
2441,Lead Surgeon,611
2442,Anesthesiologist,611
2443,Surgical Nurse,611
2444,Circulating Nurse,611
2445,Lead Surgeon,612
2446,Anesthesiologist,612
2447,Surgical Nurse,612
2448,Circulating Nurse,612
2449,Lead Surgeon,613
2450,Anesthesiologist,613
2451,Surgical Nurse,613
2452,Circulating Nurse,613
2453,Lead Surgeon,614
2454,Anesthesiologist,614
2455,Surgical Nurse,614
2456,Circulating Nurse,614
2457,Lead Surgeon,615
2458,Anesthesiologist,615
2459,Surgical Nurse,615
2460,Circulating Nurse,615
2461,Lead Surgeon,616
2462,Anesthesiologist,616
2463,Surgical Nurse,616
2464,Circulating Nurse,616
2465,Lead Surgeon,617
2466,Anesthesiologist,617
2467,Surgical Nurse,617
2468,Circulating Nurse,617
2469,Lead Surgeon,618
2470,Anesthesiologist,618
2471,Surgical Nurse,618
2472,Circulating Nurse,618
2473,Lead Surgeon,619
2474,Anesthesiologist,619
2475,Surgical Nurse,619
2476,Circulating Nurse,619
2477,Lead Surgeon,620
2478,Anesthesiologist,620
2479,Surgical Nurse,620
2480,Circulating Nurse,620
2481,Lead Surgeon,621
2482,Anesthesiologist,621
2483,Surgical Nurse,621
2484,Circulating Nurse,621
2485,Lead Surgeon,622
2486,Anesthesiologist,622
2487,Surgical Nurse,622
2488,Circulating Nurse,622
2489,Lead Surgeon,623
2490,Anesthesiologist,623
2491,Surgical Nurse,623
2492,Circulating Nurse,623
2493,Lead Surgeon,624
2494,Anesthesiologist,624
2495,Surgical Nurse,624
2496,Circulating Nurse,624
2497,Lead Surgeon,625
2498,Anesthesiologist,625
2499,Surgical Nurse,625
2500,Circulating Nurse,625
2501,Lead Surgeon,626
2502,Anesthesiologist,626
2503,Surgical Nurse,626
2504,Circulating Nurse,626
2505,Lead Surgeon,627
2506,Anesthesiologist,627
2507,Surgical Nurse,627
2508,Circulating Nurse,627
2509,Lead Surgeon,628
2510,Anesthesiologist,628
2511,Surgical Nurse,628
2512,Circulating Nurse,628
2513,Lead Surgeon,629
2514,Anesthesiologist,629
2515,Surgical Nurse,629
2516,Circulating Nurse,629
2517,Lead Surgeon,630
2518,Anesthesiologist,630
2519,Surgical Nurse,630
2520,Circulating Nurse,630
2521,Lead Surgeon,631
2522,Anesthesiologist,631
2523,Surgical Nurse,631
2524,Circulating Nurse,631
2525,Lead Surgeon,632
2526,Anesthesiologist,632
2527,Surgical Nurse,632
2528,Circulating Nurse,632
2529,Lead Surgeon,633
2530,Anesthesiologist,633
2531,Surgical Nurse,633
2532,Circulating Nurse,633
2533,Lead Surgeon,634
2534,Anesthesiologist,634
2535,Surgical Nurse,634
2536,Circulating Nurse,634
2537,Lead Surgeon,635
2538,Anesthesiologist,635
2539,Surgical Nurse,635
2540,Circulating Nurse,635
2541,Lead Surgeon,636
2542,Anesthesiologist,636
2543,Surgical Nurse,636
2544,Circulating Nurse,636
2545,Lead Surgeon,637
2546,Anesthesiologist,637
2547,Surgical Nurse,637
2548,Circulating Nurse,637
2549,Lead Surgeon,638
2550,Anesthesiologist,638
2551,Surgical Nurse,638
2552,Circulating Nurse,638
2553,Lead Surgeon,639
2554,Anesthesiologist,639
2555,Surgical Nurse,639
2556,Circulating Nurse,639
2557,Lead Surgeon,640
2558,Anesthesiologist,640
2559,Surgical Nurse,640
2560,Circulating Nurse,640
2561,Lead Surgeon,641
2562,Anesthesiologist,641
2563,Surgical Nurse,641
2564,Circulating Nurse,641
2565,Lead Surgeon,642
2566,Anesthesiologist,642
2567,Surgical Nurse,642
2568,Circulating Nurse,642
2569,Lead Surgeon,643
2570,Anesthesiologist,643
2571,Surgical Nurse,643
2572,Circulating Nurse,643
2573,Lead Surgeon,644
2574,Anesthesiologist,644
2575,Surgical Nurse,644
2576,Circulating Nurse,644
2577,Lead Surgeon,645
2578,Anesthesiologist,645
2579,Surgical Nurse,645
2580,Circulating Nurse,645
2581,Lead Surgeon,646
2582,Anesthesiologist,646
2583,Surgical Nurse,646
2584,Circulating Nurse,646
2585,Lead Surgeon,647
2586,Anesthesiologist,647
2587,Surgical Nurse,647
2588,Circulating Nurse,647
2589,Lead Surgeon,648
2590,Anesthesiologist,648
2591,Surgical Nurse,648
2592,Circulating Nurse,648
2593,Lead Surgeon,649
2594,Anesthesiologist,649
2595,Surgical Nurse,649
2596,Circulating Nurse,649
2597,Lead Surgeon,650
2598,Anesthesiologist,650
2599,Surgical Nurse,650
2600,Circulating Nurse,650
2601,Lead Surgeon,651
2602,Anesthesiologist,651
2603,Surgical Nurse,651
2604,Circulating Nurse,651
2605,Lead Surgeon,652
2606,Anesthesiologist,652
2607,Surgical Nurse,652
2608,Circulating Nurse,652
2609,Lead Surgeon,653
2610,Anesthesiologist,653
2611,Surgical Nurse,653
2612,Circulating Nurse,653
2613,Lead Surgeon,654
2614,Anesthesiologist,654
2615,Surgical Nurse,654
2616,Circulating Nurse,654
2617,Lead Surgeon,655
2618,Anesthesiologist,655
2619,Surgical Nurse,655
2620,Circulating Nurse,655
2621,Lead Surgeon,656
2622,Anesthesiologist,656
2623,Surgical Nurse,656
2624,Circulating Nurse,656
2625,Lead Surgeon,657
2626,Anesthesiologist,657
2627,Surgical Nurse,657
2628,Circulating Nurse,657
2629,Lead Surgeon,658
2630,Anesthesiologist,658
2631,Surgical Nurse,658
2632,Circulating Nurse,658
2633,Lead Surgeon,659
2634,Anesthesiologist,659
2635,Surgical Nurse,659
2636,Circulating Nurse,659
2637,Lead Surgeon,660
2638,Anesthesiologist,660
2639,Surgical Nurse,660
2640,Circulating Nurse,660
2641,Lead Surgeon,661
2642,Anesthesiologist,661
2643,Surgical Nurse,661
2644,Circulating Nurse,661
2645,Lead Surgeon,662
2646,Anesthesiologist,662
2647,Surgical Nurse,662
2648,Circulating Nurse,662
2649,Lead Surgeon,663
2650,Anesthesiologist,663
2651,Surgical Nurse,663
2652,Circulating Nurse,663
2653,Lead Surgeon,664
2654,Anesthesiologist,664
2655,Surgical Nurse,664
2656,Circulating Nurse,664
2657,Lead Surgeon,665
2658,Anesthesiologist,665
2659,Surgical Nurse,665
2660,Circulating Nurse,665
2661,Lead Surgeon,666
2662,Anesthesiologist,666
2663,Surgical Nurse,666
2664,Circulating Nurse,666
2665,Lead Surgeon,667
2666,Anesthesiologist,667
2667,Surgical Nurse,667
2668,Circulating Nurse,667
2669,Lead Surgeon,668
2670,Anesthesiologist,668
2671,Surgical Nurse,668
2672,Circulating Nurse,668
2673,Lead Surgeon,669
2674,Anesthesiologist,669
2675,Surgical Nurse,669
2676,Circulating Nurse,669
2677,Lead Surgeon,670
2678,Anesthesiologist,670
2679,Surgical Nurse,670
2680,Circulating Nurse,670
2681,Lead Surgeon,671
2682,Anesthesiologist,671
2683,Surgical Nurse,671
2684,Circulating Nurse,671
2685,Lead Surgeon,672
2686,Anesthesiologist,672
2687,Surgical Nurse,672
2688,Circulating Nurse,672
2689,Lead Surgeon,673
2690,Anesthesiologist,673
2691,Surgical Nurse,673
2692,Circulating Nurse,673
2693,Lead Surgeon,674
2694,Anesthesiologist,674
2695,Surgical Nurse,674
2696,Circulating Nurse,674
2697,Lead Surgeon,675
2698,Anesthesiologist,675
2699,Surgical Nurse,675
2700,Circulating Nurse,675
2701,Lead Surgeon,676
2702,Anesthesiologist,676
2703,Surgical Nurse,676
2704,Circulating Nurse,676
2705,Lead Surgeon,677
2706,Anesthesiologist,677
2707,Surgical Nurse,677
2708,Circulating Nurse,677
2709,Lead Surgeon,678
2710,Anesthesiologist,678
2711,Surgical Nurse,678
2712,Circulating Nurse,678
2713,Lead Surgeon,679
2714,Anesthesiologist,679
2715,Surgical Nurse,679
2716,Circulating Nurse,679
2717,Lead Surgeon,680
2718,Anesthesiologist,680
2719,Surgical Nurse,680
2720,Circulating Nurse,680
2721,Lead Surgeon,681
2722,Anesthesiologist,681
2723,Surgical Nurse,681
2724,Circulating Nurse,681
2725,Lead Surgeon,682
2726,Anesthesiologist,682
2727,Surgical Nurse,682
2728,Circulating Nurse,682
2729,Lead Surgeon,683
2730,Anesthesiologist,683
2731,Surgical Nurse,683
2732,Circulating Nurse,683
2733,Lead Surgeon,684
2734,Anesthesiologist,684
2735,Surgical Nurse,684
2736,Circulating Nurse,684
2737,Lead Surgeon,685
2738,Anesthesiologist,685
2739,Surgical Nurse,685
2740,Circulating Nurse,685
2741,Lead Surgeon,686
2742,Anesthesiologist,686
2743,Surgical Nurse,686
2744,Circulating Nurse,686
2745,Lead Surgeon,687
2746,Anesthesiologist,687
2747,Surgical Nurse,687
2748,Circulating Nurse,687
2749,Lead Surgeon,688
2750,Anesthesiologist,688
2751,Surgical Nurse,688
2752,Circulating Nurse,688
2753,Lead Surgeon,689
2754,Anesthesiologist,689
2755,Surgical Nurse,689
2756,Circulating Nurse,689
2757,Lead Surgeon,690
2758,Anesthesiologist,690
2759,Surgical Nurse,690
2760,Circulating Nurse,690
2761,Lead Surgeon,691
2762,Anesthesiologist,691
2763,Surgical Nurse,691
2764,Circulating Nurse,691
2765,Lead Surgeon,692
2766,Anesthesiologist,692
2767,Surgical Nurse,692
2768,Circulating Nurse,692
2769,Lead Surgeon,693
2770,Anesthesiologist,693
2771,Surgical Nurse,693
2772,Circulating Nurse,693
2773,Lead Surgeon,694
2774,Anesthesiologist,694
2775,Surgical Nurse,694
2776,Circulating Nurse,694
2777,Lead Surgeon,695
2778,Anesthesiologist,695
2779,Surgical Nurse,695
2780,Circulating Nurse,695
2781,Lead Surgeon,696
2782,Anesthesiologist,696
2783,Surgical Nurse,696
2784,Circulating Nurse,696
2785,Lead Surgeon,697
2786,Anesthesiologist,697
2787,Surgical Nurse,697
2788,Circulating Nurse,697
2789,Lead Surgeon,698
2790,Anesthesiologist,698
2791,Surgical Nurse,698
2792,Circulating Nurse,698
2793,Lead Surgeon,699
2794,Anesthesiologist,699
2795,Surgical Nurse,699
2796,Circulating Nurse,699
2797,Lead Surgeon,700
2798,Anesthesiologist,700
2799,Surgical Nurse,700
2800,Circulating Nurse,700
2801,Lead Surgeon,701
2802,Anesthesiologist,701
2803,Surgical Nurse,701
2804,Circulating Nurse,701
2805,Lead Surgeon,702
2806,Anesthesiologist,702
2807,Surgical Nurse,702
2808,Circulating Nurse,702
2809,Lead Surgeon,703
2810,Anesthesiologist,703
2811,Surgical Nurse,703
2812,Circulating Nurse,703
2813,Lead Surgeon,704
2814,Anesthesiologist,704
2815,Surgical Nurse,704
2816,Circulating Nurse,704
2817,Lead Surgeon,705
2818,Anesthesiologist,705
2819,Surgical Nurse,705
2820,Circulating Nurse,705
2821,Lead Surgeon,706
2822,Anesthesiologist,706
2823,Surgical Nurse,706
2824,Circulating Nurse,706
2825,Lead Surgeon,707
2826,Anesthesiologist,707
2827,Surgical Nurse,707
2828,Circulating Nurse,707
2829,Lead Surgeon,708
2830,Anesthesiologist,708
2831,Surgical Nurse,708
2832,Circulating Nurse,708
2833,Lead Surgeon,709
2834,Anesthesiologist,709
2835,Surgical Nurse,709
2836,Circulating Nurse,709
2837,Lead Surgeon,710
2838,Anesthesiologist,710
2839,Surgical Nurse,710
2840,Circulating Nurse,710
2841,Lead Surgeon,711
2842,Anesthesiologist,711
2843,Surgical Nurse,711
2844,Circulating Nurse,711
2845,Lead Surgeon,712
2846,Anesthesiologist,712
2847,Surgical Nurse,712
2848,Circulating Nurse,712
2849,Lead Surgeon,713
2850,Anesthesiologist,713
2851,Surgical Nurse,713
2852,Circulating Nurse,713
2853,Lead Surgeon,714
2854,Anesthesiologist,714
2855,Surgical Nurse,714
2856,Circulating Nurse,714
2857,Lead Surgeon,715
2858,Anesthesiologist,715
2859,Surgical Nurse,715
2860,Circulating Nurse,715
2861,Lead Surgeon,716
2862,Anesthesiologist,716
2863,Surgical Nurse,716
2864,Circulating Nurse,716
2865,Lead Surgeon,717
2866,Anesthesiologist,717
2867,Surgical Nurse,717
2868,Circulating Nurse,717
2869,Lead Surgeon,718
2870,Anesthesiologist,718
2871,Surgical Nurse,718
2872,Circulating Nurse,718
2873,Lead Surgeon,719
2874,Anesthesiologist,719
2875,Surgical Nurse,719
2876,Circulating Nurse,719
2877,Lead Surgeon,720
2878,Anesthesiologist,720
2879,Surgical Nurse,720
2880,Circulating Nurse,720
2881,Lead Surgeon,721
2882,Anesthesiologist,721
2883,Surgical Nurse,721
2884,Circulating Nurse,721
2885,Lead Surgeon,722
2886,Anesthesiologist,722
2887,Surgical Nurse,722
2888,Circulating Nurse,722
2889,Lead Surgeon,723
2890,Anesthesiologist,723
2891,Surgical Nurse,723
2892,Circulating Nurse,723
2893,Lead Surgeon,724
2894,Anesthesiologist,724
2895,Surgical Nurse,724
2896,Circulating Nurse,724
2897,Lead Surgeon,725
2898,Anesthesiologist,725
2899,Surgical Nurse,725
2900,Circulating Nurse,725
2901,Lead Surgeon,726
2902,Anesthesiologist,726
2903,Surgical Nurse,726
2904,Circulating Nurse,726
2905,Lead Surgeon,727
2906,Anesthesiologist,727
2907,Surgical Nurse,727
2908,Circulating Nurse,727
2909,Lead Surgeon,728
2910,Anesthesiologist,728
2911,Surgical Nurse,728
2912,Circulating Nurse,728
2913,Lead Surgeon,729
2914,Anesthesiologist,729
2915,Surgical Nurse,729
2916,Circulating Nurse,729
2917,Lead Surgeon,730
2918,Anesthesiologist,730
2919,Surgical Nurse,730
2920,Circulating Nurse,730
2921,Lead Surgeon,731
2922,Anesthesiologist,731
2923,Surgical Nurse,731
2924,Circulating Nurse,731
2925,Lead Surgeon,732
2926,Anesthesiologist,732
2927,Surgical Nurse,732
2928,Circulating Nurse,732
2929,Lead Surgeon,733
2930,Anesthesiologist,733
2931,Surgical Nurse,733
2932,Circulating Nurse,733
2933,Lead Surgeon,734
2934,Anesthesiologist,734
2935,Surgical Nurse,734
2936,Circulating Nurse,734
2937,Lead Surgeon,735
2938,Anesthesiologist,735
2939,Surgical Nurse,735
2940,Circulating Nurse,735
2941,Lead Surgeon,736
2942,Anesthesiologist,736
2943,Surgical Nurse,736
2944,Circulating Nurse,736
2945,Lead Surgeon,737
2946,Anesthesiologist,737
2947,Surgical Nurse,737
2948,Circulating Nurse,737
2949,Lead Surgeon,738
2950,Anesthesiologist,738
2951,Surgical Nurse,738
2952,Circulating Nurse,738
2953,Lead Surgeon,739
2954,Anesthesiologist,739
2955,Surgical Nurse,739
2956,Circulating Nurse,739
2957,Lead Surgeon,740
2958,Anesthesiologist,740
2959,Surgical Nurse,740
2960,Circulating Nurse,740
2961,Lead Surgeon,741
2962,Anesthesiologist,741
2963,Surgical Nurse,741
2964,Circulating Nurse,741
2965,Lead Surgeon,742
2966,Anesthesiologist,742
2967,Surgical Nurse,742
2968,Circulating Nurse,742
2969,Lead Surgeon,743
2970,Anesthesiologist,743
2971,Surgical Nurse,743
2972,Circulating Nurse,743
2973,Lead Surgeon,744
2974,Anesthesiologist,744
2975,Surgical Nurse,744
2976,Circulating Nurse,744
2977,Lead Surgeon,745
2978,Anesthesiologist,745
2979,Surgical Nurse,745
2980,Circulating Nurse,745
2981,Lead Surgeon,746
2982,Anesthesiologist,746
2983,Surgical Nurse,746
2984,Circulating Nurse,746
2985,Lead Surgeon,747
2986,Anesthesiologist,747
2987,Surgical Nurse,747
2988,Circulating Nurse,747
2989,Lead Surgeon,748
2990,Anesthesiologist,748
2991,Surgical Nurse,748
2992,Circulating Nurse,748
2993,Lead Surgeon,749
2994,Anesthesiologist,749
2995,Surgical Nurse,749
2996,Circulating Nurse,749
2997,Lead Surgeon,750
2998,Anesthesiologist,750
2999,Surgical Nurse,750
3000,Circulating Nurse,750
3001,Lead Surgeon,751
3002,Anesthesiologist,751
3003,Surgical Nurse,751
3004,Circulating Nurse,751
3005,Lead Surgeon,752
3006,Anesthesiologist,752
3007,Surgical Nurse,752
3008,Circulating Nurse,752
3009,Lead Surgeon,753
3010,Anesthesiologist,753
3011,Surgical Nurse,753
3012,Circulating Nurse,753
3013,Lead Surgeon,754
3014,Anesthesiologist,754
3015,Surgical Nurse,754
3016,Circulating Nurse,754
3017,Lead Surgeon,755
3018,Anesthesiologist,755
3019,Surgical Nurse,755
3020,Circulating Nurse,755
3021,Lead Surgeon,756
3022,Anesthesiologist,756
3023,Surgical Nurse,756
3024,Circulating Nurse,756
3025,Lead Surgeon,757
3026,Anesthesiologist,757
3027,Surgical Nurse,757
3028,Circulating Nurse,757
3029,Lead Surgeon,758
3030,Anesthesiologist,758
3031,Surgical Nurse,758
3032,Circulating Nurse,758
3033,Lead Surgeon,759
3034,Anesthesiologist,759
3035,Surgical Nurse,759
3036,Circulating Nurse,759
3037,Lead Surgeon,760
3038,Anesthesiologist,760
3039,Surgical Nurse,760
3040,Circulating Nurse,760
3041,Lead Surgeon,761
3042,Anesthesiologist,761
3043,Surgical Nurse,761
3044,Circulating Nurse,761
3045,Lead Surgeon,762
3046,Anesthesiologist,762
3047,Surgical Nurse,762
3048,Circulating Nurse,762
3049,Lead Surgeon,763
3050,Anesthesiologist,763
3051,Surgical Nurse,763
3052,Circulating Nurse,763
3053,Lead Surgeon,764
3054,Anesthesiologist,764
3055,Surgical Nurse,764
3056,Circulating Nurse,764
3057,Lead Surgeon,765
3058,Anesthesiologist,765
3059,Surgical Nurse,765
3060,Circulating Nurse,765
3061,Lead Surgeon,766
3062,Anesthesiologist,766
3063,Surgical Nurse,766
3064,Circulating Nurse,766
3065,Lead Surgeon,767
3066,Anesthesiologist,767
3067,Surgical Nurse,767
3068,Circulating Nurse,767
3069,Lead Surgeon,768
3070,Anesthesiologist,768
3071,Surgical Nurse,768
3072,Circulating Nurse,768
3073,Lead Surgeon,769
3074,Anesthesiologist,769
3075,Surgical Nurse,769
3076,Circulating Nurse,769
3077,Lead Surgeon,770
3078,Anesthesiologist,770
3079,Surgical Nurse,770
3080,Circulating Nurse,770
3081,Lead Surgeon,771
3082,Anesthesiologist,771
3083,Surgical Nurse,771
3084,Circulating Nurse,771
3085,Lead Surgeon,772
3086,Anesthesiologist,772
3087,Surgical Nurse,772
3088,Circulating Nurse,772
3089,Lead Surgeon,773
3090,Anesthesiologist,773
3091,Surgical Nurse,773
3092,Circulating Nurse,773
3093,Lead Surgeon,774
3094,Anesthesiologist,774
3095,Surgical Nurse,774
3096,Circulating Nurse,774
3097,Lead Surgeon,775
3098,Anesthesiologist,775
3099,Surgical Nurse,775
3100,Circulating Nurse,775
3101,Lead Surgeon,776
3102,Anesthesiologist,776
3103,Surgical Nurse,776
3104,Circulating Nurse,776
3105,Lead Surgeon,777
3106,Anesthesiologist,777
3107,Surgical Nurse,777
3108,Circulating Nurse,777
3109,Lead Surgeon,778
3110,Anesthesiologist,778
3111,Surgical Nurse,778
3112,Circulating Nurse,778
3113,Lead Surgeon,779
3114,Anesthesiologist,779
3115,Surgical Nurse,779
3116,Circulating Nurse,779
3117,Lead Surgeon,780
3118,Anesthesiologist,780
3119,Surgical Nurse,780
3120,Circulating Nurse,780
3121,Lead Surgeon,781
3122,Anesthesiologist,781
3123,Surgical Nurse,781
3124,Circulating Nurse,781
3125,Lead Surgeon,782
3126,Anesthesiologist,782
3127,Surgical Nurse,782
3128,Circulating Nurse,782
3129,Lead Surgeon,783
3130,Anesthesiologist,783
3131,Surgical Nurse,783
3132,Circulating Nurse,783
3133,Lead Surgeon,784
3134,Anesthesiologist,784
3135,Surgical Nurse,784
3136,Circulating Nurse,784
3137,Lead Surgeon,785
3138,Anesthesiologist,785
3139,Surgical Nurse,785
3140,Circulating Nurse,785
3141,Lead Surgeon,786
3142,Anesthesiologist,786
3143,Surgical Nurse,786
3144,Circulating Nurse,786
3145,Lead Surgeon,787
3146,Anesthesiologist,787
3147,Surgical Nurse,787
3148,Circulating Nurse,787
3149,Lead Surgeon,788
3150,Anesthesiologist,788
3151,Surgical Nurse,788
3152,Circulating Nurse,788
3153,Lead Surgeon,789
3154,Anesthesiologist,789
3155,Surgical Nurse,789
3156,Circulating Nurse,789
3157,Lead Surgeon,790
3158,Anesthesiologist,790
3159,Surgical Nurse,790
3160,Circulating Nurse,790
3161,Lead Surgeon,791
3162,Anesthesiologist,791
3163,Surgical Nurse,791
3164,Circulating Nurse,791
3165,Lead Surgeon,792
3166,Anesthesiologist,792
3167,Surgical Nurse,792
3168,Circulating Nurse,792
3169,Lead Surgeon,793
3170,Anesthesiologist,793
3171,Surgical Nurse,793
3172,Circulating Nurse,793
3173,Lead Surgeon,794
3174,Anesthesiologist,794
3175,Surgical Nurse,794
3176,Circulating Nurse,794
3177,Lead Surgeon,795
3178,Anesthesiologist,795
3179,Surgical Nurse,795
3180,Circulating Nurse,795
3181,Lead Surgeon,796
3182,Anesthesiologist,796
3183,Surgical Nurse,796
3184,Circulating Nurse,796
3185,Lead Surgeon,797
3186,Anesthesiologist,797
3187,Surgical Nurse,797
3188,Circulating Nurse,797
3189,Lead Surgeon,798
3190,Anesthesiologist,798
3191,Surgical Nurse,798
3192,Circulating Nurse,798
3193,Lead Surgeon,799
3194,Anesthesiologist,799
3195,Surgical Nurse,799
3196,Circulating Nurse,799
3197,Lead Surgeon,800
3198,Anesthesiologist,800
3199,Surgical Nurse,800
3200,Circulating Nurse,800
3201,Lead Surgeon,801
3202,Anesthesiologist,801
3203,Surgical Nurse,801
3204,Circulating Nurse,801
3205,Lead Surgeon,802
3206,Anesthesiologist,802
3207,Surgical Nurse,802
3208,Circulating Nurse,802
3209,Lead Surgeon,803
3210,Anesthesiologist,803
3211,Surgical Nurse,803
3212,Circulating Nurse,803
3213,Lead Surgeon,804
3214,Anesthesiologist,804
3215,Surgical Nurse,804
3216,Circulating Nurse,804
3217,Lead Surgeon,805
3218,Anesthesiologist,805
3219,Surgical Nurse,805
3220,Circulating Nurse,805
3221,Lead Surgeon,806
3222,Anesthesiologist,806
3223,Surgical Nurse,806
3224,Circulating Nurse,806
3225,Lead Surgeon,807
3226,Anesthesiologist,807
3227,Surgical Nurse,807
3228,Circulating Nurse,807
3229,Lead Surgeon,808
3230,Anesthesiologist,808
3231,Surgical Nurse,808
3232,Circulating Nurse,808
3233,Lead Surgeon,809
3234,Anesthesiologist,809
3235,Surgical Nurse,809
3236,Circulating Nurse,809
3237,Lead Surgeon,810
3238,Anesthesiologist,810
3239,Surgical Nurse,810
3240,Circulating Nurse,810
3241,Lead Surgeon,811
3242,Anesthesiologist,811
3243,Surgical Nurse,811
3244,Circulating Nurse,811
3245,Lead Surgeon,812
3246,Anesthesiologist,812
3247,Surgical Nurse,812
3248,Circulating Nurse,812
3249,Lead Surgeon,813
3250,Anesthesiologist,813
3251,Surgical Nurse,813
3252,Circulating Nurse,813
3253,Lead Surgeon,814
3254,Anesthesiologist,814
3255,Surgical Nurse,814
3256,Circulating Nurse,814
3257,Lead Surgeon,815
3258,Anesthesiologist,815
3259,Surgical Nurse,815
3260,Circulating Nurse,815
3261,Lead Surgeon,816
3262,Anesthesiologist,816
3263,Surgical Nurse,816
3264,Circulating Nurse,816
3265,Lead Surgeon,817
3266,Anesthesiologist,817
3267,Surgical Nurse,817
3268,Circulating Nurse,817
3269,Lead Surgeon,818
3270,Anesthesiologist,818
3271,Surgical Nurse,818
3272,Circulating Nurse,818
3273,Lead Surgeon,819
3274,Anesthesiologist,819
3275,Surgical Nurse,819
3276,Circulating Nurse,819
3277,Lead Surgeon,820
3278,Anesthesiologist,820
3279,Surgical Nurse,820
3280,Circulating Nurse,820
3281,Lead Surgeon,821
3282,Anesthesiologist,821
3283,Surgical Nurse,821
3284,Circulating Nurse,821
3285,Lead Surgeon,822
3286,Anesthesiologist,822
3287,Surgical Nurse,822
3288,Circulating Nurse,822
3289,Lead Surgeon,823
3290,Anesthesiologist,823
3291,Surgical Nurse,823
3292,Circulating Nurse,823
3293,Lead Surgeon,824
3294,Anesthesiologist,824
3295,Surgical Nurse,824
3296,Circulating Nurse,824
3297,Lead Surgeon,825
3298,Anesthesiologist,825
3299,Surgical Nurse,825
3300,Circulating Nurse,825
3301,Lead Surgeon,826
3302,Anesthesiologist,826
3303,Surgical Nurse,826
3304,Circulating Nurse,826
3305,Lead Surgeon,827
3306,Anesthesiologist,827
3307,Surgical Nurse,827
3308,Circulating Nurse,827
3309,Lead Surgeon,828
3310,Anesthesiologist,828
3311,Surgical Nurse,828
3312,Circulating Nurse,828
3313,Lead Surgeon,829
3314,Anesthesiologist,829
3315,Surgical Nurse,829
3316,Circulating Nurse,829
3317,Lead Surgeon,830
3318,Anesthesiologist,830
3319,Surgical Nurse,830
3320,Circulating Nurse,830
3321,Lead Surgeon,831
3322,Anesthesiologist,831
3323,Surgical Nurse,831
3324,Circulating Nurse,831
3325,Lead Surgeon,832
3326,Anesthesiologist,832
3327,Surgical Nurse,832
3328,Circulating Nurse,832
3329,Lead Surgeon,833
3330,Anesthesiologist,833
3331,Surgical Nurse,833
3332,Circulating Nurse,833
3333,Lead Surgeon,834
3334,Anesthesiologist,834
3335,Surgical Nurse,834
3336,Circulating Nurse,834
3337,Lead Surgeon,835
3338,Anesthesiologist,835
3339,Surgical Nurse,835
3340,Circulating Nurse,835
3341,Lead Surgeon,836
3342,Anesthesiologist,836
3343,Surgical Nurse,836
3344,Circulating Nurse,836
3345,Lead Surgeon,837
3346,Anesthesiologist,837
3347,Surgical Nurse,837
3348,Circulating Nurse,837
3349,Lead Surgeon,838
3350,Anesthesiologist,838
3351,Surgical Nurse,838
3352,Circulating Nurse,838
3353,Lead Surgeon,839
3354,Anesthesiologist,839
3355,Surgical Nurse,839
3356,Circulating Nurse,839
3357,Lead Surgeon,840
3358,Anesthesiologist,840
3359,Surgical Nurse,840
3360,Circulating Nurse,840
3361,Lead Surgeon,841
3362,Anesthesiologist,841
3363,Surgical Nurse,841
3364,Circulating Nurse,841
3365,Lead Surgeon,842
3366,Anesthesiologist,842
3367,Surgical Nurse,842
3368,Circulating Nurse,842
3369,Lead Surgeon,843
3370,Anesthesiologist,843
3371,Surgical Nurse,843
3372,Circulating Nurse,843
3373,Lead Surgeon,844
3374,Anesthesiologist,844
3375,Surgical Nurse,844
3376,Circulating Nurse,844
3377,Lead Surgeon,845
3378,Anesthesiologist,845
3379,Surgical Nurse,845
3380,Circulating Nurse,845
3381,Lead Surgeon,846
3382,Anesthesiologist,846
3383,Surgical Nurse,846
3384,Circulating Nurse,846
3385,Lead Surgeon,847
3386,Anesthesiologist,847
3387,Surgical Nurse,847
3388,Circulating Nurse,847
3389,Lead Surgeon,848
3390,Anesthesiologist,848
3391,Surgical Nurse,848
3392,Circulating Nurse,848
3393,Lead Surgeon,849
3394,Anesthesiologist,849
3395,Surgical Nurse,849
3396,Circulating Nurse,849
3397,Lead Surgeon,850
3398,Anesthesiologist,850
3399,Surgical Nurse,850
3400,Circulating Nurse,850
3401,Lead Surgeon,851
3402,Anesthesiologist,851
3403,Surgical Nurse,851
3404,Circulating Nurse,851
3405,Lead Surgeon,852
3406,Anesthesiologist,852
3407,Surgical Nurse,852
3408,Circulating Nurse,852
3409,Lead Surgeon,853
3410,Anesthesiologist,853
3411,Surgical Nurse,853
3412,Circulating Nurse,853
3413,Lead Surgeon,854
3414,Anesthesiologist,854
3415,Surgical Nurse,854
3416,Circulating Nurse,854
3417,Lead Surgeon,855
3418,Anesthesiologist,855
3419,Surgical Nurse,855
3420,Circulating Nurse,855
3421,Lead Surgeon,856
3422,Anesthesiologist,856
3423,Surgical Nurse,856
3424,Circulating Nurse,856
3425,Lead Surgeon,857
3426,Anesthesiologist,857
3427,Surgical Nurse,857
3428,Circulating Nurse,857
3429,Lead Surgeon,858
3430,Anesthesiologist,858
3431,Surgical Nurse,858
3432,Circulating Nurse,858
3433,Lead Surgeon,859
3434,Anesthesiologist,859
3435,Surgical Nurse,859
3436,Circulating Nurse,859
3437,Lead Surgeon,860
3438,Anesthesiologist,860
3439,Surgical Nurse,860
3440,Circulating Nurse,860
3441,Lead Surgeon,861
3442,Anesthesiologist,861
3443,Surgical Nurse,861
3444,Circulating Nurse,861
3445,Lead Surgeon,862
3446,Anesthesiologist,862
3447,Surgical Nurse,862
3448,Circulating Nurse,862
3449,Lead Surgeon,863
3450,Anesthesiologist,863
3451,Surgical Nurse,863
3452,Circulating Nurse,863
3453,Lead Surgeon,864
3454,Anesthesiologist,864
3455,Surgical Nurse,864
3456,Circulating Nurse,864
3457,Lead Surgeon,865
3458,Anesthesiologist,865
3459,Surgical Nurse,865
3460,Circulating Nurse,865
3461,Lead Surgeon,866
3462,Anesthesiologist,866
3463,Surgical Nurse,866
3464,Circulating Nurse,866
3465,Lead Surgeon,867
3466,Anesthesiologist,867
3467,Surgical Nurse,867
3468,Circulating Nurse,867
3469,Lead Surgeon,868
3470,Anesthesiologist,868
3471,Surgical Nurse,868
3472,Circulating Nurse,868
3473,Lead Surgeon,869
3474,Anesthesiologist,869
3475,Surgical Nurse,869
3476,Circulating Nurse,869
3477,Lead Surgeon,870
3478,Anesthesiologist,870
3479,Surgical Nurse,870
3480,Circulating Nurse,870
3481,Lead Surgeon,871
3482,Anesthesiologist,871
3483,Surgical Nurse,871
3484,Circulating Nurse,871
3485,Lead Surgeon,872
3486,Anesthesiologist,872
3487,Surgical Nurse,872
3488,Circulating Nurse,872
3489,Lead Surgeon,873
3490,Anesthesiologist,873
3491,Surgical Nurse,873
3492,Circulating Nurse,873
3493,Lead Surgeon,874
3494,Anesthesiologist,874
3495,Surgical Nurse,874
3496,Circulating Nurse,874
3497,Lead Surgeon,875
3498,Anesthesiologist,875
3499,Surgical Nurse,875
3500,Circulating Nurse,875
3501,Lead Surgeon,876
3502,Anesthesiologist,876
3503,Surgical Nurse,876
3504,Circulating Nurse,876
3505,Lead Surgeon,877
3506,Anesthesiologist,877
3507,Surgical Nurse,877
3508,Circulating Nurse,877
3509,Lead Surgeon,878
3510,Anesthesiologist,878
3511,Surgical Nurse,878
3512,Circulating Nurse,878
3513,Lead Surgeon,879
3514,Anesthesiologist,879
3515,Surgical Nurse,879
3516,Circulating Nurse,879
3517,Lead Surgeon,880
3518,Anesthesiologist,880
3519,Surgical Nurse,880
3520,Circulating Nurse,880
3521,Lead Surgeon,881
3522,Anesthesiologist,881
3523,Surgical Nurse,881
3524,Circulating Nurse,881
3525,Lead Surgeon,882
3526,Anesthesiologist,882
3527,Surgical Nurse,882
3528,Circulating Nurse,882
3529,Lead Surgeon,883
3530,Anesthesiologist,883
3531,Surgical Nurse,883
3532,Circulating Nurse,883
3533,Lead Surgeon,884
3534,Anesthesiologist,884
3535,Surgical Nurse,884
3536,Circulating Nurse,884
3537,Lead Surgeon,885
3538,Anesthesiologist,885
3539,Surgical Nurse,885
3540,Circulating Nurse,885
3541,Lead Surgeon,886
3542,Anesthesiologist,886
3543,Surgical Nurse,886
3544,Circulating Nurse,886
3545,Lead Surgeon,887
3546,Anesthesiologist,887
3547,Surgical Nurse,887
3548,Circulating Nurse,887
3549,Lead Surgeon,888
3550,Anesthesiologist,888
3551,Surgical Nurse,888
3552,Circulating Nurse,888
3553,Lead Surgeon,889
3554,Anesthesiologist,889
3555,Surgical Nurse,889
3556,Circulating Nurse,889
3557,Lead Surgeon,890
3558,Anesthesiologist,890
3559,Surgical Nurse,890
3560,Circulating Nurse,890
3561,Lead Surgeon,891
3562,Anesthesiologist,891
3563,Surgical Nurse,891
3564,Circulating Nurse,891
3565,Lead Surgeon,892
3566,Anesthesiologist,892
3567,Surgical Nurse,892
3568,Circulating Nurse,892
3569,Lead Surgeon,893
3570,Anesthesiologist,893
3571,Surgical Nurse,893
3572,Circulating Nurse,893
3573,Lead Surgeon,894
3574,Anesthesiologist,894
3575,Surgical Nurse,894
3576,Circulating Nurse,894
3577,Lead Surgeon,895
3578,Anesthesiologist,895
3579,Surgical Nurse,895
3580,Circulating Nurse,895
3581,Lead Surgeon,896
3582,Anesthesiologist,896
3583,Surgical Nurse,896
3584,Circulating Nurse,896
3585,Lead Surgeon,897
3586,Anesthesiologist,897
3587,Surgical Nurse,897
3588,Circulating Nurse,897
3589,Lead Surgeon,898
3590,Anesthesiologist,898
3591,Surgical Nurse,898
3592,Circulating Nurse,898
3593,Lead Surgeon,899
3594,Anesthesiologist,899
3595,Surgical Nurse,899
3596,Circulating Nurse,899
3597,Lead Surgeon,900
3598,Anesthesiologist,900
3599,Surgical Nurse,900
3600,Circulating Nurse,900
3601,Lead Surgeon,901
3602,Anesthesiologist,901
3603,Surgical Nurse,901
3604,Circulating Nurse,901
3605,Lead Surgeon,902
3606,Anesthesiologist,902
3607,Surgical Nurse,902
3608,Circulating Nurse,902
3609,Lead Surgeon,903
3610,Anesthesiologist,903
3611,Surgical Nurse,903
3612,Circulating Nurse,903
3613,Lead Surgeon,904
3614,Anesthesiologist,904
3615,Surgical Nurse,904
3616,Circulating Nurse,904
3617,Lead Surgeon,905
3618,Anesthesiologist,905
3619,Surgical Nurse,905
3620,Circulating Nurse,905
3621,Lead Surgeon,906
3622,Anesthesiologist,906
3623,Surgical Nurse,906
3624,Circulating Nurse,906
3625,Lead Surgeon,907
3626,Anesthesiologist,907
3627,Surgical Nurse,907
3628,Circulating Nurse,907
3629,Lead Surgeon,908
3630,Anesthesiologist,908
3631,Surgical Nurse,908
3632,Circulating Nurse,908
3633,Lead Surgeon,909
3634,Anesthesiologist,909
3635,Surgical Nurse,909
3636,Circulating Nurse,909
3637,Lead Surgeon,910
3638,Anesthesiologist,910
3639,Surgical Nurse,910
3640,Circulating Nurse,910
3641,Lead Surgeon,911
3642,Anesthesiologist,911
3643,Surgical Nurse,911
3644,Circulating Nurse,911
3645,Lead Surgeon,912
3646,Anesthesiologist,912
3647,Surgical Nurse,912
3648,Circulating Nurse,912
3649,Lead Surgeon,913
3650,Anesthesiologist,913
3651,Surgical Nurse,913
3652,Circulating Nurse,913
3653,Lead Surgeon,914
3654,Anesthesiologist,914
3655,Surgical Nurse,914
3656,Circulating Nurse,914
3657,Lead Surgeon,915
3658,Anesthesiologist,915
3659,Surgical Nurse,915
3660,Circulating Nurse,915
3661,Lead Surgeon,916
3662,Anesthesiologist,916
3663,Surgical Nurse,916
3664,Circulating Nurse,916
3665,Lead Surgeon,917
3666,Anesthesiologist,917
3667,Surgical Nurse,917
3668,Circulating Nurse,917
3669,Lead Surgeon,918
3670,Anesthesiologist,918
3671,Surgical Nurse,918
3672,Circulating Nurse,918
3673,Lead Surgeon,919
3674,Anesthesiologist,919
3675,Surgical Nurse,919
3676,Circulating Nurse,919
3677,Lead Surgeon,920
3678,Anesthesiologist,920
3679,Surgical Nurse,920
3680,Circulating Nurse,920
3681,Lead Surgeon,921
3682,Anesthesiologist,921
3683,Surgical Nurse,921
3684,Circulating Nurse,921
3685,Lead Surgeon,922
3686,Anesthesiologist,922
3687,Surgical Nurse,922
3688,Circulating Nurse,922
3689,Lead Surgeon,923
3690,Anesthesiologist,923
3691,Surgical Nurse,923
3692,Circulating Nurse,923
3693,Lead Surgeon,924
3694,Anesthesiologist,924
3695,Surgical Nurse,924
3696,Circulating Nurse,924
3697,Lead Surgeon,925
3698,Anesthesiologist,925
3699,Surgical Nurse,925
3700,Circulating Nurse,925
3701,Lead Surgeon,926
3702,Anesthesiologist,926
3703,Surgical Nurse,926
3704,Circulating Nurse,926
3705,Lead Surgeon,927
3706,Anesthesiologist,927
3707,Surgical Nurse,927
3708,Circulating Nurse,927
3709,Lead Surgeon,928
3710,Anesthesiologist,928
3711,Surgical Nurse,928
3712,Circulating Nurse,928
3713,Lead Surgeon,929
3714,Anesthesiologist,929
3715,Surgical Nurse,929
3716,Circulating Nurse,929
3717,Lead Surgeon,930
3718,Anesthesiologist,930
3719,Surgical Nurse,930
3720,Circulating Nurse,930
3721,Lead Surgeon,931
3722,Anesthesiologist,931
3723,Surgical Nurse,931
3724,Circulating Nurse,931
3725,Lead Surgeon,932
3726,Anesthesiologist,932
3727,Surgical Nurse,932
3728,Circulating Nurse,932
3729,Lead Surgeon,933
3730,Anesthesiologist,933
3731,Surgical Nurse,933
3732,Circulating Nurse,933
3733,Lead Surgeon,934
3734,Anesthesiologist,934
3735,Surgical Nurse,934
3736,Circulating Nurse,934
3737,Lead Surgeon,935
3738,Anesthesiologist,935
3739,Surgical Nurse,935
3740,Circulating Nurse,935
3741,Lead Surgeon,936
3742,Anesthesiologist,936
3743,Surgical Nurse,936
3744,Circulating Nurse,936
3745,Lead Surgeon,937
3746,Anesthesiologist,937
3747,Surgical Nurse,937
3748,Circulating Nurse,937
3749,Lead Surgeon,938
3750,Anesthesiologist,938
3751,Surgical Nurse,938
3752,Circulating Nurse,938
3753,Lead Surgeon,939
3754,Anesthesiologist,939
3755,Surgical Nurse,939
3756,Circulating Nurse,939
3757,Lead Surgeon,940
3758,Anesthesiologist,940
3759,Surgical Nurse,940
3760,Circulating Nurse,940
3761,Lead Surgeon,941
3762,Anesthesiologist,941
3763,Surgical Nurse,941
3764,Circulating Nurse,941
3765,Lead Surgeon,942
3766,Anesthesiologist,942
3767,Surgical Nurse,942
3768,Circulating Nurse,942
3769,Lead Surgeon,943
3770,Anesthesiologist,943
3771,Surgical Nurse,943
3772,Circulating Nurse,943
3773,Lead Surgeon,944
3774,Anesthesiologist,944
3775,Surgical Nurse,944
3776,Circulating Nurse,944
3777,Lead Surgeon,945
3778,Anesthesiologist,945
3779,Surgical Nurse,945
3780,Circulating Nurse,945
3781,Lead Surgeon,946
3782,Anesthesiologist,946
3783,Surgical Nurse,946
3784,Circulating Nurse,946
3785,Lead Surgeon,947
3786,Anesthesiologist,947
3787,Surgical Nurse,947
3788,Circulating Nurse,947
3789,Lead Surgeon,948
3790,Anesthesiologist,948
3791,Surgical Nurse,948
3792,Circulating Nurse,948
3793,Lead Surgeon,949
3794,Anesthesiologist,949
3795,Surgical Nurse,949
3796,Circulating Nurse,949
3797,Lead Surgeon,950
3798,Anesthesiologist,950
3799,Surgical Nurse,950
3800,Circulating Nurse,950
3801,Lead Surgeon,951
3802,Anesthesiologist,951
3803,Surgical Nurse,951
3804,Circulating Nurse,951
3805,Lead Surgeon,952
3806,Anesthesiologist,952
3807,Surgical Nurse,952
3808,Circulating Nurse,952
3809,Lead Surgeon,953
3810,Anesthesiologist,953
3811,Surgical Nurse,953
3812,Circulating Nurse,953
3813,Lead Surgeon,954
3814,Anesthesiologist,954
3815,Surgical Nurse,954
3816,Circulating Nurse,954
3817,Lead Surgeon,955
3818,Anesthesiologist,955
3819,Surgical Nurse,955
3820,Circulating Nurse,955
3821,Lead Surgeon,956
3822,Anesthesiologist,956
3823,Surgical Nurse,956
3824,Circulating Nurse,956
3825,Lead Surgeon,957
3826,Anesthesiologist,957
3827,Surgical Nurse,957
3828,Circulating Nurse,957
3829,Lead Surgeon,958
3830,Anesthesiologist,958
3831,Surgical Nurse,958
3832,Circulating Nurse,958
3833,Lead Surgeon,959
3834,Anesthesiologist,959
3835,Surgical Nurse,959
3836,Circulating Nurse,959
3837,Lead Surgeon,960
3838,Anesthesiologist,960
3839,Surgical Nurse,960
3840,Circulating Nurse,960
3841,Lead Surgeon,961
3842,Anesthesiologist,961
3843,Surgical Nurse,961
3844,Circulating Nurse,961
3845,Lead Surgeon,962
3846,Anesthesiologist,962
3847,Surgical Nurse,962
3848,Circulating Nurse,962
3849,Lead Surgeon,963
3850,Anesthesiologist,963
3851,Surgical Nurse,963
3852,Circulating Nurse,963
3853,Lead Surgeon,964
3854,Anesthesiologist,964
3855,Surgical Nurse,964
3856,Circulating Nurse,964
3857,Lead Surgeon,965
3858,Anesthesiologist,965
3859,Surgical Nurse,965
3860,Circulating Nurse,965
3861,Lead Surgeon,966
3862,Anesthesiologist,966
3863,Surgical Nurse,966
3864,Circulating Nurse,966
3865,Lead Surgeon,967
3866,Anesthesiologist,967
3867,Surgical Nurse,967
3868,Circulating Nurse,967
3869,Lead Surgeon,968
3870,Anesthesiologist,968
3871,Surgical Nurse,968
3872,Circulating Nurse,968
3873,Lead Surgeon,969
3874,Anesthesiologist,969
3875,Surgical Nurse,969
3876,Circulating Nurse,969
3877,Lead Surgeon,970
3878,Anesthesiologist,970
3879,Surgical Nurse,970
3880,Circulating Nurse,970
3881,Lead Surgeon,971
3882,Anesthesiologist,971
3883,Surgical Nurse,971
3884,Circulating Nurse,971
3885,Lead Surgeon,972
3886,Anesthesiologist,972
3887,Surgical Nurse,972
3888,Circulating Nurse,972
3889,Lead Surgeon,973
3890,Anesthesiologist,973
3891,Surgical Nurse,973
3892,Circulating Nurse,973
3893,Lead Surgeon,974
3894,Anesthesiologist,974
3895,Surgical Nurse,974
3896,Circulating Nurse,974
3897,Lead Surgeon,975
3898,Anesthesiologist,975
3899,Surgical Nurse,975
3900,Circulating Nurse,975
3901,Lead Surgeon,976
3902,Anesthesiologist,976
3903,Surgical Nurse,976
3904,Circulating Nurse,976
3905,Lead Surgeon,977
3906,Anesthesiologist,977
3907,Surgical Nurse,977
3908,Circulating Nurse,977
3909,Lead Surgeon,978
3910,Anesthesiologist,978
3911,Surgical Nurse,978
3912,Circulating Nurse,978
3913,Lead Surgeon,979
3914,Anesthesiologist,979
3915,Surgical Nurse,979
3916,Circulating Nurse,979
3917,Lead Surgeon,980
3918,Anesthesiologist,980
3919,Surgical Nurse,980
3920,Circulating Nurse,980
3921,Lead Surgeon,981
3922,Anesthesiologist,981
3923,Surgical Nurse,981
3924,Circulating Nurse,981
3925,Lead Surgeon,982
3926,Anesthesiologist,982
3927,Surgical Nurse,982
3928,Circulating Nurse,982
3929,Lead Surgeon,983
3930,Anesthesiologist,983
3931,Surgical Nurse,983
3932,Circulating Nurse,983
3933,Lead Surgeon,984
3934,Anesthesiologist,984
3935,Surgical Nurse,984
3936,Circulating Nurse,984
3937,Lead Surgeon,985
3938,Anesthesiologist,985
3939,Surgical Nurse,985
3940,Circulating Nurse,985
3941,Lead Surgeon,986
3942,Anesthesiologist,986
3943,Surgical Nurse,986
3944,Circulating Nurse,986
3945,Lead Surgeon,987
3946,Anesthesiologist,987
3947,Surgical Nurse,987
3948,Circulating Nurse,987
3949,Lead Surgeon,988
3950,Anesthesiologist,988
3951,Surgical Nurse,988
3952,Circulating Nurse,988
3953,Lead Surgeon,989
3954,Anesthesiologist,989
3955,Surgical Nurse,989
3956,Circulating Nurse,989
3957,Lead Surgeon,990
3958,Anesthesiologist,990
3959,Surgical Nurse,990
3960,Circulating Nurse,990
3961,Lead Surgeon,991
3962,Anesthesiologist,991
3963,Surgical Nurse,991
3964,Circulating Nurse,991
3965,Lead Surgeon,992
3966,Anesthesiologist,992
3967,Surgical Nurse,992
3968,Circulating Nurse,992
3969,Lead Surgeon,993
3970,Anesthesiologist,993
3971,Surgical Nurse,993
3972,Circulating Nurse,993
3973,Lead Surgeon,994
3974,Anesthesiologist,994
3975,Surgical Nurse,994
3976,Circulating Nurse,994
3977,Lead Surgeon,995
3978,Anesthesiologist,995
3979,Surgical Nurse,995
3980,Circulating Nurse,995
3981,Lead Surgeon,996
3982,Anesthesiologist,996
3983,Surgical Nurse,996
3984,Circulating Nurse,996
3985,Lead Surgeon,997
3986,Anesthesiologist,997
3987,Surgical Nurse,997
3988,Circulating Nurse,997
3989,Lead Surgeon,998
3990,Anesthesiologist,998
3991,Surgical Nurse,998
3992,Circulating Nurse,998
3993,Lead Surgeon,999
3994,Anesthesiologist,999
3995,Surgical Nurse,999
3996,Circulating Nurse,999
3997,Lead Surgeon,1000
3998,Anesthesiologist,1000
3999,Surgical Nurse,1000
4000,Circulating Nurse,1000
4001,Lead Surgeon,1001
4002,Anesthesiologist,1001
4003,Surgical Nurse,1001
4004,Circulating Nurse,1001
4005,Lead Surgeon,1002
4006,Anesthesiologist,1002
4007,Surgical Nurse,1002
4008,Circulating Nurse,1002
4009,Lead Surgeon,1003
4010,Anesthesiologist,1003
4011,Surgical Nurse,1003
4012,Circulating Nurse,1003
4013,Lead Surgeon,1004
4014,Anesthesiologist,1004
4015,Surgical Nurse,1004
4016,Circulating Nurse,1004
4017,Lead Surgeon,1005
4018,Anesthesiologist,1005
4019,Surgical Nurse,1005
4020,Circulating Nurse,1005
4021,Lead Surgeon,1006
4022,Anesthesiologist,1006
4023,Surgical Nurse,1006
4024,Circulating Nurse,1006
4025,Lead Surgeon,1007
4026,Anesthesiologist,1007
4027,Surgical Nurse,1007
4028,Circulating Nurse,1007
4029,Lead Surgeon,1008
4030,Anesthesiologist,1008
4031,Surgical Nurse,1008
4032,Circulating Nurse,1008
4033,Lead Surgeon,1009
4034,Anesthesiologist,1009
4035,Surgical Nurse,1009
4036,Circulating Nurse,1009
4037,Lead Surgeon,1010
4038,Anesthesiologist,1010
4039,Surgical Nurse,1010
4040,Circulating Nurse,1010
4041,Lead Surgeon,1011
4042,Anesthesiologist,1011
4043,Surgical Nurse,1011
4044,Circulating Nurse,1011
4045,Lead Surgeon,1012
4046,Anesthesiologist,1012
4047,Surgical Nurse,1012
4048,Circulating Nurse,1012
4049,Lead Surgeon,1013
4050,Anesthesiologist,1013
4051,Surgical Nurse,1013
4052,Circulating Nurse,1013
4053,Lead Surgeon,1014
4054,Anesthesiologist,1014
4055,Surgical Nurse,1014
4056,Circulating Nurse,1014
4057,Lead Surgeon,1015
4058,Anesthesiologist,1015
4059,Surgical Nurse,1015
4060,Circulating Nurse,1015
4061,Lead Surgeon,1016
4062,Anesthesiologist,1016
4063,Surgical Nurse,1016
4064,Circulating Nurse,1016
4065,Lead Surgeon,1017
4066,Anesthesiologist,1017
4067,Surgical Nurse,1017
4068,Circulating Nurse,1017
4069,Lead Surgeon,1018
4070,Anesthesiologist,1018
4071,Surgical Nurse,1018
4072,Circulating Nurse,1018
4073,Lead Surgeon,1019
4074,Anesthesiologist,1019
4075,Surgical Nurse,1019
4076,Circulating Nurse,1019
4077,Lead Surgeon,1020
4078,Anesthesiologist,1020
4079,Surgical Nurse,1020
4080,Circulating Nurse,1020
4081,Lead Surgeon,1021
4082,Anesthesiologist,1021
4083,Surgical Nurse,1021
4084,Circulating Nurse,1021
4085,Lead Surgeon,1022
4086,Anesthesiologist,1022
4087,Surgical Nurse,1022
4088,Circulating Nurse,1022
4089,Lead Surgeon,1023
4090,Anesthesiologist,1023
4091,Surgical Nurse,1023
4092,Circulating Nurse,1023
4093,Lead Surgeon,1024
4094,Anesthesiologist,1024
4095,Surgical Nurse,1024
4096,Circulating Nurse,1024
4097,Lead Surgeon,1025
4098,Anesthesiologist,1025
4099,Surgical Nurse,1025
4100,Circulating Nurse,1025
4101,Lead Surgeon,1026
4102,Anesthesiologist,1026
4103,Surgical Nurse,1026
4104,Circulating Nurse,1026
4105,Lead Surgeon,1027
4106,Anesthesiologist,1027
4107,Surgical Nurse,1027
4108,Circulating Nurse,1027
4109,Lead Surgeon,1028
4110,Anesthesiologist,1028
4111,Surgical Nurse,1028
4112,Circulating Nurse,1028
4113,Lead Surgeon,1029
4114,Anesthesiologist,1029
4115,Surgical Nurse,1029
4116,Circulating Nurse,1029
4117,Lead Surgeon,1030
4118,Anesthesiologist,1030
4119,Surgical Nurse,1030
4120,Circulating Nurse,1030
4121,Lead Surgeon,1031
4122,Anesthesiologist,1031
4123,Surgical Nurse,1031
4124,Circulating Nurse,1031
4125,Lead Surgeon,1032
4126,Anesthesiologist,1032
4127,Surgical Nurse,1032
4128,Circulating Nurse,1032
4129,Lead Surgeon,1033
4130,Anesthesiologist,1033
4131,Surgical Nurse,1033
4132,Circulating Nurse,1033
4133,Lead Surgeon,1034
4134,Anesthesiologist,1034
4135,Surgical Nurse,1034
4136,Circulating Nurse,1034
4137,Lead Surgeon,1035
4138,Anesthesiologist,1035
4139,Surgical Nurse,1035
4140,Circulating Nurse,1035
4141,Lead Surgeon,1036
4142,Anesthesiologist,1036
4143,Surgical Nurse,1036
4144,Circulating Nurse,1036
4145,Lead Surgeon,1037
4146,Anesthesiologist,1037
4147,Surgical Nurse,1037
4148,Circulating Nurse,1037
4149,Lead Surgeon,1038
4150,Anesthesiologist,1038
4151,Surgical Nurse,1038
4152,Circulating Nurse,1038
4153,Lead Surgeon,1039
4154,Anesthesiologist,1039
4155,Surgical Nurse,1039
4156,Circulating Nurse,1039
4157,Lead Surgeon,1040
4158,Anesthesiologist,1040
4159,Surgical Nurse,1040
4160,Circulating Nurse,1040
4161,Lead Surgeon,1041
4162,Anesthesiologist,1041
4163,Surgical Nurse,1041
4164,Circulating Nurse,1041
4165,Lead Surgeon,1042
4166,Anesthesiologist,1042
4167,Surgical Nurse,1042
4168,Circulating Nurse,1042
4169,Lead Surgeon,1043
4170,Anesthesiologist,1043
4171,Surgical Nurse,1043
4172,Circulating Nurse,1043
4173,Lead Surgeon,1044
4174,Anesthesiologist,1044
4175,Surgical Nurse,1044
4176,Circulating Nurse,1044
4177,Lead Surgeon,1045
4178,Anesthesiologist,1045
4179,Surgical Nurse,1045
4180,Circulating Nurse,1045
4181,Lead Surgeon,1046
4182,Anesthesiologist,1046
4183,Surgical Nurse,1046
4184,Circulating Nurse,1046
4185,Lead Surgeon,1047
4186,Anesthesiologist,1047
4187,Surgical Nurse,1047
4188,Circulating Nurse,1047
4189,Lead Surgeon,1048
4190,Anesthesiologist,1048
4191,Surgical Nurse,1048
4192,Circulating Nurse,1048
4193,Lead Surgeon,1049
4194,Anesthesiologist,1049
4195,Surgical Nurse,1049
4196,Circulating Nurse,1049
4197,Lead Surgeon,1050
4198,Anesthesiologist,1050
4199,Surgical Nurse,1050
4200,Circulating Nurse,1050
4201,Lead Surgeon,1051
4202,Anesthesiologist,1051
4203,Surgical Nurse,1051
4204,Circulating Nurse,1051
4205,Lead Surgeon,1052
4206,Anesthesiologist,1052
4207,Surgical Nurse,1052
4208,Circulating Nurse,1052
4209,Lead Surgeon,1053
4210,Anesthesiologist,1053
4211,Surgical Nurse,1053
4212,Circulating Nurse,1053
4213,Lead Surgeon,1054
4214,Anesthesiologist,1054
4215,Surgical Nurse,1054
4216,Circulating Nurse,1054
4217,Lead Surgeon,1055
4218,Anesthesiologist,1055
4219,Surgical Nurse,1055
4220,Circulating Nurse,1055
4221,Lead Surgeon,1056
4222,Anesthesiologist,1056
4223,Surgical Nurse,1056
4224,Circulating Nurse,1056
4225,Lead Surgeon,1057
4226,Anesthesiologist,1057
4227,Surgical Nurse,1057
4228,Circulating Nurse,1057
4229,Lead Surgeon,1058
4230,Anesthesiologist,1058
4231,Surgical Nurse,1058
4232,Circulating Nurse,1058
4233,Lead Surgeon,1059
4234,Anesthesiologist,1059
4235,Surgical Nurse,1059
4236,Circulating Nurse,1059
4237,Lead Surgeon,1060
4238,Anesthesiologist,1060
4239,Surgical Nurse,1060
4240,Circulating Nurse,1060
4241,Lead Surgeon,1061
4242,Anesthesiologist,1061
4243,Surgical Nurse,1061
4244,Circulating Nurse,1061
4245,Lead Surgeon,1062
4246,Anesthesiologist,1062
4247,Surgical Nurse,1062
4248,Circulating Nurse,1062
4249,Lead Surgeon,1063
4250,Anesthesiologist,1063
4251,Surgical Nurse,1063
4252,Circulating Nurse,1063
4253,Lead Surgeon,1064
4254,Anesthesiologist,1064
4255,Surgical Nurse,1064
4256,Circulating Nurse,1064
4257,Lead Surgeon,1065
4258,Anesthesiologist,1065
4259,Surgical Nurse,1065
4260,Circulating Nurse,1065
4261,Lead Surgeon,1066
4262,Anesthesiologist,1066
4263,Surgical Nurse,1066
4264,Circulating Nurse,1066
4265,Lead Surgeon,1067
4266,Anesthesiologist,1067
4267,Surgical Nurse,1067
4268,Circulating Nurse,1067
4269,Lead Surgeon,1068
4270,Anesthesiologist,1068
4271,Surgical Nurse,1068
4272,Circulating Nurse,1068
4273,Lead Surgeon,1069
4274,Anesthesiologist,1069
4275,Surgical Nurse,1069
4276,Circulating Nurse,1069
4277,Lead Surgeon,1070
4278,Anesthesiologist,1070
4279,Surgical Nurse,1070
4280,Circulating Nurse,1070
4281,Lead Surgeon,1071
4282,Anesthesiologist,1071
4283,Surgical Nurse,1071
4284,Circulating Nurse,1071
4285,Lead Surgeon,1072
4286,Anesthesiologist,1072
4287,Surgical Nurse,1072
4288,Circulating Nurse,1072
4289,Lead Surgeon,1073
4290,Anesthesiologist,1073
4291,Surgical Nurse,1073
4292,Circulating Nurse,1073
4293,Lead Surgeon,1074
4294,Anesthesiologist,1074
4295,Surgical Nurse,1074
4296,Circulating Nurse,1074
4297,Lead Surgeon,1075
4298,Anesthesiologist,1075
4299,Surgical Nurse,1075
4300,Circulating Nurse,1075
4301,Lead Surgeon,1076
4302,Anesthesiologist,1076
4303,Surgical Nurse,1076
4304,Circulating Nurse,1076
4305,Lead Surgeon,1077
4306,Anesthesiologist,1077
4307,Surgical Nurse,1077
4308,Circulating Nurse,1077
4309,Lead Surgeon,1078
4310,Anesthesiologist,1078
4311,Surgical Nurse,1078
4312,Circulating Nurse,1078
4313,Lead Surgeon,1079
4314,Anesthesiologist,1079
4315,Surgical Nurse,1079
4316,Circulating Nurse,1079
4317,Lead Surgeon,1080
4318,Anesthesiologist,1080
4319,Surgical Nurse,1080
4320,Circulating Nurse,1080
4321,Lead Surgeon,1081
4322,Anesthesiologist,1081
4323,Surgical Nurse,1081
4324,Circulating Nurse,1081
4325,Lead Surgeon,1082
4326,Anesthesiologist,1082
4327,Surgical Nurse,1082
4328,Circulating Nurse,1082
4329,Lead Surgeon,1083
4330,Anesthesiologist,1083
4331,Surgical Nurse,1083
4332,Circulating Nurse,1083
4333,Lead Surgeon,1084
4334,Anesthesiologist,1084
4335,Surgical Nurse,1084
4336,Circulating Nurse,1084
4337,Lead Surgeon,1085
4338,Anesthesiologist,1085
4339,Surgical Nurse,1085
4340,Circulating Nurse,1085
4341,Lead Surgeon,1086
4342,Anesthesiologist,1086
4343,Surgical Nurse,1086
4344,Circulating Nurse,1086
4345,Lead Surgeon,1087
4346,Anesthesiologist,1087
4347,Surgical Nurse,1087
4348,Circulating Nurse,1087
4349,Lead Surgeon,1088
4350,Anesthesiologist,1088
4351,Surgical Nurse,1088
4352,Circulating Nurse,1088
4353,Lead Surgeon,1089
4354,Anesthesiologist,1089
4355,Surgical Nurse,1089
4356,Circulating Nurse,1089
4357,Lead Surgeon,1090
4358,Anesthesiologist,1090
4359,Surgical Nurse,1090
4360,Circulating Nurse,1090
4361,Lead Surgeon,1091
4362,Anesthesiologist,1091
4363,Surgical Nurse,1091
4364,Circulating Nurse,1091
4365,Lead Surgeon,1092
4366,Anesthesiologist,1092
4367,Surgical Nurse,1092
4368,Circulating Nurse,1092
4369,Lead Surgeon,1093
4370,Anesthesiologist,1093
4371,Surgical Nurse,1093
4372,Circulating Nurse,1093
4373,Lead Surgeon,1094
4374,Anesthesiologist,1094
4375,Surgical Nurse,1094
4376,Circulating Nurse,1094
4377,Lead Surgeon,1095
4378,Anesthesiologist,1095
4379,Surgical Nurse,1095
4380,Circulating Nurse,1095
4381,Lead Surgeon,1096
4382,Anesthesiologist,1096
4383,Surgical Nurse,1096
4384,Circulating Nurse,1096
4385,Lead Surgeon,1097
4386,Anesthesiologist,1097
4387,Surgical Nurse,1097
4388,Circulating Nurse,1097
4389,Lead Surgeon,1098
4390,Anesthesiologist,1098
4391,Surgical Nurse,1098
4392,Circulating Nurse,1098
4393,Lead Surgeon,1099
4394,Anesthesiologist,1099
4395,Surgical Nurse,1099
4396,Circulating Nurse,1099
4397,Lead Surgeon,1100
4398,Anesthesiologist,1100
4399,Surgical Nurse,1100
4400,Circulating Nurse,1100
4401,Lead Surgeon,1101
4402,Anesthesiologist,1101
4403,Surgical Nurse,1101
4404,Circulating Nurse,1101
4405,Lead Surgeon,1102
4406,Anesthesiologist,1102
4407,Surgical Nurse,1102
4408,Circulating Nurse,1102
4409,Lead Surgeon,1103
4410,Anesthesiologist,1103
4411,Surgical Nurse,1103
4412,Circulating Nurse,1103
4413,Lead Surgeon,1104
4414,Anesthesiologist,1104
4415,Surgical Nurse,1104
4416,Circulating Nurse,1104
4417,Lead Surgeon,1105
4418,Anesthesiologist,1105
4419,Surgical Nurse,1105
4420,Circulating Nurse,1105
4421,Lead Surgeon,1106
4422,Anesthesiologist,1106
4423,Surgical Nurse,1106
4424,Circulating Nurse,1106
4425,Lead Surgeon,1107
4426,Anesthesiologist,1107
4427,Surgical Nurse,1107
4428,Circulating Nurse,1107
4429,Lead Surgeon,1108
4430,Anesthesiologist,1108
4431,Surgical Nurse,1108
4432,Circulating Nurse,1108
4433,Lead Surgeon,1109
4434,Anesthesiologist,1109
4435,Surgical Nurse,1109
4436,Circulating Nurse,1109
4437,Lead Surgeon,1110
4438,Anesthesiologist,1110
4439,Surgical Nurse,1110
4440,Circulating Nurse,1110
4441,Lead Surgeon,1111
4442,Anesthesiologist,1111
4443,Surgical Nurse,1111
4444,Circulating Nurse,1111
4445,Lead Surgeon,1112
4446,Anesthesiologist,1112
4447,Surgical Nurse,1112
4448,Circulating Nurse,1112
4449,Lead Surgeon,1113
4450,Anesthesiologist,1113
4451,Surgical Nurse,1113
4452,Circulating Nurse,1113
4453,Lead Surgeon,1114
4454,Anesthesiologist,1114
4455,Surgical Nurse,1114
4456,Circulating Nurse,1114
4457,Lead Surgeon,1115
4458,Anesthesiologist,1115
4459,Surgical Nurse,1115
4460,Circulating Nurse,1115
4461,Lead Surgeon,1116
4462,Anesthesiologist,1116
4463,Surgical Nurse,1116
4464,Circulating Nurse,1116
4465,Lead Surgeon,1117
4466,Anesthesiologist,1117
4467,Surgical Nurse,1117
4468,Circulating Nurse,1117
4469,Lead Surgeon,1118
4470,Anesthesiologist,1118
4471,Surgical Nurse,1118
4472,Circulating Nurse,1118
4473,Lead Surgeon,1119
4474,Anesthesiologist,1119
4475,Surgical Nurse,1119
4476,Circulating Nurse,1119
4477,Lead Surgeon,1120
4478,Anesthesiologist,1120
4479,Surgical Nurse,1120
4480,Circulating Nurse,1120
4481,Lead Surgeon,1121
4482,Anesthesiologist,1121
4483,Surgical Nurse,1121
4484,Circulating Nurse,1121
4485,Lead Surgeon,1122
4486,Anesthesiologist,1122
4487,Surgical Nurse,1122
4488,Circulating Nurse,1122
4489,Lead Surgeon,1123
4490,Anesthesiologist,1123
4491,Surgical Nurse,1123
4492,Circulating Nurse,1123
4493,Lead Surgeon,1124
4494,Anesthesiologist,1124
4495,Surgical Nurse,1124
4496,Circulating Nurse,1124
4497,Lead Surgeon,1125
4498,Anesthesiologist,1125
4499,Surgical Nurse,1125
4500,Circulating Nurse,1125
4501,Lead Surgeon,1126
4502,Anesthesiologist,1126
4503,Surgical Nurse,1126
4504,Circulating Nurse,1126
4505,Lead Surgeon,1127
4506,Anesthesiologist,1127
4507,Surgical Nurse,1127
4508,Circulating Nurse,1127
4509,Lead Surgeon,1128
4510,Anesthesiologist,1128
4511,Surgical Nurse,1128
4512,Circulating Nurse,1128
4513,Lead Surgeon,1129
4514,Anesthesiologist,1129
4515,Surgical Nurse,1129
4516,Circulating Nurse,1129
4517,Lead Surgeon,1130
4518,Anesthesiologist,1130
4519,Surgical Nurse,1130
4520,Circulating Nurse,1130
4521,Lead Surgeon,1131
4522,Anesthesiologist,1131
4523,Surgical Nurse,1131
4524,Circulating Nurse,1131
4525,Lead Surgeon,1132
4526,Anesthesiologist,1132
4527,Surgical Nurse,1132
4528,Circulating Nurse,1132
4529,Lead Surgeon,1133
4530,Anesthesiologist,1133
4531,Surgical Nurse,1133
4532,Circulating Nurse,1133
4533,Lead Surgeon,1134
4534,Anesthesiologist,1134
4535,Surgical Nurse,1134
4536,Circulating Nurse,1134
4537,Lead Surgeon,1135
4538,Anesthesiologist,1135
4539,Surgical Nurse,1135
4540,Circulating Nurse,1135
4541,Lead Surgeon,1136
4542,Anesthesiologist,1136
4543,Surgical Nurse,1136
4544,Circulating Nurse,1136
4545,Lead Surgeon,1137
4546,Anesthesiologist,1137
4547,Surgical Nurse,1137
4548,Circulating Nurse,1137
4549,Lead Surgeon,1138
4550,Anesthesiologist,1138
4551,Surgical Nurse,1138
4552,Circulating Nurse,1138
4553,Lead Surgeon,1139
4554,Anesthesiologist,1139
4555,Surgical Nurse,1139
4556,Circulating Nurse,1139
4557,Lead Surgeon,1140
4558,Anesthesiologist,1140
4559,Surgical Nurse,1140
4560,Circulating Nurse,1140
4561,Lead Surgeon,1141
4562,Anesthesiologist,1141
4563,Surgical Nurse,1141
4564,Circulating Nurse,1141
4565,Lead Surgeon,1142
4566,Anesthesiologist,1142
4567,Surgical Nurse,1142
4568,Circulating Nurse,1142
4569,Lead Surgeon,1143
4570,Anesthesiologist,1143
4571,Surgical Nurse,1143
4572,Circulating Nurse,1143
4573,Lead Surgeon,1144
4574,Anesthesiologist,1144
4575,Surgical Nurse,1144
4576,Circulating Nurse,1144
4577,Lead Surgeon,1145
4578,Anesthesiologist,1145
4579,Surgical Nurse,1145
4580,Circulating Nurse,1145
4581,Lead Surgeon,1146
4582,Anesthesiologist,1146
4583,Surgical Nurse,1146
4584,Circulating Nurse,1146
4585,Lead Surgeon,1147
4586,Anesthesiologist,1147
4587,Surgical Nurse,1147
4588,Circulating Nurse,1147
4589,Lead Surgeon,1148
4590,Anesthesiologist,1148
4591,Surgical Nurse,1148
4592,Circulating Nurse,1148
4593,Lead Surgeon,1149
4594,Anesthesiologist,1149
4595,Surgical Nurse,1149
4596,Circulating Nurse,1149
4597,Lead Surgeon,1150
4598,Anesthesiologist,1150
4599,Surgical Nurse,1150
4600,Circulating Nurse,1150
4601,Lead Surgeon,1151
4602,Anesthesiologist,1151
4603,Surgical Nurse,1151
4604,Circulating Nurse,1151
4605,Lead Surgeon,1152
4606,Anesthesiologist,1152
4607,Surgical Nurse,1152
4608,Circulating Nurse,1152
4609,Lead Surgeon,1153
4610,Anesthesiologist,1153
4611,Surgical Nurse,1153
4612,Circulating Nurse,1153
4613,Lead Surgeon,1154
4614,Anesthesiologist,1154
4615,Surgical Nurse,1154
4616,Circulating Nurse,1154
4617,Lead Surgeon,1155
4618,Anesthesiologist,1155
4619,Surgical Nurse,1155
4620,Circulating Nurse,1155
4621,Lead Surgeon,1156
4622,Anesthesiologist,1156
4623,Surgical Nurse,1156
4624,Circulating Nurse,1156
4625,Lead Surgeon,1157
4626,Anesthesiologist,1157
4627,Surgical Nurse,1157
4628,Circulating Nurse,1157
4629,Lead Surgeon,1158
4630,Anesthesiologist,1158
4631,Surgical Nurse,1158
4632,Circulating Nurse,1158
4633,Lead Surgeon,1159
4634,Anesthesiologist,1159
4635,Surgical Nurse,1159
4636,Circulating Nurse,1159
4637,Lead Surgeon,1160
4638,Anesthesiologist,1160
4639,Surgical Nurse,1160
4640,Circulating Nurse,1160
4641,Lead Surgeon,1161
4642,Anesthesiologist,1161
4643,Surgical Nurse,1161
4644,Circulating Nurse,1161
4645,Lead Surgeon,1162
4646,Anesthesiologist,1162
4647,Surgical Nurse,1162
4648,Circulating Nurse,1162
4649,Lead Surgeon,1163
4650,Anesthesiologist,1163
4651,Surgical Nurse,1163
4652,Circulating Nurse,1163
4653,Lead Surgeon,1164
4654,Anesthesiologist,1164
4655,Surgical Nurse,1164
4656,Circulating Nurse,1164
4657,Lead Surgeon,1165
4658,Anesthesiologist,1165
4659,Surgical Nurse,1165
4660,Circulating Nurse,1165
4661,Lead Surgeon,1166
4662,Anesthesiologist,1166
4663,Surgical Nurse,1166
4664,Circulating Nurse,1166
4665,Lead Surgeon,1167
4666,Anesthesiologist,1167
4667,Surgical Nurse,1167
4668,Circulating Nurse,1167
4669,Lead Surgeon,1168
4670,Anesthesiologist,1168
4671,Surgical Nurse,1168
4672,Circulating Nurse,1168
4673,Lead Surgeon,1169
4674,Anesthesiologist,1169
4675,Surgical Nurse,1169
4676,Circulating Nurse,1169
4677,Lead Surgeon,1170
4678,Anesthesiologist,1170
4679,Surgical Nurse,1170
4680,Circulating Nurse,1170
4681,Lead Surgeon,1171
4682,Anesthesiologist,1171
4683,Surgical Nurse,1171
4684,Circulating Nurse,1171
4685,Lead Surgeon,1172
4686,Anesthesiologist,1172
4687,Surgical Nurse,1172
4688,Circulating Nurse,1172
4689,Lead Surgeon,1173
4690,Anesthesiologist,1173
4691,Surgical Nurse,1173
4692,Circulating Nurse,1173
4693,Lead Surgeon,1174
4694,Anesthesiologist,1174
4695,Surgical Nurse,1174
4696,Circulating Nurse,1174
4697,Lead Surgeon,1175
4698,Anesthesiologist,1175
4699,Surgical Nurse,1175
4700,Circulating Nurse,1175
4701,Lead Surgeon,1176
4702,Anesthesiologist,1176
4703,Surgical Nurse,1176
4704,Circulating Nurse,1176
4705,Lead Surgeon,1177
4706,Anesthesiologist,1177
4707,Surgical Nurse,1177
4708,Circulating Nurse,1177
4709,Lead Surgeon,1178
4710,Anesthesiologist,1178
4711,Surgical Nurse,1178
4712,Circulating Nurse,1178
4713,Lead Surgeon,1179
4714,Anesthesiologist,1179
4715,Surgical Nurse,1179
4716,Circulating Nurse,1179
4717,Lead Surgeon,1180
4718,Anesthesiologist,1180
4719,Surgical Nurse,1180
4720,Circulating Nurse,1180
4721,Lead Surgeon,1181
4722,Anesthesiologist,1181
4723,Surgical Nurse,1181
4724,Circulating Nurse,1181
4725,Lead Surgeon,1182
4726,Anesthesiologist,1182
4727,Surgical Nurse,1182
4728,Circulating Nurse,1182
4729,Lead Surgeon,1183
4730,Anesthesiologist,1183
4731,Surgical Nurse,1183
4732,Circulating Nurse,1183
4733,Lead Surgeon,1184
4734,Anesthesiologist,1184
4735,Surgical Nurse,1184
4736,Circulating Nurse,1184
4737,Lead Surgeon,1185
4738,Anesthesiologist,1185
4739,Surgical Nurse,1185
4740,Circulating Nurse,1185
4741,Lead Surgeon,1186
4742,Anesthesiologist,1186
4743,Surgical Nurse,1186
4744,Circulating Nurse,1186
4745,Lead Surgeon,1187
4746,Anesthesiologist,1187
4747,Surgical Nurse,1187
4748,Circulating Nurse,1187
4749,Lead Surgeon,1188
4750,Anesthesiologist,1188
4751,Surgical Nurse,1188
4752,Circulating Nurse,1188
4753,Lead Surgeon,1189
4754,Anesthesiologist,1189
4755,Surgical Nurse,1189
4756,Circulating Nurse,1189
4757,Lead Surgeon,1190
4758,Anesthesiologist,1190
4759,Surgical Nurse,1190
4760,Circulating Nurse,1190
4761,Lead Surgeon,1191
4762,Anesthesiologist,1191
4763,Surgical Nurse,1191
4764,Circulating Nurse,1191
4765,Lead Surgeon,1192
4766,Anesthesiologist,1192
4767,Surgical Nurse,1192
4768,Circulating Nurse,1192
4769,Lead Surgeon,1193
4770,Anesthesiologist,1193
4771,Surgical Nurse,1193
4772,Circulating Nurse,1193
4773,Lead Surgeon,1194
4774,Anesthesiologist,1194
4775,Surgical Nurse,1194
4776,Circulating Nurse,1194
4777,Lead Surgeon,1195
4778,Anesthesiologist,1195
4779,Surgical Nurse,1195
4780,Circulating Nurse,1195
4781,Lead Surgeon,1196
4782,Anesthesiologist,1196
4783,Surgical Nurse,1196
4784,Circulating Nurse,1196
4785,Lead Surgeon,1197
4786,Anesthesiologist,1197
4787,Surgical Nurse,1197
4788,Circulating Nurse,1197
4789,Lead Surgeon,1198
4790,Anesthesiologist,1198
4791,Surgical Nurse,1198
4792,Circulating Nurse,1198
4793,Lead Surgeon,1199
4794,Anesthesiologist,1199
4795,Surgical Nurse,1199
4796,Circulating Nurse,1199
4797,Lead Surgeon,1200
4798,Anesthesiologist,1200
4799,Surgical Nurse,1200
4800,Circulating Nurse,1200
4801,Lead Surgeon,1201
4802,Anesthesiologist,1201
4803,Surgical Nurse,1201
4804,Circulating Nurse,1201
4805,Lead Surgeon,1202
4806,Anesthesiologist,1202
4807,Surgical Nurse,1202
4808,Circulating Nurse,1202
4809,Lead Surgeon,1203
4810,Anesthesiologist,1203
4811,Surgical Nurse,1203
4812,Circulating Nurse,1203
4813,Lead Surgeon,1204
4814,Anesthesiologist,1204
4815,Surgical Nurse,1204
4816,Circulating Nurse,1204
4817,Lead Surgeon,1205
4818,Anesthesiologist,1205
4819,Surgical Nurse,1205
4820,Circulating Nurse,1205
4821,Lead Surgeon,1206
4822,Anesthesiologist,1206
4823,Surgical Nurse,1206
4824,Circulating Nurse,1206
4825,Lead Surgeon,1207
4826,Anesthesiologist,1207
4827,Surgical Nurse,1207
4828,Circulating Nurse,1207
4829,Lead Surgeon,1208
4830,Anesthesiologist,1208
4831,Surgical Nurse,1208
4832,Circulating Nurse,1208
4833,Lead Surgeon,1209
4834,Anesthesiologist,1209
4835,Surgical Nurse,1209
4836,Circulating Nurse,1209
4837,Lead Surgeon,1210
4838,Anesthesiologist,1210
4839,Surgical Nurse,1210
4840,Circulating Nurse,1210
4841,Lead Surgeon,1211
4842,Anesthesiologist,1211
4843,Surgical Nurse,1211
4844,Circulating Nurse,1211
4845,Lead Surgeon,1212
4846,Anesthesiologist,1212
4847,Surgical Nurse,1212
4848,Circulating Nurse,1212
4849,Lead Surgeon,1213
4850,Anesthesiologist,1213
4851,Surgical Nurse,1213
4852,Circulating Nurse,1213
4853,Lead Surgeon,1214
4854,Anesthesiologist,1214
4855,Surgical Nurse,1214
4856,Circulating Nurse,1214
4857,Lead Surgeon,1215
4858,Anesthesiologist,1215
4859,Surgical Nurse,1215
4860,Circulating Nurse,1215
4861,Lead Surgeon,1216
4862,Anesthesiologist,1216
4863,Surgical Nurse,1216
4864,Circulating Nurse,1216
4865,Lead Surgeon,1217
4866,Anesthesiologist,1217
4867,Surgical Nurse,1217
4868,Circulating Nurse,1217
4869,Lead Surgeon,1218
4870,Anesthesiologist,1218
4871,Surgical Nurse,1218
4872,Circulating Nurse,1218
4873,Lead Surgeon,1219
4874,Anesthesiologist,1219
4875,Surgical Nurse,1219
4876,Circulating Nurse,1219
4877,Lead Surgeon,1220
4878,Anesthesiologist,1220
4879,Surgical Nurse,1220
4880,Circulating Nurse,1220
4881,Lead Surgeon,1221
4882,Anesthesiologist,1221
4883,Surgical Nurse,1221
4884,Circulating Nurse,1221
4885,Lead Surgeon,1222
4886,Anesthesiologist,1222
4887,Surgical Nurse,1222
4888,Circulating Nurse,1222
4889,Lead Surgeon,1223
4890,Anesthesiologist,1223
4891,Surgical Nurse,1223
4892,Circulating Nurse,1223
4893,Lead Surgeon,1224
4894,Anesthesiologist,1224
4895,Surgical Nurse,1224
4896,Circulating Nurse,1224
4897,Lead Surgeon,1225
4898,Anesthesiologist,1225
4899,Surgical Nurse,1225
4900,Circulating Nurse,1225
4901,Lead Surgeon,1226
4902,Anesthesiologist,1226
4903,Surgical Nurse,1226
4904,Circulating Nurse,1226
4905,Lead Surgeon,1227
4906,Anesthesiologist,1227
4907,Surgical Nurse,1227
4908,Circulating Nurse,1227
4909,Lead Surgeon,1228
4910,Anesthesiologist,1228
4911,Surgical Nurse,1228
4912,Circulating Nurse,1228
4913,Lead Surgeon,1229
4914,Anesthesiologist,1229
4915,Surgical Nurse,1229
4916,Circulating Nurse,1229
4917,Lead Surgeon,1230
4918,Anesthesiologist,1230
4919,Surgical Nurse,1230
4920,Circulating Nurse,1230
4921,Lead Surgeon,1231
4922,Anesthesiologist,1231
4923,Surgical Nurse,1231
4924,Circulating Nurse,1231
4925,Lead Surgeon,1232
4926,Anesthesiologist,1232
4927,Surgical Nurse,1232
4928,Circulating Nurse,1232
4929,Lead Surgeon,1233
4930,Anesthesiologist,1233
4931,Surgical Nurse,1233
4932,Circulating Nurse,1233
4933,Lead Surgeon,1234
4934,Anesthesiologist,1234
4935,Surgical Nurse,1234
4936,Circulating Nurse,1234
4937,Lead Surgeon,1235
4938,Anesthesiologist,1235
4939,Surgical Nurse,1235
4940,Circulating Nurse,1235
4941,Lead Surgeon,1236
4942,Anesthesiologist,1236
4943,Surgical Nurse,1236
4944,Circulating Nurse,1236
4945,Lead Surgeon,1237
4946,Anesthesiologist,1237
4947,Surgical Nurse,1237
4948,Circulating Nurse,1237
4949,Lead Surgeon,1238
4950,Anesthesiologist,1238
4951,Surgical Nurse,1238
4952,Circulating Nurse,1238
4953,Lead Surgeon,1239
4954,Anesthesiologist,1239
4955,Surgical Nurse,1239
4956,Circulating Nurse,1239
4957,Lead Surgeon,1240
4958,Anesthesiologist,1240
4959,Surgical Nurse,1240
4960,Circulating Nurse,1240
4961,Lead Surgeon,1241
4962,Anesthesiologist,1241
4963,Surgical Nurse,1241
4964,Circulating Nurse,1241
4965,Lead Surgeon,1242
4966,Anesthesiologist,1242
4967,Surgical Nurse,1242
4968,Circulating Nurse,1242
4969,Lead Surgeon,1243
4970,Anesthesiologist,1243
4971,Surgical Nurse,1243
4972,Circulating Nurse,1243
4973,Lead Surgeon,1244
4974,Anesthesiologist,1244
4975,Surgical Nurse,1244
4976,Circulating Nurse,1244
4977,Lead Surgeon,1245
4978,Anesthesiologist,1245
4979,Surgical Nurse,1245
4980,Circulating Nurse,1245
4981,Lead Surgeon,1246
4982,Anesthesiologist,1246
4983,Surgical Nurse,1246
4984,Circulating Nurse,1246
4985,Lead Surgeon,1247
4986,Anesthesiologist,1247
4987,Surgical Nurse,1247
4988,Circulating Nurse,1247
4989,Lead Surgeon,1248
4990,Anesthesiologist,1248
4991,Surgical Nurse,1248
4992,Circulating Nurse,1248
4993,Lead Surgeon,1249
4994,Anesthesiologist,1249
4995,Surgical Nurse,1249
4996,Circulating Nurse,1249
4997,Lead Surgeon,1250
4998,Anesthesiologist,1250
4999,Surgical Nurse,1250
5000,Circulating Nurse,1250
5001,Lead Surgeon,1251
5002,Anesthesiologist,1251
5003,Surgical Nurse,1251
5004,Circulating Nurse,1251
5005,Lead Surgeon,1252
5006,Anesthesiologist,1252
5007,Surgical Nurse,1252
5008,Circulating Nurse,1252
5009,Lead Surgeon,1253
5010,Anesthesiologist,1253
5011,Surgical Nurse,1253
5012,Circulating Nurse,1253
5013,Lead Surgeon,1254
5014,Anesthesiologist,1254
5015,Surgical Nurse,1254
5016,Circulating Nurse,1254
5017,Lead Surgeon,1255
5018,Anesthesiologist,1255
5019,Surgical Nurse,1255
5020,Circulating Nurse,1255
5021,Lead Surgeon,1256
5022,Anesthesiologist,1256
5023,Surgical Nurse,1256
5024,Circulating Nurse,1256
5025,Lead Surgeon,1257
5026,Anesthesiologist,1257
5027,Surgical Nurse,1257
5028,Circulating Nurse,1257
5029,Lead Surgeon,1258
5030,Anesthesiologist,1258
5031,Surgical Nurse,1258
5032,Circulating Nurse,1258
5033,Lead Surgeon,1259
5034,Anesthesiologist,1259
5035,Surgical Nurse,1259
5036,Circulating Nurse,1259
5037,Lead Surgeon,1260
5038,Anesthesiologist,1260
5039,Surgical Nurse,1260
5040,Circulating Nurse,1260
5041,Lead Surgeon,1261
5042,Anesthesiologist,1261
5043,Surgical Nurse,1261
5044,Circulating Nurse,1261
5045,Lead Surgeon,1262
5046,Anesthesiologist,1262
5047,Surgical Nurse,1262
5048,Circulating Nurse,1262
5049,Lead Surgeon,1263
5050,Anesthesiologist,1263
5051,Surgical Nurse,1263
5052,Circulating Nurse,1263
5053,Lead Surgeon,1264
5054,Anesthesiologist,1264
5055,Surgical Nurse,1264
5056,Circulating Nurse,1264
5057,Lead Surgeon,1265
5058,Anesthesiologist,1265
5059,Surgical Nurse,1265
5060,Circulating Nurse,1265
5061,Lead Surgeon,1266
5062,Anesthesiologist,1266
5063,Surgical Nurse,1266
5064,Circulating Nurse,1266
5065,Lead Surgeon,1267
5066,Anesthesiologist,1267
5067,Surgical Nurse,1267
5068,Circulating Nurse,1267
5069,Lead Surgeon,1268
5070,Anesthesiologist,1268
5071,Surgical Nurse,1268
5072,Circulating Nurse,1268
5073,Lead Surgeon,1269
5074,Anesthesiologist,1269
5075,Surgical Nurse,1269
5076,Circulating Nurse,1269
5077,Lead Surgeon,1270
5078,Anesthesiologist,1270
5079,Surgical Nurse,1270
5080,Circulating Nurse,1270
5081,Lead Surgeon,1271
5082,Anesthesiologist,1271
5083,Surgical Nurse,1271
5084,Circulating Nurse,1271
5085,Lead Surgeon,1272
5086,Anesthesiologist,1272
5087,Surgical Nurse,1272
5088,Circulating Nurse,1272
5089,Lead Surgeon,1273
5090,Anesthesiologist,1273
5091,Surgical Nurse,1273
5092,Circulating Nurse,1273
5093,Lead Surgeon,1274
5094,Anesthesiologist,1274
5095,Surgical Nurse,1274
5096,Circulating Nurse,1274
5097,Lead Surgeon,1275
5098,Anesthesiologist,1275
5099,Surgical Nurse,1275
5100,Circulating Nurse,1275
5101,Lead Surgeon,1276
5102,Anesthesiologist,1276
5103,Surgical Nurse,1276
5104,Circulating Nurse,1276
5105,Lead Surgeon,1277
5106,Anesthesiologist,1277
5107,Surgical Nurse,1277
5108,Circulating Nurse,1277
5109,Lead Surgeon,1278
5110,Anesthesiologist,1278
5111,Surgical Nurse,1278
5112,Circulating Nurse,1278
5113,Lead Surgeon,1279
5114,Anesthesiologist,1279
5115,Surgical Nurse,1279
5116,Circulating Nurse,1279
5117,Lead Surgeon,1280
5118,Anesthesiologist,1280
5119,Surgical Nurse,1280
5120,Circulating Nurse,1280
5121,Lead Surgeon,1281
5122,Anesthesiologist,1281
5123,Surgical Nurse,1281
5124,Circulating Nurse,1281
5125,Lead Surgeon,1282
5126,Anesthesiologist,1282
5127,Surgical Nurse,1282
5128,Circulating Nurse,1282
5129,Lead Surgeon,1283
5130,Anesthesiologist,1283
5131,Surgical Nurse,1283
5132,Circulating Nurse,1283
5133,Lead Surgeon,1284
5134,Anesthesiologist,1284
5135,Surgical Nurse,1284
5136,Circulating Nurse,1284
5137,Lead Surgeon,1285
5138,Anesthesiologist,1285
5139,Surgical Nurse,1285
5140,Circulating Nurse,1285
5141,Lead Surgeon,1286
5142,Anesthesiologist,1286
5143,Surgical Nurse,1286
5144,Circulating Nurse,1286
5145,Lead Surgeon,1287
5146,Anesthesiologist,1287
5147,Surgical Nurse,1287
5148,Circulating Nurse,1287
5149,Lead Surgeon,1288
5150,Anesthesiologist,1288
5151,Surgical Nurse,1288
5152,Circulating Nurse,1288
5153,Lead Surgeon,1289
5154,Anesthesiologist,1289
5155,Surgical Nurse,1289
5156,Circulating Nurse,1289
5157,Lead Surgeon,1290
5158,Anesthesiologist,1290
5159,Surgical Nurse,1290
5160,Circulating Nurse,1290
5161,Lead Surgeon,1291
5162,Anesthesiologist,1291
5163,Surgical Nurse,1291
5164,Circulating Nurse,1291
5165,Lead Surgeon,1292
5166,Anesthesiologist,1292
5167,Surgical Nurse,1292
5168,Circulating Nurse,1292
5169,Lead Surgeon,1293
5170,Anesthesiologist,1293
5171,Surgical Nurse,1293
5172,Circulating Nurse,1293
5173,Lead Surgeon,1294
5174,Anesthesiologist,1294
5175,Surgical Nurse,1294
5176,Circulating Nurse,1294
5177,Lead Surgeon,1295
5178,Anesthesiologist,1295
5179,Surgical Nurse,1295
5180,Circulating Nurse,1295
5181,Lead Surgeon,1296
5182,Anesthesiologist,1296
5183,Surgical Nurse,1296
5184,Circulating Nurse,1296
5185,Lead Surgeon,1297
5186,Anesthesiologist,1297
5187,Surgical Nurse,1297
5188,Circulating Nurse,1297
5189,Lead Surgeon,1298
5190,Anesthesiologist,1298
5191,Surgical Nurse,1298
5192,Circulating Nurse,1298
5193,Lead Surgeon,1299
5194,Anesthesiologist,1299
5195,Surgical Nurse,1299
5196,Circulating Nurse,1299
5197,Lead Surgeon,1300
5198,Anesthesiologist,1300
5199,Surgical Nurse,1300
5200,Circulating Nurse,1300
5201,Lead Surgeon,1301
5202,Anesthesiologist,1301
5203,Surgical Nurse,1301
5204,Circulating Nurse,1301
5205,Lead Surgeon,1302
5206,Anesthesiologist,1302
5207,Surgical Nurse,1302
5208,Circulating Nurse,1302
5209,Lead Surgeon,1303
5210,Anesthesiologist,1303
5211,Surgical Nurse,1303
5212,Circulating Nurse,1303
5213,Lead Surgeon,1304
5214,Anesthesiologist,1304
5215,Surgical Nurse,1304
5216,Circulating Nurse,1304
5217,Lead Surgeon,1305
5218,Anesthesiologist,1305
5219,Surgical Nurse,1305
5220,Circulating Nurse,1305
5221,Lead Surgeon,1306
5222,Anesthesiologist,1306
5223,Surgical Nurse,1306
5224,Circulating Nurse,1306
5225,Lead Surgeon,1307
5226,Anesthesiologist,1307
5227,Surgical Nurse,1307
5228,Circulating Nurse,1307
5229,Lead Surgeon,1308
5230,Anesthesiologist,1308
5231,Surgical Nurse,1308
5232,Circulating Nurse,1308
5233,Lead Surgeon,1309
5234,Anesthesiologist,1309
5235,Surgical Nurse,1309
5236,Circulating Nurse,1309
5237,Lead Surgeon,1310
5238,Anesthesiologist,1310
5239,Surgical Nurse,1310
5240,Circulating Nurse,1310
5241,Lead Surgeon,1311
5242,Anesthesiologist,1311
5243,Surgical Nurse,1311
5244,Circulating Nurse,1311
5245,Lead Surgeon,1312
5246,Anesthesiologist,1312
5247,Surgical Nurse,1312
5248,Circulating Nurse,1312
5249,Lead Surgeon,1313
5250,Anesthesiologist,1313
5251,Surgical Nurse,1313
5252,Circulating Nurse,1313
5253,Lead Surgeon,1314
5254,Anesthesiologist,1314
5255,Surgical Nurse,1314
5256,Circulating Nurse,1314
5257,Lead Surgeon,1315
5258,Anesthesiologist,1315
5259,Surgical Nurse,1315
5260,Circulating Nurse,1315
5261,Lead Surgeon,1316
5262,Anesthesiologist,1316
5263,Surgical Nurse,1316
5264,Circulating Nurse,1316
5265,Lead Surgeon,1317
5266,Anesthesiologist,1317
5267,Surgical Nurse,1317
5268,Circulating Nurse,1317
5269,Lead Surgeon,1318
5270,Anesthesiologist,1318
5271,Surgical Nurse,1318
5272,Circulating Nurse,1318
5273,Lead Surgeon,1319
5274,Anesthesiologist,1319
5275,Surgical Nurse,1319
5276,Circulating Nurse,1319
5277,Lead Surgeon,1320
5278,Anesthesiologist,1320
5279,Surgical Nurse,1320
5280,Circulating Nurse,1320
5281,Lead Surgeon,1321
5282,Anesthesiologist,1321
5283,Surgical Nurse,1321
5284,Circulating Nurse,1321
5285,Lead Surgeon,1322
5286,Anesthesiologist,1322
5287,Surgical Nurse,1322
5288,Circulating Nurse,1322
5289,Lead Surgeon,1323
5290,Anesthesiologist,1323
5291,Surgical Nurse,1323
5292,Circulating Nurse,1323
5293,Lead Surgeon,1324
5294,Anesthesiologist,1324
5295,Surgical Nurse,1324
5296,Circulating Nurse,1324
5297,Lead Surgeon,1325
5298,Anesthesiologist,1325
5299,Surgical Nurse,1325
5300,Circulating Nurse,1325
5301,Lead Surgeon,1326
5302,Anesthesiologist,1326
5303,Surgical Nurse,1326
5304,Circulating Nurse,1326
5305,Lead Surgeon,1327
5306,Anesthesiologist,1327
5307,Surgical Nurse,1327
5308,Circulating Nurse,1327
5309,Lead Surgeon,1328
5310,Anesthesiologist,1328
5311,Surgical Nurse,1328
5312,Circulating Nurse,1328
5313,Lead Surgeon,1329
5314,Anesthesiologist,1329
5315,Surgical Nurse,1329
5316,Circulating Nurse,1329
5317,Lead Surgeon,1330
5318,Anesthesiologist,1330
5319,Surgical Nurse,1330
5320,Circulating Nurse,1330
5321,Lead Surgeon,1331
5322,Anesthesiologist,1331
5323,Surgical Nurse,1331
5324,Circulating Nurse,1331
5325,Lead Surgeon,1332
5326,Anesthesiologist,1332
5327,Surgical Nurse,1332
5328,Circulating Nurse,1332
5329,Lead Surgeon,1333
5330,Anesthesiologist,1333
5331,Surgical Nurse,1333
5332,Circulating Nurse,1333
5333,Lead Surgeon,1334
5334,Anesthesiologist,1334
5335,Surgical Nurse,1334
5336,Circulating Nurse,1334
5337,Lead Surgeon,1335
5338,Anesthesiologist,1335
5339,Surgical Nurse,1335
5340,Circulating Nurse,1335
5341,Lead Surgeon,1336
5342,Anesthesiologist,1336
5343,Surgical Nurse,1336
5344,Circulating Nurse,1336
5345,Lead Surgeon,1337
5346,Anesthesiologist,1337
5347,Surgical Nurse,1337
5348,Circulating Nurse,1337
5349,Lead Surgeon,1338
5350,Anesthesiologist,1338
5351,Surgical Nurse,1338
5352,Circulating Nurse,1338
5353,Lead Surgeon,1339
5354,Anesthesiologist,1339
5355,Surgical Nurse,1339
5356,Circulating Nurse,1339
5357,Lead Surgeon,1340
5358,Anesthesiologist,1340
5359,Surgical Nurse,1340
5360,Circulating Nurse,1340
5361,Lead Surgeon,1341
5362,Anesthesiologist,1341
5363,Surgical Nurse,1341
5364,Circulating Nurse,1341
5365,Lead Surgeon,1342
5366,Anesthesiologist,1342
5367,Surgical Nurse,1342
5368,Circulating Nurse,1342
5369,Lead Surgeon,1343
5370,Anesthesiologist,1343
5371,Surgical Nurse,1343
5372,Circulating Nurse,1343
5373,Lead Surgeon,1344
5374,Anesthesiologist,1344
5375,Surgical Nurse,1344
5376,Circulating Nurse,1344
5377,Lead Surgeon,1345
5378,Anesthesiologist,1345
5379,Surgical Nurse,1345
5380,Circulating Nurse,1345
5381,Lead Surgeon,1346
5382,Anesthesiologist,1346
5383,Surgical Nurse,1346
5384,Circulating Nurse,1346
5385,Lead Surgeon,1347
5386,Anesthesiologist,1347
5387,Surgical Nurse,1347
5388,Circulating Nurse,1347
5389,Lead Surgeon,1348
5390,Anesthesiologist,1348
5391,Surgical Nurse,1348
5392,Circulating Nurse,1348
5393,Lead Surgeon,1349
5394,Anesthesiologist,1349
5395,Surgical Nurse,1349
5396,Circulating Nurse,1349
5397,Lead Surgeon,1350
5398,Anesthesiologist,1350
5399,Surgical Nurse,1350
5400,Circulating Nurse,1350
5401,Lead Surgeon,1351
5402,Anesthesiologist,1351
5403,Surgical Nurse,1351
5404,Circulating Nurse,1351
5405,Lead Surgeon,1352
5406,Anesthesiologist,1352
5407,Surgical Nurse,1352
5408,Circulating Nurse,1352
5409,Lead Surgeon,1353
5410,Anesthesiologist,1353
5411,Surgical Nurse,1353
5412,Circulating Nurse,1353
5413,Lead Surgeon,1354
5414,Anesthesiologist,1354
5415,Surgical Nurse,1354
5416,Circulating Nurse,1354
5417,Lead Surgeon,1355
5418,Anesthesiologist,1355
5419,Surgical Nurse,1355
5420,Circulating Nurse,1355
5421,Lead Surgeon,1356
5422,Anesthesiologist,1356
5423,Surgical Nurse,1356
5424,Circulating Nurse,1356
5425,Lead Surgeon,1357
5426,Anesthesiologist,1357
5427,Surgical Nurse,1357
5428,Circulating Nurse,1357
5429,Lead Surgeon,1358
5430,Anesthesiologist,1358
5431,Surgical Nurse,1358
5432,Circulating Nurse,1358
5433,Lead Surgeon,1359
5434,Anesthesiologist,1359
5435,Surgical Nurse,1359
5436,Circulating Nurse,1359
5437,Lead Surgeon,1360
5438,Anesthesiologist,1360
5439,Surgical Nurse,1360
5440,Circulating Nurse,1360
5441,Lead Surgeon,1361
5442,Anesthesiologist,1361
5443,Surgical Nurse,1361
5444,Circulating Nurse,1361
5445,Lead Surgeon,1362
5446,Anesthesiologist,1362
5447,Surgical Nurse,1362
5448,Circulating Nurse,1362
5449,Lead Surgeon,1363
5450,Anesthesiologist,1363
5451,Surgical Nurse,1363
5452,Circulating Nurse,1363
5453,Lead Surgeon,1364
5454,Anesthesiologist,1364
5455,Surgical Nurse,1364
5456,Circulating Nurse,1364
5457,Lead Surgeon,1365
5458,Anesthesiologist,1365
5459,Surgical Nurse,1365
5460,Circulating Nurse,1365
5461,Lead Surgeon,1366
5462,Anesthesiologist,1366
5463,Surgical Nurse,1366
5464,Circulating Nurse,1366
5465,Lead Surgeon,1367
5466,Anesthesiologist,1367
5467,Surgical Nurse,1367
5468,Circulating Nurse,1367
5469,Lead Surgeon,1368
5470,Anesthesiologist,1368
5471,Surgical Nurse,1368
5472,Circulating Nurse,1368
5473,Lead Surgeon,1369
5474,Anesthesiologist,1369
5475,Surgical Nurse,1369
5476,Circulating Nurse,1369
5477,Lead Surgeon,1370
5478,Anesthesiologist,1370
5479,Surgical Nurse,1370
5480,Circulating Nurse,1370
5481,Lead Surgeon,1371
5482,Anesthesiologist,1371
5483,Surgical Nurse,1371
5484,Circulating Nurse,1371
5485,Lead Surgeon,1372
5486,Anesthesiologist,1372
5487,Surgical Nurse,1372
5488,Circulating Nurse,1372
5489,Lead Surgeon,1373
5490,Anesthesiologist,1373
5491,Surgical Nurse,1373
5492,Circulating Nurse,1373
5493,Lead Surgeon,1374
5494,Anesthesiologist,1374
5495,Surgical Nurse,1374
5496,Circulating Nurse,1374
5497,Lead Surgeon,1375
5498,Anesthesiologist,1375
5499,Surgical Nurse,1375
5500,Circulating Nurse,1375
5501,Lead Surgeon,1376
5502,Anesthesiologist,1376
5503,Surgical Nurse,1376
5504,Circulating Nurse,1376
5505,Lead Surgeon,1377
5506,Anesthesiologist,1377
5507,Surgical Nurse,1377
5508,Circulating Nurse,1377
5509,Lead Surgeon,1378
5510,Anesthesiologist,1378
5511,Surgical Nurse,1378
5512,Circulating Nurse,1378
5513,Lead Surgeon,1379
5514,Anesthesiologist,1379
5515,Surgical Nurse,1379
5516,Circulating Nurse,1379
5517,Lead Surgeon,1380
5518,Anesthesiologist,1380
5519,Surgical Nurse,1380
5520,Circulating Nurse,1380
5521,Lead Surgeon,1381
5522,Anesthesiologist,1381
5523,Surgical Nurse,1381
5524,Circulating Nurse,1381
5525,Lead Surgeon,1382
5526,Anesthesiologist,1382
5527,Surgical Nurse,1382
5528,Circulating Nurse,1382
5529,Lead Surgeon,1383
5530,Anesthesiologist,1383
5531,Surgical Nurse,1383
5532,Circulating Nurse,1383
5533,Lead Surgeon,1384
5534,Anesthesiologist,1384
5535,Surgical Nurse,1384
5536,Circulating Nurse,1384
5537,Lead Surgeon,1385
5538,Anesthesiologist,1385
5539,Surgical Nurse,1385
5540,Circulating Nurse,1385
5541,Lead Surgeon,1386
5542,Anesthesiologist,1386
5543,Surgical Nurse,1386
5544,Circulating Nurse,1386
5545,Lead Surgeon,1387
5546,Anesthesiologist,1387
5547,Surgical Nurse,1387
5548,Circulating Nurse,1387
5549,Lead Surgeon,1388
5550,Anesthesiologist,1388
5551,Surgical Nurse,1388
5552,Circulating Nurse,1388
5553,Lead Surgeon,1389
5554,Anesthesiologist,1389
5555,Surgical Nurse,1389
5556,Circulating Nurse,1389
5557,Lead Surgeon,1390
5558,Anesthesiologist,1390
5559,Surgical Nurse,1390
5560,Circulating Nurse,1390
5561,Lead Surgeon,1391
5562,Anesthesiologist,1391
5563,Surgical Nurse,1391
5564,Circulating Nurse,1391
5565,Lead Surgeon,1392
5566,Anesthesiologist,1392
5567,Surgical Nurse,1392
5568,Circulating Nurse,1392
5569,Lead Surgeon,1393
5570,Anesthesiologist,1393
5571,Surgical Nurse,1393
5572,Circulating Nurse,1393
5573,Lead Surgeon,1394
5574,Anesthesiologist,1394
5575,Surgical Nurse,1394
5576,Circulating Nurse,1394
5577,Lead Surgeon,1395
5578,Anesthesiologist,1395
5579,Surgical Nurse,1395
5580,Circulating Nurse,1395
5581,Lead Surgeon,1396
5582,Anesthesiologist,1396
5583,Surgical Nurse,1396
5584,Circulating Nurse,1396
5585,Lead Surgeon,1397
5586,Anesthesiologist,1397
5587,Surgical Nurse,1397
5588,Circulating Nurse,1397
5589,Lead Surgeon,1398
5590,Anesthesiologist,1398
5591,Surgical Nurse,1398
5592,Circulating Nurse,1398
5593,Lead Surgeon,1399
5594,Anesthesiologist,1399
5595,Surgical Nurse,1399
5596,Circulating Nurse,1399
5597,Lead Surgeon,1400
5598,Anesthesiologist,1400
5599,Surgical Nurse,1400
5600,Circulating Nurse,1400
5601,Lead Surgeon,1401
5602,Anesthesiologist,1401
5603,Surgical Nurse,1401
5604,Circulating Nurse,1401
5605,Lead Surgeon,1402
5606,Anesthesiologist,1402
5607,Surgical Nurse,1402
5608,Circulating Nurse,1402
5609,Lead Surgeon,1403
5610,Anesthesiologist,1403
5611,Surgical Nurse,1403
5612,Circulating Nurse,1403
5613,Lead Surgeon,1404
5614,Anesthesiologist,1404
5615,Surgical Nurse,1404
5616,Circulating Nurse,1404
5617,Lead Surgeon,1405
5618,Anesthesiologist,1405
5619,Surgical Nurse,1405
5620,Circulating Nurse,1405
5621,Lead Surgeon,1406
5622,Anesthesiologist,1406
5623,Surgical Nurse,1406
5624,Circulating Nurse,1406
5625,Lead Surgeon,1407
5626,Anesthesiologist,1407
5627,Surgical Nurse,1407
5628,Circulating Nurse,1407
5629,Lead Surgeon,1408
5630,Anesthesiologist,1408
5631,Surgical Nurse,1408
5632,Circulating Nurse,1408
5633,Lead Surgeon,1409
5634,Anesthesiologist,1409
5635,Surgical Nurse,1409
5636,Circulating Nurse,1409
5637,Lead Surgeon,1410
5638,Anesthesiologist,1410
5639,Surgical Nurse,1410
5640,Circulating Nurse,1410
5641,Lead Surgeon,1411
5642,Anesthesiologist,1411
5643,Surgical Nurse,1411
5644,Circulating Nurse,1411
5645,Lead Surgeon,1412
5646,Anesthesiologist,1412
5647,Surgical Nurse,1412
5648,Circulating Nurse,1412
5649,Lead Surgeon,1413
5650,Anesthesiologist,1413
5651,Surgical Nurse,1413
5652,Circulating Nurse,1413
5653,Lead Surgeon,1414
5654,Anesthesiologist,1414
5655,Surgical Nurse,1414
5656,Circulating Nurse,1414
5657,Lead Surgeon,1415
5658,Anesthesiologist,1415
5659,Surgical Nurse,1415
5660,Circulating Nurse,1415
5661,Lead Surgeon,1416
5662,Anesthesiologist,1416
5663,Surgical Nurse,1416
5664,Circulating Nurse,1416
5665,Lead Surgeon,1417
5666,Anesthesiologist,1417
5667,Surgical Nurse,1417
5668,Circulating Nurse,1417
5669,Lead Surgeon,1418
5670,Anesthesiologist,1418
5671,Surgical Nurse,1418
5672,Circulating Nurse,1418
5673,Lead Surgeon,1419
5674,Anesthesiologist,1419
5675,Surgical Nurse,1419
5676,Circulating Nurse,1419
5677,Lead Surgeon,1420
5678,Anesthesiologist,1420
5679,Surgical Nurse,1420
5680,Circulating Nurse,1420
5681,Lead Surgeon,1421
5682,Anesthesiologist,1421
5683,Surgical Nurse,1421
5684,Circulating Nurse,1421
5685,Lead Surgeon,1422
5686,Anesthesiologist,1422
5687,Surgical Nurse,1422
5688,Circulating Nurse,1422
5689,Lead Surgeon,1423
5690,Anesthesiologist,1423
5691,Surgical Nurse,1423
5692,Circulating Nurse,1423
5693,Lead Surgeon,1424
5694,Anesthesiologist,1424
5695,Surgical Nurse,1424
5696,Circulating Nurse,1424
5697,Lead Surgeon,1425
5698,Anesthesiologist,1425
5699,Surgical Nurse,1425
5700,Circulating Nurse,1425
5701,Lead Surgeon,1426
5702,Anesthesiologist,1426
5703,Surgical Nurse,1426
5704,Circulating Nurse,1426
5705,Lead Surgeon,1427
5706,Anesthesiologist,1427
5707,Surgical Nurse,1427
5708,Circulating Nurse,1427
5709,Lead Surgeon,1428
5710,Anesthesiologist,1428
5711,Surgical Nurse,1428
5712,Circulating Nurse,1428
5713,Lead Surgeon,1429
5714,Anesthesiologist,1429
5715,Surgical Nurse,1429
5716,Circulating Nurse,1429
5717,Lead Surgeon,1430
5718,Anesthesiologist,1430
5719,Surgical Nurse,1430
5720,Circulating Nurse,1430
5721,Lead Surgeon,1431
5722,Anesthesiologist,1431
5723,Surgical Nurse,1431
5724,Circulating Nurse,1431
5725,Lead Surgeon,1432
5726,Anesthesiologist,1432
5727,Surgical Nurse,1432
5728,Circulating Nurse,1432
5729,Lead Surgeon,1433
5730,Anesthesiologist,1433
5731,Surgical Nurse,1433
5732,Circulating Nurse,1433
5733,Lead Surgeon,1434
5734,Anesthesiologist,1434
5735,Surgical Nurse,1434
5736,Circulating Nurse,1434
5737,Lead Surgeon,1435
5738,Anesthesiologist,1435
5739,Surgical Nurse,1435
5740,Circulating Nurse,1435
5741,Lead Surgeon,1436
5742,Anesthesiologist,1436
5743,Surgical Nurse,1436
5744,Circulating Nurse,1436
5745,Lead Surgeon,1437
5746,Anesthesiologist,1437
5747,Surgical Nurse,1437
5748,Circulating Nurse,1437
5749,Lead Surgeon,1438
5750,Anesthesiologist,1438
5751,Surgical Nurse,1438
5752,Circulating Nurse,1438
5753,Lead Surgeon,1439
5754,Anesthesiologist,1439
5755,Surgical Nurse,1439
5756,Circulating Nurse,1439
5757,Lead Surgeon,1440
5758,Anesthesiologist,1440
5759,Surgical Nurse,1440
5760,Circulating Nurse,1440
5761,Lead Surgeon,1441
5762,Anesthesiologist,1441
5763,Surgical Nurse,1441
5764,Circulating Nurse,1441
5765,Lead Surgeon,1442
5766,Anesthesiologist,1442
5767,Surgical Nurse,1442
5768,Circulating Nurse,1442
5769,Lead Surgeon,1443
5770,Anesthesiologist,1443
5771,Surgical Nurse,1443
5772,Circulating Nurse,1443
5773,Lead Surgeon,1444
5774,Anesthesiologist,1444
5775,Surgical Nurse,1444
5776,Circulating Nurse,1444
5777,Lead Surgeon,1445
5778,Anesthesiologist,1445
5779,Surgical Nurse,1445
5780,Circulating Nurse,1445
5781,Lead Surgeon,1446
5782,Anesthesiologist,1446
5783,Surgical Nurse,1446
5784,Circulating Nurse,1446
5785,Lead Surgeon,1447
5786,Anesthesiologist,1447
5787,Surgical Nurse,1447
5788,Circulating Nurse,1447
5789,Lead Surgeon,1448
5790,Anesthesiologist,1448
5791,Surgical Nurse,1448
5792,Circulating Nurse,1448
5793,Lead Surgeon,1449
5794,Anesthesiologist,1449
5795,Surgical Nurse,1449
5796,Circulating Nurse,1449
5797,Lead Surgeon,1450
5798,Anesthesiologist,1450
5799,Surgical Nurse,1450
5800,Circulating Nurse,1450
5801,Lead Surgeon,1451
5802,Anesthesiologist,1451
5803,Surgical Nurse,1451
5804,Circulating Nurse,1451
5805,Lead Surgeon,1452
5806,Anesthesiologist,1452
5807,Surgical Nurse,1452
5808,Circulating Nurse,1452
5809,Lead Surgeon,1453
5810,Anesthesiologist,1453
5811,Surgical Nurse,1453
5812,Circulating Nurse,1453
5813,Lead Surgeon,1454
5814,Anesthesiologist,1454
5815,Surgical Nurse,1454
5816,Circulating Nurse,1454
5817,Lead Surgeon,1455
5818,Anesthesiologist,1455
5819,Surgical Nurse,1455
5820,Circulating Nurse,1455
5821,Lead Surgeon,1456
5822,Anesthesiologist,1456
5823,Surgical Nurse,1456
5824,Circulating Nurse,1456
5825,Lead Surgeon,1457
5826,Anesthesiologist,1457
5827,Surgical Nurse,1457
5828,Circulating Nurse,1457
5829,Lead Surgeon,1458
5830,Anesthesiologist,1458
5831,Surgical Nurse,1458
5832,Circulating Nurse,1458
5833,Lead Surgeon,1459
5834,Anesthesiologist,1459
5835,Surgical Nurse,1459
5836,Circulating Nurse,1459
5837,Lead Surgeon,1460
5838,Anesthesiologist,1460
5839,Surgical Nurse,1460
5840,Circulating Nurse,1460
5841,Lead Surgeon,1461
5842,Anesthesiologist,1461
5843,Surgical Nurse,1461
5844,Circulating Nurse,1461
5845,Lead Surgeon,1462
5846,Anesthesiologist,1462
5847,Surgical Nurse,1462
5848,Circulating Nurse,1462
5849,Lead Surgeon,1463
5850,Anesthesiologist,1463
5851,Surgical Nurse,1463
5852,Circulating Nurse,1463
5853,Lead Surgeon,1464
5854,Anesthesiologist,1464
5855,Surgical Nurse,1464
5856,Circulating Nurse,1464
5857,Lead Surgeon,1465
5858,Anesthesiologist,1465
5859,Surgical Nurse,1465
5860,Circulating Nurse,1465
5861,Lead Surgeon,1466
5862,Anesthesiologist,1466
5863,Surgical Nurse,1466
5864,Circulating Nurse,1466
5865,Lead Surgeon,1467
5866,Anesthesiologist,1467
5867,Surgical Nurse,1467
5868,Circulating Nurse,1467
5869,Lead Surgeon,1468
5870,Anesthesiologist,1468
5871,Surgical Nurse,1468
5872,Circulating Nurse,1468
5873,Lead Surgeon,1469
5874,Anesthesiologist,1469
5875,Surgical Nurse,1469
5876,Circulating Nurse,1469
5877,Lead Surgeon,1470
5878,Anesthesiologist,1470
5879,Surgical Nurse,1470
5880,Circulating Nurse,1470
5881,Lead Surgeon,1471
5882,Anesthesiologist,1471
5883,Surgical Nurse,1471
5884,Circulating Nurse,1471
5885,Lead Surgeon,1472
5886,Anesthesiologist,1472
5887,Surgical Nurse,1472
5888,Circulating Nurse,1472
5889,Lead Surgeon,1473
5890,Anesthesiologist,1473
5891,Surgical Nurse,1473
5892,Circulating Nurse,1473
5893,Lead Surgeon,1474
5894,Anesthesiologist,1474
5895,Surgical Nurse,1474
5896,Circulating Nurse,1474
5897,Lead Surgeon,1475
5898,Anesthesiologist,1475
5899,Surgical Nurse,1475
5900,Circulating Nurse,1475
5901,Lead Surgeon,1476
5902,Anesthesiologist,1476
5903,Surgical Nurse,1476
5904,Circulating Nurse,1476
5905,Lead Surgeon,1477
5906,Anesthesiologist,1477
5907,Surgical Nurse,1477
5908,Circulating Nurse,1477
5909,Lead Surgeon,1478
5910,Anesthesiologist,1478
5911,Surgical Nurse,1478
5912,Circulating Nurse,1478
5913,Lead Surgeon,1479
5914,Anesthesiologist,1479
5915,Surgical Nurse,1479
5916,Circulating Nurse,1479
5917,Lead Surgeon,1480
5918,Anesthesiologist,1480
5919,Surgical Nurse,1480
5920,Circulating Nurse,1480
5921,Lead Surgeon,1481
5922,Anesthesiologist,1481
5923,Surgical Nurse,1481
5924,Circulating Nurse,1481
5925,Lead Surgeon,1482
5926,Anesthesiologist,1482
5927,Surgical Nurse,1482
5928,Circulating Nurse,1482
5929,Lead Surgeon,1483
5930,Anesthesiologist,1483
5931,Surgical Nurse,1483
5932,Circulating Nurse,1483
5933,Lead Surgeon,1484
5934,Anesthesiologist,1484
5935,Surgical Nurse,1484
5936,Circulating Nurse,1484
5937,Lead Surgeon,1485
5938,Anesthesiologist,1485
5939,Surgical Nurse,1485
5940,Circulating Nurse,1485
5941,Lead Surgeon,1486
5942,Anesthesiologist,1486
5943,Surgical Nurse,1486
5944,Circulating Nurse,1486
5945,Lead Surgeon,1487
5946,Anesthesiologist,1487
5947,Surgical Nurse,1487
5948,Circulating Nurse,1487
5949,Lead Surgeon,1488
5950,Anesthesiologist,1488
5951,Surgical Nurse,1488
5952,Circulating Nurse,1488
5953,Lead Surgeon,1489
5954,Anesthesiologist,1489
5955,Surgical Nurse,1489
5956,Circulating Nurse,1489
5957,Lead Surgeon,1490
5958,Anesthesiologist,1490
5959,Surgical Nurse,1490
5960,Circulating Nurse,1490
5961,Lead Surgeon,1491
5962,Anesthesiologist,1491
5963,Surgical Nurse,1491
5964,Circulating Nurse,1491
5965,Lead Surgeon,1492
5966,Anesthesiologist,1492
5967,Surgical Nurse,1492
5968,Circulating Nurse,1492
5969,Lead Surgeon,1493
5970,Anesthesiologist,1493
5971,Surgical Nurse,1493
5972,Circulating Nurse,1493
5973,Lead Surgeon,1494
5974,Anesthesiologist,1494
5975,Surgical Nurse,1494
5976,Circulating Nurse,1494
5977,Lead Surgeon,1495
5978,Anesthesiologist,1495
5979,Surgical Nurse,1495
5980,Circulating Nurse,1495
5981,Lead Surgeon,1496
5982,Anesthesiologist,1496
5983,Surgical Nurse,1496
5984,Circulating Nurse,1496
5985,Lead Surgeon,1497
5986,Anesthesiologist,1497
5987,Surgical Nurse,1497
5988,Circulating Nurse,1497
5989,Lead Surgeon,1498
5990,Anesthesiologist,1498
5991,Surgical Nurse,1498
5992,Circulating Nurse,1498
5993,Lead Surgeon,1499
5994,Anesthesiologist,1499
5995,Surgical Nurse,1499
5996,Circulating Nurse,1499
5997,Lead Surgeon,1500
5998,Anesthesiologist,1500
5999,Surgical Nurse,1500
6000,Circulating Nurse,1500
6001,Lead Surgeon,1501
6002,Anesthesiologist,1501
6003,Surgical Nurse,1501
6004,Circulating Nurse,1501
6005,Lead Surgeon,1502
6006,Anesthesiologist,1502
6007,Surgical Nurse,1502
6008,Circulating Nurse,1502
6009,Lead Surgeon,1503
6010,Anesthesiologist,1503
6011,Surgical Nurse,1503
6012,Circulating Nurse,1503
6013,Lead Surgeon,1504
6014,Anesthesiologist,1504
6015,Surgical Nurse,1504
6016,Circulating Nurse,1504
6017,Lead Surgeon,1505
6018,Anesthesiologist,1505
6019,Surgical Nurse,1505
6020,Circulating Nurse,1505
6021,Lead Surgeon,1506
6022,Anesthesiologist,1506
6023,Surgical Nurse,1506
6024,Circulating Nurse,1506
6025,Lead Surgeon,1507
6026,Anesthesiologist,1507
6027,Surgical Nurse,1507
6028,Circulating Nurse,1507
6029,Lead Surgeon,1508
6030,Anesthesiologist,1508
6031,Surgical Nurse,1508
6032,Circulating Nurse,1508
6033,Lead Surgeon,1509
6034,Anesthesiologist,1509
6035,Surgical Nurse,1509
6036,Circulating Nurse,1509
6037,Lead Surgeon,1510
6038,Anesthesiologist,1510
6039,Surgical Nurse,1510
6040,Circulating Nurse,1510
6041,Lead Surgeon,1511
6042,Anesthesiologist,1511
6043,Surgical Nurse,1511
6044,Circulating Nurse,1511
6045,Lead Surgeon,1512
6046,Anesthesiologist,1512
6047,Surgical Nurse,1512
6048,Circulating Nurse,1512
6049,Lead Surgeon,1513
6050,Anesthesiologist,1513
6051,Surgical Nurse,1513
6052,Circulating Nurse,1513
6053,Lead Surgeon,1514
6054,Anesthesiologist,1514
6055,Surgical Nurse,1514
6056,Circulating Nurse,1514
6057,Lead Surgeon,1515
6058,Anesthesiologist,1515
6059,Surgical Nurse,1515
6060,Circulating Nurse,1515
6061,Lead Surgeon,1516
6062,Anesthesiologist,1516
6063,Surgical Nurse,1516
6064,Circulating Nurse,1516
6065,Lead Surgeon,1517
6066,Anesthesiologist,1517
6067,Surgical Nurse,1517
6068,Circulating Nurse,1517
6069,Lead Surgeon,1518
6070,Anesthesiologist,1518
6071,Surgical Nurse,1518
6072,Circulating Nurse,1518
6073,Lead Surgeon,1519
6074,Anesthesiologist,1519
6075,Surgical Nurse,1519
6076,Circulating Nurse,1519
6077,Lead Surgeon,1520
6078,Anesthesiologist,1520
6079,Surgical Nurse,1520
6080,Circulating Nurse,1520
6081,Lead Surgeon,1521
6082,Anesthesiologist,1521
6083,Surgical Nurse,1521
6084,Circulating Nurse,1521
6085,Lead Surgeon,1522
6086,Anesthesiologist,1522
6087,Surgical Nurse,1522
6088,Circulating Nurse,1522
6089,Lead Surgeon,1523
6090,Anesthesiologist,1523
6091,Surgical Nurse,1523
6092,Circulating Nurse,1523
6093,Lead Surgeon,1524
6094,Anesthesiologist,1524
6095,Surgical Nurse,1524
6096,Circulating Nurse,1524
6097,Lead Surgeon,1525
6098,Anesthesiologist,1525
6099,Surgical Nurse,1525
6100,Circulating Nurse,1525
6101,Lead Surgeon,1526
6102,Anesthesiologist,1526
6103,Surgical Nurse,1526
6104,Circulating Nurse,1526
6105,Lead Surgeon,1527
6106,Anesthesiologist,1527
6107,Surgical Nurse,1527
6108,Circulating Nurse,1527
6109,Lead Surgeon,1528
6110,Anesthesiologist,1528
6111,Surgical Nurse,1528
6112,Circulating Nurse,1528
6113,Lead Surgeon,1529
6114,Anesthesiologist,1529
6115,Surgical Nurse,1529
6116,Circulating Nurse,1529
6117,Lead Surgeon,1530
6118,Anesthesiologist,1530
6119,Surgical Nurse,1530
6120,Circulating Nurse,1530
6121,Lead Surgeon,1531
6122,Anesthesiologist,1531
6123,Surgical Nurse,1531
6124,Circulating Nurse,1531
6125,Lead Surgeon,1532
6126,Anesthesiologist,1532
6127,Surgical Nurse,1532
6128,Circulating Nurse,1532
6129,Lead Surgeon,1533
6130,Anesthesiologist,1533
6131,Surgical Nurse,1533
6132,Circulating Nurse,1533
6133,Lead Surgeon,1534
6134,Anesthesiologist,1534
6135,Surgical Nurse,1534
6136,Circulating Nurse,1534
6137,Lead Surgeon,1535
6138,Anesthesiologist,1535
6139,Surgical Nurse,1535
6140,Circulating Nurse,1535
6141,Lead Surgeon,1536
6142,Anesthesiologist,1536
6143,Surgical Nurse,1536
6144,Circulating Nurse,1536
6145,Lead Surgeon,1537
6146,Anesthesiologist,1537
6147,Surgical Nurse,1537
6148,Circulating Nurse,1537
6149,Lead Surgeon,1538
6150,Anesthesiologist,1538
6151,Surgical Nurse,1538
6152,Circulating Nurse,1538
6153,Lead Surgeon,1539
6154,Anesthesiologist,1539
6155,Surgical Nurse,1539
6156,Circulating Nurse,1539
6157,Lead Surgeon,1540
6158,Anesthesiologist,1540
6159,Surgical Nurse,1540
6160,Circulating Nurse,1540
6161,Lead Surgeon,1541
6162,Anesthesiologist,1541
6163,Surgical Nurse,1541
6164,Circulating Nurse,1541
6165,Lead Surgeon,1542
6166,Anesthesiologist,1542
6167,Surgical Nurse,1542
6168,Circulating Nurse,1542
6169,Lead Surgeon,1543
6170,Anesthesiologist,1543
6171,Surgical Nurse,1543
6172,Circulating Nurse,1543
6173,Lead Surgeon,1544
6174,Anesthesiologist,1544
6175,Surgical Nurse,1544
6176,Circulating Nurse,1544
6177,Lead Surgeon,1545
6178,Anesthesiologist,1545
6179,Surgical Nurse,1545
6180,Circulating Nurse,1545
6181,Lead Surgeon,1546
6182,Anesthesiologist,1546
6183,Surgical Nurse,1546
6184,Circulating Nurse,1546
6185,Lead Surgeon,1547
6186,Anesthesiologist,1547
6187,Surgical Nurse,1547
6188,Circulating Nurse,1547
6189,Lead Surgeon,1548
6190,Anesthesiologist,1548
6191,Surgical Nurse,1548
6192,Circulating Nurse,1548
6193,Lead Surgeon,1549
6194,Anesthesiologist,1549
6195,Surgical Nurse,1549
6196,Circulating Nurse,1549
6197,Lead Surgeon,1550
6198,Anesthesiologist,1550
6199,Surgical Nurse,1550
6200,Circulating Nurse,1550
6201,Lead Surgeon,1551
6202,Anesthesiologist,1551
6203,Surgical Nurse,1551
6204,Circulating Nurse,1551
6205,Lead Surgeon,1552
6206,Anesthesiologist,1552
6207,Surgical Nurse,1552
6208,Circulating Nurse,1552
6209,Lead Surgeon,1553
6210,Anesthesiologist,1553
6211,Surgical Nurse,1553
6212,Circulating Nurse,1553
6213,Lead Surgeon,1554
6214,Anesthesiologist,1554
6215,Surgical Nurse,1554
6216,Circulating Nurse,1554
6217,Lead Surgeon,1555
6218,Anesthesiologist,1555
6219,Surgical Nurse,1555
6220,Circulating Nurse,1555
6221,Lead Surgeon,1556
6222,Anesthesiologist,1556
6223,Surgical Nurse,1556
6224,Circulating Nurse,1556
6225,Lead Surgeon,1557
6226,Anesthesiologist,1557
6227,Surgical Nurse,1557
6228,Circulating Nurse,1557
6229,Lead Surgeon,1558
6230,Anesthesiologist,1558
6231,Surgical Nurse,1558
6232,Circulating Nurse,1558
6233,Lead Surgeon,1559
6234,Anesthesiologist,1559
6235,Surgical Nurse,1559
6236,Circulating Nurse,1559
6237,Lead Surgeon,1560
6238,Anesthesiologist,1560
6239,Surgical Nurse,1560
6240,Circulating Nurse,1560
6241,Lead Surgeon,1561
6242,Anesthesiologist,1561
6243,Surgical Nurse,1561
6244,Circulating Nurse,1561
6245,Lead Surgeon,1562
6246,Anesthesiologist,1562
6247,Surgical Nurse,1562
6248,Circulating Nurse,1562
6249,Lead Surgeon,1563
6250,Anesthesiologist,1563
6251,Surgical Nurse,1563
6252,Circulating Nurse,1563
6253,Lead Surgeon,1564
6254,Anesthesiologist,1564
6255,Surgical Nurse,1564
6256,Circulating Nurse,1564
6257,Lead Surgeon,1565
6258,Anesthesiologist,1565
6259,Surgical Nurse,1565
6260,Circulating Nurse,1565
6261,Lead Surgeon,1566
6262,Anesthesiologist,1566
6263,Surgical Nurse,1566
6264,Circulating Nurse,1566
6265,Lead Surgeon,1567
6266,Anesthesiologist,1567
6267,Surgical Nurse,1567
6268,Circulating Nurse,1567
6269,Lead Surgeon,1568
6270,Anesthesiologist,1568
6271,Surgical Nurse,1568
6272,Circulating Nurse,1568
6273,Lead Surgeon,1569
6274,Anesthesiologist,1569
6275,Surgical Nurse,1569
6276,Circulating Nurse,1569
6277,Lead Surgeon,1570
6278,Anesthesiologist,1570
6279,Surgical Nurse,1570
6280,Circulating Nurse,1570
6281,Lead Surgeon,1571
6282,Anesthesiologist,1571
6283,Surgical Nurse,1571
6284,Circulating Nurse,1571
6285,Lead Surgeon,1572
6286,Anesthesiologist,1572
6287,Surgical Nurse,1572
6288,Circulating Nurse,1572
6289,Lead Surgeon,1573
6290,Anesthesiologist,1573
6291,Surgical Nurse,1573
6292,Circulating Nurse,1573
6293,Lead Surgeon,1574
6294,Anesthesiologist,1574
6295,Surgical Nurse,1574
6296,Circulating Nurse,1574
6297,Lead Surgeon,1575
6298,Anesthesiologist,1575
6299,Surgical Nurse,1575
6300,Circulating Nurse,1575
6301,Lead Surgeon,1576
6302,Anesthesiologist,1576
6303,Surgical Nurse,1576
6304,Circulating Nurse,1576
6305,Lead Surgeon,1577
6306,Anesthesiologist,1577
6307,Surgical Nurse,1577
6308,Circulating Nurse,1577
6309,Lead Surgeon,1578
6310,Anesthesiologist,1578
6311,Surgical Nurse,1578
6312,Circulating Nurse,1578
6313,Lead Surgeon,1579
6314,Anesthesiologist,1579
6315,Surgical Nurse,1579
6316,Circulating Nurse,1579
6317,Lead Surgeon,1580
6318,Anesthesiologist,1580
6319,Surgical Nurse,1580
6320,Circulating Nurse,1580
6321,Lead Surgeon,1581
6322,Anesthesiologist,1581
6323,Surgical Nurse,1581
6324,Circulating Nurse,1581
6325,Lead Surgeon,1582
6326,Anesthesiologist,1582
6327,Surgical Nurse,1582
6328,Circulating Nurse,1582
6329,Lead Surgeon,1583
6330,Anesthesiologist,1583
6331,Surgical Nurse,1583
6332,Circulating Nurse,1583
6333,Lead Surgeon,1584
6334,Anesthesiologist,1584
6335,Surgical Nurse,1584
6336,Circulating Nurse,1584
6337,Lead Surgeon,1585
6338,Anesthesiologist,1585
6339,Surgical Nurse,1585
6340,Circulating Nurse,1585
6341,Lead Surgeon,1586
6342,Anesthesiologist,1586
6343,Surgical Nurse,1586
6344,Circulating Nurse,1586
6345,Lead Surgeon,1587
6346,Anesthesiologist,1587
6347,Surgical Nurse,1587
6348,Circulating Nurse,1587
6349,Lead Surgeon,1588
6350,Anesthesiologist,1588
6351,Surgical Nurse,1588
6352,Circulating Nurse,1588
6353,Lead Surgeon,1589
6354,Anesthesiologist,1589
6355,Surgical Nurse,1589
6356,Circulating Nurse,1589
6357,Lead Surgeon,1590
6358,Anesthesiologist,1590
6359,Surgical Nurse,1590
6360,Circulating Nurse,1590
6361,Lead Surgeon,1591
6362,Anesthesiologist,1591
6363,Surgical Nurse,1591
6364,Circulating Nurse,1591
6365,Lead Surgeon,1592
6366,Anesthesiologist,1592
6367,Surgical Nurse,1592
6368,Circulating Nurse,1592
6369,Lead Surgeon,1593
6370,Anesthesiologist,1593
6371,Surgical Nurse,1593
6372,Circulating Nurse,1593
6373,Lead Surgeon,1594
6374,Anesthesiologist,1594
6375,Surgical Nurse,1594
6376,Circulating Nurse,1594
6377,Lead Surgeon,1595
6378,Anesthesiologist,1595
6379,Surgical Nurse,1595
6380,Circulating Nurse,1595
6381,Lead Surgeon,1596
6382,Anesthesiologist,1596
6383,Surgical Nurse,1596
6384,Circulating Nurse,1596
6385,Lead Surgeon,1597
6386,Anesthesiologist,1597
6387,Surgical Nurse,1597
6388,Circulating Nurse,1597
6389,Lead Surgeon,1598
6390,Anesthesiologist,1598
6391,Surgical Nurse,1598
6392,Circulating Nurse,1598
6393,Lead Surgeon,1599
6394,Anesthesiologist,1599
6395,Surgical Nurse,1599
6396,Circulating Nurse,1599
6397,Lead Surgeon,1600
6398,Anesthesiologist,1600
6399,Surgical Nurse,1600
6400,Circulating Nurse,1600
6401,Lead Surgeon,1601
6402,Anesthesiologist,1601
6403,Surgical Nurse,1601
6404,Circulating Nurse,1601
6405,Lead Surgeon,1602
6406,Anesthesiologist,1602
6407,Surgical Nurse,1602
6408,Circulating Nurse,1602
6409,Lead Surgeon,1603
6410,Anesthesiologist,1603
6411,Surgical Nurse,1603
6412,Circulating Nurse,1603
6413,Lead Surgeon,1604
6414,Anesthesiologist,1604
6415,Surgical Nurse,1604
6416,Circulating Nurse,1604
6417,Lead Surgeon,1605
6418,Anesthesiologist,1605
6419,Surgical Nurse,1605
6420,Circulating Nurse,1605
6421,Lead Surgeon,1606
6422,Anesthesiologist,1606
6423,Surgical Nurse,1606
6424,Circulating Nurse,1606
6425,Lead Surgeon,1607
6426,Anesthesiologist,1607
6427,Surgical Nurse,1607
6428,Circulating Nurse,1607
6429,Lead Surgeon,1608
6430,Anesthesiologist,1608
6431,Surgical Nurse,1608
6432,Circulating Nurse,1608
6433,Lead Surgeon,1609
6434,Anesthesiologist,1609
6435,Surgical Nurse,1609
6436,Circulating Nurse,1609
6437,Lead Surgeon,1610
6438,Anesthesiologist,1610
6439,Surgical Nurse,1610
6440,Circulating Nurse,1610
6441,Lead Surgeon,1611
6442,Anesthesiologist,1611
6443,Surgical Nurse,1611
6444,Circulating Nurse,1611
6445,Lead Surgeon,1612
6446,Anesthesiologist,1612
6447,Surgical Nurse,1612
6448,Circulating Nurse,1612
6449,Lead Surgeon,1613
6450,Anesthesiologist,1613
6451,Surgical Nurse,1613
6452,Circulating Nurse,1613
6453,Lead Surgeon,1614
6454,Anesthesiologist,1614
6455,Surgical Nurse,1614
6456,Circulating Nurse,1614
6457,Lead Surgeon,1615
6458,Anesthesiologist,1615
6459,Surgical Nurse,1615
6460,Circulating Nurse,1615
6461,Lead Surgeon,1616
6462,Anesthesiologist,1616
6463,Surgical Nurse,1616
6464,Circulating Nurse,1616
6465,Lead Surgeon,1617
6466,Anesthesiologist,1617
6467,Surgical Nurse,1617
6468,Circulating Nurse,1617
6469,Lead Surgeon,1618
6470,Anesthesiologist,1618
6471,Surgical Nurse,1618
6472,Circulating Nurse,1618
6473,Lead Surgeon,1619
6474,Anesthesiologist,1619
6475,Surgical Nurse,1619
6476,Circulating Nurse,1619
6477,Lead Surgeon,1620
6478,Anesthesiologist,1620
6479,Surgical Nurse,1620
6480,Circulating Nurse,1620
6481,Lead Surgeon,1621
6482,Anesthesiologist,1621
6483,Surgical Nurse,1621
6484,Circulating Nurse,1621
6485,Lead Surgeon,1622
6486,Anesthesiologist,1622
6487,Surgical Nurse,1622
6488,Circulating Nurse,1622
6489,Lead Surgeon,1623
6490,Anesthesiologist,1623
6491,Surgical Nurse,1623
6492,Circulating Nurse,1623
6493,Lead Surgeon,1624
6494,Anesthesiologist,1624
6495,Surgical Nurse,1624
6496,Circulating Nurse,1624
6497,Lead Surgeon,1625
6498,Anesthesiologist,1625
6499,Surgical Nurse,1625
6500,Circulating Nurse,1625
6501,Lead Surgeon,1626
6502,Anesthesiologist,1626
6503,Surgical Nurse,1626
6504,Circulating Nurse,1626
6505,Lead Surgeon,1627
6506,Anesthesiologist,1627
6507,Surgical Nurse,1627
6508,Circulating Nurse,1627
6509,Lead Surgeon,1628
6510,Anesthesiologist,1628
6511,Surgical Nurse,1628
6512,Circulating Nurse,1628
6513,Lead Surgeon,1629
6514,Anesthesiologist,1629
6515,Surgical Nurse,1629
6516,Circulating Nurse,1629
6517,Lead Surgeon,1630
6518,Anesthesiologist,1630
6519,Surgical Nurse,1630
6520,Circulating Nurse,1630
6521,Lead Surgeon,1631
6522,Anesthesiologist,1631
6523,Surgical Nurse,1631
6524,Circulating Nurse,1631
6525,Lead Surgeon,1632
6526,Anesthesiologist,1632
6527,Surgical Nurse,1632
6528,Circulating Nurse,1632
6529,Lead Surgeon,1633
6530,Anesthesiologist,1633
6531,Surgical Nurse,1633
6532,Circulating Nurse,1633
6533,Lead Surgeon,1634
6534,Anesthesiologist,1634
6535,Surgical Nurse,1634
6536,Circulating Nurse,1634
6537,Lead Surgeon,1635
6538,Anesthesiologist,1635
6539,Surgical Nurse,1635
6540,Circulating Nurse,1635
6541,Lead Surgeon,1636
6542,Anesthesiologist,1636
6543,Surgical Nurse,1636
6544,Circulating Nurse,1636
6545,Lead Surgeon,1637
6546,Anesthesiologist,1637
6547,Surgical Nurse,1637
6548,Circulating Nurse,1637
6549,Lead Surgeon,1638
6550,Anesthesiologist,1638
6551,Surgical Nurse,1638
6552,Circulating Nurse,1638
6553,Lead Surgeon,1639
6554,Anesthesiologist,1639
6555,Surgical Nurse,1639
6556,Circulating Nurse,1639
6557,Lead Surgeon,1640
6558,Anesthesiologist,1640
6559,Surgical Nurse,1640
6560,Circulating Nurse,1640
6561,Lead Surgeon,1641
6562,Anesthesiologist,1641
6563,Surgical Nurse,1641
6564,Circulating Nurse,1641
6565,Lead Surgeon,1642
6566,Anesthesiologist,1642
6567,Surgical Nurse,1642
6568,Circulating Nurse,1642
6569,Lead Surgeon,1643
6570,Anesthesiologist,1643
6571,Surgical Nurse,1643
6572,Circulating Nurse,1643
6573,Lead Surgeon,1644
6574,Anesthesiologist,1644
6575,Surgical Nurse,1644
6576,Circulating Nurse,1644
6577,Lead Surgeon,1645
6578,Anesthesiologist,1645
6579,Surgical Nurse,1645
6580,Circulating Nurse,1645
6581,Lead Surgeon,1646
6582,Anesthesiologist,1646
6583,Surgical Nurse,1646
6584,Circulating Nurse,1646
6585,Lead Surgeon,1647
6586,Anesthesiologist,1647
6587,Surgical Nurse,1647
6588,Circulating Nurse,1647
6589,Lead Surgeon,1648
6590,Anesthesiologist,1648
6591,Surgical Nurse,1648
6592,Circulating Nurse,1648
6593,Lead Surgeon,1649
6594,Anesthesiologist,1649
6595,Surgical Nurse,1649
6596,Circulating Nurse,1649
6597,Lead Surgeon,1650
6598,Anesthesiologist,1650
6599,Surgical Nurse,1650
6600,Circulating Nurse,1650
6601,Lead Surgeon,1651
6602,Anesthesiologist,1651
6603,Surgical Nurse,1651
6604,Circulating Nurse,1651
6605,Lead Surgeon,1652
6606,Anesthesiologist,1652
6607,Surgical Nurse,1652
6608,Circulating Nurse,1652
6609,Lead Surgeon,1653
6610,Anesthesiologist,1653
6611,Surgical Nurse,1653
6612,Circulating Nurse,1653
6613,Lead Surgeon,1654
6614,Anesthesiologist,1654
6615,Surgical Nurse,1654
6616,Circulating Nurse,1654
6617,Lead Surgeon,1655
6618,Anesthesiologist,1655
6619,Surgical Nurse,1655
6620,Circulating Nurse,1655
6621,Lead Surgeon,1656
6622,Anesthesiologist,1656
6623,Surgical Nurse,1656
6624,Circulating Nurse,1656
6625,Lead Surgeon,1657
6626,Anesthesiologist,1657
6627,Surgical Nurse,1657
6628,Circulating Nurse,1657
6629,Lead Surgeon,1658
6630,Anesthesiologist,1658
6631,Surgical Nurse,1658
6632,Circulating Nurse,1658
6633,Lead Surgeon,1659
6634,Anesthesiologist,1659
6635,Surgical Nurse,1659
6636,Circulating Nurse,1659
6637,Lead Surgeon,1660
6638,Anesthesiologist,1660
6639,Surgical Nurse,1660
6640,Circulating Nurse,1660
6641,Lead Surgeon,1661
6642,Anesthesiologist,1661
6643,Surgical Nurse,1661
6644,Circulating Nurse,1661
6645,Lead Surgeon,1662
6646,Anesthesiologist,1662
6647,Surgical Nurse,1662
6648,Circulating Nurse,1662
6649,Lead Surgeon,1663
6650,Anesthesiologist,1663
6651,Surgical Nurse,1663
6652,Circulating Nurse,1663
6653,Lead Surgeon,1664
6654,Anesthesiologist,1664
6655,Surgical Nurse,1664
6656,Circulating Nurse,1664
6657,Lead Surgeon,1665
6658,Anesthesiologist,1665
6659,Surgical Nurse,1665
6660,Circulating Nurse,1665
6661,Lead Surgeon,1666
6662,Anesthesiologist,1666
6663,Surgical Nurse,1666
6664,Circulating Nurse,1666
6665,Lead Surgeon,1667
6666,Anesthesiologist,1667
6667,Surgical Nurse,1667
6668,Circulating Nurse,1667
6669,Lead Surgeon,1668
6670,Anesthesiologist,1668
6671,Surgical Nurse,1668
6672,Circulating Nurse,1668
6673,Lead Surgeon,1669
6674,Anesthesiologist,1669
6675,Surgical Nurse,1669
6676,Circulating Nurse,1669
6677,Lead Surgeon,1670
6678,Anesthesiologist,1670
6679,Surgical Nurse,1670
6680,Circulating Nurse,1670
6681,Lead Surgeon,1671
6682,Anesthesiologist,1671
6683,Surgical Nurse,1671
6684,Circulating Nurse,1671
6685,Lead Surgeon,1672
6686,Anesthesiologist,1672
6687,Surgical Nurse,1672
6688,Circulating Nurse,1672
6689,Lead Surgeon,1673
6690,Anesthesiologist,1673
6691,Surgical Nurse,1673
6692,Circulating Nurse,1673
6693,Lead Surgeon,1674
6694,Anesthesiologist,1674
6695,Surgical Nurse,1674
6696,Circulating Nurse,1674
6697,Lead Surgeon,1675
6698,Anesthesiologist,1675
6699,Surgical Nurse,1675
6700,Circulating Nurse,1675
6701,Lead Surgeon,1676
6702,Anesthesiologist,1676
6703,Surgical Nurse,1676
6704,Circulating Nurse,1676
6705,Lead Surgeon,1677
6706,Anesthesiologist,1677
6707,Surgical Nurse,1677
6708,Circulating Nurse,1677
6709,Lead Surgeon,1678
6710,Anesthesiologist,1678
6711,Surgical Nurse,1678
6712,Circulating Nurse,1678
6713,Lead Surgeon,1679
6714,Anesthesiologist,1679
6715,Surgical Nurse,1679
6716,Circulating Nurse,1679
6717,Lead Surgeon,1680
6718,Anesthesiologist,1680
6719,Surgical Nurse,1680
6720,Circulating Nurse,1680
6721,Lead Surgeon,1681
6722,Anesthesiologist,1681
6723,Surgical Nurse,1681
6724,Circulating Nurse,1681
6725,Lead Surgeon,1682
6726,Anesthesiologist,1682
6727,Surgical Nurse,1682
6728,Circulating Nurse,1682
6729,Lead Surgeon,1683
6730,Anesthesiologist,1683
6731,Surgical Nurse,1683
6732,Circulating Nurse,1683
6733,Lead Surgeon,1684
6734,Anesthesiologist,1684
6735,Surgical Nurse,1684
6736,Circulating Nurse,1684
6737,Lead Surgeon,1685
6738,Anesthesiologist,1685
6739,Surgical Nurse,1685
6740,Circulating Nurse,1685
6741,Lead Surgeon,1686
6742,Anesthesiologist,1686
6743,Surgical Nurse,1686
6744,Circulating Nurse,1686
6745,Lead Surgeon,1687
6746,Anesthesiologist,1687
6747,Surgical Nurse,1687
6748,Circulating Nurse,1687
6749,Lead Surgeon,1688
6750,Anesthesiologist,1688
6751,Surgical Nurse,1688
6752,Circulating Nurse,1688
6753,Lead Surgeon,1689
6754,Anesthesiologist,1689
6755,Surgical Nurse,1689
6756,Circulating Nurse,1689
6757,Lead Surgeon,1690
6758,Anesthesiologist,1690
6759,Surgical Nurse,1690
6760,Circulating Nurse,1690
6761,Lead Surgeon,1691
6762,Anesthesiologist,1691
6763,Surgical Nurse,1691
6764,Circulating Nurse,1691
6765,Lead Surgeon,1692
6766,Anesthesiologist,1692
6767,Surgical Nurse,1692
6768,Circulating Nurse,1692
6769,Lead Surgeon,1693
6770,Anesthesiologist,1693
6771,Surgical Nurse,1693
6772,Circulating Nurse,1693
6773,Lead Surgeon,1694
6774,Anesthesiologist,1694
6775,Surgical Nurse,1694
6776,Circulating Nurse,1694
6777,Lead Surgeon,1695
6778,Anesthesiologist,1695
6779,Surgical Nurse,1695
6780,Circulating Nurse,1695
6781,Lead Surgeon,1696
6782,Anesthesiologist,1696
6783,Surgical Nurse,1696
6784,Circulating Nurse,1696
6785,Lead Surgeon,1697
6786,Anesthesiologist,1697
6787,Surgical Nurse,1697
6788,Circulating Nurse,1697
6789,Lead Surgeon,1698
6790,Anesthesiologist,1698
6791,Surgical Nurse,1698
6792,Circulating Nurse,1698
6793,Lead Surgeon,1699
6794,Anesthesiologist,1699
6795,Surgical Nurse,1699
6796,Circulating Nurse,1699
6797,Lead Surgeon,1700
6798,Anesthesiologist,1700
6799,Surgical Nurse,1700
6800,Circulating Nurse,1700
6801,Lead Surgeon,1701
6802,Anesthesiologist,1701
6803,Surgical Nurse,1701
6804,Circulating Nurse,1701
6805,Lead Surgeon,1702
6806,Anesthesiologist,1702
6807,Surgical Nurse,1702
6808,Circulating Nurse,1702
6809,Lead Surgeon,1703
6810,Anesthesiologist,1703
6811,Surgical Nurse,1703
6812,Circulating Nurse,1703
6813,Lead Surgeon,1704
6814,Anesthesiologist,1704
6815,Surgical Nurse,1704
6816,Circulating Nurse,1704
6817,Lead Surgeon,1705
6818,Anesthesiologist,1705
6819,Surgical Nurse,1705
6820,Circulating Nurse,1705
6821,Lead Surgeon,1706
6822,Anesthesiologist,1706
6823,Surgical Nurse,1706
6824,Circulating Nurse,1706
6825,Lead Surgeon,1707
6826,Anesthesiologist,1707
6827,Surgical Nurse,1707
6828,Circulating Nurse,1707
6829,Lead Surgeon,1708
6830,Anesthesiologist,1708
6831,Surgical Nurse,1708
6832,Circulating Nurse,1708
6833,Lead Surgeon,1709
6834,Anesthesiologist,1709
6835,Surgical Nurse,1709
6836,Circulating Nurse,1709
6837,Lead Surgeon,1710
6838,Anesthesiologist,1710
6839,Surgical Nurse,1710
6840,Circulating Nurse,1710
6841,Lead Surgeon,1711
6842,Anesthesiologist,1711
6843,Surgical Nurse,1711
6844,Circulating Nurse,1711
6845,Lead Surgeon,1712
6846,Anesthesiologist,1712
6847,Surgical Nurse,1712
6848,Circulating Nurse,1712
6849,Lead Surgeon,1713
6850,Anesthesiologist,1713
6851,Surgical Nurse,1713
6852,Circulating Nurse,1713
6853,Lead Surgeon,1714
6854,Anesthesiologist,1714
6855,Surgical Nurse,1714
6856,Circulating Nurse,1714
6857,Lead Surgeon,1715
6858,Anesthesiologist,1715
6859,Surgical Nurse,1715
6860,Circulating Nurse,1715
6861,Lead Surgeon,1716
6862,Anesthesiologist,1716
6863,Surgical Nurse,1716
6864,Circulating Nurse,1716
6865,Lead Surgeon,1717
6866,Anesthesiologist,1717
6867,Surgical Nurse,1717
6868,Circulating Nurse,1717
6869,Lead Surgeon,1718
6870,Anesthesiologist,1718
6871,Surgical Nurse,1718
6872,Circulating Nurse,1718
6873,Lead Surgeon,1719
6874,Anesthesiologist,1719
6875,Surgical Nurse,1719
6876,Circulating Nurse,1719
6877,Lead Surgeon,1720
6878,Anesthesiologist,1720
6879,Surgical Nurse,1720
6880,Circulating Nurse,1720
6881,Lead Surgeon,1721
6882,Anesthesiologist,1721
6883,Surgical Nurse,1721
6884,Circulating Nurse,1721
6885,Lead Surgeon,1722
6886,Anesthesiologist,1722
6887,Surgical Nurse,1722
6888,Circulating Nurse,1722
6889,Lead Surgeon,1723
6890,Anesthesiologist,1723
6891,Surgical Nurse,1723
6892,Circulating Nurse,1723
6893,Lead Surgeon,1724
6894,Anesthesiologist,1724
6895,Surgical Nurse,1724
6896,Circulating Nurse,1724
6897,Lead Surgeon,1725
6898,Anesthesiologist,1725
6899,Surgical Nurse,1725
6900,Circulating Nurse,1725
6901,Lead Surgeon,1726
6902,Anesthesiologist,1726
6903,Surgical Nurse,1726
6904,Circulating Nurse,1726
6905,Lead Surgeon,1727
6906,Anesthesiologist,1727
6907,Surgical Nurse,1727
6908,Circulating Nurse,1727
6909,Lead Surgeon,1728
6910,Anesthesiologist,1728
6911,Surgical Nurse,1728
6912,Circulating Nurse,1728
6913,Lead Surgeon,1729
6914,Anesthesiologist,1729
6915,Surgical Nurse,1729
6916,Circulating Nurse,1729
6917,Lead Surgeon,1730
6918,Anesthesiologist,1730
6919,Surgical Nurse,1730
6920,Circulating Nurse,1730
6921,Lead Surgeon,1731
6922,Anesthesiologist,1731
6923,Surgical Nurse,1731
6924,Circulating Nurse,1731
6925,Lead Surgeon,1732
6926,Anesthesiologist,1732
6927,Surgical Nurse,1732
6928,Circulating Nurse,1732
6929,Lead Surgeon,1733
6930,Anesthesiologist,1733
6931,Surgical Nurse,1733
6932,Circulating Nurse,1733
6933,Lead Surgeon,1734
6934,Anesthesiologist,1734
6935,Surgical Nurse,1734
6936,Circulating Nurse,1734
6937,Lead Surgeon,1735
6938,Anesthesiologist,1735
6939,Surgical Nurse,1735
6940,Circulating Nurse,1735
6941,Lead Surgeon,1736
6942,Anesthesiologist,1736
6943,Surgical Nurse,1736
6944,Circulating Nurse,1736
6945,Lead Surgeon,1737
6946,Anesthesiologist,1737
6947,Surgical Nurse,1737
6948,Circulating Nurse,1737
6949,Lead Surgeon,1738
6950,Anesthesiologist,1738
6951,Surgical Nurse,1738
6952,Circulating Nurse,1738
6953,Lead Surgeon,1739
6954,Anesthesiologist,1739
6955,Surgical Nurse,1739
6956,Circulating Nurse,1739
6957,Lead Surgeon,1740
6958,Anesthesiologist,1740
6959,Surgical Nurse,1740
6960,Circulating Nurse,1740
6961,Lead Surgeon,1741
6962,Anesthesiologist,1741
6963,Surgical Nurse,1741
6964,Circulating Nurse,1741
6965,Lead Surgeon,1742
6966,Anesthesiologist,1742
6967,Surgical Nurse,1742
6968,Circulating Nurse,1742
6969,Lead Surgeon,1743
6970,Anesthesiologist,1743
6971,Surgical Nurse,1743
6972,Circulating Nurse,1743
6973,Lead Surgeon,1744
6974,Anesthesiologist,1744
6975,Surgical Nurse,1744
6976,Circulating Nurse,1744
6977,Lead Surgeon,1745
6978,Anesthesiologist,1745
6979,Surgical Nurse,1745
6980,Circulating Nurse,1745
6981,Lead Surgeon,1746
6982,Anesthesiologist,1746
6983,Surgical Nurse,1746
6984,Circulating Nurse,1746
6985,Lead Surgeon,1747
6986,Anesthesiologist,1747
6987,Surgical Nurse,1747
6988,Circulating Nurse,1747
6989,Lead Surgeon,1748
6990,Anesthesiologist,1748
6991,Surgical Nurse,1748
6992,Circulating Nurse,1748
6993,Lead Surgeon,1749
6994,Anesthesiologist,1749
6995,Surgical Nurse,1749
6996,Circulating Nurse,1749
6997,Lead Surgeon,1750
6998,Anesthesiologist,1750
6999,Surgical Nurse,1750
7000,Circulating Nurse,1750
7001,Lead Surgeon,1751
7002,Anesthesiologist,1751
7003,Surgical Nurse,1751
7004,Circulating Nurse,1751
7005,Lead Surgeon,1752
7006,Anesthesiologist,1752
7007,Surgical Nurse,1752
7008,Circulating Nurse,1752
7009,Lead Surgeon,1753
7010,Anesthesiologist,1753
7011,Surgical Nurse,1753
7012,Circulating Nurse,1753
7013,Lead Surgeon,1754
7014,Anesthesiologist,1754
7015,Surgical Nurse,1754
7016,Circulating Nurse,1754
7017,Lead Surgeon,1755
7018,Anesthesiologist,1755
7019,Surgical Nurse,1755
7020,Circulating Nurse,1755
7021,Lead Surgeon,1756
7022,Anesthesiologist,1756
7023,Surgical Nurse,1756
7024,Circulating Nurse,1756
7025,Lead Surgeon,1757
7026,Anesthesiologist,1757
7027,Surgical Nurse,1757
7028,Circulating Nurse,1757
7029,Lead Surgeon,1758
7030,Anesthesiologist,1758
7031,Surgical Nurse,1758
7032,Circulating Nurse,1758
7033,Lead Surgeon,1759
7034,Anesthesiologist,1759
7035,Surgical Nurse,1759
7036,Circulating Nurse,1759
7037,Lead Surgeon,1760
7038,Anesthesiologist,1760
7039,Surgical Nurse,1760
7040,Circulating Nurse,1760
7041,Lead Surgeon,1761
7042,Anesthesiologist,1761
7043,Surgical Nurse,1761
7044,Circulating Nurse,1761
7045,Lead Surgeon,1762
7046,Anesthesiologist,1762
7047,Surgical Nurse,1762
7048,Circulating Nurse,1762
7049,Lead Surgeon,1763
7050,Anesthesiologist,1763
7051,Surgical Nurse,1763
7052,Circulating Nurse,1763
7053,Lead Surgeon,1764
7054,Anesthesiologist,1764
7055,Surgical Nurse,1764
7056,Circulating Nurse,1764
7057,Lead Surgeon,1765
7058,Anesthesiologist,1765
7059,Surgical Nurse,1765
7060,Circulating Nurse,1765
7061,Lead Surgeon,1766
7062,Anesthesiologist,1766
7063,Surgical Nurse,1766
7064,Circulating Nurse,1766
7065,Lead Surgeon,1767
7066,Anesthesiologist,1767
7067,Surgical Nurse,1767
7068,Circulating Nurse,1767
7069,Lead Surgeon,1768
7070,Anesthesiologist,1768
7071,Surgical Nurse,1768
7072,Circulating Nurse,1768
7073,Lead Surgeon,1769
7074,Anesthesiologist,1769
7075,Surgical Nurse,1769
7076,Circulating Nurse,1769
7077,Lead Surgeon,1770
7078,Anesthesiologist,1770
7079,Surgical Nurse,1770
7080,Circulating Nurse,1770
7081,Lead Surgeon,1771
7082,Anesthesiologist,1771
7083,Surgical Nurse,1771
7084,Circulating Nurse,1771
7085,Lead Surgeon,1772
7086,Anesthesiologist,1772
7087,Surgical Nurse,1772
7088,Circulating Nurse,1772
7089,Lead Surgeon,1773
7090,Anesthesiologist,1773
7091,Surgical Nurse,1773
7092,Circulating Nurse,1773
7093,Lead Surgeon,1774
7094,Anesthesiologist,1774
7095,Surgical Nurse,1774
7096,Circulating Nurse,1774
7097,Lead Surgeon,1775
7098,Anesthesiologist,1775
7099,Surgical Nurse,1775
7100,Circulating Nurse,1775
7101,Lead Surgeon,1776
7102,Anesthesiologist,1776
7103,Surgical Nurse,1776
7104,Circulating Nurse,1776
7105,Lead Surgeon,1777
7106,Anesthesiologist,1777
7107,Surgical Nurse,1777
7108,Circulating Nurse,1777
7109,Lead Surgeon,1778
7110,Anesthesiologist,1778
7111,Surgical Nurse,1778
7112,Circulating Nurse,1778
7113,Lead Surgeon,1779
7114,Anesthesiologist,1779
7115,Surgical Nurse,1779
7116,Circulating Nurse,1779
7117,Lead Surgeon,1780
7118,Anesthesiologist,1780
7119,Surgical Nurse,1780
7120,Circulating Nurse,1780
7121,Lead Surgeon,1781
7122,Anesthesiologist,1781
7123,Surgical Nurse,1781
7124,Circulating Nurse,1781
7125,Lead Surgeon,1782
7126,Anesthesiologist,1782
7127,Surgical Nurse,1782
7128,Circulating Nurse,1782
7129,Lead Surgeon,1783
7130,Anesthesiologist,1783
7131,Surgical Nurse,1783
7132,Circulating Nurse,1783
7133,Lead Surgeon,1784
7134,Anesthesiologist,1784
7135,Surgical Nurse,1784
7136,Circulating Nurse,1784
7137,Lead Surgeon,1785
7138,Anesthesiologist,1785
7139,Surgical Nurse,1785
7140,Circulating Nurse,1785
7141,Lead Surgeon,1786
7142,Anesthesiologist,1786
7143,Surgical Nurse,1786
7144,Circulating Nurse,1786
7145,Lead Surgeon,1787
7146,Anesthesiologist,1787
7147,Surgical Nurse,1787
7148,Circulating Nurse,1787
7149,Lead Surgeon,1788
7150,Anesthesiologist,1788
7151,Surgical Nurse,1788
7152,Circulating Nurse,1788
7153,Lead Surgeon,1789
7154,Anesthesiologist,1789
7155,Surgical Nurse,1789
7156,Circulating Nurse,1789
7157,Lead Surgeon,1790
7158,Anesthesiologist,1790
7159,Surgical Nurse,1790
7160,Circulating Nurse,1790
7161,Lead Surgeon,1791
7162,Anesthesiologist,1791
7163,Surgical Nurse,1791
7164,Circulating Nurse,1791
7165,Lead Surgeon,1792
7166,Anesthesiologist,1792
7167,Surgical Nurse,1792
7168,Circulating Nurse,1792
7169,Lead Surgeon,1793
7170,Anesthesiologist,1793
7171,Surgical Nurse,1793
7172,Circulating Nurse,1793
7173,Lead Surgeon,1794
7174,Anesthesiologist,1794
7175,Surgical Nurse,1794
7176,Circulating Nurse,1794
7177,Lead Surgeon,1795
7178,Anesthesiologist,1795
7179,Surgical Nurse,1795
7180,Circulating Nurse,1795
7181,Lead Surgeon,1796
7182,Anesthesiologist,1796
7183,Surgical Nurse,1796
7184,Circulating Nurse,1796
7185,Lead Surgeon,1797
7186,Anesthesiologist,1797
7187,Surgical Nurse,1797
7188,Circulating Nurse,1797
7189,Lead Surgeon,1798
7190,Anesthesiologist,1798
7191,Surgical Nurse,1798
7192,Circulating Nurse,1798
7193,Lead Surgeon,1799
7194,Anesthesiologist,1799
7195,Surgical Nurse,1799
7196,Circulating Nurse,1799
7197,Lead Surgeon,1800
7198,Anesthesiologist,1800
7199,Surgical Nurse,1800
7200,Circulating Nurse,1800
7201,Lead Surgeon,1801
7202,Anesthesiologist,1801
7203,Surgical Nurse,1801
7204,Circulating Nurse,1801
7205,Lead Surgeon,1802
7206,Anesthesiologist,1802
7207,Surgical Nurse,1802
7208,Circulating Nurse,1802
7209,Lead Surgeon,1803
7210,Anesthesiologist,1803
7211,Surgical Nurse,1803
7212,Circulating Nurse,1803
7213,Lead Surgeon,1804
7214,Anesthesiologist,1804
7215,Surgical Nurse,1804
7216,Circulating Nurse,1804
7217,Lead Surgeon,1805
7218,Anesthesiologist,1805
7219,Surgical Nurse,1805
7220,Circulating Nurse,1805
7221,Lead Surgeon,1806
7222,Anesthesiologist,1806
7223,Surgical Nurse,1806
7224,Circulating Nurse,1806
7225,Lead Surgeon,1807
7226,Anesthesiologist,1807
7227,Surgical Nurse,1807
7228,Circulating Nurse,1807
7229,Lead Surgeon,1808
7230,Anesthesiologist,1808
7231,Surgical Nurse,1808
7232,Circulating Nurse,1808
7233,Lead Surgeon,1809
7234,Anesthesiologist,1809
7235,Surgical Nurse,1809
7236,Circulating Nurse,1809
7237,Lead Surgeon,1810
7238,Anesthesiologist,1810
7239,Surgical Nurse,1810
7240,Circulating Nurse,1810
7241,Lead Surgeon,1811
7242,Anesthesiologist,1811
7243,Surgical Nurse,1811
7244,Circulating Nurse,1811
7245,Lead Surgeon,1812
7246,Anesthesiologist,1812
7247,Surgical Nurse,1812
7248,Circulating Nurse,1812
7249,Lead Surgeon,1813
7250,Anesthesiologist,1813
7251,Surgical Nurse,1813
7252,Circulating Nurse,1813
7253,Lead Surgeon,1814
7254,Anesthesiologist,1814
7255,Surgical Nurse,1814
7256,Circulating Nurse,1814
7257,Lead Surgeon,1815
7258,Anesthesiologist,1815
7259,Surgical Nurse,1815
7260,Circulating Nurse,1815
7261,Lead Surgeon,1816
7262,Anesthesiologist,1816
7263,Surgical Nurse,1816
7264,Circulating Nurse,1816
7265,Lead Surgeon,1817
7266,Anesthesiologist,1817
7267,Surgical Nurse,1817
7268,Circulating Nurse,1817
7269,Lead Surgeon,1818
7270,Anesthesiologist,1818
7271,Surgical Nurse,1818
7272,Circulating Nurse,1818
7273,Lead Surgeon,1819
7274,Anesthesiologist,1819
7275,Surgical Nurse,1819
7276,Circulating Nurse,1819
7277,Lead Surgeon,1820
7278,Anesthesiologist,1820
7279,Surgical Nurse,1820
7280,Circulating Nurse,1820
7281,Lead Surgeon,1821
7282,Anesthesiologist,1821
7283,Surgical Nurse,1821
7284,Circulating Nurse,1821
7285,Lead Surgeon,1822
7286,Anesthesiologist,1822
7287,Surgical Nurse,1822
7288,Circulating Nurse,1822
7289,Lead Surgeon,1823
7290,Anesthesiologist,1823
7291,Surgical Nurse,1823
7292,Circulating Nurse,1823
7293,Lead Surgeon,1824
7294,Anesthesiologist,1824
7295,Surgical Nurse,1824
7296,Circulating Nurse,1824
7297,Lead Surgeon,1825
7298,Anesthesiologist,1825
7299,Surgical Nurse,1825
7300,Circulating Nurse,1825
7301,Lead Surgeon,1826
7302,Anesthesiologist,1826
7303,Surgical Nurse,1826
7304,Circulating Nurse,1826
7305,Lead Surgeon,1827
7306,Anesthesiologist,1827
7307,Surgical Nurse,1827
7308,Circulating Nurse,1827
7309,Lead Surgeon,1828
7310,Anesthesiologist,1828
7311,Surgical Nurse,1828
7312,Circulating Nurse,1828
7313,Lead Surgeon,1829
7314,Anesthesiologist,1829
7315,Surgical Nurse,1829
7316,Circulating Nurse,1829
7317,Lead Surgeon,1830
7318,Anesthesiologist,1830
7319,Surgical Nurse,1830
7320,Circulating Nurse,1830
7321,Lead Surgeon,1831
7322,Anesthesiologist,1831
7323,Surgical Nurse,1831
7324,Circulating Nurse,1831
7325,Lead Surgeon,1832
7326,Anesthesiologist,1832
7327,Surgical Nurse,1832
7328,Circulating Nurse,1832
7329,Lead Surgeon,1833
7330,Anesthesiologist,1833
7331,Surgical Nurse,1833
7332,Circulating Nurse,1833
7333,Lead Surgeon,1834
7334,Anesthesiologist,1834
7335,Surgical Nurse,1834
7336,Circulating Nurse,1834
7337,Lead Surgeon,1835
7338,Anesthesiologist,1835
7339,Surgical Nurse,1835
7340,Circulating Nurse,1835
7341,Lead Surgeon,1836
7342,Anesthesiologist,1836
7343,Surgical Nurse,1836
7344,Circulating Nurse,1836
7345,Lead Surgeon,1837
7346,Anesthesiologist,1837
7347,Surgical Nurse,1837
7348,Circulating Nurse,1837
7349,Lead Surgeon,1838
7350,Anesthesiologist,1838
7351,Surgical Nurse,1838
7352,Circulating Nurse,1838
7353,Lead Surgeon,1839
7354,Anesthesiologist,1839
7355,Surgical Nurse,1839
7356,Circulating Nurse,1839
7357,Lead Surgeon,1840
7358,Anesthesiologist,1840
7359,Surgical Nurse,1840
7360,Circulating Nurse,1840
7361,Lead Surgeon,1841
7362,Anesthesiologist,1841
7363,Surgical Nurse,1841
7364,Circulating Nurse,1841
7365,Lead Surgeon,1842
7366,Anesthesiologist,1842
7367,Surgical Nurse,1842
7368,Circulating Nurse,1842
7369,Lead Surgeon,1843
7370,Anesthesiologist,1843
7371,Surgical Nurse,1843
7372,Circulating Nurse,1843
7373,Lead Surgeon,1844
7374,Anesthesiologist,1844
7375,Surgical Nurse,1844
7376,Circulating Nurse,1844
7377,Lead Surgeon,1845
7378,Anesthesiologist,1845
7379,Surgical Nurse,1845
7380,Circulating Nurse,1845
7381,Lead Surgeon,1846
7382,Anesthesiologist,1846
7383,Surgical Nurse,1846
7384,Circulating Nurse,1846
7385,Lead Surgeon,1847
7386,Anesthesiologist,1847
7387,Surgical Nurse,1847
7388,Circulating Nurse,1847
7389,Lead Surgeon,1848
7390,Anesthesiologist,1848
7391,Surgical Nurse,1848
7392,Circulating Nurse,1848
7393,Lead Surgeon,1849
7394,Anesthesiologist,1849
7395,Surgical Nurse,1849
7396,Circulating Nurse,1849
7397,Lead Surgeon,1850
7398,Anesthesiologist,1850
7399,Surgical Nurse,1850
7400,Circulating Nurse,1850
7401,Lead Surgeon,1851
7402,Anesthesiologist,1851
7403,Surgical Nurse,1851
7404,Circulating Nurse,1851
7405,Lead Surgeon,1852
7406,Anesthesiologist,1852
7407,Surgical Nurse,1852
7408,Circulating Nurse,1852
7409,Lead Surgeon,1853
7410,Anesthesiologist,1853
7411,Surgical Nurse,1853
7412,Circulating Nurse,1853
7413,Lead Surgeon,1854
7414,Anesthesiologist,1854
7415,Surgical Nurse,1854
7416,Circulating Nurse,1854
7417,Lead Surgeon,1855
7418,Anesthesiologist,1855
7419,Surgical Nurse,1855
7420,Circulating Nurse,1855
7421,Lead Surgeon,1856
7422,Anesthesiologist,1856
7423,Surgical Nurse,1856
7424,Circulating Nurse,1856
7425,Lead Surgeon,1857
7426,Anesthesiologist,1857
7427,Surgical Nurse,1857
7428,Circulating Nurse,1857
7429,Lead Surgeon,1858
7430,Anesthesiologist,1858
7431,Surgical Nurse,1858
7432,Circulating Nurse,1858
7433,Lead Surgeon,1859
7434,Anesthesiologist,1859
7435,Surgical Nurse,1859
7436,Circulating Nurse,1859
7437,Lead Surgeon,1860
7438,Anesthesiologist,1860
7439,Surgical Nurse,1860
7440,Circulating Nurse,1860
7441,Lead Surgeon,1861
7442,Anesthesiologist,1861
7443,Surgical Nurse,1861
7444,Circulating Nurse,1861
7445,Lead Surgeon,1862
7446,Anesthesiologist,1862
7447,Surgical Nurse,1862
7448,Circulating Nurse,1862
7449,Lead Surgeon,1863
7450,Anesthesiologist,1863
7451,Surgical Nurse,1863
7452,Circulating Nurse,1863
7453,Lead Surgeon,1864
7454,Anesthesiologist,1864
7455,Surgical Nurse,1864
7456,Circulating Nurse,1864
7457,Lead Surgeon,1865
7458,Anesthesiologist,1865
7459,Surgical Nurse,1865
7460,Circulating Nurse,1865
7461,Lead Surgeon,1866
7462,Anesthesiologist,1866
7463,Surgical Nurse,1866
7464,Circulating Nurse,1866
7465,Lead Surgeon,1867
7466,Anesthesiologist,1867
7467,Surgical Nurse,1867
7468,Circulating Nurse,1867
7469,Lead Surgeon,1868
7470,Anesthesiologist,1868
7471,Surgical Nurse,1868
7472,Circulating Nurse,1868
7473,Lead Surgeon,1869
7474,Anesthesiologist,1869
7475,Surgical Nurse,1869
7476,Circulating Nurse,1869
7477,Lead Surgeon,1870
7478,Anesthesiologist,1870
7479,Surgical Nurse,1870
7480,Circulating Nurse,1870
7481,Lead Surgeon,1871
7482,Anesthesiologist,1871
7483,Surgical Nurse,1871
7484,Circulating Nurse,1871
7485,Lead Surgeon,1872
7486,Anesthesiologist,1872
7487,Surgical Nurse,1872
7488,Circulating Nurse,1872
7489,Lead Surgeon,1873
7490,Anesthesiologist,1873
7491,Surgical Nurse,1873
7492,Circulating Nurse,1873
7493,Lead Surgeon,1874
7494,Anesthesiologist,1874
7495,Surgical Nurse,1874
7496,Circulating Nurse,1874
7497,Lead Surgeon,1875
7498,Anesthesiologist,1875
7499,Surgical Nurse,1875
7500,Circulating Nurse,1875
7501,Lead Surgeon,1876
7502,Anesthesiologist,1876
7503,Surgical Nurse,1876
7504,Circulating Nurse,1876
7505,Lead Surgeon,1877
7506,Anesthesiologist,1877
7507,Surgical Nurse,1877
7508,Circulating Nurse,1877
7509,Lead Surgeon,1878
7510,Anesthesiologist,1878
7511,Surgical Nurse,1878
7512,Circulating Nurse,1878
7513,Lead Surgeon,1879
7514,Anesthesiologist,1879
7515,Surgical Nurse,1879
7516,Circulating Nurse,1879
7517,Lead Surgeon,1880
7518,Anesthesiologist,1880
7519,Surgical Nurse,1880
7520,Circulating Nurse,1880
7521,Lead Surgeon,1881
7522,Anesthesiologist,1881
7523,Surgical Nurse,1881
7524,Circulating Nurse,1881
7525,Lead Surgeon,1882
7526,Anesthesiologist,1882
7527,Surgical Nurse,1882
7528,Circulating Nurse,1882
7529,Lead Surgeon,1883
7530,Anesthesiologist,1883
7531,Surgical Nurse,1883
7532,Circulating Nurse,1883
7533,Lead Surgeon,1884
7534,Anesthesiologist,1884
7535,Surgical Nurse,1884
7536,Circulating Nurse,1884
7537,Lead Surgeon,1885
7538,Anesthesiologist,1885
7539,Surgical Nurse,1885
7540,Circulating Nurse,1885
7541,Lead Surgeon,1886
7542,Anesthesiologist,1886
7543,Surgical Nurse,1886
7544,Circulating Nurse,1886
7545,Lead Surgeon,1887
7546,Anesthesiologist,1887
7547,Surgical Nurse,1887
7548,Circulating Nurse,1887
7549,Lead Surgeon,1888
7550,Anesthesiologist,1888
7551,Surgical Nurse,1888
7552,Circulating Nurse,1888
7553,Lead Surgeon,1889
7554,Anesthesiologist,1889
7555,Surgical Nurse,1889
7556,Circulating Nurse,1889
7557,Lead Surgeon,1890
7558,Anesthesiologist,1890
7559,Surgical Nurse,1890
7560,Circulating Nurse,1890
7561,Lead Surgeon,1891
7562,Anesthesiologist,1891
7563,Surgical Nurse,1891
7564,Circulating Nurse,1891
7565,Lead Surgeon,1892
7566,Anesthesiologist,1892
7567,Surgical Nurse,1892
7568,Circulating Nurse,1892
7569,Lead Surgeon,1893
7570,Anesthesiologist,1893
7571,Surgical Nurse,1893
7572,Circulating Nurse,1893
7573,Lead Surgeon,1894
7574,Anesthesiologist,1894
7575,Surgical Nurse,1894
7576,Circulating Nurse,1894
7577,Lead Surgeon,1895
7578,Anesthesiologist,1895
7579,Surgical Nurse,1895
7580,Circulating Nurse,1895
7581,Lead Surgeon,1896
7582,Anesthesiologist,1896
7583,Surgical Nurse,1896
7584,Circulating Nurse,1896
7585,Lead Surgeon,1897
7586,Anesthesiologist,1897
7587,Surgical Nurse,1897
7588,Circulating Nurse,1897
7589,Lead Surgeon,1898
7590,Anesthesiologist,1898
7591,Surgical Nurse,1898
7592,Circulating Nurse,1898
7593,Lead Surgeon,1899
7594,Anesthesiologist,1899
7595,Surgical Nurse,1899
7596,Circulating Nurse,1899
7597,Lead Surgeon,1900
7598,Anesthesiologist,1900
7599,Surgical Nurse,1900
7600,Circulating Nurse,1900
7601,Lead Surgeon,1901
7602,Anesthesiologist,1901
7603,Surgical Nurse,1901
7604,Circulating Nurse,1901
7605,Lead Surgeon,1902
7606,Anesthesiologist,1902
7607,Surgical Nurse,1902
7608,Circulating Nurse,1902
7609,Lead Surgeon,1903
7610,Anesthesiologist,1903
7611,Surgical Nurse,1903
7612,Circulating Nurse,1903
7613,Lead Surgeon,1904
7614,Anesthesiologist,1904
7615,Surgical Nurse,1904
7616,Circulating Nurse,1904
7617,Lead Surgeon,1905
7618,Anesthesiologist,1905
7619,Surgical Nurse,1905
7620,Circulating Nurse,1905
7621,Lead Surgeon,1906
7622,Anesthesiologist,1906
7623,Surgical Nurse,1906
7624,Circulating Nurse,1906
7625,Lead Surgeon,1907
7626,Anesthesiologist,1907
7627,Surgical Nurse,1907
7628,Circulating Nurse,1907
7629,Lead Surgeon,1908
7630,Anesthesiologist,1908
7631,Surgical Nurse,1908
7632,Circulating Nurse,1908
7633,Lead Surgeon,1909
7634,Anesthesiologist,1909
7635,Surgical Nurse,1909
7636,Circulating Nurse,1909
7637,Lead Surgeon,1910
7638,Anesthesiologist,1910
7639,Surgical Nurse,1910
7640,Circulating Nurse,1910
7641,Lead Surgeon,1911
7642,Anesthesiologist,1911
7643,Surgical Nurse,1911
7644,Circulating Nurse,1911
7645,Lead Surgeon,1912
7646,Anesthesiologist,1912
7647,Surgical Nurse,1912
7648,Circulating Nurse,1912
7649,Lead Surgeon,1913
7650,Anesthesiologist,1913
7651,Surgical Nurse,1913
7652,Circulating Nurse,1913
7653,Lead Surgeon,1914
7654,Anesthesiologist,1914
7655,Surgical Nurse,1914
7656,Circulating Nurse,1914
7657,Lead Surgeon,1915
7658,Anesthesiologist,1915
7659,Surgical Nurse,1915
7660,Circulating Nurse,1915
7661,Lead Surgeon,1916
7662,Anesthesiologist,1916
7663,Surgical Nurse,1916
7664,Circulating Nurse,1916
7665,Lead Surgeon,1917
7666,Anesthesiologist,1917
7667,Surgical Nurse,1917
7668,Circulating Nurse,1917
7669,Lead Surgeon,1918
7670,Anesthesiologist,1918
7671,Surgical Nurse,1918
7672,Circulating Nurse,1918
7673,Lead Surgeon,1919
7674,Anesthesiologist,1919
7675,Surgical Nurse,1919
7676,Circulating Nurse,1919
7677,Lead Surgeon,1920
7678,Anesthesiologist,1920
7679,Surgical Nurse,1920
7680,Circulating Nurse,1920
7681,Lead Surgeon,1921
7682,Anesthesiologist,1921
7683,Surgical Nurse,1921
7684,Circulating Nurse,1921
7685,Lead Surgeon,1922
7686,Anesthesiologist,1922
7687,Surgical Nurse,1922
7688,Circulating Nurse,1922
7689,Lead Surgeon,1923
7690,Anesthesiologist,1923
7691,Surgical Nurse,1923
7692,Circulating Nurse,1923
7693,Lead Surgeon,1924
7694,Anesthesiologist,1924
7695,Surgical Nurse,1924
7696,Circulating Nurse,1924
7697,Lead Surgeon,1925
7698,Anesthesiologist,1925
7699,Surgical Nurse,1925
7700,Circulating Nurse,1925
7701,Lead Surgeon,1926
7702,Anesthesiologist,1926
7703,Surgical Nurse,1926
7704,Circulating Nurse,1926
7705,Lead Surgeon,1927
7706,Anesthesiologist,1927
7707,Surgical Nurse,1927
7708,Circulating Nurse,1927
7709,Lead Surgeon,1928
7710,Anesthesiologist,1928
7711,Surgical Nurse,1928
7712,Circulating Nurse,1928
7713,Lead Surgeon,1929
7714,Anesthesiologist,1929
7715,Surgical Nurse,1929
7716,Circulating Nurse,1929
7717,Lead Surgeon,1930
7718,Anesthesiologist,1930
7719,Surgical Nurse,1930
7720,Circulating Nurse,1930
7721,Lead Surgeon,1931
7722,Anesthesiologist,1931
7723,Surgical Nurse,1931
7724,Circulating Nurse,1931
7725,Lead Surgeon,1932
7726,Anesthesiologist,1932
7727,Surgical Nurse,1932
7728,Circulating Nurse,1932
7729,Lead Surgeon,1933
7730,Anesthesiologist,1933
7731,Surgical Nurse,1933
7732,Circulating Nurse,1933
7733,Lead Surgeon,1934
7734,Anesthesiologist,1934
7735,Surgical Nurse,1934
7736,Circulating Nurse,1934
7737,Lead Surgeon,1935
7738,Anesthesiologist,1935
7739,Surgical Nurse,1935
7740,Circulating Nurse,1935
7741,Lead Surgeon,1936
7742,Anesthesiologist,1936
7743,Surgical Nurse,1936
7744,Circulating Nurse,1936
7745,Lead Surgeon,1937
7746,Anesthesiologist,1937
7747,Surgical Nurse,1937
7748,Circulating Nurse,1937
7749,Lead Surgeon,1938
7750,Anesthesiologist,1938
7751,Surgical Nurse,1938
7752,Circulating Nurse,1938
7753,Lead Surgeon,1939
7754,Anesthesiologist,1939
7755,Surgical Nurse,1939
7756,Circulating Nurse,1939
7757,Lead Surgeon,1940
7758,Anesthesiologist,1940
7759,Surgical Nurse,1940
7760,Circulating Nurse,1940
7761,Lead Surgeon,1941
7762,Anesthesiologist,1941
7763,Surgical Nurse,1941
7764,Circulating Nurse,1941
7765,Lead Surgeon,1942
7766,Anesthesiologist,1942
7767,Surgical Nurse,1942
7768,Circulating Nurse,1942
7769,Lead Surgeon,1943
7770,Anesthesiologist,1943
7771,Surgical Nurse,1943
7772,Circulating Nurse,1943
7773,Lead Surgeon,1944
7774,Anesthesiologist,1944
7775,Surgical Nurse,1944
7776,Circulating Nurse,1944
7777,Lead Surgeon,1945
7778,Anesthesiologist,1945
7779,Surgical Nurse,1945
7780,Circulating Nurse,1945
7781,Lead Surgeon,1946
7782,Anesthesiologist,1946
7783,Surgical Nurse,1946
7784,Circulating Nurse,1946
7785,Lead Surgeon,1947
7786,Anesthesiologist,1947
7787,Surgical Nurse,1947
7788,Circulating Nurse,1947
7789,Lead Surgeon,1948
7790,Anesthesiologist,1948
7791,Surgical Nurse,1948
7792,Circulating Nurse,1948
7793,Lead Surgeon,1949
7794,Anesthesiologist,1949
7795,Surgical Nurse,1949
7796,Circulating Nurse,1949
7797,Lead Surgeon,1950
7798,Anesthesiologist,1950
7799,Surgical Nurse,1950
7800,Circulating Nurse,1950
7801,Lead Surgeon,1951
7802,Anesthesiologist,1951
7803,Surgical Nurse,1951
7804,Circulating Nurse,1951
7805,Lead Surgeon,1952
7806,Anesthesiologist,1952
7807,Surgical Nurse,1952
7808,Circulating Nurse,1952
7809,Lead Surgeon,1953
7810,Anesthesiologist,1953
7811,Surgical Nurse,1953
7812,Circulating Nurse,1953
7813,Lead Surgeon,1954
7814,Anesthesiologist,1954
7815,Surgical Nurse,1954
7816,Circulating Nurse,1954
7817,Lead Surgeon,1955
7818,Anesthesiologist,1955
7819,Surgical Nurse,1955
7820,Circulating Nurse,1955
7821,Lead Surgeon,1956
7822,Anesthesiologist,1956
7823,Surgical Nurse,1956
7824,Circulating Nurse,1956
7825,Lead Surgeon,1957
7826,Anesthesiologist,1957
7827,Surgical Nurse,1957
7828,Circulating Nurse,1957
7829,Lead Surgeon,1958
7830,Anesthesiologist,1958
7831,Surgical Nurse,1958
7832,Circulating Nurse,1958
7833,Lead Surgeon,1959
7834,Anesthesiologist,1959
7835,Surgical Nurse,1959
7836,Circulating Nurse,1959
7837,Lead Surgeon,1960
7838,Anesthesiologist,1960
7839,Surgical Nurse,1960
7840,Circulating Nurse,1960
7841,Lead Surgeon,1961
7842,Anesthesiologist,1961
7843,Surgical Nurse,1961
7844,Circulating Nurse,1961
7845,Lead Surgeon,1962
7846,Anesthesiologist,1962
7847,Surgical Nurse,1962
7848,Circulating Nurse,1962
7849,Lead Surgeon,1963
7850,Anesthesiologist,1963
7851,Surgical Nurse,1963
7852,Circulating Nurse,1963
7853,Lead Surgeon,1964
7854,Anesthesiologist,1964
7855,Surgical Nurse,1964
7856,Circulating Nurse,1964
7857,Lead Surgeon,1965
7858,Anesthesiologist,1965
7859,Surgical Nurse,1965
7860,Circulating Nurse,1965
7861,Lead Surgeon,1966
7862,Anesthesiologist,1966
7863,Surgical Nurse,1966
7864,Circulating Nurse,1966
7865,Lead Surgeon,1967
7866,Anesthesiologist,1967
7867,Surgical Nurse,1967
7868,Circulating Nurse,1967
7869,Lead Surgeon,1968
7870,Anesthesiologist,1968
7871,Surgical Nurse,1968
7872,Circulating Nurse,1968
7873,Lead Surgeon,1969
7874,Anesthesiologist,1969
7875,Surgical Nurse,1969
7876,Circulating Nurse,1969
7877,Lead Surgeon,1970
7878,Anesthesiologist,1970
7879,Surgical Nurse,1970
7880,Circulating Nurse,1970
7881,Lead Surgeon,1971
7882,Anesthesiologist,1971
7883,Surgical Nurse,1971
7884,Circulating Nurse,1971
7885,Lead Surgeon,1972
7886,Anesthesiologist,1972
7887,Surgical Nurse,1972
7888,Circulating Nurse,1972
7889,Lead Surgeon,1973
7890,Anesthesiologist,1973
7891,Surgical Nurse,1973
7892,Circulating Nurse,1973
7893,Lead Surgeon,1974
7894,Anesthesiologist,1974
7895,Surgical Nurse,1974
7896,Circulating Nurse,1974
7897,Lead Surgeon,1975
7898,Anesthesiologist,1975
7899,Surgical Nurse,1975
7900,Circulating Nurse,1975
7901,Lead Surgeon,1976
7902,Anesthesiologist,1976
7903,Surgical Nurse,1976
7904,Circulating Nurse,1976
7905,Lead Surgeon,1977
7906,Anesthesiologist,1977
7907,Surgical Nurse,1977
7908,Circulating Nurse,1977
7909,Lead Surgeon,1978
7910,Anesthesiologist,1978
7911,Surgical Nurse,1978
7912,Circulating Nurse,1978
7913,Lead Surgeon,1979
7914,Anesthesiologist,1979
7915,Surgical Nurse,1979
7916,Circulating Nurse,1979
7917,Lead Surgeon,1980
7918,Anesthesiologist,1980
7919,Surgical Nurse,1980
7920,Circulating Nurse,1980
7921,Lead Surgeon,1981
7922,Anesthesiologist,1981
7923,Surgical Nurse,1981
7924,Circulating Nurse,1981
7925,Lead Surgeon,1982
7926,Anesthesiologist,1982
7927,Surgical Nurse,1982
7928,Circulating Nurse,1982
7929,Lead Surgeon,1983
7930,Anesthesiologist,1983
7931,Surgical Nurse,1983
7932,Circulating Nurse,1983
7933,Lead Surgeon,1984
7934,Anesthesiologist,1984
7935,Surgical Nurse,1984
7936,Circulating Nurse,1984
7937,Lead Surgeon,1985
7938,Anesthesiologist,1985
7939,Surgical Nurse,1985
7940,Circulating Nurse,1985
7941,Lead Surgeon,1986
7942,Anesthesiologist,1986
7943,Surgical Nurse,1986
7944,Circulating Nurse,1986
7945,Lead Surgeon,1987
7946,Anesthesiologist,1987
7947,Surgical Nurse,1987
7948,Circulating Nurse,1987
7949,Lead Surgeon,1988
7950,Anesthesiologist,1988
7951,Surgical Nurse,1988
7952,Circulating Nurse,1988
7953,Lead Surgeon,1989
7954,Anesthesiologist,1989
7955,Surgical Nurse,1989
7956,Circulating Nurse,1989
7957,Lead Surgeon,1990
7958,Anesthesiologist,1990
7959,Surgical Nurse,1990
7960,Circulating Nurse,1990
7961,Lead Surgeon,1991
7962,Anesthesiologist,1991
7963,Surgical Nurse,1991
7964,Circulating Nurse,1991
7965,Lead Surgeon,1992
7966,Anesthesiologist,1992
7967,Surgical Nurse,1992
7968,Circulating Nurse,1992
7969,Lead Surgeon,1993
7970,Anesthesiologist,1993
7971,Surgical Nurse,1993
7972,Circulating Nurse,1993
7973,Lead Surgeon,1994
7974,Anesthesiologist,1994
7975,Surgical Nurse,1994
7976,Circulating Nurse,1994
7977,Lead Surgeon,1995
7978,Anesthesiologist,1995
7979,Surgical Nurse,1995
7980,Circulating Nurse,1995
7981,Lead Surgeon,1996
7982,Anesthesiologist,1996
7983,Surgical Nurse,1996
7984,Circulating Nurse,1996
7985,Lead Surgeon,1997
7986,Anesthesiologist,1997
7987,Surgical Nurse,1997
7988,Circulating Nurse,1997
7989,Lead Surgeon,1998
7990,Anesthesiologist,1998
7991,Surgical Nurse,1998
7992,Circulating Nurse,1998
7993,Lead Surgeon,1999
7994,Anesthesiologist,1999
7995,Surgical Nurse,1999
7996,Circulating Nurse,1999
7997,Lead Surgeon,2000
7998,Anesthesiologist,2000
7999,Surgical Nurse,2000
8000,Circulating Nurse,2000
8001,Lead Surgeon,2001
8002,Anesthesiologist,2001
8003,Surgical Nurse,2001
8004,Circulating Nurse,2001
8005,Lead Surgeon,2002
8006,Anesthesiologist,2002
8007,Surgical Nurse,2002
8008,Circulating Nurse,2002
8009,Lead Surgeon,2003
8010,Anesthesiologist,2003
8011,Surgical Nurse,2003
8012,Circulating Nurse,2003
8013,Lead Surgeon,2004
8014,Anesthesiologist,2004
8015,Surgical Nurse,2004
8016,Circulating Nurse,2004
8017,Lead Surgeon,2005
8018,Anesthesiologist,2005
8019,Surgical Nurse,2005
8020,Circulating Nurse,2005
8021,Lead Surgeon,2006
8022,Anesthesiologist,2006
8023,Surgical Nurse,2006
8024,Circulating Nurse,2006
8025,Lead Surgeon,2007
8026,Anesthesiologist,2007
8027,Surgical Nurse,2007
8028,Circulating Nurse,2007
8029,Lead Surgeon,2008
8030,Anesthesiologist,2008
8031,Surgical Nurse,2008
8032,Circulating Nurse,2008
8033,Lead Surgeon,2009
8034,Anesthesiologist,2009
8035,Surgical Nurse,2009
8036,Circulating Nurse,2009
8037,Lead Surgeon,2010
8038,Anesthesiologist,2010
8039,Surgical Nurse,2010
8040,Circulating Nurse,2010
8041,Lead Surgeon,2011
8042,Anesthesiologist,2011
8043,Surgical Nurse,2011
8044,Circulating Nurse,2011
8045,Lead Surgeon,2012
8046,Anesthesiologist,2012
8047,Surgical Nurse,2012
8048,Circulating Nurse,2012
8049,Lead Surgeon,2013
8050,Anesthesiologist,2013
8051,Surgical Nurse,2013
8052,Circulating Nurse,2013
8053,Lead Surgeon,2014
8054,Anesthesiologist,2014
8055,Surgical Nurse,2014
8056,Circulating Nurse,2014
8057,Lead Surgeon,2015
8058,Anesthesiologist,2015
8059,Surgical Nurse,2015
8060,Circulating Nurse,2015
8061,Lead Surgeon,2016
8062,Anesthesiologist,2016
8063,Surgical Nurse,2016
8064,Circulating Nurse,2016
8065,Lead Surgeon,2017
8066,Anesthesiologist,2017
8067,Surgical Nurse,2017
8068,Circulating Nurse,2017
8069,Lead Surgeon,2018
8070,Anesthesiologist,2018
8071,Surgical Nurse,2018
8072,Circulating Nurse,2018
8073,Lead Surgeon,2019
8074,Anesthesiologist,2019
8075,Surgical Nurse,2019
8076,Circulating Nurse,2019
8077,Lead Surgeon,2020
8078,Anesthesiologist,2020
8079,Surgical Nurse,2020
8080,Circulating Nurse,2020
8081,Lead Surgeon,2021
8082,Anesthesiologist,2021
8083,Surgical Nurse,2021
8084,Circulating Nurse,2021
8085,Lead Surgeon,2022
8086,Anesthesiologist,2022
8087,Surgical Nurse,2022
8088,Circulating Nurse,2022
8089,Lead Surgeon,2023
8090,Anesthesiologist,2023
8091,Surgical Nurse,2023
8092,Circulating Nurse,2023
8093,Lead Surgeon,2024
8094,Anesthesiologist,2024
8095,Surgical Nurse,2024
8096,Circulating Nurse,2024
8097,Lead Surgeon,2025
8098,Anesthesiologist,2025
8099,Surgical Nurse,2025
8100,Circulating Nurse,2025
8101,Lead Surgeon,2026
8102,Anesthesiologist,2026
8103,Surgical Nurse,2026
8104,Circulating Nurse,2026
8105,Lead Surgeon,2027
8106,Anesthesiologist,2027
8107,Surgical Nurse,2027
8108,Circulating Nurse,2027
8109,Lead Surgeon,2028
8110,Anesthesiologist,2028
8111,Surgical Nurse,2028
8112,Circulating Nurse,2028
8113,Lead Surgeon,2029
8114,Anesthesiologist,2029
8115,Surgical Nurse,2029
8116,Circulating Nurse,2029
8117,Lead Surgeon,2030
8118,Anesthesiologist,2030
8119,Surgical Nurse,2030
8120,Circulating Nurse,2030
8121,Lead Surgeon,2031
8122,Anesthesiologist,2031
8123,Surgical Nurse,2031
8124,Circulating Nurse,2031
8125,Lead Surgeon,2032
8126,Anesthesiologist,2032
8127,Surgical Nurse,2032
8128,Circulating Nurse,2032
8129,Lead Surgeon,2033
8130,Anesthesiologist,2033
8131,Surgical Nurse,2033
8132,Circulating Nurse,2033
8133,Lead Surgeon,2034
8134,Anesthesiologist,2034
8135,Surgical Nurse,2034
8136,Circulating Nurse,2034
8137,Lead Surgeon,2035
8138,Anesthesiologist,2035
8139,Surgical Nurse,2035
8140,Circulating Nurse,2035
8141,Lead Surgeon,2036
8142,Anesthesiologist,2036
8143,Surgical Nurse,2036
8144,Circulating Nurse,2036
8145,Lead Surgeon,2037
8146,Anesthesiologist,2037
8147,Surgical Nurse,2037
8148,Circulating Nurse,2037
8149,Lead Surgeon,2038
8150,Anesthesiologist,2038
8151,Surgical Nurse,2038
8152,Circulating Nurse,2038
8153,Lead Surgeon,2039
8154,Anesthesiologist,2039
8155,Surgical Nurse,2039
8156,Circulating Nurse,2039
8157,Lead Surgeon,2040
8158,Anesthesiologist,2040
8159,Surgical Nurse,2040
8160,Circulating Nurse,2040
8161,Lead Surgeon,2041
8162,Anesthesiologist,2041
8163,Surgical Nurse,2041
8164,Circulating Nurse,2041
8165,Lead Surgeon,2042
8166,Anesthesiologist,2042
8167,Surgical Nurse,2042
8168,Circulating Nurse,2042
8169,Lead Surgeon,2043
8170,Anesthesiologist,2043
8171,Surgical Nurse,2043
8172,Circulating Nurse,2043
8173,Lead Surgeon,2044
8174,Anesthesiologist,2044
8175,Surgical Nurse,2044
8176,Circulating Nurse,2044
8177,Lead Surgeon,2045
8178,Anesthesiologist,2045
8179,Surgical Nurse,2045
8180,Circulating Nurse,2045
8181,Lead Surgeon,2046
8182,Anesthesiologist,2046
8183,Surgical Nurse,2046
8184,Circulating Nurse,2046
8185,Lead Surgeon,2047
8186,Anesthesiologist,2047
8187,Surgical Nurse,2047
8188,Circulating Nurse,2047
8189,Lead Surgeon,2048
8190,Anesthesiologist,2048
8191,Surgical Nurse,2048
8192,Circulating Nurse,2048
8193,Lead Surgeon,2049
8194,Anesthesiologist,2049
8195,Surgical Nurse,2049
8196,Circulating Nurse,2049
8197,Lead Surgeon,2050
8198,Anesthesiologist,2050
8199,Surgical Nurse,2050
8200,Circulating Nurse,2050
8201,Lead Surgeon,2051
8202,Anesthesiologist,2051
8203,Surgical Nurse,2051
8204,Circulating Nurse,2051
8205,Lead Surgeon,2052
8206,Anesthesiologist,2052
8207,Surgical Nurse,2052
8208,Circulating Nurse,2052
8209,Lead Surgeon,2053
8210,Anesthesiologist,2053
8211,Surgical Nurse,2053
8212,Circulating Nurse,2053
8213,Lead Surgeon,2054
8214,Anesthesiologist,2054
8215,Surgical Nurse,2054
8216,Circulating Nurse,2054
8217,Lead Surgeon,2055
8218,Anesthesiologist,2055
8219,Surgical Nurse,2055
8220,Circulating Nurse,2055
8221,Lead Surgeon,2056
8222,Anesthesiologist,2056
8223,Surgical Nurse,2056
8224,Circulating Nurse,2056
8225,Lead Surgeon,2057
8226,Anesthesiologist,2057
8227,Surgical Nurse,2057
8228,Circulating Nurse,2057
8229,Lead Surgeon,2058
8230,Anesthesiologist,2058
8231,Surgical Nurse,2058
8232,Circulating Nurse,2058
8233,Lead Surgeon,2059
8234,Anesthesiologist,2059
8235,Surgical Nurse,2059
8236,Circulating Nurse,2059
8237,Lead Surgeon,2060
8238,Anesthesiologist,2060
8239,Surgical Nurse,2060
8240,Circulating Nurse,2060
8241,Lead Surgeon,2061
8242,Anesthesiologist,2061
8243,Surgical Nurse,2061
8244,Circulating Nurse,2061
8245,Lead Surgeon,2062
8246,Anesthesiologist,2062
8247,Surgical Nurse,2062
8248,Circulating Nurse,2062
8249,Lead Surgeon,2063
8250,Anesthesiologist,2063
8251,Surgical Nurse,2063
8252,Circulating Nurse,2063
8253,Lead Surgeon,2064
8254,Anesthesiologist,2064
8255,Surgical Nurse,2064
8256,Circulating Nurse,2064
8257,Lead Surgeon,2065
8258,Anesthesiologist,2065
8259,Surgical Nurse,2065
8260,Circulating Nurse,2065
8261,Lead Surgeon,2066
8262,Anesthesiologist,2066
8263,Surgical Nurse,2066
8264,Circulating Nurse,2066
8265,Lead Surgeon,2067
8266,Anesthesiologist,2067
8267,Surgical Nurse,2067
8268,Circulating Nurse,2067
8269,Lead Surgeon,2068
8270,Anesthesiologist,2068
8271,Surgical Nurse,2068
8272,Circulating Nurse,2068
8273,Lead Surgeon,2069
8274,Anesthesiologist,2069
8275,Surgical Nurse,2069
8276,Circulating Nurse,2069
8277,Lead Surgeon,2070
8278,Anesthesiologist,2070
8279,Surgical Nurse,2070
8280,Circulating Nurse,2070
8281,Lead Surgeon,2071
8282,Anesthesiologist,2071
8283,Surgical Nurse,2071
8284,Circulating Nurse,2071
8285,Lead Surgeon,2072
8286,Anesthesiologist,2072
8287,Surgical Nurse,2072
8288,Circulating Nurse,2072
8289,Lead Surgeon,2073
8290,Anesthesiologist,2073
8291,Surgical Nurse,2073
8292,Circulating Nurse,2073
8293,Lead Surgeon,2074
8294,Anesthesiologist,2074
8295,Surgical Nurse,2074
8296,Circulating Nurse,2074
8297,Lead Surgeon,2075
8298,Anesthesiologist,2075
8299,Surgical Nurse,2075
8300,Circulating Nurse,2075
8301,Lead Surgeon,2076
8302,Anesthesiologist,2076
8303,Surgical Nurse,2076
8304,Circulating Nurse,2076
8305,Lead Surgeon,2077
8306,Anesthesiologist,2077
8307,Surgical Nurse,2077
8308,Circulating Nurse,2077
8309,Lead Surgeon,2078
8310,Anesthesiologist,2078
8311,Surgical Nurse,2078
8312,Circulating Nurse,2078
8313,Lead Surgeon,2079
8314,Anesthesiologist,2079
8315,Surgical Nurse,2079
8316,Circulating Nurse,2079
8317,Lead Surgeon,2080
8318,Anesthesiologist,2080
8319,Surgical Nurse,2080
8320,Circulating Nurse,2080
8321,Lead Surgeon,2081
8322,Anesthesiologist,2081
8323,Surgical Nurse,2081
8324,Circulating Nurse,2081
8325,Lead Surgeon,2082
8326,Anesthesiologist,2082
8327,Surgical Nurse,2082
8328,Circulating Nurse,2082
8329,Lead Surgeon,2083
8330,Anesthesiologist,2083
8331,Surgical Nurse,2083
8332,Circulating Nurse,2083
8333,Lead Surgeon,2084
8334,Anesthesiologist,2084
8335,Surgical Nurse,2084
8336,Circulating Nurse,2084
8337,Lead Surgeon,2085
8338,Anesthesiologist,2085
8339,Surgical Nurse,2085
8340,Circulating Nurse,2085
8341,Lead Surgeon,2086
8342,Anesthesiologist,2086
8343,Surgical Nurse,2086
8344,Circulating Nurse,2086
8345,Lead Surgeon,2087
8346,Anesthesiologist,2087
8347,Surgical Nurse,2087
8348,Circulating Nurse,2087
8349,Lead Surgeon,2088
8350,Anesthesiologist,2088
8351,Surgical Nurse,2088
8352,Circulating Nurse,2088
8353,Lead Surgeon,2089
8354,Anesthesiologist,2089
8355,Surgical Nurse,2089
8356,Circulating Nurse,2089
8357,Lead Surgeon,2090
8358,Anesthesiologist,2090
8359,Surgical Nurse,2090
8360,Circulating Nurse,2090
8361,Lead Surgeon,2091
8362,Anesthesiologist,2091
8363,Surgical Nurse,2091
8364,Circulating Nurse,2091
8365,Lead Surgeon,2092
8366,Anesthesiologist,2092
8367,Surgical Nurse,2092
8368,Circulating Nurse,2092
8369,Lead Surgeon,2093
8370,Anesthesiologist,2093
8371,Surgical Nurse,2093
8372,Circulating Nurse,2093
8373,Lead Surgeon,2094
8374,Anesthesiologist,2094
8375,Surgical Nurse,2094
8376,Circulating Nurse,2094
8377,Lead Surgeon,2095
8378,Anesthesiologist,2095
8379,Surgical Nurse,2095
8380,Circulating Nurse,2095
8381,Lead Surgeon,2096
8382,Anesthesiologist,2096
8383,Surgical Nurse,2096
8384,Circulating Nurse,2096
8385,Lead Surgeon,2097
8386,Anesthesiologist,2097
8387,Surgical Nurse,2097
8388,Circulating Nurse,2097
8389,Lead Surgeon,2098
8390,Anesthesiologist,2098
8391,Surgical Nurse,2098
8392,Circulating Nurse,2098
8393,Lead Surgeon,2099
8394,Anesthesiologist,2099
8395,Surgical Nurse,2099
8396,Circulating Nurse,2099
8397,Lead Surgeon,2100
8398,Anesthesiologist,2100
8399,Surgical Nurse,2100
8400,Circulating Nurse,2100
8401,Lead Surgeon,2101
8402,Anesthesiologist,2101
8403,Surgical Nurse,2101
8404,Circulating Nurse,2101
8405,Lead Surgeon,2102
8406,Anesthesiologist,2102
8407,Surgical Nurse,2102
8408,Circulating Nurse,2102
8409,Lead Surgeon,2103
8410,Anesthesiologist,2103
8411,Surgical Nurse,2103
8412,Circulating Nurse,2103
8413,Lead Surgeon,2104
8414,Anesthesiologist,2104
8415,Surgical Nurse,2104
8416,Circulating Nurse,2104
8417,Lead Surgeon,2105
8418,Anesthesiologist,2105
8419,Surgical Nurse,2105
8420,Circulating Nurse,2105
8421,Lead Surgeon,2106
8422,Anesthesiologist,2106
8423,Surgical Nurse,2106
8424,Circulating Nurse,2106
8425,Lead Surgeon,2107
8426,Anesthesiologist,2107
8427,Surgical Nurse,2107
8428,Circulating Nurse,2107
8429,Lead Surgeon,2108
8430,Anesthesiologist,2108
8431,Surgical Nurse,2108
8432,Circulating Nurse,2108
8433,Lead Surgeon,2109
8434,Anesthesiologist,2109
8435,Surgical Nurse,2109
8436,Circulating Nurse,2109
8437,Lead Surgeon,2110
8438,Anesthesiologist,2110
8439,Surgical Nurse,2110
8440,Circulating Nurse,2110
8441,Lead Surgeon,2111
8442,Anesthesiologist,2111
8443,Surgical Nurse,2111
8444,Circulating Nurse,2111
8445,Lead Surgeon,2112
8446,Anesthesiologist,2112
8447,Surgical Nurse,2112
8448,Circulating Nurse,2112
8449,Lead Surgeon,2113
8450,Anesthesiologist,2113
8451,Surgical Nurse,2113
8452,Circulating Nurse,2113
8453,Lead Surgeon,2114
8454,Anesthesiologist,2114
8455,Surgical Nurse,2114
8456,Circulating Nurse,2114
8457,Lead Surgeon,2115
8458,Anesthesiologist,2115
8459,Surgical Nurse,2115
8460,Circulating Nurse,2115
8461,Lead Surgeon,2116
8462,Anesthesiologist,2116
8463,Surgical Nurse,2116
8464,Circulating Nurse,2116
8465,Lead Surgeon,2117
8466,Anesthesiologist,2117
8467,Surgical Nurse,2117
8468,Circulating Nurse,2117
8469,Lead Surgeon,2118
8470,Anesthesiologist,2118
8471,Surgical Nurse,2118
8472,Circulating Nurse,2118
8473,Lead Surgeon,2119
8474,Anesthesiologist,2119
8475,Surgical Nurse,2119
8476,Circulating Nurse,2119
8477,Lead Surgeon,2120
8478,Anesthesiologist,2120
8479,Surgical Nurse,2120
8480,Circulating Nurse,2120
8481,Lead Surgeon,2121
8482,Anesthesiologist,2121
8483,Surgical Nurse,2121
8484,Circulating Nurse,2121
8485,Lead Surgeon,2122
8486,Anesthesiologist,2122
8487,Surgical Nurse,2122
8488,Circulating Nurse,2122
8489,Lead Surgeon,2123
8490,Anesthesiologist,2123
8491,Surgical Nurse,2123
8492,Circulating Nurse,2123
8493,Lead Surgeon,2124
8494,Anesthesiologist,2124
8495,Surgical Nurse,2124
8496,Circulating Nurse,2124
8497,Lead Surgeon,2125
8498,Anesthesiologist,2125
8499,Surgical Nurse,2125
8500,Circulating Nurse,2125
8501,Lead Surgeon,2126
8502,Anesthesiologist,2126
8503,Surgical Nurse,2126
8504,Circulating Nurse,2126
8505,Lead Surgeon,2127
8506,Anesthesiologist,2127
8507,Surgical Nurse,2127
8508,Circulating Nurse,2127
8509,Lead Surgeon,2128
8510,Anesthesiologist,2128
8511,Surgical Nurse,2128
8512,Circulating Nurse,2128
8513,Lead Surgeon,2129
8514,Anesthesiologist,2129
8515,Surgical Nurse,2129
8516,Circulating Nurse,2129
8517,Lead Surgeon,2130
8518,Anesthesiologist,2130
8519,Surgical Nurse,2130
8520,Circulating Nurse,2130
8521,Lead Surgeon,2131
8522,Anesthesiologist,2131
8523,Surgical Nurse,2131
8524,Circulating Nurse,2131
8525,Lead Surgeon,2132
8526,Anesthesiologist,2132
8527,Surgical Nurse,2132
8528,Circulating Nurse,2132
8529,Lead Surgeon,2133
8530,Anesthesiologist,2133
8531,Surgical Nurse,2133
8532,Circulating Nurse,2133
8533,Lead Surgeon,2134
8534,Anesthesiologist,2134
8535,Surgical Nurse,2134
8536,Circulating Nurse,2134
8537,Lead Surgeon,2135
8538,Anesthesiologist,2135
8539,Surgical Nurse,2135
8540,Circulating Nurse,2135
8541,Lead Surgeon,2136
8542,Anesthesiologist,2136
8543,Surgical Nurse,2136
8544,Circulating Nurse,2136
8545,Lead Surgeon,2137
8546,Anesthesiologist,2137
8547,Surgical Nurse,2137
8548,Circulating Nurse,2137
8549,Lead Surgeon,2138
8550,Anesthesiologist,2138
8551,Surgical Nurse,2138
8552,Circulating Nurse,2138
8553,Lead Surgeon,2139
8554,Anesthesiologist,2139
8555,Surgical Nurse,2139
8556,Circulating Nurse,2139
8557,Lead Surgeon,2140
8558,Anesthesiologist,2140
8559,Surgical Nurse,2140
8560,Circulating Nurse,2140
8561,Lead Surgeon,2141
8562,Anesthesiologist,2141
8563,Surgical Nurse,2141
8564,Circulating Nurse,2141
8565,Lead Surgeon,2142
8566,Anesthesiologist,2142
8567,Surgical Nurse,2142
8568,Circulating Nurse,2142
8569,Lead Surgeon,2143
8570,Anesthesiologist,2143
8571,Surgical Nurse,2143
8572,Circulating Nurse,2143
8573,Lead Surgeon,2144
8574,Anesthesiologist,2144
8575,Surgical Nurse,2144
8576,Circulating Nurse,2144
8577,Lead Surgeon,2145
8578,Anesthesiologist,2145
8579,Surgical Nurse,2145
8580,Circulating Nurse,2145
8581,Lead Surgeon,2146
8582,Anesthesiologist,2146
8583,Surgical Nurse,2146
8584,Circulating Nurse,2146
8585,Lead Surgeon,2147
8586,Anesthesiologist,2147
8587,Surgical Nurse,2147
8588,Circulating Nurse,2147
8589,Lead Surgeon,2148
8590,Anesthesiologist,2148
8591,Surgical Nurse,2148
8592,Circulating Nurse,2148
8593,Lead Surgeon,2149
8594,Anesthesiologist,2149
8595,Surgical Nurse,2149
8596,Circulating Nurse,2149
8597,Lead Surgeon,2150
8598,Anesthesiologist,2150
8599,Surgical Nurse,2150
8600,Circulating Nurse,2150
8601,Lead Surgeon,2151
8602,Anesthesiologist,2151
8603,Surgical Nurse,2151
8604,Circulating Nurse,2151
8605,Lead Surgeon,2152
8606,Anesthesiologist,2152
8607,Surgical Nurse,2152
8608,Circulating Nurse,2152
8609,Lead Surgeon,2153
8610,Anesthesiologist,2153
8611,Surgical Nurse,2153
8612,Circulating Nurse,2153
8613,Lead Surgeon,2154
8614,Anesthesiologist,2154
8615,Surgical Nurse,2154
8616,Circulating Nurse,2154
8617,Lead Surgeon,2155
8618,Anesthesiologist,2155
8619,Surgical Nurse,2155
8620,Circulating Nurse,2155
8621,Lead Surgeon,2156
8622,Anesthesiologist,2156
8623,Surgical Nurse,2156
8624,Circulating Nurse,2156
8625,Lead Surgeon,2157
8626,Anesthesiologist,2157
8627,Surgical Nurse,2157
8628,Circulating Nurse,2157
8629,Lead Surgeon,2158
8630,Anesthesiologist,2158
8631,Surgical Nurse,2158
8632,Circulating Nurse,2158
8633,Lead Surgeon,2159
8634,Anesthesiologist,2159
8635,Surgical Nurse,2159
8636,Circulating Nurse,2159
8637,Lead Surgeon,2160
8638,Anesthesiologist,2160
8639,Surgical Nurse,2160
8640,Circulating Nurse,2160
8641,Lead Surgeon,2161
8642,Anesthesiologist,2161
8643,Surgical Nurse,2161
8644,Circulating Nurse,2161
8645,Lead Surgeon,2162
8646,Anesthesiologist,2162
8647,Surgical Nurse,2162
8648,Circulating Nurse,2162
8649,Lead Surgeon,2163
8650,Anesthesiologist,2163
8651,Surgical Nurse,2163
8652,Circulating Nurse,2163
8653,Lead Surgeon,2164
8654,Anesthesiologist,2164
8655,Surgical Nurse,2164
8656,Circulating Nurse,2164
8657,Lead Surgeon,2165
8658,Anesthesiologist,2165
8659,Surgical Nurse,2165
8660,Circulating Nurse,2165
8661,Lead Surgeon,2166
8662,Anesthesiologist,2166
8663,Surgical Nurse,2166
8664,Circulating Nurse,2166
8665,Lead Surgeon,2167
8666,Anesthesiologist,2167
8667,Surgical Nurse,2167
8668,Circulating Nurse,2167
8669,Lead Surgeon,2168
8670,Anesthesiologist,2168
8671,Surgical Nurse,2168
8672,Circulating Nurse,2168
8673,Lead Surgeon,2169
8674,Anesthesiologist,2169
8675,Surgical Nurse,2169
8676,Circulating Nurse,2169
8677,Lead Surgeon,2170
8678,Anesthesiologist,2170
8679,Surgical Nurse,2170
8680,Circulating Nurse,2170
8681,Lead Surgeon,2171
8682,Anesthesiologist,2171
8683,Surgical Nurse,2171
8684,Circulating Nurse,2171
8685,Lead Surgeon,2172
8686,Anesthesiologist,2172
8687,Surgical Nurse,2172
8688,Circulating Nurse,2172
8689,Lead Surgeon,2173
8690,Anesthesiologist,2173
8691,Surgical Nurse,2173
8692,Circulating Nurse,2173
8693,Lead Surgeon,2174
8694,Anesthesiologist,2174
8695,Surgical Nurse,2174
8696,Circulating Nurse,2174
8697,Lead Surgeon,2175
8698,Anesthesiologist,2175
8699,Surgical Nurse,2175
8700,Circulating Nurse,2175
8701,Lead Surgeon,2176
8702,Anesthesiologist,2176
8703,Surgical Nurse,2176
8704,Circulating Nurse,2176
8705,Lead Surgeon,2177
8706,Anesthesiologist,2177
8707,Surgical Nurse,2177
8708,Circulating Nurse,2177
8709,Lead Surgeon,2178
8710,Anesthesiologist,2178
8711,Surgical Nurse,2178
8712,Circulating Nurse,2178
8713,Lead Surgeon,2179
8714,Anesthesiologist,2179
8715,Surgical Nurse,2179
8716,Circulating Nurse,2179
8717,Lead Surgeon,2180
8718,Anesthesiologist,2180
8719,Surgical Nurse,2180
8720,Circulating Nurse,2180
8721,Lead Surgeon,2181
8722,Anesthesiologist,2181
8723,Surgical Nurse,2181
8724,Circulating Nurse,2181
8725,Lead Surgeon,2182
8726,Anesthesiologist,2182
8727,Surgical Nurse,2182
8728,Circulating Nurse,2182
8729,Lead Surgeon,2183
8730,Anesthesiologist,2183
8731,Surgical Nurse,2183
8732,Circulating Nurse,2183
8733,Lead Surgeon,2184
8734,Anesthesiologist,2184
8735,Surgical Nurse,2184
8736,Circulating Nurse,2184
8737,Lead Surgeon,2185
8738,Anesthesiologist,2185
8739,Surgical Nurse,2185
8740,Circulating Nurse,2185
8741,Lead Surgeon,2186
8742,Anesthesiologist,2186
8743,Surgical Nurse,2186
8744,Circulating Nurse,2186
8745,Lead Surgeon,2187
8746,Anesthesiologist,2187
8747,Surgical Nurse,2187
8748,Circulating Nurse,2187
8749,Lead Surgeon,2188
8750,Anesthesiologist,2188
8751,Surgical Nurse,2188
8752,Circulating Nurse,2188
8753,Lead Surgeon,2189
8754,Anesthesiologist,2189
8755,Surgical Nurse,2189
8756,Circulating Nurse,2189
8757,Lead Surgeon,2190
8758,Anesthesiologist,2190
8759,Surgical Nurse,2190
8760,Circulating Nurse,2190
8761,Lead Surgeon,2191
8762,Anesthesiologist,2191
8763,Surgical Nurse,2191
8764,Circulating Nurse,2191
8765,Lead Surgeon,2192
8766,Anesthesiologist,2192
8767,Surgical Nurse,2192
8768,Circulating Nurse,2192
8769,Lead Surgeon,2193
8770,Anesthesiologist,2193
8771,Surgical Nurse,2193
8772,Circulating Nurse,2193
8773,Lead Surgeon,2194
8774,Anesthesiologist,2194
8775,Surgical Nurse,2194
8776,Circulating Nurse,2194
8777,Lead Surgeon,2195
8778,Anesthesiologist,2195
8779,Surgical Nurse,2195
8780,Circulating Nurse,2195
8781,Lead Surgeon,2196
8782,Anesthesiologist,2196
8783,Surgical Nurse,2196
8784,Circulating Nurse,2196
8785,Lead Surgeon,2197
8786,Anesthesiologist,2197
8787,Surgical Nurse,2197
8788,Circulating Nurse,2197
8789,Lead Surgeon,2198
8790,Anesthesiologist,2198
8791,Surgical Nurse,2198
8792,Circulating Nurse,2198
8793,Lead Surgeon,2199
8794,Anesthesiologist,2199
8795,Surgical Nurse,2199
8796,Circulating Nurse,2199
8797,Lead Surgeon,2200
8798,Anesthesiologist,2200
8799,Surgical Nurse,2200
8800,Circulating Nurse,2200
8801,Lead Surgeon,2201
8802,Anesthesiologist,2201
8803,Surgical Nurse,2201
8804,Circulating Nurse,2201
8805,Lead Surgeon,2202
8806,Anesthesiologist,2202
8807,Surgical Nurse,2202
8808,Circulating Nurse,2202
8809,Lead Surgeon,2203
8810,Anesthesiologist,2203
8811,Surgical Nurse,2203
8812,Circulating Nurse,2203
8813,Lead Surgeon,2204
8814,Anesthesiologist,2204
8815,Surgical Nurse,2204
8816,Circulating Nurse,2204
8817,Lead Surgeon,2205
8818,Anesthesiologist,2205
8819,Surgical Nurse,2205
8820,Circulating Nurse,2205
8821,Lead Surgeon,2206
8822,Anesthesiologist,2206
8823,Surgical Nurse,2206
8824,Circulating Nurse,2206
8825,Lead Surgeon,2207
8826,Anesthesiologist,2207
8827,Surgical Nurse,2207
8828,Circulating Nurse,2207
8829,Lead Surgeon,2208
8830,Anesthesiologist,2208
8831,Surgical Nurse,2208
8832,Circulating Nurse,2208
8833,Lead Surgeon,2209
8834,Anesthesiologist,2209
8835,Surgical Nurse,2209
8836,Circulating Nurse,2209
8837,Lead Surgeon,2210
8838,Anesthesiologist,2210
8839,Surgical Nurse,2210
8840,Circulating Nurse,2210
8841,Lead Surgeon,2211
8842,Anesthesiologist,2211
8843,Surgical Nurse,2211
8844,Circulating Nurse,2211
8845,Lead Surgeon,2212
8846,Anesthesiologist,2212
8847,Surgical Nurse,2212
8848,Circulating Nurse,2212
8849,Lead Surgeon,2213
8850,Anesthesiologist,2213
8851,Surgical Nurse,2213
8852,Circulating Nurse,2213
8853,Lead Surgeon,2214
8854,Anesthesiologist,2214
8855,Surgical Nurse,2214
8856,Circulating Nurse,2214
8857,Lead Surgeon,2215
8858,Anesthesiologist,2215
8859,Surgical Nurse,2215
8860,Circulating Nurse,2215
8861,Lead Surgeon,2216
8862,Anesthesiologist,2216
8863,Surgical Nurse,2216
8864,Circulating Nurse,2216
8865,Lead Surgeon,2217
8866,Anesthesiologist,2217
8867,Surgical Nurse,2217
8868,Circulating Nurse,2217
8869,Lead Surgeon,2218
8870,Anesthesiologist,2218
8871,Surgical Nurse,2218
8872,Circulating Nurse,2218
8873,Lead Surgeon,2219
8874,Anesthesiologist,2219
8875,Surgical Nurse,2219
8876,Circulating Nurse,2219
8877,Lead Surgeon,2220
8878,Anesthesiologist,2220
8879,Surgical Nurse,2220
8880,Circulating Nurse,2220
8881,Lead Surgeon,2221
8882,Anesthesiologist,2221
8883,Surgical Nurse,2221
8884,Circulating Nurse,2221
8885,Lead Surgeon,2222
8886,Anesthesiologist,2222
8887,Surgical Nurse,2222
8888,Circulating Nurse,2222
8889,Lead Surgeon,2223
8890,Anesthesiologist,2223
8891,Surgical Nurse,2223
8892,Circulating Nurse,2223
8893,Lead Surgeon,2224
8894,Anesthesiologist,2224
8895,Surgical Nurse,2224
8896,Circulating Nurse,2224
8897,Lead Surgeon,2225
8898,Anesthesiologist,2225
8899,Surgical Nurse,2225
8900,Circulating Nurse,2225
8901,Lead Surgeon,2226
8902,Anesthesiologist,2226
8903,Surgical Nurse,2226
8904,Circulating Nurse,2226
8905,Lead Surgeon,2227
8906,Anesthesiologist,2227
8907,Surgical Nurse,2227
8908,Circulating Nurse,2227
8909,Lead Surgeon,2228
8910,Anesthesiologist,2228
8911,Surgical Nurse,2228
8912,Circulating Nurse,2228
8913,Lead Surgeon,2229
8914,Anesthesiologist,2229
8915,Surgical Nurse,2229
8916,Circulating Nurse,2229
8917,Lead Surgeon,2230
8918,Anesthesiologist,2230
8919,Surgical Nurse,2230
8920,Circulating Nurse,2230
8921,Lead Surgeon,2231
8922,Anesthesiologist,2231
8923,Surgical Nurse,2231
8924,Circulating Nurse,2231
8925,Lead Surgeon,2232
8926,Anesthesiologist,2232
8927,Surgical Nurse,2232
8928,Circulating Nurse,2232
8929,Lead Surgeon,2233
8930,Anesthesiologist,2233
8931,Surgical Nurse,2233
8932,Circulating Nurse,2233
8933,Lead Surgeon,2234
8934,Anesthesiologist,2234
8935,Surgical Nurse,2234
8936,Circulating Nurse,2234
8937,Lead Surgeon,2235
8938,Anesthesiologist,2235
8939,Surgical Nurse,2235
8940,Circulating Nurse,2235
8941,Lead Surgeon,2236
8942,Anesthesiologist,2236
8943,Surgical Nurse,2236
8944,Circulating Nurse,2236
8945,Lead Surgeon,2237
8946,Anesthesiologist,2237
8947,Surgical Nurse,2237
8948,Circulating Nurse,2237
8949,Lead Surgeon,2238
8950,Anesthesiologist,2238
8951,Surgical Nurse,2238
8952,Circulating Nurse,2238
8953,Lead Surgeon,2239
8954,Anesthesiologist,2239
8955,Surgical Nurse,2239
8956,Circulating Nurse,2239
8957,Lead Surgeon,2240
8958,Anesthesiologist,2240
8959,Surgical Nurse,2240
8960,Circulating Nurse,2240
8961,Lead Surgeon,2241
8962,Anesthesiologist,2241
8963,Surgical Nurse,2241
8964,Circulating Nurse,2241
8965,Lead Surgeon,2242
8966,Anesthesiologist,2242
8967,Surgical Nurse,2242
8968,Circulating Nurse,2242
8969,Lead Surgeon,2243
8970,Anesthesiologist,2243
8971,Surgical Nurse,2243
8972,Circulating Nurse,2243
8973,Lead Surgeon,2244
8974,Anesthesiologist,2244
8975,Surgical Nurse,2244
8976,Circulating Nurse,2244
8977,Lead Surgeon,2245
8978,Anesthesiologist,2245
8979,Surgical Nurse,2245
8980,Circulating Nurse,2245
8981,Lead Surgeon,2246
8982,Anesthesiologist,2246
8983,Surgical Nurse,2246
8984,Circulating Nurse,2246
8985,Lead Surgeon,2247
8986,Anesthesiologist,2247
8987,Surgical Nurse,2247
8988,Circulating Nurse,2247
8989,Lead Surgeon,2248
8990,Anesthesiologist,2248
8991,Surgical Nurse,2248
8992,Circulating Nurse,2248
8993,Lead Surgeon,2249
8994,Anesthesiologist,2249
8995,Surgical Nurse,2249
8996,Circulating Nurse,2249
8997,Lead Surgeon,2250
8998,Anesthesiologist,2250
8999,Surgical Nurse,2250
9000,Circulating Nurse,2250
9001,Lead Surgeon,2251
9002,Anesthesiologist,2251
9003,Surgical Nurse,2251
9004,Circulating Nurse,2251
9005,Lead Surgeon,2252
9006,Anesthesiologist,2252
9007,Surgical Nurse,2252
9008,Circulating Nurse,2252
9009,Lead Surgeon,2253
9010,Anesthesiologist,2253
9011,Surgical Nurse,2253
9012,Circulating Nurse,2253
9013,Lead Surgeon,2254
9014,Anesthesiologist,2254
9015,Surgical Nurse,2254
9016,Circulating Nurse,2254
9017,Lead Surgeon,2255
9018,Anesthesiologist,2255
9019,Surgical Nurse,2255
9020,Circulating Nurse,2255
9021,Lead Surgeon,2256
9022,Anesthesiologist,2256
9023,Surgical Nurse,2256
9024,Circulating Nurse,2256
9025,Lead Surgeon,2257
9026,Anesthesiologist,2257
9027,Surgical Nurse,2257
9028,Circulating Nurse,2257
9029,Lead Surgeon,2258
9030,Anesthesiologist,2258
9031,Surgical Nurse,2258
9032,Circulating Nurse,2258
9033,Lead Surgeon,2259
9034,Anesthesiologist,2259
9035,Surgical Nurse,2259
9036,Circulating Nurse,2259
9037,Lead Surgeon,2260
9038,Anesthesiologist,2260
9039,Surgical Nurse,2260
9040,Circulating Nurse,2260
9041,Lead Surgeon,2261
9042,Anesthesiologist,2261
9043,Surgical Nurse,2261
9044,Circulating Nurse,2261
9045,Lead Surgeon,2262
9046,Anesthesiologist,2262
9047,Surgical Nurse,2262
9048,Circulating Nurse,2262
9049,Lead Surgeon,2263
9050,Anesthesiologist,2263
9051,Surgical Nurse,2263
9052,Circulating Nurse,2263
9053,Lead Surgeon,2264
9054,Anesthesiologist,2264
9055,Surgical Nurse,2264
9056,Circulating Nurse,2264
9057,Lead Surgeon,2265
9058,Anesthesiologist,2265
9059,Surgical Nurse,2265
9060,Circulating Nurse,2265
9061,Lead Surgeon,2266
9062,Anesthesiologist,2266
9063,Surgical Nurse,2266
9064,Circulating Nurse,2266
9065,Lead Surgeon,2267
9066,Anesthesiologist,2267
9067,Surgical Nurse,2267
9068,Circulating Nurse,2267
9069,Lead Surgeon,2268
9070,Anesthesiologist,2268
9071,Surgical Nurse,2268
9072,Circulating Nurse,2268
9073,Lead Surgeon,2269
9074,Anesthesiologist,2269
9075,Surgical Nurse,2269
9076,Circulating Nurse,2269
9077,Lead Surgeon,2270
9078,Anesthesiologist,2270
9079,Surgical Nurse,2270
9080,Circulating Nurse,2270
9081,Lead Surgeon,2271
9082,Anesthesiologist,2271
9083,Surgical Nurse,2271
9084,Circulating Nurse,2271
9085,Lead Surgeon,2272
9086,Anesthesiologist,2272
9087,Surgical Nurse,2272
9088,Circulating Nurse,2272
9089,Lead Surgeon,2273
9090,Anesthesiologist,2273
9091,Surgical Nurse,2273
9092,Circulating Nurse,2273
9093,Lead Surgeon,2274
9094,Anesthesiologist,2274
9095,Surgical Nurse,2274
9096,Circulating Nurse,2274
9097,Lead Surgeon,2275
9098,Anesthesiologist,2275
9099,Surgical Nurse,2275
9100,Circulating Nurse,2275
9101,Lead Surgeon,2276
9102,Anesthesiologist,2276
9103,Surgical Nurse,2276
9104,Circulating Nurse,2276
9105,Lead Surgeon,2277
9106,Anesthesiologist,2277
9107,Surgical Nurse,2277
9108,Circulating Nurse,2277
9109,Lead Surgeon,2278
9110,Anesthesiologist,2278
9111,Surgical Nurse,2278
9112,Circulating Nurse,2278
9113,Lead Surgeon,2279
9114,Anesthesiologist,2279
9115,Surgical Nurse,2279
9116,Circulating Nurse,2279
9117,Lead Surgeon,2280
9118,Anesthesiologist,2280
9119,Surgical Nurse,2280
9120,Circulating Nurse,2280
9121,Lead Surgeon,2281
9122,Anesthesiologist,2281
9123,Surgical Nurse,2281
9124,Circulating Nurse,2281
9125,Lead Surgeon,2282
9126,Anesthesiologist,2282
9127,Surgical Nurse,2282
9128,Circulating Nurse,2282
9129,Lead Surgeon,2283
9130,Anesthesiologist,2283
9131,Surgical Nurse,2283
9132,Circulating Nurse,2283
9133,Lead Surgeon,2284
9134,Anesthesiologist,2284
9135,Surgical Nurse,2284
9136,Circulating Nurse,2284
9137,Lead Surgeon,2285
9138,Anesthesiologist,2285
9139,Surgical Nurse,2285
9140,Circulating Nurse,2285
9141,Lead Surgeon,2286
9142,Anesthesiologist,2286
9143,Surgical Nurse,2286
9144,Circulating Nurse,2286
9145,Lead Surgeon,2287
9146,Anesthesiologist,2287
9147,Surgical Nurse,2287
9148,Circulating Nurse,2287
9149,Lead Surgeon,2288
9150,Anesthesiologist,2288
9151,Surgical Nurse,2288
9152,Circulating Nurse,2288
9153,Lead Surgeon,2289
9154,Anesthesiologist,2289
9155,Surgical Nurse,2289
9156,Circulating Nurse,2289
9157,Lead Surgeon,2290
9158,Anesthesiologist,2290
9159,Surgical Nurse,2290
9160,Circulating Nurse,2290
9161,Lead Surgeon,2291
9162,Anesthesiologist,2291
9163,Surgical Nurse,2291
9164,Circulating Nurse,2291
9165,Lead Surgeon,2292
9166,Anesthesiologist,2292
9167,Surgical Nurse,2292
9168,Circulating Nurse,2292
9169,Lead Surgeon,2293
9170,Anesthesiologist,2293
9171,Surgical Nurse,2293
9172,Circulating Nurse,2293
9173,Lead Surgeon,2294
9174,Anesthesiologist,2294
9175,Surgical Nurse,2294
9176,Circulating Nurse,2294
9177,Lead Surgeon,2295
9178,Anesthesiologist,2295
9179,Surgical Nurse,2295
9180,Circulating Nurse,2295
9181,Lead Surgeon,2296
9182,Anesthesiologist,2296
9183,Surgical Nurse,2296
9184,Circulating Nurse,2296
9185,Lead Surgeon,2297
9186,Anesthesiologist,2297
9187,Surgical Nurse,2297
9188,Circulating Nurse,2297
9189,Lead Surgeon,2298
9190,Anesthesiologist,2298
9191,Surgical Nurse,2298
9192,Circulating Nurse,2298
9193,Lead Surgeon,2299
9194,Anesthesiologist,2299
9195,Surgical Nurse,2299
9196,Circulating Nurse,2299
9197,Lead Surgeon,2300
9198,Anesthesiologist,2300
9199,Surgical Nurse,2300
9200,Circulating Nurse,2300
9201,Lead Surgeon,2301
9202,Anesthesiologist,2301
9203,Surgical Nurse,2301
9204,Circulating Nurse,2301
9205,Lead Surgeon,2302
9206,Anesthesiologist,2302
9207,Surgical Nurse,2302
9208,Circulating Nurse,2302
9209,Lead Surgeon,2303
9210,Anesthesiologist,2303
9211,Surgical Nurse,2303
9212,Circulating Nurse,2303
9213,Lead Surgeon,2304
9214,Anesthesiologist,2304
9215,Surgical Nurse,2304
9216,Circulating Nurse,2304
9217,Lead Surgeon,2305
9218,Anesthesiologist,2305
9219,Surgical Nurse,2305
9220,Circulating Nurse,2305
9221,Lead Surgeon,2306
9222,Anesthesiologist,2306
9223,Surgical Nurse,2306
9224,Circulating Nurse,2306
9225,Lead Surgeon,2307
9226,Anesthesiologist,2307
9227,Surgical Nurse,2307
9228,Circulating Nurse,2307
9229,Lead Surgeon,2308
9230,Anesthesiologist,2308
9231,Surgical Nurse,2308
9232,Circulating Nurse,2308
9233,Lead Surgeon,2309
9234,Anesthesiologist,2309
9235,Surgical Nurse,2309
9236,Circulating Nurse,2309
9237,Lead Surgeon,2310
9238,Anesthesiologist,2310
9239,Surgical Nurse,2310
9240,Circulating Nurse,2310
9241,Lead Surgeon,2311
9242,Anesthesiologist,2311
9243,Surgical Nurse,2311
9244,Circulating Nurse,2311
9245,Lead Surgeon,2312
9246,Anesthesiologist,2312
9247,Surgical Nurse,2312
9248,Circulating Nurse,2312
9249,Lead Surgeon,2313
9250,Anesthesiologist,2313
9251,Surgical Nurse,2313
9252,Circulating Nurse,2313
9253,Lead Surgeon,2314
9254,Anesthesiologist,2314
9255,Surgical Nurse,2314
9256,Circulating Nurse,2314
9257,Lead Surgeon,2315
9258,Anesthesiologist,2315
9259,Surgical Nurse,2315
9260,Circulating Nurse,2315
9261,Lead Surgeon,2316
9262,Anesthesiologist,2316
9263,Surgical Nurse,2316
9264,Circulating Nurse,2316
9265,Lead Surgeon,2317
9266,Anesthesiologist,2317
9267,Surgical Nurse,2317
9268,Circulating Nurse,2317
9269,Lead Surgeon,2318
9270,Anesthesiologist,2318
9271,Surgical Nurse,2318
9272,Circulating Nurse,2318
9273,Lead Surgeon,2319
9274,Anesthesiologist,2319
9275,Surgical Nurse,2319
9276,Circulating Nurse,2319
9277,Lead Surgeon,2320
9278,Anesthesiologist,2320
9279,Surgical Nurse,2320
9280,Circulating Nurse,2320
9281,Lead Surgeon,2321
9282,Anesthesiologist,2321
9283,Surgical Nurse,2321
9284,Circulating Nurse,2321
9285,Lead Surgeon,2322
9286,Anesthesiologist,2322
9287,Surgical Nurse,2322
9288,Circulating Nurse,2322
9289,Lead Surgeon,2323
9290,Anesthesiologist,2323
9291,Surgical Nurse,2323
9292,Circulating Nurse,2323
9293,Lead Surgeon,2324
9294,Anesthesiologist,2324
9295,Surgical Nurse,2324
9296,Circulating Nurse,2324
9297,Lead Surgeon,2325
9298,Anesthesiologist,2325
9299,Surgical Nurse,2325
9300,Circulating Nurse,2325
9301,Lead Surgeon,2326
9302,Anesthesiologist,2326
9303,Surgical Nurse,2326
9304,Circulating Nurse,2326
9305,Lead Surgeon,2327
9306,Anesthesiologist,2327
9307,Surgical Nurse,2327
9308,Circulating Nurse,2327
9309,Lead Surgeon,2328
9310,Anesthesiologist,2328
9311,Surgical Nurse,2328
9312,Circulating Nurse,2328
9313,Lead Surgeon,2329
9314,Anesthesiologist,2329
9315,Surgical Nurse,2329
9316,Circulating Nurse,2329
9317,Lead Surgeon,2330
9318,Anesthesiologist,2330
9319,Surgical Nurse,2330
9320,Circulating Nurse,2330
9321,Lead Surgeon,2331
9322,Anesthesiologist,2331
9323,Surgical Nurse,2331
9324,Circulating Nurse,2331
9325,Lead Surgeon,2332
9326,Anesthesiologist,2332
9327,Surgical Nurse,2332
9328,Circulating Nurse,2332
9329,Lead Surgeon,2333
9330,Anesthesiologist,2333
9331,Surgical Nurse,2333
9332,Circulating Nurse,2333
9333,Lead Surgeon,2334
9334,Anesthesiologist,2334
9335,Surgical Nurse,2334
9336,Circulating Nurse,2334
9337,Lead Surgeon,2335
9338,Anesthesiologist,2335
9339,Surgical Nurse,2335
9340,Circulating Nurse,2335
9341,Lead Surgeon,2336
9342,Anesthesiologist,2336
9343,Surgical Nurse,2336
9344,Circulating Nurse,2336
9345,Lead Surgeon,2337
9346,Anesthesiologist,2337
9347,Surgical Nurse,2337
9348,Circulating Nurse,2337
9349,Lead Surgeon,2338
9350,Anesthesiologist,2338
9351,Surgical Nurse,2338
9352,Circulating Nurse,2338
9353,Lead Surgeon,2339
9354,Anesthesiologist,2339
9355,Surgical Nurse,2339
9356,Circulating Nurse,2339
9357,Lead Surgeon,2340
9358,Anesthesiologist,2340
9359,Surgical Nurse,2340
9360,Circulating Nurse,2340
9361,Lead Surgeon,2341
9362,Anesthesiologist,2341
9363,Surgical Nurse,2341
9364,Circulating Nurse,2341
9365,Lead Surgeon,2342
9366,Anesthesiologist,2342
9367,Surgical Nurse,2342
9368,Circulating Nurse,2342
9369,Lead Surgeon,2343
9370,Anesthesiologist,2343
9371,Surgical Nurse,2343
9372,Circulating Nurse,2343
9373,Lead Surgeon,2344
9374,Anesthesiologist,2344
9375,Surgical Nurse,2344
9376,Circulating Nurse,2344
9377,Lead Surgeon,2345
9378,Anesthesiologist,2345
9379,Surgical Nurse,2345
9380,Circulating Nurse,2345
9381,Lead Surgeon,2346
9382,Anesthesiologist,2346
9383,Surgical Nurse,2346
9384,Circulating Nurse,2346
9385,Lead Surgeon,2347
9386,Anesthesiologist,2347
9387,Surgical Nurse,2347
9388,Circulating Nurse,2347
9389,Lead Surgeon,2348
9390,Anesthesiologist,2348
9391,Surgical Nurse,2348
9392,Circulating Nurse,2348
9393,Lead Surgeon,2349
9394,Anesthesiologist,2349
9395,Surgical Nurse,2349
9396,Circulating Nurse,2349
9397,Lead Surgeon,2350
9398,Anesthesiologist,2350
9399,Surgical Nurse,2350
9400,Circulating Nurse,2350
9401,Lead Surgeon,2351
9402,Anesthesiologist,2351
9403,Surgical Nurse,2351
9404,Circulating Nurse,2351
9405,Lead Surgeon,2352
9406,Anesthesiologist,2352
9407,Surgical Nurse,2352
9408,Circulating Nurse,2352
9409,Lead Surgeon,2353
9410,Anesthesiologist,2353
9411,Surgical Nurse,2353
9412,Circulating Nurse,2353
9413,Lead Surgeon,2354
9414,Anesthesiologist,2354
9415,Surgical Nurse,2354
9416,Circulating Nurse,2354
9417,Lead Surgeon,2355
9418,Anesthesiologist,2355
9419,Surgical Nurse,2355
9420,Circulating Nurse,2355
9421,Lead Surgeon,2356
9422,Anesthesiologist,2356
9423,Surgical Nurse,2356
9424,Circulating Nurse,2356
9425,Lead Surgeon,2357
9426,Anesthesiologist,2357
9427,Surgical Nurse,2357
9428,Circulating Nurse,2357
9429,Lead Surgeon,2358
9430,Anesthesiologist,2358
9431,Surgical Nurse,2358
9432,Circulating Nurse,2358
9433,Lead Surgeon,2359
9434,Anesthesiologist,2359
9435,Surgical Nurse,2359
9436,Circulating Nurse,2359
9437,Lead Surgeon,2360
9438,Anesthesiologist,2360
9439,Surgical Nurse,2360
9440,Circulating Nurse,2360
9441,Lead Surgeon,2361
9442,Anesthesiologist,2361
9443,Surgical Nurse,2361
9444,Circulating Nurse,2361
9445,Lead Surgeon,2362
9446,Anesthesiologist,2362
9447,Surgical Nurse,2362
9448,Circulating Nurse,2362
9449,Lead Surgeon,2363
9450,Anesthesiologist,2363
9451,Surgical Nurse,2363
9452,Circulating Nurse,2363
9453,Lead Surgeon,2364
9454,Anesthesiologist,2364
9455,Surgical Nurse,2364
9456,Circulating Nurse,2364
9457,Lead Surgeon,2365
9458,Anesthesiologist,2365
9459,Surgical Nurse,2365
9460,Circulating Nurse,2365
9461,Lead Surgeon,2366
9462,Anesthesiologist,2366
9463,Surgical Nurse,2366
9464,Circulating Nurse,2366
9465,Lead Surgeon,2367
9466,Anesthesiologist,2367
9467,Surgical Nurse,2367
9468,Circulating Nurse,2367
9469,Lead Surgeon,2368
9470,Anesthesiologist,2368
9471,Surgical Nurse,2368
9472,Circulating Nurse,2368
9473,Lead Surgeon,2369
9474,Anesthesiologist,2369
9475,Surgical Nurse,2369
9476,Circulating Nurse,2369
9477,Lead Surgeon,2370
9478,Anesthesiologist,2370
9479,Surgical Nurse,2370
9480,Circulating Nurse,2370
9481,Lead Surgeon,2371
9482,Anesthesiologist,2371
9483,Surgical Nurse,2371
9484,Circulating Nurse,2371
9485,Lead Surgeon,2372
9486,Anesthesiologist,2372
9487,Surgical Nurse,2372
9488,Circulating Nurse,2372
9489,Lead Surgeon,2373
9490,Anesthesiologist,2373
9491,Surgical Nurse,2373
9492,Circulating Nurse,2373
9493,Lead Surgeon,2374
9494,Anesthesiologist,2374
9495,Surgical Nurse,2374
9496,Circulating Nurse,2374
9497,Lead Surgeon,2375
9498,Anesthesiologist,2375
9499,Surgical Nurse,2375
9500,Circulating Nurse,2375
9501,Lead Surgeon,2376
9502,Anesthesiologist,2376
9503,Surgical Nurse,2376
9504,Circulating Nurse,2376
9505,Lead Surgeon,2377
9506,Anesthesiologist,2377
9507,Surgical Nurse,2377
9508,Circulating Nurse,2377
9509,Lead Surgeon,2378
9510,Anesthesiologist,2378
9511,Surgical Nurse,2378
9512,Circulating Nurse,2378
9513,Lead Surgeon,2379
9514,Anesthesiologist,2379
9515,Surgical Nurse,2379
9516,Circulating Nurse,2379
9517,Lead Surgeon,2380
9518,Anesthesiologist,2380
9519,Surgical Nurse,2380
9520,Circulating Nurse,2380
9521,Lead Surgeon,2381
9522,Anesthesiologist,2381
9523,Surgical Nurse,2381
9524,Circulating Nurse,2381
9525,Lead Surgeon,2382
9526,Anesthesiologist,2382
9527,Surgical Nurse,2382
9528,Circulating Nurse,2382
9529,Lead Surgeon,2383
9530,Anesthesiologist,2383
9531,Surgical Nurse,2383
9532,Circulating Nurse,2383
9533,Lead Surgeon,2384
9534,Anesthesiologist,2384
9535,Surgical Nurse,2384
9536,Circulating Nurse,2384
9537,Lead Surgeon,2385
9538,Anesthesiologist,2385
9539,Surgical Nurse,2385
9540,Circulating Nurse,2385
9541,Lead Surgeon,2386
9542,Anesthesiologist,2386
9543,Surgical Nurse,2386
9544,Circulating Nurse,2386
9545,Lead Surgeon,2387
9546,Anesthesiologist,2387
9547,Surgical Nurse,2387
9548,Circulating Nurse,2387
9549,Lead Surgeon,2388
9550,Anesthesiologist,2388
9551,Surgical Nurse,2388
9552,Circulating Nurse,2388
9553,Lead Surgeon,2389
9554,Anesthesiologist,2389
9555,Surgical Nurse,2389
9556,Circulating Nurse,2389
9557,Lead Surgeon,2390
9558,Anesthesiologist,2390
9559,Surgical Nurse,2390
9560,Circulating Nurse,2390
9561,Lead Surgeon,2391
9562,Anesthesiologist,2391
9563,Surgical Nurse,2391
9564,Circulating Nurse,2391
9565,Lead Surgeon,2392
9566,Anesthesiologist,2392
9567,Surgical Nurse,2392
9568,Circulating Nurse,2392
9569,Lead Surgeon,2393
9570,Anesthesiologist,2393
9571,Surgical Nurse,2393
9572,Circulating Nurse,2393
9573,Lead Surgeon,2394
9574,Anesthesiologist,2394
9575,Surgical Nurse,2394
9576,Circulating Nurse,2394
9577,Lead Surgeon,2395
9578,Anesthesiologist,2395
9579,Surgical Nurse,2395
9580,Circulating Nurse,2395
9581,Lead Surgeon,2396
9582,Anesthesiologist,2396
9583,Surgical Nurse,2396
9584,Circulating Nurse,2396
9585,Lead Surgeon,2397
9586,Anesthesiologist,2397
9587,Surgical Nurse,2397
9588,Circulating Nurse,2397
9589,Lead Surgeon,2398
9590,Anesthesiologist,2398
9591,Surgical Nurse,2398
9592,Circulating Nurse,2398
9593,Lead Surgeon,2399
9594,Anesthesiologist,2399
9595,Surgical Nurse,2399
9596,Circulating Nurse,2399
9597,Lead Surgeon,2400
9598,Anesthesiologist,2400
9599,Surgical Nurse,2400
9600,Circulating Nurse,2400
9601,Lead Surgeon,2401
9602,Anesthesiologist,2401
9603,Surgical Nurse,2401
9604,Circulating Nurse,2401
9605,Lead Surgeon,2402
9606,Anesthesiologist,2402
9607,Surgical Nurse,2402
9608,Circulating Nurse,2402
9609,Lead Surgeon,2403
9610,Anesthesiologist,2403
9611,Surgical Nurse,2403
9612,Circulating Nurse,2403
9613,Lead Surgeon,2404
9614,Anesthesiologist,2404
9615,Surgical Nurse,2404
9616,Circulating Nurse,2404
9617,Lead Surgeon,2405
9618,Anesthesiologist,2405
9619,Surgical Nurse,2405
9620,Circulating Nurse,2405
9621,Lead Surgeon,2406
9622,Anesthesiologist,2406
9623,Surgical Nurse,2406
9624,Circulating Nurse,2406
9625,Lead Surgeon,2407
9626,Anesthesiologist,2407
9627,Surgical Nurse,2407
9628,Circulating Nurse,2407
9629,Lead Surgeon,2408
9630,Anesthesiologist,2408
9631,Surgical Nurse,2408
9632,Circulating Nurse,2408
9633,Lead Surgeon,2409
9634,Anesthesiologist,2409
9635,Surgical Nurse,2409
9636,Circulating Nurse,2409
9637,Lead Surgeon,2410
9638,Anesthesiologist,2410
9639,Surgical Nurse,2410
9640,Circulating Nurse,2410
9641,Lead Surgeon,2411
9642,Anesthesiologist,2411
9643,Surgical Nurse,2411
9644,Circulating Nurse,2411
9645,Lead Surgeon,2412
9646,Anesthesiologist,2412
9647,Surgical Nurse,2412
9648,Circulating Nurse,2412
9649,Lead Surgeon,2413
9650,Anesthesiologist,2413
9651,Surgical Nurse,2413
9652,Circulating Nurse,2413
9653,Lead Surgeon,2414
9654,Anesthesiologist,2414
9655,Surgical Nurse,2414
9656,Circulating Nurse,2414
9657,Lead Surgeon,2415
9658,Anesthesiologist,2415
9659,Surgical Nurse,2415
9660,Circulating Nurse,2415
9661,Lead Surgeon,2416
9662,Anesthesiologist,2416
9663,Surgical Nurse,2416
9664,Circulating Nurse,2416
9665,Lead Surgeon,2417
9666,Anesthesiologist,2417
9667,Surgical Nurse,2417
9668,Circulating Nurse,2417
9669,Lead Surgeon,2418
9670,Anesthesiologist,2418
9671,Surgical Nurse,2418
9672,Circulating Nurse,2418
9673,Lead Surgeon,2419
9674,Anesthesiologist,2419
9675,Surgical Nurse,2419
9676,Circulating Nurse,2419
9677,Lead Surgeon,2420
9678,Anesthesiologist,2420
9679,Surgical Nurse,2420
9680,Circulating Nurse,2420
9681,Lead Surgeon,2421
9682,Anesthesiologist,2421
9683,Surgical Nurse,2421
9684,Circulating Nurse,2421
9685,Lead Surgeon,2422
9686,Anesthesiologist,2422
9687,Surgical Nurse,2422
9688,Circulating Nurse,2422
9689,Lead Surgeon,2423
9690,Anesthesiologist,2423
9691,Surgical Nurse,2423
9692,Circulating Nurse,2423
9693,Lead Surgeon,2424
9694,Anesthesiologist,2424
9695,Surgical Nurse,2424
9696,Circulating Nurse,2424
9697,Lead Surgeon,2425
9698,Anesthesiologist,2425
9699,Surgical Nurse,2425
9700,Circulating Nurse,2425
9701,Lead Surgeon,2426
9702,Anesthesiologist,2426
9703,Surgical Nurse,2426
9704,Circulating Nurse,2426
9705,Lead Surgeon,2427
9706,Anesthesiologist,2427
9707,Surgical Nurse,2427
9708,Circulating Nurse,2427
9709,Lead Surgeon,2428
9710,Anesthesiologist,2428
9711,Surgical Nurse,2428
9712,Circulating Nurse,2428
9713,Lead Surgeon,2429
9714,Anesthesiologist,2429
9715,Surgical Nurse,2429
9716,Circulating Nurse,2429
9717,Lead Surgeon,2430
9718,Anesthesiologist,2430
9719,Surgical Nurse,2430
9720,Circulating Nurse,2430
9721,Lead Surgeon,2431
9722,Anesthesiologist,2431
9723,Surgical Nurse,2431
9724,Circulating Nurse,2431
9725,Lead Surgeon,2432
9726,Anesthesiologist,2432
9727,Surgical Nurse,2432
9728,Circulating Nurse,2432
9729,Lead Surgeon,2433
9730,Anesthesiologist,2433
9731,Surgical Nurse,2433
9732,Circulating Nurse,2433
9733,Lead Surgeon,2434
9734,Anesthesiologist,2434
9735,Surgical Nurse,2434
9736,Circulating Nurse,2434
9737,Lead Surgeon,2435
9738,Anesthesiologist,2435
9739,Surgical Nurse,2435
9740,Circulating Nurse,2435
9741,Lead Surgeon,2436
9742,Anesthesiologist,2436
9743,Surgical Nurse,2436
9744,Circulating Nurse,2436
9745,Lead Surgeon,2437
9746,Anesthesiologist,2437
9747,Surgical Nurse,2437
9748,Circulating Nurse,2437
9749,Lead Surgeon,2438
9750,Anesthesiologist,2438
9751,Surgical Nurse,2438
9752,Circulating Nurse,2438
9753,Lead Surgeon,2439
9754,Anesthesiologist,2439
9755,Surgical Nurse,2439
9756,Circulating Nurse,2439
9757,Lead Surgeon,2440
9758,Anesthesiologist,2440
9759,Surgical Nurse,2440
9760,Circulating Nurse,2440
9761,Lead Surgeon,2441
9762,Anesthesiologist,2441
9763,Surgical Nurse,2441
9764,Circulating Nurse,2441
9765,Lead Surgeon,2442
9766,Anesthesiologist,2442
9767,Surgical Nurse,2442
9768,Circulating Nurse,2442
9769,Lead Surgeon,2443
9770,Anesthesiologist,2443
9771,Surgical Nurse,2443
9772,Circulating Nurse,2443
9773,Lead Surgeon,2444
9774,Anesthesiologist,2444
9775,Surgical Nurse,2444
9776,Circulating Nurse,2444
9777,Lead Surgeon,2445
9778,Anesthesiologist,2445
9779,Surgical Nurse,2445
9780,Circulating Nurse,2445
9781,Lead Surgeon,2446
9782,Anesthesiologist,2446
9783,Surgical Nurse,2446
9784,Circulating Nurse,2446
9785,Lead Surgeon,2447
9786,Anesthesiologist,2447
9787,Surgical Nurse,2447
9788,Circulating Nurse,2447
9789,Lead Surgeon,2448
9790,Anesthesiologist,2448
9791,Surgical Nurse,2448
9792,Circulating Nurse,2448
9793,Lead Surgeon,2449
9794,Anesthesiologist,2449
9795,Surgical Nurse,2449
9796,Circulating Nurse,2449
9797,Lead Surgeon,2450
9798,Anesthesiologist,2450
9799,Surgical Nurse,2450
9800,Circulating Nurse,2450
9801,Lead Surgeon,2451
9802,Anesthesiologist,2451
9803,Surgical Nurse,2451
9804,Circulating Nurse,2451
9805,Lead Surgeon,2452
9806,Anesthesiologist,2452
9807,Surgical Nurse,2452
9808,Circulating Nurse,2452
9809,Lead Surgeon,2453
9810,Anesthesiologist,2453
9811,Surgical Nurse,2453
9812,Circulating Nurse,2453
9813,Lead Surgeon,2454
9814,Anesthesiologist,2454
9815,Surgical Nurse,2454
9816,Circulating Nurse,2454
9817,Lead Surgeon,2455
9818,Anesthesiologist,2455
9819,Surgical Nurse,2455
9820,Circulating Nurse,2455
9821,Lead Surgeon,2456
9822,Anesthesiologist,2456
9823,Surgical Nurse,2456
9824,Circulating Nurse,2456
9825,Lead Surgeon,2457
9826,Anesthesiologist,2457
9827,Surgical Nurse,2457
9828,Circulating Nurse,2457
9829,Lead Surgeon,2458
9830,Anesthesiologist,2458
9831,Surgical Nurse,2458
9832,Circulating Nurse,2458
9833,Lead Surgeon,2459
9834,Anesthesiologist,2459
9835,Surgical Nurse,2459
9836,Circulating Nurse,2459
9837,Lead Surgeon,2460
9838,Anesthesiologist,2460
9839,Surgical Nurse,2460
9840,Circulating Nurse,2460
9841,Lead Surgeon,2461
9842,Anesthesiologist,2461
9843,Surgical Nurse,2461
9844,Circulating Nurse,2461
9845,Lead Surgeon,2462
9846,Anesthesiologist,2462
9847,Surgical Nurse,2462
9848,Circulating Nurse,2462
9849,Lead Surgeon,2463
9850,Anesthesiologist,2463
9851,Surgical Nurse,2463
9852,Circulating Nurse,2463
9853,Lead Surgeon,2464
9854,Anesthesiologist,2464
9855,Surgical Nurse,2464
9856,Circulating Nurse,2464
9857,Lead Surgeon,2465
9858,Anesthesiologist,2465
9859,Surgical Nurse,2465
9860,Circulating Nurse,2465
9861,Lead Surgeon,2466
9862,Anesthesiologist,2466
9863,Surgical Nurse,2466
9864,Circulating Nurse,2466
9865,Lead Surgeon,2467
9866,Anesthesiologist,2467
9867,Surgical Nurse,2467
9868,Circulating Nurse,2467
9869,Lead Surgeon,2468
9870,Anesthesiologist,2468
9871,Surgical Nurse,2468
9872,Circulating Nurse,2468
9873,Lead Surgeon,2469
9874,Anesthesiologist,2469
9875,Surgical Nurse,2469
9876,Circulating Nurse,2469
9877,Lead Surgeon,2470
9878,Anesthesiologist,2470
9879,Surgical Nurse,2470
9880,Circulating Nurse,2470
9881,Lead Surgeon,2471
9882,Anesthesiologist,2471
9883,Surgical Nurse,2471
9884,Circulating Nurse,2471
9885,Lead Surgeon,2472
9886,Anesthesiologist,2472
9887,Surgical Nurse,2472
9888,Circulating Nurse,2472
9889,Lead Surgeon,2473
9890,Anesthesiologist,2473
9891,Surgical Nurse,2473
9892,Circulating Nurse,2473
9893,Lead Surgeon,2474
9894,Anesthesiologist,2474
9895,Surgical Nurse,2474
9896,Circulating Nurse,2474
9897,Lead Surgeon,2475
9898,Anesthesiologist,2475
9899,Surgical Nurse,2475
9900,Circulating Nurse,2475
9901,Lead Surgeon,2476
9902,Anesthesiologist,2476
9903,Surgical Nurse,2476
9904,Circulating Nurse,2476
9905,Lead Surgeon,2477
9906,Anesthesiologist,2477
9907,Surgical Nurse,2477
9908,Circulating Nurse,2477
9909,Lead Surgeon,2478
9910,Anesthesiologist,2478
9911,Surgical Nurse,2478
9912,Circulating Nurse,2478
9913,Lead Surgeon,2479
9914,Anesthesiologist,2479
9915,Surgical Nurse,2479
9916,Circulating Nurse,2479
9917,Lead Surgeon,2480
9918,Anesthesiologist,2480
9919,Surgical Nurse,2480
9920,Circulating Nurse,2480
9921,Lead Surgeon,2481
9922,Anesthesiologist,2481
9923,Surgical Nurse,2481
9924,Circulating Nurse,2481
9925,Lead Surgeon,2482
9926,Anesthesiologist,2482
9927,Surgical Nurse,2482
9928,Circulating Nurse,2482
9929,Lead Surgeon,2483
9930,Anesthesiologist,2483
9931,Surgical Nurse,2483
9932,Circulating Nurse,2483
9933,Lead Surgeon,2484
9934,Anesthesiologist,2484
9935,Surgical Nurse,2484
9936,Circulating Nurse,2484
9937,Lead Surgeon,2485
9938,Anesthesiologist,2485
9939,Surgical Nurse,2485
9940,Circulating Nurse,2485
9941,Lead Surgeon,2486
9942,Anesthesiologist,2486
9943,Surgical Nurse,2486
9944,Circulating Nurse,2486
9945,Lead Surgeon,2487
9946,Anesthesiologist,2487
9947,Surgical Nurse,2487
9948,Circulating Nurse,2487
9949,Lead Surgeon,2488
9950,Anesthesiologist,2488
9951,Surgical Nurse,2488
9952,Circulating Nurse,2488
9953,Lead Surgeon,2489
9954,Anesthesiologist,2489
9955,Surgical Nurse,2489
9956,Circulating Nurse,2489
9957,Lead Surgeon,2490
9958,Anesthesiologist,2490
9959,Surgical Nurse,2490
9960,Circulating Nurse,2490
9961,Lead Surgeon,2491
9962,Anesthesiologist,2491
9963,Surgical Nurse,2491
9964,Circulating Nurse,2491
9965,Lead Surgeon,2492
9966,Anesthesiologist,2492
9967,Surgical Nurse,2492
9968,Circulating Nurse,2492
9969,Lead Surgeon,2493
9970,Anesthesiologist,2493
9971,Surgical Nurse,2493
9972,Circulating Nurse,2493
9973,Lead Surgeon,2494
9974,Anesthesiologist,2494
9975,Surgical Nurse,2494
9976,Circulating Nurse,2494
9977,Lead Surgeon,2495
9978,Anesthesiologist,2495
9979,Surgical Nurse,2495
9980,Circulating Nurse,2495
9981,Lead Surgeon,2496
9982,Anesthesiologist,2496
9983,Surgical Nurse,2496
9984,Circulating Nurse,2496
9985,Lead Surgeon,2497
9986,Anesthesiologist,2497
9987,Surgical Nurse,2497
9988,Circulating Nurse,2497
9989,Lead Surgeon,2498
9990,Anesthesiologist,2498
9991,Surgical Nurse,2498
9992,Circulating Nurse,2498
9993,Lead Surgeon,2499
9994,Anesthesiologist,2499
9995,Surgical Nurse,2499
9996,Circulating Nurse,2499
9997,Lead Surgeon,2500
9998,Anesthesiologist,2500
9999,Surgical Nurse,2500
10000,Circulating Nurse,2500
