oid,scheduled_at,op_type,status,pssn,did
1,2020-01-01 07:00:00,Cesarean Section,scheduled,200000476,64
2,2020-01-02 10:00:00,Spinal Fusion,completed,200001467,80
3,2020-01-02 09:00:00,Hip Replacement,completed,200001840,38
4,2020-01-03 09:00:00,Spinal Fusion,completed,200001947,44
5,2020-01-04 10:00:00,Mastectomy,completed,200001245,18
6,2020-01-05 11:00:00,Appendectomy,scheduled,200001350,74
7,2020-01-05 11:00:00,Hernia Repair,completed,200000886,40
8,2020-01-06 08:00:00,Hernia Repair,completed,200001484,69
9,2020-01-07 09:00:00,Mastectomy,scheduled,200000155,43
10,2020-01-07 11:00:00,Coronary Artery Bypass,completed,200001303,28
11,2020-01-08 08:00:00,Cholecystectomy,scheduled,200000378,21
12,2020-01-09 11:00:00,Thyroidectomy,completed,200001540,9
13,2020-01-09 11:00:00,Cardiac Catheterization,completed,200001147,23
14,2020-01-11 10:00:00,Coronary Artery Bypass,scheduled,200001508,63
15,2020-01-11 08:00:00,Coronary Artery Bypass,scheduled,200001007,29
16,2020-01-12 10:00:00,Tonsillectomy,completed,200001937,29
17,2020-01-12 09:00:00,Tonsillectomy,completed,200000080,42
18,2020-01-13 07:00:00,Prostatectomy,completed,200001969,65
19,2020-01-14 11:00:00,Prostatectomy,completed,200000138,60
20,2020-01-15 10:00:00,Cholecystectomy,completed,200001256,21
21,2020-01-15 07:00:00,Coronary Artery Bypass,completed,200000186,73
22,2020-01-16 08:00:00,Coronary Artery Bypass,completed,200001666,5
23,2020-01-17 09:00:00,Thyroidectomy,completed,200001356,75
24,2020-01-18 09:00:00,Prostatectomy,completed,200000108,6
25,2020-01-19 11:00:00,Cholecystectomy,completed,200001196,15
26,2020-01-19 08:00:00,Mastectomy,scheduled,200000965,24
27,2020-01-20 09:00:00,Cardiac Catheterization,completed,200000378,15
28,2020-01-21 09:00:00,Coronary Artery Bypass,completed,200000871,62
29,2020-01-21 07:00:00,Cesarean Section,scheduled,200001116,79
30,2020-01-22 08:00:00,Spinal Fusion,completed,200001438,18
31,2020-01-23 09:00:00,Spinal Fusion,completed,200001007,97
32,2020-01-24 10:00:00,Cesarean Section,completed,200000451,100
33,2020-01-24 07:00:00,Cesarean Section,completed,200001079,61
34,2020-01-25 11:00:00,Mastectomy,completed,200001744,35
35,2020-01-26 10:00:00,Coronary Artery Bypass,completed,200001587,33
36,2020-01-27 11:00:00,Appendectomy,completed,200001545,96
37,2020-01-27 11:00:00,Thyroidectomy,completed,200000338,35
38,2020-01-28 08:00:00,Knee Replacement,completed,200000610,77
39,2020-01-28 08:00:00,Cesarean Section,completed,200001527,86
40,2020-01-29 08:00:00,Prostatectomy,completed,200001752,2
41,2020-01-30 11:00:00,Appendectomy,completed,200001566,20
42,2020-01-31 07:00:00,Appendectomy,scheduled,200000497,10
43,2020-01-31 10:00:00,Knee Arthroscopy,completed,200001883,21
44,2020-02-01 09:00:00,Cholecystectomy,completed,200001353,28
45,2020-02-02 10:00:00,Tonsillectomy,completed,200000035,77
46,2020-02-03 11:00:00,Hernia Repair,completed,200000901,24
47,2020-02-03 08:00:00,Tonsillectomy,completed,200001113,87
48,2020-02-04 08:00:00,Cataract Surgery,scheduled,200001073,95
49,2020-02-05 09:00:00,Prostatectomy,scheduled,200001963,60
50,2020-02-06 10:00:00,Hysterectomy,completed,200001419,10
51,2020-02-07 08:00:00,Cesarean Section,scheduled,200001605,78
52,2020-02-07 08:00:00,Cholecystectomy,completed,200001427,26
53,2020-02-08 11:00:00,Spinal Fusion,completed,200000334,33
54,2020-02-09 10:00:00,Knee Replacement,completed,200000741,60
55,2020-02-09 08:00:00,Coronary Artery Bypass,scheduled,200001442,91
56,2020-02-10 07:00:00,Mastectomy,completed,200000455,92
57,2020-02-11 11:00:00,Hernia Repair,completed,200000073,68
58,2020-02-11 09:00:00,Cataract Surgery,completed,200001446,51
59,2020-02-12 10:00:00,Knee Arthroscopy,completed,200001563,98
60,2020-02-13 10:00:00,Cesarean Section,completed,200001569,20
61,2020-02-14 09:00:00,Prostatectomy,completed,200001472,50
62,2020-02-15 09:00:00,Hernia Repair,completed,200000774,22
63,2020-02-15 07:00:00,Prostatectomy,scheduled,200000413,86
64,2020-02-16 11:00:00,Prostatectomy,scheduled,200000653,80
65,2020-02-16 07:00:00,Appendectomy,completed,200001295,24
66,2020-02-17 10:00:00,Cholecystectomy,scheduled,200000083,35
67,2020-02-18 08:00:00,Cholecystectomy,completed,200000247,27
68,2020-02-19 08:00:00,Cholecystectomy,completed,200001752,34
69,2020-02-19 10:00:00,Hysterectomy,completed,200000644,99
70,2020-02-20 11:00:00,Tonsillectomy,completed,200001254,11
71,2020-02-21 08:00:00,Cholecystectomy,scheduled,200000635,14
72,2020-02-22 10:00:00,Appendectomy,scheduled,200001833,98
73,2020-02-23 09:00:00,Coronary Artery Bypass,completed,200000680,38
74,2020-02-23 09:00:00,Tonsillectomy,completed,200001877,16
75,2020-02-24 07:00:00,Cholecystectomy,completed,200001589,78
76,2020-02-25 10:00:00,Prostatectomy,completed,200000996,17
77,2020-02-26 10:00:00,Cataract Surgery,completed,200001331,56
78,2020-02-26 08:00:00,Tonsillectomy,completed,200001477,69
79,2020-02-27 10:00:00,Thyroidectomy,scheduled,200001552,54
80,2020-02-28 09:00:00,Knee Replacement,scheduled,200001859,84
81,2020-02-28 11:00:00,Knee Arthroscopy,completed,200000366,82
82,2020-02-29 11:00:00,Appendectomy,scheduled,200001654,43
83,2020-02-29 07:00:00,Spinal Fusion,completed,200000252,89
84,2020-03-02 07:00:00,Prostatectomy,scheduled,200000772,5
85,2020-03-02 11:00:00,Coronary Artery Bypass,completed,200000004,69
86,2020-03-03 10:00:00,Tonsillectomy,completed,200000017,99
87,2020-03-04 09:00:00,Hip Replacement,scheduled,200001501,71
88,2020-03-04 07:00:00,Cesarean Section,completed,200001062,38
89,2020-03-05 11:00:00,Appendectomy,completed,200000789,85
90,2020-03-06 09:00:00,Spinal Fusion,scheduled,200000806,100
91,2020-03-06 09:00:00,Spinal Fusion,completed,200001102,96
92,2020-03-07 08:00:00,Cardiac Catheterization,scheduled,200000950,67
93,2020-03-08 09:00:00,Hysterectomy,scheduled,200001879,72
94,2020-03-09 09:00:00,Appendectomy,completed,200000510,16
95,2020-03-10 07:00:00,Cholecystectomy,completed,200000013,12
96,2020-03-10 10:00:00,Hysterectomy,scheduled,200001911,13
97,2020-03-11 10:00:00,Thyroidectomy,completed,200000562,11
98,2020-03-12 07:00:00,Thyroidectomy,completed,200000614,14
99,2020-03-13 08:00:00,Spinal Fusion,scheduled,200000062,83
100,2020-03-14 11:00:00,Appendectomy,scheduled,200000220,68
101,2020-03-14 07:00:00,Tonsillectomy,scheduled,200000261,11
102,2020-03-15 11:00:00,Appendectomy,completed,200001252,90
103,2020-03-15 10:00:00,Cholecystectomy,completed,200000369,23
104,2020-03-16 07:00:00,Cardiac Catheterization,completed,200001146,12
105,2020-03-17 08:00:00,Spinal Fusion,completed,200000143,36
106,2020-03-18 08:00:00,Thyroidectomy,scheduled,200001449,37
107,2020-03-18 08:00:00,Prostatectomy,scheduled,200001719,97
108,2020-03-19 07:00:00,Hysterectomy,completed,200001547,16
109,2020-03-20 09:00:00,Spinal Fusion,completed,200001638,52
110,2020-03-21 09:00:00,Coronary Artery Bypass,scheduled,200000380,39
111,2020-03-21 10:00:00,Prostatectomy,completed,200000011,58
112,2020-03-22 09:00:00,Cardiac Catheterization,completed,200001270,75
113,2020-03-22 08:00:00,Cesarean Section,scheduled,200000341,30
114,2020-03-23 11:00:00,Prostatectomy,completed,200000256,41
115,2020-03-24 09:00:00,Appendectomy,scheduled,200000687,34
116,2020-03-25 11:00:00,Hysterectomy,completed,200000579,7
117,2020-03-25 11:00:00,Prostatectomy,scheduled,200001195,47
118,2020-03-27 09:00:00,Spinal Fusion,scheduled,200001911,53
119,2020-03-27 10:00:00,Prostatectomy,scheduled,200001351,85
120,2020-03-28 10:00:00,Knee Arthroscopy,completed,200001034,13
121,2020-03-28 11:00:00,Spinal Fusion,completed,200000877,91
122,2020-03-30 09:00:00,Appendectomy,completed,200000110,13
123,2020-03-30 10:00:00,Coronary Artery Bypass,completed,200000255,24
124,2020-03-30 10:00:00,Spinal Fusion,completed,200000626,2
125,2020-03-31 09:00:00,Cesarean Section,completed,200001082,45
126,2020-04-01 09:00:00,Tonsillectomy,scheduled,200000958,20
127,2020-04-02 10:00:00,Hysterectomy,scheduled,200001837,47
128,2020-04-03 10:00:00,Knee Replacement,scheduled,200001002,96
129,2020-04-03 11:00:00,Hysterectomy,completed,200000457,17
130,2020-04-04 09:00:00,Tonsillectomy,completed,200001787,93
131,2020-04-05 11:00:00,Cardiac Catheterization,completed,200001297,47
132,2020-04-06 09:00:00,Coronary Artery Bypass,completed,200000623,91
133,2020-04-06 09:00:00,Hernia Repair,completed,200001455,40
134,2020-04-07 09:00:00,Cataract Surgery,completed,200000249,41
135,2020-04-08 07:00:00,Hip Replacement,scheduled,200000934,98
136,2020-04-09 11:00:00,Tonsillectomy,scheduled,200000972,96
137,2020-04-09 08:00:00,Spinal Fusion,completed,200000938,98
138,2020-04-10 09:00:00,Tonsillectomy,completed,200001309,15
139,2020-04-11 08:00:00,Knee Replacement,scheduled,200001778,77
140,2020-04-11 08:00:00,Mastectomy,completed,200001608,74
141,2020-04-12 11:00:00,Mastectomy,completed,200000475,91
142,2020-04-13 08:00:00,Knee Replacement,completed,200001508,30
143,2020-04-13 11:00:00,Hysterectomy,scheduled,200000303,53
144,2020-04-14 09:00:00,Hysterectomy,scheduled,200001700,77
145,2020-04-15 11:00:00,Cholecystectomy,completed,200000466,96
146,2020-04-16 09:00:00,Prostatectomy,completed,200000238,39
147,2020-04-16 07:00:00,Tonsillectomy,scheduled,200000629,14
148,2020-04-17 07:00:00,Mastectomy,scheduled,200001361,88
149,2020-04-18 09:00:00,Spinal Fusion,scheduled,200000081,59
150,2020-04-19 09:00:00,Spinal Fusion,completed,200001157,69
151,2020-04-19 10:00:00,Hip Replacement,completed,200001538,68
152,2020-04-20 08:00:00,Mastectomy,scheduled,200001601,14
153,2020-04-21 08:00:00,Knee Replacement,scheduled,200001737,63
154,2020-04-21 08:00:00,Hysterectomy,completed,200001326,87
155,2020-04-22 10:00:00,Mastectomy,completed,200000183,31
156,2020-04-23 08:00:00,Prostatectomy,scheduled,200000586,83
157,2020-04-24 11:00:00,Cataract Surgery,completed,200000500,53
158,2020-04-25 09:00:00,Coronary Artery Bypass,scheduled,200001294,24
159,2020-04-25 07:00:00,Mastectomy,completed,200001709,36
160,2020-04-26 08:00:00,Hysterectomy,completed,200000937,88
161,2020-04-27 08:00:00,Prostatectomy,completed,200001645,56
162,2020-04-27 09:00:00,Cholecystectomy,completed,200000244,8
163,2020-04-28 09:00:00,Spinal Fusion,completed,200001423,17
164,2020-04-29 07:00:00,Spinal Fusion,completed,200000982,78
165,2020-04-30 10:00:00,Knee Replacement,completed,200000515,81
166,2020-04-30 09:00:00,Thyroidectomy,scheduled,200001511,68
167,2020-05-01 09:00:00,Coronary Artery Bypass,scheduled,200001679,13
168,2020-05-02 07:00:00,Appendectomy,completed,200000195,32
169,2020-05-03 07:00:00,Thyroidectomy,completed,200000664,20
170,2020-05-04 08:00:00,Knee Replacement,completed,200001907,67
171,2020-05-04 11:00:00,Coronary Artery Bypass,completed,200001747,36
172,2020-05-05 11:00:00,Cesarean Section,completed,200000591,78
173,2020-05-05 10:00:00,Knee Arthroscopy,completed,200001092,42
174,2020-05-07 08:00:00,Mastectomy,completed,200001699,40
175,2020-05-07 09:00:00,Hysterectomy,completed,200001915,94
176,2020-05-08 11:00:00,Appendectomy,completed,200000200,9
177,2020-05-08 09:00:00,Tonsillectomy,completed,200000688,47
178,2020-05-09 08:00:00,Coronary Artery Bypass,completed,200000179,18
179,2020-05-10 11:00:00,Hernia Repair,completed,200000895,73
180,2020-05-11 08:00:00,Cardiac Catheterization,completed,200001389,12
181,2020-05-11 09:00:00,Tonsillectomy,completed,200001080,17
182,2020-05-12 10:00:00,Cholecystectomy,completed,200000858,33
183,2020-05-12 09:00:00,Cardiac Catheterization,completed,200000225,61
184,2020-05-14 08:00:00,Hernia Repair,scheduled,200000859,29
185,2020-05-14 11:00:00,Mastectomy,completed,200001337,26
186,2020-05-15 08:00:00,Cholecystectomy,completed,200001810,55
187,2020-05-16 11:00:00,Prostatectomy,completed,200000114,12
188,2020-05-17 07:00:00,Mastectomy,completed,200000654,15
189,2020-05-17 09:00:00,Thyroidectomy,scheduled,200001400,70
190,2020-05-18 07:00:00,Spinal Fusion,completed,200000958,9
191,2020-05-18 08:00:00,Hip Replacement,scheduled,200000241,91
192,2020-05-19 11:00:00,Cardiac Catheterization,completed,200001496,97
193,2020-05-20 07:00:00,Spinal Fusion,completed,200000862,30
194,2020-05-20 08:00:00,Cataract Surgery,completed,200001148,64
195,2020-05-21 09:00:00,Cardiac Catheterization,completed,200000986,39
196,2020-05-23 10:00:00,Cardiac Catheterization,completed,200001905,42
197,2020-05-23 08:00:00,Thyroidectomy,scheduled,200001826,34
198,2020-05-24 09:00:00,Prostatectomy,completed,200001325,14
199,2020-05-25 11:00:00,Cataract Surgery,completed,200001126,67
200,2020-05-25 10:00:00,Tonsillectomy,scheduled,200000991,43
201,2020-05-26 09:00:00,Cardiac Catheterization,completed,200001443,94
202,2020-05-27 10:00:00,Hip Replacement,completed,200001977,32
203,2020-05-27 09:00:00,Coronary Artery Bypass,completed,200001357,35
204,2020-05-28 11:00:00,Mastectomy,scheduled,200001237,90
205,2020-05-29 08:00:00,Cataract Surgery,completed,200001064,44
206,2020-05-30 10:00:00,Hernia Repair,completed,200001296,53
207,2020-05-30 07:00:00,Cesarean Section,completed,200000779,80
208,2020-05-31 07:00:00,Cholecystectomy,completed,200000128,28
209,2020-06-01 08:00:00,Hernia Repair,completed,200000455,8
210,2020-06-02 09:00:00,Cholecystectomy,completed,200001855,34
211,2020-06-03 11:00:00,Tonsillectomy,completed,200001032,19
212,2020-06-03 11:00:00,Cholecystectomy,completed,200000001,61
213,2020-06-04 07:00:00,Hysterectomy,completed,200001265,15
214,2020-06-04 07:00:00,Prostatectomy,completed,200001660,85
215,2020-06-05 09:00:00,Appendectomy,completed,200001808,18
216,2020-06-06 08:00:00,Prostatectomy,completed,200000674,6
217,2020-06-07 09:00:00,Cesarean Section,completed,200000402,46
218,2020-06-08 08:00:00,Prostatectomy,scheduled,200000722,92
219,2020-06-08 07:00:00,Hernia Repair,scheduled,200000975,58
220,2020-06-09 08:00:00,Knee Replacement,completed,200001345,91
221,2020-06-10 09:00:00,Cardiac Catheterization,completed,200000993,41
222,2020-06-10 09:00:00,Spinal Fusion,completed,200001869,91
223,2020-06-11 11:00:00,Thyroidectomy,completed,200000450,9
224,2020-06-11 11:00:00,Cesarean Section,completed,200000212,71
225,2020-06-12 11:00:00,Cardiac Catheterization,completed,200001117,48
226,2020-06-13 08:00:00,Cholecystectomy,completed,200001755,80
227,2020-06-14 07:00:00,Hernia Repair,completed,200001290,23
228,2020-06-15 11:00:00,Cataract Surgery,scheduled,200001355,69
229,2020-06-16 10:00:00,Knee Arthroscopy,scheduled,200000251,47
230,2020-06-16 11:00:00,Thyroidectomy,scheduled,200000790,80
231,2020-06-17 07:00:00,Cardiac Catheterization,scheduled,200000651,96
232,2020-06-17 09:00:00,Hernia Repair,completed,200001393,13
233,2020-06-18 07:00:00,Knee Arthroscopy,completed,200001035,24
234,2020-06-19 09:00:00,Hip Replacement,scheduled,200001623,55
235,2020-06-20 07:00:00,Cataract Surgery,scheduled,200000730,87
236,2020-06-20 07:00:00,Appendectomy,scheduled,200001950,9
237,2020-06-22 09:00:00,Cholecystectomy,scheduled,200000673,40
238,2020-06-22 10:00:00,Appendectomy,scheduled,200001798,91
239,2020-06-23 11:00:00,Spinal Fusion,completed,200001360,28
240,2020-06-24 08:00:00,Mastectomy,completed,200001406,3
241,2020-06-24 09:00:00,Spinal Fusion,completed,200000938,72
242,2020-06-25 07:00:00,Hysterectomy,completed,200001310,59
243,2020-06-26 10:00:00,Knee Replacement,completed,200000943,38
244,2020-06-26 08:00:00,Cardiac Catheterization,completed,200000164,67
245,2020-06-27 07:00:00,Hernia Repair,completed,200000482,11
246,2020-06-28 07:00:00,Cholecystectomy,completed,200001669,37
247,2020-06-28 11:00:00,Cholecystectomy,scheduled,200000204,22
248,2020-06-30 10:00:00,Coronary Artery Bypass,scheduled,200000121,12
249,2020-06-30 10:00:00,Spinal Fusion,completed,200001188,13
250,2020-07-01 11:00:00,Knee Arthroscopy,scheduled,200001767,81
251,2020-07-02 08:00:00,Cesarean Section,completed,200000236,80
252,2020-07-02 08:00:00,Cardiac Catheterization,completed,200000258,38
253,2020-07-03 09:00:00,Coronary Artery Bypass,completed,200001165,76
254,2020-07-04 08:00:00,Cardiac Catheterization,completed,200000467,28
255,2020-07-04 10:00:00,Cesarean Section,scheduled,200000724,9
256,2020-07-05 09:00:00,Cesarean Section,completed,200000775,35
257,2020-07-06 08:00:00,Coronary Artery Bypass,completed,200000343,29
258,2020-07-07 11:00:00,Cesarean Section,completed,200000857,47
259,2020-07-07 10:00:00,Hysterectomy,completed,200000740,71
260,2020-07-08 09:00:00,Knee Replacement,scheduled,200000510,34
261,2020-07-09 11:00:00,Cataract Surgery,completed,200000134,45
262,2020-07-09 09:00:00,Cholecystectomy,completed,200000018,81
263,2020-07-10 07:00:00,Knee Replacement,completed,200000856,62
264,2020-07-11 09:00:00,Spinal Fusion,completed,200001760,4
265,2020-07-12 11:00:00,Coronary Artery Bypass,completed,200001395,67
266,2020-07-13 11:00:00,Cesarean Section,completed,200000322,99
267,2020-07-13 07:00:00,Hysterectomy,scheduled,200001376,62
268,2020-07-14 07:00:00,Hernia Repair,completed,200000469,59
269,2020-07-15 09:00:00,Mastectomy,completed,200001563,88
270,2020-07-15 08:00:00,Prostatectomy,completed,200001236,32
271,2020-07-16 09:00:00,Coronary Artery Bypass,completed,200001818,33
272,2020-07-17 10:00:00,Mastectomy,scheduled,200000009,38
273,2020-07-18 09:00:00,Knee Replacement,completed,200001331,82
274,2020-07-18 07:00:00,Cardiac Catheterization,completed,200000587,95
275,2020-07-19 08:00:00,Tonsillectomy,completed,200000152,98
276,2020-07-20 11:00:00,Cardiac Catheterization,completed,200000837,75
277,2020-07-20 10:00:00,Coronary Artery Bypass,completed,200000009,18
278,2020-07-22 07:00:00,Knee Arthroscopy,completed,200001325,11
279,2020-07-22 11:00:00,Knee Arthroscopy,scheduled,200000423,55
280,2020-07-22 08:00:00,Knee Replacement,completed,200001680,6
281,2020-07-23 09:00:00,Thyroidectomy,completed,200001439,36
282,2020-07-24 08:00:00,Knee Replacement,completed,200000062,27
283,2020-07-25 08:00:00,Prostatectomy,scheduled,200000823,84
284,2020-07-26 10:00:00,Mastectomy,completed,200000962,89
285,2020-07-26 10:00:00,Appendectomy,scheduled,200001811,8
286,2020-07-27 10:00:00,Cardiac Catheterization,completed,200000913,22
287,2020-07-28 11:00:00,Cholecystectomy,completed,200001613,93
288,2020-07-28 07:00:00,Thyroidectomy,completed,200001272,28
289,2020-07-30 10:00:00,Cholecystectomy,scheduled,200000680,34
290,2020-07-30 07:00:00,Appendectomy,completed,200000139,62
291,2020-07-31 08:00:00,Knee Replacement,completed,200001214,9
292,2020-07-31 09:00:00,Prostatectomy,completed,200000398,30
293,2020-08-01 09:00:00,Knee Arthroscopy,completed,200000966,91
294,2020-08-02 08:00:00,Tonsillectomy,completed,200001064,13
295,2020-08-02 10:00:00,Cholecystectomy,completed,200000770,49
296,2020-08-04 08:00:00,Coronary Artery Bypass,completed,200000525,48
297,2020-08-04 10:00:00,Hernia Repair,scheduled,200001920,21
298,2020-08-05 07:00:00,Hip Replacement,completed,200000490,64
299,2020-08-06 09:00:00,Hip Replacement,completed,200001667,66
300,2020-08-06 10:00:00,Cataract Surgery,completed,200000175,23
301,2020-08-07 09:00:00,Thyroidectomy,completed,200001914,42
302,2020-08-08 10:00:00,Cesarean Section,completed,200001214,76
303,2020-08-09 07:00:00,Hip Replacement,completed,200000663,53
304,2020-08-09 08:00:00,Knee Arthroscopy,completed,200000440,48
305,2020-08-10 10:00:00,Spinal Fusion,scheduled,200001802,59
306,2020-08-11 09:00:00,Hernia Repair,completed,200000116,27
307,2020-08-11 11:00:00,Knee Arthroscopy,completed,200000724,91
308,2020-08-12 08:00:00,Cardiac Catheterization,completed,200001060,80
309,2020-08-12 09:00:00,Tonsillectomy,scheduled,200000322,64
310,2020-08-14 08:00:00,Cardiac Catheterization,completed,200001732,46
311,2020-08-14 08:00:00,Cholecystectomy,completed,200001135,88
312,2020-08-15 07:00:00,Cholecystectomy,completed,200001039,99
313,2020-08-16 09:00:00,Spinal Fusion,completed,200000710,4
314,2020-08-16 10:00:00,Cataract Surgery,completed,200000706,3
315,2020-08-17 10:00:00,Thyroidectomy,scheduled,200000465,73
316,2020-08-18 11:00:00,Knee Arthroscopy,completed,200000057,67
317,2020-08-19 07:00:00,Hip Replacement,completed,200001148,81
318,2020-08-19 08:00:00,Appendectomy,completed,200001786,13
319,2020-08-20 11:00:00,Knee Replacement,completed,200000332,64
320,2020-08-21 10:00:00,Thyroidectomy,completed,200001198,46
321,2020-08-21 08:00:00,Cataract Surgery,completed,200001523,68
322,2020-08-22 09:00:00,Thyroidectomy,completed,200001662,32
323,2020-08-23 10:00:00,Hysterectomy,completed,200000836,11
324,2020-08-24 11:00:00,Hip Replacement,scheduled,200001105,84
325,2020-08-24 08:00:00,Cardiac Catheterization,completed,200001748,17
326,2020-08-25 10:00:00,Cataract Surgery,completed,200001579,72
327,2020-08-26 09:00:00,Mastectomy,completed,200000731,83
328,2020-08-26 10:00:00,Spinal Fusion,scheduled,200000667,35
329,2020-08-27 07:00:00,Hysterectomy,completed,200000282,96
330,2020-08-28 08:00:00,Cesarean Section,completed,200001266,95
331,2020-08-29 07:00:00,Cholecystectomy,scheduled,200001208,47
332,2020-08-30 11:00:00,Hysterectomy,scheduled,200000986,23
333,2020-08-30 09:00:00,Knee Replacement,completed,200000900,23
334,2020-08-31 07:00:00,Cardiac Catheterization,completed,200001726,40
335,2020-09-01 10:00:00,Cardiac Catheterization,completed,200001076,87
336,2020-09-02 11:00:00,Knee Arthroscopy,completed,200000343,19
337,2020-09-02 07:00:00,Hysterectomy,completed,200001722,27
338,2020-09-03 11:00:00,Appendectomy,completed,200000720,5
339,2020-09-04 10:00:00,Hysterectomy,completed,200000456,73
340,2020-09-05 09:00:00,Spinal Fusion,completed,200001325,28
341,2020-09-05 09:00:00,Appendectomy,scheduled,200001717,29
342,2020-09-06 08:00:00,Knee Replacement,scheduled,200000124,57
343,2020-09-07 09:00:00,Knee Arthroscopy,scheduled,200000533,43
344,2020-09-07 08:00:00,Cardiac Catheterization,scheduled,200001059,57
345,2020-09-08 09:00:00,Cesarean Section,completed,200001196,83
346,2020-09-09 10:00:00,Hip Replacement,scheduled,200000086,83
347,2020-09-10 11:00:00,Hysterectomy,scheduled,200000866,45
348,2020-09-10 07:00:00,Prostatectomy,completed,200001650,89
349,2020-09-11 07:00:00,Hernia Repair,completed,200001903,39
350,2020-09-11 11:00:00,Spinal Fusion,completed,200001654,34
351,2020-09-12 09:00:00,Hip Replacement,completed,200001074,67
352,2020-09-13 11:00:00,Hysterectomy,scheduled,200001300,85
353,2020-09-14 10:00:00,Appendectomy,completed,200001272,40
354,2020-09-15 08:00:00,Knee Arthroscopy,completed,200001658,6
355,2020-09-15 11:00:00,Hernia Repair,completed,200001961,20
356,2020-09-16 09:00:00,Tonsillectomy,completed,200000960,7
357,2020-09-17 09:00:00,Cesarean Section,scheduled,200000403,47
358,2020-09-18 07:00:00,Hysterectomy,completed,200001483,20
359,2020-09-18 11:00:00,Knee Replacement,completed,200001163,47
360,2020-09-19 10:00:00,Appendectomy,completed,200000370,67
361,2020-09-20 08:00:00,Cesarean Section,completed,200001352,11
362,2020-09-20 07:00:00,Coronary Artery Bypass,completed,200001994,43
363,2020-09-21 08:00:00,Mastectomy,completed,200000580,96
364,2020-09-22 10:00:00,Cataract Surgery,completed,200001200,81
365,2020-09-23 11:00:00,Spinal Fusion,completed,200000249,46
366,2020-09-23 10:00:00,Cardiac Catheterization,completed,200000508,72
367,2020-09-24 08:00:00,Knee Arthroscopy,completed,200000613,5
368,2020-09-25 09:00:00,Thyroidectomy,completed,200001428,73
369,2020-09-26 11:00:00,Mastectomy,completed,200000513,32
370,2020-09-27 09:00:00,Hernia Repair,completed,200000472,22
371,2020-09-27 10:00:00,Thyroidectomy,completed,200001040,57
372,2020-09-28 07:00:00,Knee Replacement,scheduled,200000765,98
373,2020-09-29 10:00:00,Spinal Fusion,completed,200001468,74
374,2020-09-29 08:00:00,Cesarean Section,completed,200001434,87
375,2020-09-30 09:00:00,Cataract Surgery,completed,200001267,82
376,2020-09-30 09:00:00,Prostatectomy,scheduled,200000303,86
377,2020-10-01 11:00:00,Cholecystectomy,completed,200000289,3
378,2020-10-02 07:00:00,Tonsillectomy,completed,200001496,56
379,2020-10-03 07:00:00,Hernia Repair,scheduled,200000981,97
380,2020-10-03 08:00:00,Thyroidectomy,completed,200000775,15
381,2020-10-04 07:00:00,Prostatectomy,scheduled,200000207,60
382,2020-10-05 08:00:00,Hysterectomy,completed,200000474,36
383,2020-10-06 10:00:00,Knee Arthroscopy,scheduled,200001192,83
384,2020-10-06 10:00:00,Appendectomy,completed,200001748,87
385,2020-10-08 09:00:00,Spinal Fusion,completed,200000146,68
386,2020-10-08 09:00:00,Coronary Artery Bypass,completed,200000335,30
387,2020-10-09 11:00:00,Knee Replacement,completed,200000067,79
388,2020-10-10 10:00:00,Knee Arthroscopy,scheduled,200001438,62
389,2020-10-11 11:00:00,Prostatectomy,completed,200001869,22
390,2020-10-11 10:00:00,Spinal Fusion,completed,200000425,30
391,2020-10-11 11:00:00,Tonsillectomy,completed,200001129,70
392,2020-10-13 11:00:00,Thyroidectomy,scheduled,200000748,75
393,2020-10-13 11:00:00,Knee Arthroscopy,completed,200000937,3
394,2020-10-14 10:00:00,Cardiac Catheterization,completed,200001591,34
395,2020-10-15 11:00:00,Thyroidectomy,completed,200000598,39
396,2020-10-15 10:00:00,Knee Replacement,completed,200000900,91
397,2020-10-16 08:00:00,Prostatectomy,scheduled,200001756,17
398,2020-10-17 09:00:00,Tonsillectomy,completed,200000775,65
399,2020-10-17 07:00:00,Knee Replacement,completed,200000647,56
400,2020-10-18 10:00:00,Knee Replacement,scheduled,200000404,61
401,2020-10-19 09:00:00,Knee Replacement,completed,200001093,36
402,2020-10-19 08:00:00,Appendectomy,completed,200000043,63
403,2020-10-20 11:00:00,Spinal Fusion,completed,200000436,57
404,2020-10-21 11:00:00,Thyroidectomy,completed,200000260,94
405,2020-10-22 10:00:00,Cardiac Catheterization,completed,200000831,15
406,2020-10-22 10:00:00,Hernia Repair,scheduled,200000952,1
407,2020-10-23 08:00:00,Cardiac Catheterization,completed,200000867,19
408,2020-10-24 10:00:00,Hysterectomy,completed,200000943,94
409,2020-10-25 09:00:00,Knee Arthroscopy,completed,200001230,26
410,2020-10-25 07:00:00,Hysterectomy,completed,200000779,31
411,2020-10-26 08:00:00,Prostatectomy,completed,200000945,47
412,2020-10-27 10:00:00,Knee Replacement,scheduled,200000314,54
413,2020-10-28 08:00:00,Knee Arthroscopy,completed,200000413,74
414,2020-10-29 08:00:00,Hysterectomy,completed,200000237,34
415,2020-10-29 08:00:00,Knee Arthroscopy,scheduled,200001582,73
416,2020-10-30 09:00:00,Spinal Fusion,completed,200000538,38
417,2020-10-31 07:00:00,Spinal Fusion,scheduled,200001950,83
418,2020-11-01 08:00:00,Coronary Artery Bypass,completed,200000310,43
419,2020-11-01 11:00:00,Knee Replacement,scheduled,200000810,5
420,2020-11-02 11:00:00,Tonsillectomy,scheduled,200001839,67
421,2020-11-03 08:00:00,Mastectomy,completed,200000355,54
422,2020-11-04 08:00:00,Hysterectomy,scheduled,200001548,14
423,2020-11-04 10:00:00,Cataract Surgery,completed,200001792,97
424,2020-11-05 10:00:00,Hernia Repair,scheduled,200001481,1
425,2020-11-05 10:00:00,Mastectomy,scheduled,200000698,11
426,2020-11-06 10:00:00,Mastectomy,scheduled,200000196,6
427,2020-11-07 09:00:00,Cataract Surgery,scheduled,200001766,69
428,2020-11-08 08:00:00,Hernia Repair,completed,200000334,89
429,2020-11-08 10:00:00,Cardiac Catheterization,completed,200001477,90
430,2020-11-09 10:00:00,Cardiac Catheterization,scheduled,200001958,48
431,2020-11-10 09:00:00,Cholecystectomy,completed,200000322,13
432,2020-11-10 09:00:00,Cardiac Catheterization,completed,200001820,31
433,2020-11-11 08:00:00,Prostatectomy,scheduled,200001103,48
434,2020-11-12 07:00:00,Thyroidectomy,completed,200001405,49
435,2020-11-13 11:00:00,Hernia Repair,completed,200001280,61
436,2020-11-14 07:00:00,Tonsillectomy,scheduled,200000829,44
437,2020-11-14 07:00:00,Hip Replacement,completed,200001820,34
438,2020-11-15 07:00:00,Mastectomy,completed,200001530,63
439,2020-11-15 10:00:00,Cholecystectomy,completed,200000642,34
440,2020-11-16 08:00:00,Cholecystectomy,scheduled,200001734,29
441,2020-11-17 08:00:00,Prostatectomy,completed,200000183,60
442,2020-11-18 11:00:00,Thyroidectomy,scheduled,200000044,29
443,2020-11-19 09:00:00,Prostatectomy,completed,200001101,47
444,2020-11-20 07:00:00,Cholecystectomy,scheduled,200001309,89
445,2020-11-20 11:00:00,Thyroidectomy,completed,200001961,65
446,2020-11-21 08:00:00,Cardiac Catheterization,completed,200001596,76
447,2020-11-21 09:00:00,Hysterectomy,completed,200001361,94
448,2020-11-22 09:00:00,Hip Replacement,completed,200000634,16
449,2020-11-23 07:00:00,Cardiac Catheterization,completed,200001450,39
450,2020-11-24 09:00:00,Knee Replacement,scheduled,200000311,86
451,2020-11-25 10:00:00,Cardiac Catheterization,completed,200001544,50
452,2020-11-26 11:00:00,Mastectomy,completed,200000260,73
453,2020-11-26 11:00:00,Knee Arthroscopy,completed,200001489,79
454,2020-11-27 09:00:00,Mastectomy,scheduled,200001724,22
455,2020-11-27 07:00:00,Coronary Artery Bypass,completed,200000628,10
456,2020-11-28 08:00:00,Hernia Repair,completed,200001059,36
457,2020-11-29 07:00:00,Hip Replacement,scheduled,200000154,60
458,2020-11-29 07:00:00,Coronary Artery Bypass,completed,200000177,80
459,2020-12-01 09:00:00,Hernia Repair,completed,200000025,86
460,2020-12-01 10:00:00,Hernia Repair,scheduled,200001285,6
461,2020-12-02 08:00:00,Thyroidectomy,completed,200000386,29
462,2020-12-03 09:00:00,Cataract Surgery,completed,200001893,45
463,2020-12-04 08:00:00,Hysterectomy,completed,200001614,62
464,2020-12-04 07:00:00,Hernia Repair,completed,200000854,2
465,2020-12-05 10:00:00,Prostatectomy,completed,200001545,86
466,2020-12-05 07:00:00,Mastectomy,completed,200000663,86
467,2020-12-06 08:00:00,Cardiac Catheterization,completed,200001690,16
468,2020-12-07 09:00:00,Mastectomy,completed,200001994,78
469,2020-12-08 09:00:00,Spinal Fusion,completed,200000132,23
470,2020-12-08 08:00:00,Prostatectomy,completed,200001023,60
471,2020-12-09 08:00:00,Cardiac Catheterization,completed,200001375,98
472,2020-12-10 10:00:00,Hysterectomy,completed,200000100,100
473,2020-12-10 07:00:00,Cesarean Section,completed,200000156,40
474,2020-12-11 11:00:00,Mastectomy,completed,200000564,38
475,2020-12-12 08:00:00,Knee Replacement,completed,200001410,99
476,2020-12-13 10:00:00,Hip Replacement,completed,200000341,97
477,2020-12-14 10:00:00,Knee Arthroscopy,completed,200001188,65
478,2020-12-14 07:00:00,Thyroidectomy,completed,200000900,69
479,2020-12-15 09:00:00,Cesarean Section,completed,200001791,88
480,2020-12-16 10:00:00,Cataract Surgery,completed,200000949,87
481,2020-12-17 07:00:00,Hernia Repair,completed,200001478,20
482,2020-12-17 07:00:00,Hip Replacement,completed,200000817,9
483,2020-12-18 09:00:00,Cholecystectomy,completed,200000723,76
484,2020-12-19 07:00:00,Spinal Fusion,scheduled,200000868,47
485,2020-12-20 07:00:00,Coronary Artery Bypass,completed,200000483,64
486,2020-12-20 11:00:00,Spinal Fusion,scheduled,200000049,75
487,2020-12-21 08:00:00,Thyroidectomy,completed,200001058,21
488,2020-12-21 08:00:00,Mastectomy,completed,200001534,84
489,2020-12-22 08:00:00,Prostatectomy,completed,200000664,90
490,2020-12-23 08:00:00,Spinal Fusion,scheduled,200000597,52
491,2020-12-23 11:00:00,Cholecystectomy,completed,200000354,76
492,2020-12-25 07:00:00,Hysterectomy,completed,200001166,73
493,2020-12-25 09:00:00,Cesarean Section,completed,200000303,57
494,2020-12-26 10:00:00,Cesarean Section,completed,200001637,99
495,2020-12-27 07:00:00,Appendectomy,completed,200001884,23
496,2020-12-27 10:00:00,Prostatectomy,completed,200001449,12
497,2020-12-28 07:00:00,Knee Replacement,completed,200001263,7
498,2020-12-29 07:00:00,Knee Arthroscopy,completed,200000255,96
499,2020-12-30 11:00:00,Spinal Fusion,completed,200001059,55
500,2020-12-30 11:00:00,Mastectomy,scheduled,200001548,48
501,2020-12-31 08:00:00,Hysterectomy,completed,200001439,17
502,2021-01-01 08:00:00,Mastectomy,completed,200000096,78
503,2021-01-01 08:00:00,Hip Replacement,completed,200001907,49
504,2021-01-02 08:00:00,Tonsillectomy,completed,200000021,16
505,2021-01-03 10:00:00,Cholecystectomy,scheduled,200001911,46
506,2021-01-04 07:00:00,Hip Replacement,completed,200000006,60
507,2021-01-04 10:00:00,Appendectomy,completed,200001056,74
508,2021-01-05 09:00:00,Coronary Artery Bypass,completed,200000425,6
509,2021-01-06 09:00:00,Hernia Repair,scheduled,200001597,19
510,2021-01-07 10:00:00,Spinal Fusion,completed,200000734,23
511,2021-01-07 08:00:00,Cataract Surgery,completed,200001832,59
512,2021-01-08 07:00:00,Mastectomy,scheduled,200001838,36
513,2021-01-09 10:00:00,Cesarean Section,completed,200000166,93
514,2021-01-09 07:00:00,Mastectomy,completed,200001311,33
515,2021-01-10 07:00:00,Hysterectomy,completed,200001759,78
516,2021-01-11 11:00:00,Hernia Repair,completed,200000817,38
517,2021-01-12 07:00:00,Prostatectomy,scheduled,200001841,34
518,2021-01-12 10:00:00,Mastectomy,completed,200001638,68
519,2021-01-13 10:00:00,Cardiac Catheterization,completed,200000875,80
520,2021-01-14 08:00:00,Prostatectomy,completed,200000771,35
521,2021-01-15 10:00:00,Cholecystectomy,completed,200000109,68
522,2021-01-15 07:00:00,Mastectomy,completed,200001000,50
523,2021-01-16 07:00:00,Hysterectomy,completed,200001783,63
524,2021-01-17 08:00:00,Appendectomy,completed,200001674,62
525,2021-01-18 07:00:00,Hernia Repair,completed,200000326,89
526,2021-01-18 07:00:00,Thyroidectomy,completed,200000002,59
527,2021-01-19 10:00:00,Hernia Repair,completed,200000329,47
528,2021-01-20 07:00:00,Cesarean Section,scheduled,200001711,29
529,2021-01-20 10:00:00,Prostatectomy,completed,200000961,16
530,2021-01-21 11:00:00,Hernia Repair,scheduled,200001437,2
531,2021-01-22 11:00:00,Coronary Artery Bypass,completed,200001375,87
532,2021-01-23 09:00:00,Cholecystectomy,completed,200001581,76
533,2021-01-23 08:00:00,Mastectomy,completed,200000141,76
534,2021-01-24 08:00:00,Appendectomy,completed,200000465,35
535,2021-01-25 08:00:00,Knee Replacement,scheduled,200001701,2
536,2021-01-26 08:00:00,Knee Arthroscopy,completed,200001586,80
537,2021-01-27 09:00:00,Spinal Fusion,completed,200001260,80
538,2021-01-27 09:00:00,Tonsillectomy,completed,200001232,85
539,2021-01-28 09:00:00,Hysterectomy,completed,200000319,80
540,2021-01-28 10:00:00,Mastectomy,completed,200000724,87
541,2021-01-30 07:00:00,Prostatectomy,scheduled,200001475,92
542,2021-01-30 07:00:00,Mastectomy,completed,200000101,51
543,2021-01-31 10:00:00,Hernia Repair,completed,200000369,20
544,2021-02-01 07:00:00,Cesarean Section,completed,200000794,32
545,2021-02-01 07:00:00,Hip Replacement,scheduled,200001536,68
546,2021-02-02 07:00:00,Prostatectomy,scheduled,200000377,34
547,2021-02-02 07:00:00,Tonsillectomy,scheduled,200000907,75
548,2021-02-03 07:00:00,Cholecystectomy,scheduled,200001743,89
549,2021-02-04 11:00:00,Cataract Surgery,completed,200000328,29
550,2021-02-05 11:00:00,Prostatectomy,scheduled,200001660,32
551,2021-02-05 07:00:00,Prostatectomy,scheduled,200001700,31
552,2021-02-07 08:00:00,Prostatectomy,completed,200001631,61
553,2021-02-07 10:00:00,Mastectomy,completed,200001809,96
554,2021-02-08 07:00:00,Appendectomy,completed,200000086,60
555,2021-02-08 10:00:00,Appendectomy,completed,200000030,17
556,2021-02-09 09:00:00,Hip Replacement,scheduled,200000753,23
557,2021-02-10 10:00:00,Cesarean Section,completed,200001845,10
558,2021-02-11 10:00:00,Thyroidectomy,scheduled,200001237,96
559,2021-02-11 09:00:00,Cardiac Catheterization,completed,200000558,19
560,2021-02-12 08:00:00,Coronary Artery Bypass,scheduled,200001046,85
561,2021-02-13 10:00:00,Prostatectomy,completed,200000910,66
562,2021-02-13 08:00:00,Cataract Surgery,completed,200000568,25
563,2021-02-15 11:00:00,Appendectomy,scheduled,200000878,45
564,2021-02-15 09:00:00,Cardiac Catheterization,completed,200001145,92
565,2021-02-16 09:00:00,Prostatectomy,completed,200000986,17
566,2021-02-17 08:00:00,Appendectomy,scheduled,200001832,27
567,2021-02-17 10:00:00,Hysterectomy,completed,200000893,91
568,2021-02-18 08:00:00,Tonsillectomy,scheduled,200001576,77
569,2021-02-19 10:00:00,Hysterectomy,completed,200000272,22
570,2021-02-19 09:00:00,Spinal Fusion,completed,200001553,8
571,2021-02-20 09:00:00,Appendectomy,completed,200001521,98
572,2021-02-21 08:00:00,Knee Replacement,scheduled,200001795,23
573,2021-02-22 09:00:00,Coronary Artery Bypass,completed,200000103,93
574,2021-02-23 08:00:00,Coronary Artery Bypass,completed,200001413,16
575,2021-02-23 10:00:00,Prostatectomy,completed,200000339,15
576,2021-02-24 10:00:00,Coronary Artery Bypass,completed,200000229,11
577,2021-02-25 07:00:00,Hernia Repair,completed,200001823,57
578,2021-02-25 11:00:00,Knee Arthroscopy,completed,200000933,64
579,2021-02-26 10:00:00,Hernia Repair,scheduled,200001062,72
580,2021-02-27 11:00:00,Cardiac Catheterization,completed,200001241,92
581,2021-02-27 11:00:00,Cholecystectomy,completed,200000463,36
582,2021-02-28 07:00:00,Appendectomy,scheduled,200000958,99
583,2021-03-01 11:00:00,Knee Replacement,scheduled,200000692,35
584,2021-03-02 10:00:00,Cardiac Catheterization,completed,200000685,92
585,2021-03-02 11:00:00,Spinal Fusion,completed,200000893,56
586,2021-03-03 11:00:00,Coronary Artery Bypass,completed,200000846,65
587,2021-03-04 09:00:00,Appendectomy,scheduled,200000380,20
588,2021-03-04 08:00:00,Mastectomy,completed,200001029,56
589,2021-03-05 11:00:00,Spinal Fusion,completed,200000558,11
590,2021-03-06 11:00:00,Spinal Fusion,scheduled,200000835,17
591,2021-03-07 09:00:00,Tonsillectomy,completed,200001814,77
592,2021-03-08 09:00:00,Tonsillectomy,completed,200000105,82
593,2021-03-08 07:00:00,Knee Arthroscopy,completed,200000644,85
594,2021-03-09 11:00:00,Appendectomy,completed,200001358,52
595,2021-03-09 07:00:00,Hip Replacement,scheduled,200001905,61
596,2021-03-11 10:00:00,Spinal Fusion,completed,200001688,100
597,2021-03-11 07:00:00,Mastectomy,completed,200000001,54
598,2021-03-12 10:00:00,Thyroidectomy,completed,200000809,80
599,2021-03-12 10:00:00,Prostatectomy,completed,200000634,39
600,2021-03-14 09:00:00,Hysterectomy,completed,200000775,75
601,2021-03-14 10:00:00,Knee Replacement,completed,200000415,94
602,2021-03-15 11:00:00,Hernia Repair,completed,200001250,56
603,2021-03-15 09:00:00,Cesarean Section,completed,200000643,7
604,2021-03-16 09:00:00,Knee Replacement,completed,200001656,78
605,2021-03-17 07:00:00,Tonsillectomy,scheduled,200001849,21
606,2021-03-18 08:00:00,Thyroidectomy,completed,200000756,92
607,2021-03-19 10:00:00,Tonsillectomy,completed,200000433,89
608,2021-03-19 08:00:00,Cataract Surgery,completed,200001725,54
609,2021-03-20 10:00:00,Tonsillectomy,completed,200000768,20
610,2021-03-20 09:00:00,Tonsillectomy,completed,200001506,90
611,2021-03-21 09:00:00,Knee Replacement,completed,200000438,25
612,2021-03-22 10:00:00,Spinal Fusion,completed,200001825,55
613,2021-03-23 09:00:00,Cholecystectomy,completed,200000526,64
614,2021-03-24 11:00:00,Knee Arthroscopy,completed,200001089,63
615,2021-03-24 07:00:00,Cataract Surgery,completed,200000839,95
616,2021-03-25 08:00:00,Mastectomy,completed,200001251,74
617,2021-03-26 09:00:00,Mastectomy,completed,200001413,56
618,2021-03-27 09:00:00,Cardiac Catheterization,completed,200000390,28
619,2021-03-27 11:00:00,Thyroidectomy,completed,200000881,1
620,2021-03-28 07:00:00,Coronary Artery Bypass,completed,200001465,90
621,2021-03-29 09:00:00,Mastectomy,completed,200000938,99
622,2021-03-29 11:00:00,Hysterectomy,completed,200000775,84
623,2021-03-30 10:00:00,Tonsillectomy,completed,200000752,60
624,2021-03-31 09:00:00,Knee Arthroscopy,scheduled,200000166,78
625,2021-03-31 09:00:00,Spinal Fusion,scheduled,200001126,9
626,2021-04-01 08:00:00,Thyroidectomy,completed,200000493,46
627,2021-04-02 11:00:00,Tonsillectomy,scheduled,200000137,96
628,2021-04-03 07:00:00,Prostatectomy,completed,200000685,20
629,2021-04-03 08:00:00,Tonsillectomy,completed,200001218,24
630,2021-04-04 10:00:00,Cataract Surgery,scheduled,200001394,42
631,2021-04-05 09:00:00,Cardiac Catheterization,completed,200000841,13
632,2021-04-06 07:00:00,Cholecystectomy,scheduled,200001505,84
633,2021-04-07 07:00:00,Hernia Repair,completed,200000671,80
634,2021-04-07 07:00:00,Coronary Artery Bypass,scheduled,200000565,27
635,2021-04-08 07:00:00,Tonsillectomy,scheduled,200001995,74
636,2021-04-09 07:00:00,Hernia Repair,completed,200001229,39
637,2021-04-09 08:00:00,Mastectomy,scheduled,200001090,10
638,2021-04-10 07:00:00,Appendectomy,completed,200000275,44
639,2021-04-11 07:00:00,Appendectomy,completed,200000838,2
640,2021-04-12 07:00:00,Cesarean Section,completed,200000575,39
641,2021-04-13 10:00:00,Mastectomy,completed,200001142,76
642,2021-04-13 11:00:00,Hysterectomy,completed,200000294,64
643,2021-04-14 09:00:00,Thyroidectomy,completed,200000411,26
644,2021-04-14 11:00:00,Thyroidectomy,scheduled,200001839,37
645,2021-04-15 07:00:00,Cesarean Section,scheduled,200000881,23
646,2021-04-16 07:00:00,Tonsillectomy,completed,200000409,6
647,2021-04-16 08:00:00,Coronary Artery Bypass,completed,200000461,31
648,2021-04-18 08:00:00,Appendectomy,scheduled,200001761,29
649,2021-04-18 09:00:00,Hip Replacement,completed,200000414,20
650,2021-04-19 09:00:00,Coronary Artery Bypass,completed,200001850,84
651,2021-04-19 08:00:00,Hernia Repair,completed,200001771,44
652,2021-04-20 11:00:00,Thyroidectomy,completed,200000631,80
653,2021-04-21 09:00:00,Knee Replacement,completed,200001490,9
654,2021-04-22 07:00:00,Knee Arthroscopy,completed,200000459,98
655,2021-04-23 09:00:00,Hysterectomy,completed,200000288,75
656,2021-04-23 08:00:00,Mastectomy,completed,200001301,95
657,2021-04-24 11:00:00,Knee Replacement,scheduled,200001004,41
658,2021-04-25 07:00:00,Knee Replacement,scheduled,200000686,64
659,2021-04-26 07:00:00,Spinal Fusion,scheduled,200000930,98
660,2021-04-26 10:00:00,Cesarean Section,completed,200001863,87
661,2021-04-27 08:00:00,Mastectomy,completed,200000043,64
662,2021-04-27 11:00:00,Hernia Repair,completed,200001728,35
663,2021-04-28 11:00:00,Coronary Artery Bypass,completed,200001248,10
664,2021-04-29 10:00:00,Coronary Artery Bypass,completed,200001029,67
665,2021-04-30 09:00:00,Knee Arthroscopy,scheduled,200001796,73
666,2021-05-01 10:00:00,Appendectomy,completed,200000876,62
667,2021-05-01 10:00:00,Tonsillectomy,completed,200000570,61
668,2021-05-02 08:00:00,Appendectomy,scheduled,200000798,64
669,2021-05-03 09:00:00,Hernia Repair,scheduled,200000368,15
670,2021-05-04 07:00:00,Spinal Fusion,completed,200000009,28
671,2021-05-05 07:00:00,Coronary Artery Bypass,completed,200000047,10
672,2021-05-05 09:00:00,Tonsillectomy,completed,200000525,29
673,2021-05-06 11:00:00,Thyroidectomy,completed,200000208,59
674,2021-05-06 07:00:00,Cholecystectomy,completed,200000085,30
675,2021-05-08 11:00:00,Appendectomy,completed,200000468,25
676,2021-05-08 11:00:00,Cholecystectomy,completed,200001844,45
677,2021-05-09 11:00:00,Cesarean Section,completed,200001610,63
678,2021-05-09 09:00:00,Tonsillectomy,completed,200000345,75
679,2021-05-10 10:00:00,Hip Replacement,completed,200001783,62
680,2021-05-11 10:00:00,Appendectomy,completed,200001864,76
681,2021-05-12 07:00:00,Coronary Artery Bypass,completed,200001541,30
682,2021-05-12 09:00:00,Spinal Fusion,completed,200000015,48
683,2021-05-13 10:00:00,Thyroidectomy,completed,200000519,78
684,2021-05-14 11:00:00,Prostatectomy,completed,200001329,40
685,2021-05-14 11:00:00,Prostatectomy,scheduled,200000807,38
686,2021-05-15 07:00:00,Spinal Fusion,scheduled,200000878,84
687,2021-05-16 09:00:00,Cataract Surgery,completed,200000803,30
688,2021-05-17 07:00:00,Cataract Surgery,completed,200000730,37
689,2021-05-17 11:00:00,Cataract Surgery,completed,200001081,61
690,2021-05-18 10:00:00,Mastectomy,completed,200001245,17
691,2021-05-19 08:00:00,Tonsillectomy,completed,200000155,75
692,2021-05-19 07:00:00,Knee Replacement,completed,200001069,95
693,2021-05-20 08:00:00,Hysterectomy,completed,200000815,81
694,2021-05-21 08:00:00,Hip Replacement,completed,200001540,60
695,2021-05-22 08:00:00,Knee Arthroscopy,completed,200000214,72
696,2021-05-23 08:00:00,Cholecystectomy,completed,200001464,85
697,2021-05-24 08:00:00,Hip Replacement,completed,200001514,20
698,2021-05-24 08:00:00,Knee Arthroscopy,completed,200001779,60
699,2021-05-25 07:00:00,Mastectomy,completed,200000974,79
700,2021-05-26 11:00:00,Cataract Surgery,completed,200001669,10
701,2021-05-26 09:00:00,Knee Arthroscopy,completed,200000986,53
702,2021-05-27 08:00:00,Hysterectomy,completed,200000856,95
703,2021-05-27 07:00:00,Knee Replacement,completed,200000903,75
704,2021-05-28 08:00:00,Spinal Fusion,completed,200000693,19
705,2021-05-29 10:00:00,Hernia Repair,completed,200000401,88
706,2021-05-29 08:00:00,Hernia Repair,scheduled,200000178,56
707,2021-05-31 10:00:00,Hernia Repair,completed,200000002,17
708,2021-05-31 07:00:00,Tonsillectomy,completed,200000240,40
709,2021-06-01 07:00:00,Hysterectomy,completed,200001069,26
710,2021-06-02 09:00:00,Hernia Repair,completed,200000106,42
711,2021-06-03 07:00:00,Cataract Surgery,completed,200000777,92
712,2021-06-03 10:00:00,Cholecystectomy,scheduled,200001992,99
713,2021-06-04 10:00:00,Knee Replacement,completed,200000237,65
714,2021-06-05 08:00:00,Hernia Repair,completed,200000863,93
715,2021-06-05 08:00:00,Mastectomy,scheduled,200000141,70
716,2021-06-06 08:00:00,Prostatectomy,scheduled,200000034,70
717,2021-06-07 08:00:00,Cataract Surgery,scheduled,200000797,60
718,2021-06-07 11:00:00,Cesarean Section,completed,200000373,68
719,2021-06-08 08:00:00,Knee Replacement,completed,200001561,8
720,2021-06-09 11:00:00,Knee Arthroscopy,completed,200001374,1
721,2021-06-10 08:00:00,Appendectomy,completed,200000389,79
722,2021-06-10 11:00:00,Thyroidectomy,completed,200001263,76
723,2021-06-11 10:00:00,Hysterectomy,completed,200000250,15
724,2021-06-12 11:00:00,Appendectomy,completed,200000856,22
725,2021-06-13 11:00:00,Knee Replacement,scheduled,200001089,45
726,2021-06-14 10:00:00,Mastectomy,scheduled,200000634,100
727,2021-06-14 10:00:00,Cataract Surgery,completed,200001140,89
728,2021-06-15 10:00:00,Hernia Repair,scheduled,200001588,82
729,2021-06-16 09:00:00,Tonsillectomy,completed,200001239,99
730,2021-06-16 08:00:00,Hysterectomy,completed,200001562,94
731,2021-06-17 08:00:00,Cholecystectomy,completed,200000269,69
732,2021-06-18 08:00:00,Hip Replacement,completed,200000940,98
733,2021-06-18 11:00:00,Tonsillectomy,scheduled,200000618,4
734,2021-06-19 10:00:00,Appendectomy,scheduled,200000359,24
735,2021-06-20 07:00:00,Tonsillectomy,completed,200001952,43
736,2021-06-21 09:00:00,Prostatectomy,completed,200000312,17
737,2021-06-21 08:00:00,Cholecystectomy,scheduled,200000798,90
738,2021-06-22 10:00:00,Hip Replacement,completed,200000877,16
739,2021-06-23 10:00:00,Thyroidectomy,scheduled,200000177,43
740,2021-06-24 09:00:00,Mastectomy,scheduled,200000109,41
741,2021-06-24 10:00:00,Cataract Surgery,completed,200001598,60
742,2021-06-25 10:00:00,Cesarean Section,completed,200001474,86
743,2021-06-26 07:00:00,Knee Replacement,completed,200001344,24
744,2021-06-26 07:00:00,Cholecystectomy,completed,200000648,33
745,2021-06-28 08:00:00,Appendectomy,completed,200001154,19
746,2021-06-28 11:00:00,Knee Arthroscopy,completed,200000391,28
747,2021-06-29 10:00:00,Mastectomy,completed,200001437,88
748,2021-06-29 08:00:00,Mastectomy,completed,200001191,100
749,2021-06-30 10:00:00,Prostatectomy,completed,200000331,90
750,2021-07-01 11:00:00,Hysterectomy,completed,200000761,8
751,2021-07-01 10:00:00,Tonsillectomy,completed,200000977,83
752,2021-07-02 08:00:00,Tonsillectomy,completed,200001025,58
753,2021-07-03 11:00:00,Cataract Surgery,completed,200000753,85
754,2021-07-04 08:00:00,Cardiac Catheterization,completed,200000790,86
755,2021-07-05 08:00:00,Cataract Surgery,completed,200000114,66
756,2021-07-05 07:00:00,Prostatectomy,completed,200001695,47
757,2021-07-06 07:00:00,Tonsillectomy,completed,200000908,29
758,2021-07-07 09:00:00,Tonsillectomy,completed,200000568,77
759,2021-07-07 11:00:00,Hernia Repair,scheduled,200000177,46
760,2021-07-08 09:00:00,Cardiac Catheterization,completed,200000098,20
761,2021-07-09 08:00:00,Thyroidectomy,completed,200000303,100
762,2021-07-10 11:00:00,Cataract Surgery,scheduled,200000843,34
763,2021-07-11 08:00:00,Hernia Repair,completed,200000723,25
764,2021-07-11 09:00:00,Cesarean Section,completed,200000600,29
765,2021-07-12 11:00:00,Coronary Artery Bypass,completed,200001507,42
766,2021-07-12 07:00:00,Cataract Surgery,completed,200001297,14
767,2021-07-13 10:00:00,Cardiac Catheterization,completed,200000658,14
768,2021-07-14 11:00:00,Prostatectomy,scheduled,200001854,48
769,2021-07-15 08:00:00,Cardiac Catheterization,scheduled,200000525,13
770,2021-07-15 11:00:00,Appendectomy,completed,200001009,100
771,2021-07-16 11:00:00,Hysterectomy,completed,200000269,80
772,2021-07-17 07:00:00,Tonsillectomy,completed,200001753,37
773,2021-07-18 10:00:00,Cholecystectomy,completed,200001001,78
774,2021-07-18 07:00:00,Appendectomy,completed,200001812,91
775,2021-07-19 07:00:00,Tonsillectomy,completed,200001094,4
776,2021-07-20 09:00:00,Tonsillectomy,scheduled,200001732,30
777,2021-07-20 09:00:00,Coronary Artery Bypass,completed,200000449,69
778,2021-07-21 08:00:00,Cholecystectomy,completed,200001920,20
779,2021-07-22 10:00:00,Cesarean Section,scheduled,200000136,18
780,2021-07-23 09:00:00,Hip Replacement,completed,200000831,11
781,2021-07-23 08:00:00,Mastectomy,completed,200000382,22
782,2021-07-25 09:00:00,Coronary Artery Bypass,completed,200001251,88
783,2021-07-25 11:00:00,Thyroidectomy,completed,200000294,84
784,2021-07-26 10:00:00,Tonsillectomy,completed,200001158,7
785,2021-07-27 11:00:00,Knee Replacement,completed,200000742,14
786,2021-07-27 08:00:00,Cholecystectomy,completed,200000419,59
787,2021-07-28 10:00:00,Mastectomy,completed,200000272,100
788,2021-07-28 07:00:00,Tonsillectomy,completed,200001168,33
789,2021-07-30 09:00:00,Hysterectomy,completed,200000538,53
790,2021-07-30 10:00:00,Hysterectomy,completed,200000296,76
791,2021-07-31 08:00:00,Knee Arthroscopy,scheduled,200000323,25
792,2021-08-01 10:00:00,Appendectomy,completed,200000764,21
793,2021-08-01 10:00:00,Spinal Fusion,completed,200000946,83
794,2021-08-02 10:00:00,Thyroidectomy,completed,200001631,64
795,2021-08-03 08:00:00,Cataract Surgery,completed,200001415,5
796,2021-08-03 10:00:00,Prostatectomy,completed,200001469,25
797,2021-08-04 09:00:00,Tonsillectomy,completed,200001810,85
798,2021-08-05 08:00:00,Knee Replacement,completed,200001433,38
799,2021-08-06 09:00:00,Mastectomy,completed,200000920,59
800,2021-08-07 07:00:00,Hip Replacement,completed,200000612,46
801,2021-08-08 07:00:00,Coronary Artery Bypass,completed,200001412,70
802,2021-08-08 11:00:00,Thyroidectomy,scheduled,200001031,100
803,2021-08-09 08:00:00,Knee Arthroscopy,completed,200001853,100
804,2021-08-09 11:00:00,Knee Arthroscopy,completed,200000891,62
805,2021-08-10 11:00:00,Mastectomy,completed,200001945,56
806,2021-08-11 07:00:00,Knee Arthroscopy,completed,200001274,3
807,2021-08-12 09:00:00,Tonsillectomy,scheduled,200001295,8
808,2021-08-12 11:00:00,Cataract Surgery,completed,200001058,20
809,2021-08-13 10:00:00,Cesarean Section,completed,200000849,98
810,2021-08-14 11:00:00,Hysterectomy,scheduled,200000115,78
811,2021-08-15 07:00:00,Hernia Repair,completed,200001606,47
812,2021-08-15 10:00:00,Coronary Artery Bypass,completed,200001799,34
813,2021-08-16 08:00:00,Knee Replacement,completed,200001860,26
814,2021-08-17 07:00:00,Hernia Repair,completed,200001065,92
815,2021-08-18 08:00:00,Cataract Surgery,completed,200000404,24
816,2021-08-18 07:00:00,Appendectomy,completed,200000544,68
817,2021-08-19 08:00:00,Thyroidectomy,completed,200000562,35
818,2021-08-20 10:00:00,Cataract Surgery,completed,200000821,17
819,2021-08-20 10:00:00,Cardiac Catheterization,completed,200001378,46
820,2021-08-21 09:00:00,Tonsillectomy,completed,200001459,1
821,2021-08-22 08:00:00,Thyroidectomy,completed,200000806,89
822,2021-08-22 11:00:00,Tonsillectomy,completed,200000121,5
823,2021-08-23 07:00:00,Mastectomy,scheduled,200000533,85
824,2021-08-24 08:00:00,Tonsillectomy,completed,200001848,55
825,2021-08-25 10:00:00,Cardiac Catheterization,completed,200000501,57
826,2021-08-26 07:00:00,Knee Replacement,completed,200001488,99
827,2021-08-26 11:00:00,Coronary Artery Bypass,completed,200000384,22
828,2021-08-27 10:00:00,Hysterectomy,completed,200001126,65
829,2021-08-28 09:00:00,Hip Replacement,completed,200001981,79
830,2021-08-28 09:00:00,Cardiac Catheterization,completed,200000448,85
831,2021-08-29 08:00:00,Tonsillectomy,completed,200001227,25
832,2021-08-30 09:00:00,Cataract Surgery,scheduled,200001435,53
833,2021-08-30 07:00:00,Cardiac Catheterization,completed,200001464,98
834,2021-08-31 07:00:00,Knee Replacement,scheduled,200000486,39
835,2021-09-01 09:00:00,Hernia Repair,completed,200001807,8
836,2021-09-02 07:00:00,Hysterectomy,completed,200001488,73
837,2021-09-02 10:00:00,Tonsillectomy,completed,200001947,48
838,2021-09-03 09:00:00,Cardiac Catheterization,completed,200001881,67
839,2021-09-04 07:00:00,Cataract Surgery,completed,200000361,76
840,2021-09-05 07:00:00,Cesarean Section,completed,200001585,3
841,2021-09-05 08:00:00,Hernia Repair,completed,200000964,86
842,2021-09-06 08:00:00,Cataract Surgery,completed,200001946,48
843,2021-09-07 10:00:00,Hysterectomy,completed,200000901,79
844,2021-09-08 10:00:00,Knee Replacement,completed,200001373,61
845,2021-09-08 08:00:00,Cataract Surgery,completed,200001231,14
846,2021-09-09 11:00:00,Knee Replacement,completed,200001652,20
847,2021-09-10 10:00:00,Appendectomy,completed,200001254,52
848,2021-09-10 07:00:00,Appendectomy,scheduled,200001031,58
849,2021-09-12 09:00:00,Prostatectomy,scheduled,200000723,99
850,2021-09-12 09:00:00,Mastectomy,completed,200000691,37
851,2021-09-13 09:00:00,Coronary Artery Bypass,completed,200001892,51
852,2021-09-14 08:00:00,Tonsillectomy,completed,200000655,58
853,2021-09-14 11:00:00,Knee Replacement,completed,200001809,87
854,2021-09-15 07:00:00,Knee Arthroscopy,scheduled,200001829,17
855,2021-09-15 11:00:00,Cesarean Section,completed,200000658,63
856,2021-09-17 10:00:00,Spinal Fusion,completed,200001886,11
857,2021-09-17 08:00:00,Cesarean Section,scheduled,200001162,77
858,2021-09-18 09:00:00,Knee Replacement,scheduled,200000134,63
859,2021-09-18 08:00:00,Cesarean Section,scheduled,200000173,62
860,2021-09-19 10:00:00,Prostatectomy,scheduled,200001398,55
861,2021-09-20 09:00:00,Prostatectomy,completed,200000919,62
862,2021-09-21 07:00:00,Knee Arthroscopy,completed,200001261,15
863,2021-09-21 09:00:00,Appendectomy,completed,200001701,14
864,2021-09-22 10:00:00,Spinal Fusion,completed,200000991,2
865,2021-09-23 11:00:00,Cholecystectomy,scheduled,200000626,8
866,2021-09-24 09:00:00,Cesarean Section,completed,200000022,91
867,2021-09-24 10:00:00,Hip Replacement,completed,200000089,25
868,2021-09-25 09:00:00,Tonsillectomy,scheduled,200001549,41
869,2021-09-26 08:00:00,Cataract Surgery,completed,200001713,36
870,2021-09-26 10:00:00,Cesarean Section,scheduled,200001619,72
871,2021-09-27 11:00:00,Knee Arthroscopy,completed,200001417,9
872,2021-09-28 08:00:00,Knee Arthroscopy,scheduled,200001827,95
873,2021-09-29 09:00:00,Cesarean Section,completed,200000614,36
874,2021-09-30 08:00:00,Knee Replacement,completed,200001585,45
875,2021-09-30 09:00:00,Cataract Surgery,completed,200001028,6
876,2021-10-01 07:00:00,Hip Replacement,completed,200000088,83
877,2021-10-02 11:00:00,Thyroidectomy,scheduled,200000862,77
878,2021-10-02 09:00:00,Thyroidectomy,completed,200000685,1
879,2021-10-03 09:00:00,Cardiac Catheterization,scheduled,200000964,2
880,2021-10-04 09:00:00,Hernia Repair,completed,200001446,75
881,2021-10-05 11:00:00,Coronary Artery Bypass,scheduled,200001082,86
882,2021-10-05 07:00:00,Knee Arthroscopy,scheduled,200001975,75
883,2021-10-06 07:00:00,Cataract Surgery,completed,200001381,86
884,2021-10-07 07:00:00,Tonsillectomy,scheduled,200001632,96
885,2021-10-08 09:00:00,Thyroidectomy,completed,200000921,35
886,2021-10-08 10:00:00,Hysterectomy,completed,200000149,50
887,2021-10-09 08:00:00,Knee Arthroscopy,completed,200000417,24
888,2021-10-09 08:00:00,Cardiac Catheterization,scheduled,200000887,11
889,2021-10-10 08:00:00,Mastectomy,completed,200000799,77
890,2021-10-11 08:00:00,Coronary Artery Bypass,completed,200001469,90
891,2021-10-12 10:00:00,Prostatectomy,scheduled,200001695,62
892,2021-10-12 11:00:00,Cardiac Catheterization,scheduled,200001255,61
893,2021-10-13 11:00:00,Knee Replacement,completed,200001917,76
894,2021-10-14 08:00:00,Spinal Fusion,completed,200000187,65
895,2021-10-15 07:00:00,Coronary Artery Bypass,completed,200001268,11
896,2021-10-16 07:00:00,Hysterectomy,completed,200000220,89
897,2021-10-17 08:00:00,Cardiac Catheterization,completed,200001270,26
898,2021-10-17 07:00:00,Thyroidectomy,scheduled,200001124,88
899,2021-10-18 10:00:00,Cholecystectomy,completed,200001685,35
900,2021-10-19 07:00:00,Tonsillectomy,completed,200000046,13
901,2021-10-19 10:00:00,Appendectomy,scheduled,200000622,12
902,2021-10-20 09:00:00,Tonsillectomy,completed,200001223,93
903,2021-10-21 10:00:00,Spinal Fusion,completed,200001856,48
904,2021-10-21 09:00:00,Hip Replacement,scheduled,200001565,48
905,2021-10-22 11:00:00,Appendectomy,completed,200000204,72
906,2021-10-23 07:00:00,Hysterectomy,completed,200001006,66
907,2021-10-24 11:00:00,Knee Replacement,completed,200000350,87
908,2021-10-24 07:00:00,Cardiac Catheterization,scheduled,200000385,84
909,2021-10-25 10:00:00,Cholecystectomy,completed,200001516,32
910,2021-10-26 08:00:00,Coronary Artery Bypass,completed,200000942,39
911,2021-10-27 07:00:00,Hip Replacement,completed,200000664,65
912,2021-10-27 08:00:00,Thyroidectomy,completed,200000943,33
913,2021-10-28 10:00:00,Hernia Repair,completed,200001987,28
914,2021-10-28 10:00:00,Cardiac Catheterization,completed,200000199,96
915,2021-10-30 11:00:00,Spinal Fusion,completed,200001494,93
916,2021-10-30 09:00:00,Cataract Surgery,scheduled,200000450,17
917,2021-10-31 11:00:00,Knee Arthroscopy,completed,200001534,53
918,2021-11-01 11:00:00,Mastectomy,completed,200000619,17
919,2021-11-02 11:00:00,Cholecystectomy,completed,200000047,78
920,2021-11-02 07:00:00,Hysterectomy,scheduled,200000135,84
921,2021-11-03 07:00:00,Cardiac Catheterization,scheduled,200001016,8
922,2021-11-03 10:00:00,Mastectomy,completed,200000518,26
923,2021-11-05 07:00:00,Appendectomy,completed,200000938,31
924,2021-11-05 09:00:00,Cholecystectomy,completed,200000854,16
925,2021-11-06 08:00:00,Cesarean Section,completed,200000393,38
926,2021-11-07 11:00:00,Coronary Artery Bypass,completed,200001284,92
927,2021-11-07 10:00:00,Spinal Fusion,completed,200001488,3
928,2021-11-08 09:00:00,Cholecystectomy,scheduled,200001336,76
929,2021-11-08 10:00:00,Knee Replacement,completed,200000063,97
930,2021-11-10 07:00:00,Cholecystectomy,scheduled,200001937,23
931,2021-11-10 08:00:00,Thyroidectomy,completed,200001088,31
932,2021-11-11 09:00:00,Hysterectomy,completed,200001689,34
933,2021-11-12 09:00:00,Cesarean Section,completed,200001284,76
934,2021-11-13 09:00:00,Prostatectomy,completed,200001936,81
935,2021-11-13 07:00:00,Spinal Fusion,completed,200000754,91
936,2021-11-14 11:00:00,Cataract Surgery,completed,200000014,99
937,2021-11-15 10:00:00,Coronary Artery Bypass,completed,200001402,21
938,2021-11-15 10:00:00,Hernia Repair,scheduled,200000583,72
939,2021-11-16 10:00:00,Cholecystectomy,completed,200000923,37
940,2021-11-16 07:00:00,Cesarean Section,scheduled,200001521,94
941,2021-11-17 09:00:00,Appendectomy,completed,200001447,27
942,2021-11-18 10:00:00,Tonsillectomy,completed,200001813,63
943,2021-11-19 09:00:00,Prostatectomy,scheduled,200001115,9
944,2021-11-20 10:00:00,Prostatectomy,scheduled,200001899,28
945,2021-11-20 11:00:00,Knee Replacement,completed,200000929,88
946,2021-11-21 08:00:00,Spinal Fusion,completed,200000740,49
947,2021-11-22 09:00:00,Knee Replacement,completed,200000670,45
948,2021-11-22 10:00:00,Cholecystectomy,completed,200001555,11
949,2021-11-23 11:00:00,Knee Replacement,scheduled,200000220,21
950,2021-11-24 11:00:00,Cesarean Section,scheduled,200000097,20
951,2021-11-25 10:00:00,Tonsillectomy,completed,200001137,51
952,2021-11-26 07:00:00,Appendectomy,completed,200001750,89
953,2021-11-26 09:00:00,Hysterectomy,completed,200001044,59
954,2021-11-27 11:00:00,Prostatectomy,completed,200000343,9
955,2021-11-28 09:00:00,Spinal Fusion,completed,200000523,51
956,2021-11-28 10:00:00,Tonsillectomy,scheduled,200001903,63
957,2021-11-29 10:00:00,Knee Replacement,scheduled,200000559,78
958,2021-11-30 07:00:00,Hysterectomy,scheduled,200000502,89
959,2021-12-01 10:00:00,Hernia Repair,completed,200000230,59
960,2021-12-02 08:00:00,Knee Arthroscopy,completed,200001786,47
961,2021-12-02 08:00:00,Coronary Artery Bypass,scheduled,200000591,87
962,2021-12-02 08:00:00,Cardiac Catheterization,completed,200000095,51
963,2021-12-04 08:00:00,Hernia Repair,completed,200001798,59
964,2021-12-05 07:00:00,Mastectomy,scheduled,200000194,29
965,2021-12-05 07:00:00,Hysterectomy,completed,200001524,75
966,2021-12-06 07:00:00,Thyroidectomy,completed,200001625,96
967,2021-12-06 09:00:00,Mastectomy,completed,200000826,21
968,2021-12-07 10:00:00,Cardiac Catheterization,completed,200000746,58
969,2021-12-08 07:00:00,Appendectomy,scheduled,200000003,60
970,2021-12-09 11:00:00,Tonsillectomy,completed,200001684,13
971,2021-12-09 11:00:00,Cesarean Section,scheduled,200001737,14
972,2021-12-10 10:00:00,Spinal Fusion,completed,200001455,92
973,2021-12-11 08:00:00,Mastectomy,completed,200001377,19
974,2021-12-12 08:00:00,Cardiac Catheterization,completed,200000134,13
975,2021-12-12 08:00:00,Cataract Surgery,completed,200001139,87
976,2021-12-13 07:00:00,Hysterectomy,scheduled,200001418,32
977,2021-12-14 07:00:00,Hip Replacement,completed,200001376,86
978,2021-12-15 08:00:00,Appendectomy,completed,200000439,78
979,2021-12-16 08:00:00,Appendectomy,completed,200000281,1
980,2021-12-16 10:00:00,Hernia Repair,completed,200000602,58
981,2021-12-16 07:00:00,Knee Replacement,scheduled,200001898,51
982,2021-12-18 10:00:00,Cesarean Section,completed,200000683,22
983,2021-12-18 11:00:00,Cataract Surgery,completed,200000957,6
984,2021-12-19 09:00:00,Coronary Artery Bypass,completed,200001206,96
985,2021-12-20 09:00:00,Cholecystectomy,scheduled,200001586,92
986,2021-12-21 11:00:00,Spinal Fusion,completed,200000698,62
987,2021-12-21 07:00:00,Knee Replacement,scheduled,200001151,26
988,2021-12-22 08:00:00,Mastectomy,completed,200000970,100
989,2021-12-23 08:00:00,Knee Arthroscopy,completed,200000793,61
990,2021-12-23 08:00:00,Spinal Fusion,completed,200000071,74
991,2021-12-24 07:00:00,Cataract Surgery,scheduled,200000557,83
992,2021-12-25 08:00:00,Hip Replacement,completed,200000925,77
993,2021-12-25 10:00:00,Thyroidectomy,completed,200001305,48
994,2021-12-26 09:00:00,Cesarean Section,completed,200001733,58
995,2021-12-27 11:00:00,Hernia Repair,scheduled,200001713,14
996,2021-12-28 10:00:00,Cardiac Catheterization,completed,200001931,80
997,2021-12-29 10:00:00,Cataract Surgery,completed,200000407,45
998,2021-12-29 08:00:00,Appendectomy,completed,200001735,44
999,2021-12-30 11:00:00,Cardiac Catheterization,completed,200001731,41
1000,2021-12-31 07:00:00,Spinal Fusion,scheduled,200001838,37
1001,2021-12-31 10:00:00,Hernia Repair,scheduled,200000416,87
1002,2022-01-01 07:00:00,Cardiac Catheterization,scheduled,200000164,84
1003,2022-01-02 10:00:00,Cesarean Section,completed,200000145,92
1004,2022-01-02 07:00:00,Cardiac Catheterization,completed,200000861,99
1005,2022-01-03 10:00:00,Mastectomy,completed,200000930,60
1006,2022-01-04 11:00:00,Thyroidectomy,scheduled,200001972,75
1007,2022-01-05 09:00:00,Cataract Surgery,completed,200000524,69
1008,2022-01-05 09:00:00,Tonsillectomy,completed,200000944,2
1009,2022-01-06 07:00:00,Hernia Repair,completed,200000947,31
1010,2022-01-07 10:00:00,Thyroidectomy,completed,200000032,31
1011,2022-01-07 07:00:00,Knee Arthroscopy,completed,200000421,86
1012,2022-01-08 09:00:00,Hernia Repair,completed,200001735,50
1013,2022-01-09 09:00:00,Knee Replacement,completed,200001875,100
1014,2022-01-10 08:00:00,Knee Replacement,completed,200000972,94
1015,2022-01-10 09:00:00,Thyroidectomy,completed,200001365,83
1016,2022-01-11 09:00:00,Prostatectomy,completed,200001522,37
1017,2022-01-12 10:00:00,Knee Replacement,scheduled,200000625,72
1018,2022-01-12 08:00:00,Hernia Repair,completed,200000922,76
1019,2022-01-13 09:00:00,Knee Replacement,scheduled,200000203,24
1020,2022-01-14 11:00:00,Appendectomy,completed,200000893,23
1021,2022-01-15 08:00:00,Thyroidectomy,scheduled,200000771,78
1022,2022-01-16 11:00:00,Cardiac Catheterization,completed,200001400,16
1023,2022-01-16 11:00:00,Knee Arthroscopy,completed,200001800,36
1024,2022-01-17 09:00:00,Cesarean Section,completed,200000819,99
1025,2022-01-18 10:00:00,Thyroidectomy,scheduled,200000378,11
1026,2022-01-18 07:00:00,Knee Arthroscopy,scheduled,200001105,26
1027,2022-01-19 08:00:00,Spinal Fusion,scheduled,200001699,72
1028,2022-01-20 08:00:00,Hysterectomy,completed,200000545,17
1029,2022-01-20 08:00:00,Mastectomy,completed,200001255,17
1030,2022-01-22 08:00:00,Tonsillectomy,completed,200001646,70
1031,2022-01-22 09:00:00,Cholecystectomy,scheduled,200001768,56
1032,2022-01-23 10:00:00,Coronary Artery Bypass,completed,200001374,85
1033,2022-01-23 08:00:00,Knee Arthroscopy,completed,200001402,72
1034,2022-01-25 07:00:00,Cataract Surgery,completed,200001562,84
1035,2022-01-25 08:00:00,Thyroidectomy,completed,200001104,40
1036,2022-01-26 07:00:00,Thyroidectomy,completed,200001265,49
1037,2022-01-27 08:00:00,Cesarean Section,completed,200001350,32
1038,2022-01-28 07:00:00,Cholecystectomy,completed,200001749,64
1039,2022-01-28 09:00:00,Prostatectomy,scheduled,200000821,91
1040,2022-01-29 09:00:00,Knee Arthroscopy,scheduled,200001551,38
1041,2022-01-30 10:00:00,Cataract Surgery,completed,200001609,80
1042,2022-01-30 11:00:00,Cesarean Section,scheduled,200001846,55
1043,2022-01-31 10:00:00,Prostatectomy,completed,200000207,13
1044,2022-01-31 07:00:00,Tonsillectomy,completed,200001571,65
1045,2022-02-01 09:00:00,Appendectomy,completed,200001336,71
1046,2022-02-02 08:00:00,Hysterectomy,completed,200001311,89
1047,2022-02-03 08:00:00,Thyroidectomy,completed,200001756,8
1048,2022-02-04 10:00:00,Appendectomy,completed,200000190,97
1049,2022-02-04 10:00:00,Tonsillectomy,completed,200000048,85
1050,2022-02-05 10:00:00,Coronary Artery Bypass,scheduled,200000800,33
1051,2022-02-06 11:00:00,Mastectomy,scheduled,200001680,1
1052,2022-02-07 10:00:00,Spinal Fusion,completed,200000969,44
1053,2022-02-08 11:00:00,Hip Replacement,scheduled,200000138,32
1054,2022-02-08 07:00:00,Tonsillectomy,completed,200001787,92
1055,2022-02-09 08:00:00,Knee Replacement,completed,200001153,81
1056,2022-02-09 08:00:00,Knee Replacement,completed,200000692,88
1057,2022-02-10 09:00:00,Appendectomy,completed,200000528,82
1058,2022-02-11 09:00:00,Hernia Repair,completed,200000137,80
1059,2022-02-12 07:00:00,Knee Arthroscopy,completed,200001165,63
1060,2022-02-12 10:00:00,Hip Replacement,completed,200001816,80
1061,2022-02-13 10:00:00,Prostatectomy,scheduled,200001649,68
1062,2022-02-14 10:00:00,Coronary Artery Bypass,completed,200000612,63
1063,2022-02-15 11:00:00,Prostatectomy,completed,200000332,94
1064,2022-02-15 10:00:00,Knee Arthroscopy,completed,200000671,97
1065,2022-02-16 07:00:00,Mastectomy,completed,200000674,87
1066,2022-02-16 10:00:00,Coronary Artery Bypass,completed,200001131,6
1067,2022-02-17 07:00:00,Thyroidectomy,scheduled,200000800,9
1068,2022-02-18 09:00:00,Mastectomy,completed,200001518,34
1069,2022-02-19 11:00:00,Spinal Fusion,completed,200000553,63
1070,2022-02-19 11:00:00,Appendectomy,completed,200001309,41
1071,2022-02-20 09:00:00,Hip Replacement,scheduled,200001160,5
1072,2022-02-21 07:00:00,Coronary Artery Bypass,completed,200001171,32
1073,2022-02-22 08:00:00,Hernia Repair,completed,200000297,33
1074,2022-02-22 08:00:00,Cesarean Section,scheduled,200000074,59
1075,2022-02-23 10:00:00,Knee Arthroscopy,completed,200001744,79
1076,2022-02-24 11:00:00,Mastectomy,scheduled,200001198,43
1077,2022-02-25 07:00:00,Thyroidectomy,completed,200000353,99
1078,2022-02-25 09:00:00,Prostatectomy,completed,200001835,64
1079,2022-02-26 10:00:00,Cataract Surgery,scheduled,200000903,42
1080,2022-02-27 10:00:00,Hip Replacement,completed,200001150,44
1081,2022-02-28 08:00:00,Thyroidectomy,completed,200001247,35
1082,2022-02-28 08:00:00,Hip Replacement,completed,200000643,54
1083,2022-03-01 10:00:00,Hip Replacement,completed,200000212,92
1084,2022-03-02 11:00:00,Cesarean Section,completed,200000609,14
1085,2022-03-02 08:00:00,Hip Replacement,scheduled,200000495,73
1086,2022-03-04 10:00:00,Tonsillectomy,scheduled,200000547,32
1087,2022-03-04 08:00:00,Hysterectomy,scheduled,200001175,30
1088,2022-03-05 09:00:00,Knee Replacement,completed,200000300,100
1089,2022-03-06 10:00:00,Coronary Artery Bypass,completed,200001544,97
1090,2022-03-06 07:00:00,Thyroidectomy,completed,200000466,1
1091,2022-03-07 10:00:00,Hip Replacement,completed,200001755,83
1092,2022-03-08 07:00:00,Hysterectomy,completed,200000958,46
1093,2022-03-09 11:00:00,Appendectomy,completed,200001753,22
1094,2022-03-09 10:00:00,Appendectomy,completed,200000234,64
1095,2022-03-10 10:00:00,Hysterectomy,completed,200000798,61
1096,2022-03-11 08:00:00,Hernia Repair,scheduled,200000438,90
1097,2022-03-11 11:00:00,Cataract Surgery,scheduled,200001116,14
1098,2022-03-12 07:00:00,Tonsillectomy,scheduled,200000853,63
1099,2022-03-13 07:00:00,Hip Replacement,scheduled,200000660,72
1100,2022-03-13 11:00:00,Appendectomy,completed,200001255,40
1101,2022-03-15 11:00:00,Tonsillectomy,completed,200001446,27
1102,2022-03-15 10:00:00,Cholecystectomy,scheduled,200001273,8
1103,2022-03-16 09:00:00,Knee Arthroscopy,completed,200001517,54
1104,2022-03-16 07:00:00,Cataract Surgery,completed,200000362,6
1105,2022-03-17 09:00:00,Cardiac Catheterization,completed,200000100,89
1106,2022-03-18 07:00:00,Hernia Repair,completed,200001201,51
1107,2022-03-19 11:00:00,Cholecystectomy,completed,200000924,11
1108,2022-03-20 11:00:00,Tonsillectomy,completed,200000714,75
1109,2022-03-20 10:00:00,Knee Replacement,completed,200000328,15
1110,2022-03-21 08:00:00,Appendectomy,completed,200001480,24
1111,2022-03-21 10:00:00,Hip Replacement,completed,200001270,47
1112,2022-03-22 08:00:00,Cholecystectomy,completed,200001665,84
1113,2022-03-23 07:00:00,Thyroidectomy,completed,200001162,50
1114,2022-03-24 07:00:00,Coronary Artery Bypass,scheduled,200000154,53
1115,2022-03-24 08:00:00,Coronary Artery Bypass,completed,200000846,66
1116,2022-03-25 09:00:00,Hernia Repair,scheduled,200001444,96
1117,2022-03-26 07:00:00,Hip Replacement,scheduled,200000356,10
1118,2022-03-27 10:00:00,Cataract Surgery,completed,200000375,55
1119,2022-03-28 08:00:00,Knee Arthroscopy,completed,200000871,99
1120,2022-03-28 09:00:00,Appendectomy,completed,200000857,67
1121,2022-03-29 09:00:00,Knee Replacement,scheduled,200001920,41
1122,2022-03-30 10:00:00,Hernia Repair,completed,200001434,1
1123,2022-03-30 10:00:00,Tonsillectomy,completed,200001235,85
1124,2022-03-31 11:00:00,Hysterectomy,completed,200001900,62
1125,2022-04-01 11:00:00,Cataract Surgery,scheduled,200001485,12
1126,2022-04-02 10:00:00,Appendectomy,completed,200000260,25
1127,2022-04-02 10:00:00,Hysterectomy,scheduled,200001244,29
1128,2022-04-03 09:00:00,Mastectomy,completed,200001802,51
1129,2022-04-04 08:00:00,Cataract Surgery,completed,200000024,17
1130,2022-04-04 09:00:00,Hip Replacement,completed,200001826,100
1131,2022-04-05 09:00:00,Hysterectomy,completed,200001459,21
1132,2022-04-06 09:00:00,Knee Arthroscopy,completed,200000455,95
1133,2022-04-07 07:00:00,Thyroidectomy,completed,200000087,91
1134,2022-04-07 09:00:00,Appendectomy,completed,200000379,37
1135,2022-04-08 11:00:00,Coronary Artery Bypass,completed,200000206,84
1136,2022-04-09 10:00:00,Knee Arthroscopy,completed,200001211,72
1137,2022-04-10 07:00:00,Prostatectomy,completed,200001853,80
1138,2022-04-11 09:00:00,Cardiac Catheterization,scheduled,200001867,21
1139,2022-04-11 11:00:00,Cataract Surgery,completed,200000740,95
1140,2022-04-12 11:00:00,Hip Replacement,completed,200001387,55
1141,2022-04-12 10:00:00,Cardiac Catheterization,completed,200001019,95
1142,2022-04-13 08:00:00,Cholecystectomy,completed,200001500,62
1143,2022-04-14 10:00:00,Hernia Repair,completed,200001552,19
1144,2022-04-15 10:00:00,Hysterectomy,completed,200000069,97
1145,2022-04-16 09:00:00,Hernia Repair,scheduled,200000115,1
1146,2022-04-16 09:00:00,Cesarean Section,completed,200001321,65
1147,2022-04-17 10:00:00,Cardiac Catheterization,completed,200000565,1
1148,2022-04-18 07:00:00,Tonsillectomy,completed,200000924,65
1149,2022-04-18 07:00:00,Cholecystectomy,completed,200001262,68
1150,2022-04-19 11:00:00,Appendectomy,completed,200001675,71
1151,2022-04-20 07:00:00,Hernia Repair,completed,200001731,3
1152,2022-04-20 09:00:00,Hysterectomy,completed,200000570,17
1153,2022-04-21 11:00:00,Mastectomy,completed,200001682,12
1154,2022-04-22 10:00:00,Spinal Fusion,completed,200001081,27
1155,2022-04-23 08:00:00,Knee Arthroscopy,completed,200000315,9
1156,2022-04-23 11:00:00,Mastectomy,completed,200000457,97
1157,2022-04-24 10:00:00,Mastectomy,completed,200001265,49
1158,2022-04-25 10:00:00,Appendectomy,completed,200001072,34
1159,2022-04-26 08:00:00,Cardiac Catheterization,completed,200000366,7
1160,2022-04-26 08:00:00,Hysterectomy,completed,200001160,96
1161,2022-04-27 11:00:00,Thyroidectomy,completed,200000816,69
1162,2022-04-28 11:00:00,Cardiac Catheterization,completed,200001367,11
1163,2022-04-29 07:00:00,Thyroidectomy,completed,200000275,9
1164,2022-04-29 10:00:00,Hysterectomy,scheduled,200000708,14
1165,2022-04-30 11:00:00,Knee Replacement,scheduled,200000489,36
1166,2022-05-01 09:00:00,Spinal Fusion,scheduled,200000466,9
1167,2022-05-02 10:00:00,Appendectomy,completed,200001491,1
1168,2022-05-03 08:00:00,Hernia Repair,scheduled,200000469,50
1169,2022-05-03 11:00:00,Thyroidectomy,scheduled,200001891,43
1170,2022-05-04 08:00:00,Coronary Artery Bypass,scheduled,200001702,83
1171,2022-05-05 10:00:00,Hysterectomy,completed,200000745,43
1172,2022-05-05 11:00:00,Mastectomy,completed,200000129,89
1173,2022-05-06 10:00:00,Hip Replacement,completed,200001976,47
1174,2022-05-06 08:00:00,Prostatectomy,completed,200000270,33
1175,2022-05-07 11:00:00,Cesarean Section,completed,200000743,39
1176,2022-05-08 10:00:00,Cataract Surgery,scheduled,200001661,80
1177,2022-05-09 10:00:00,Coronary Artery Bypass,completed,200001966,91
1178,2022-05-09 09:00:00,Knee Replacement,completed,200000731,77
1179,2022-05-10 09:00:00,Mastectomy,completed,200000095,48
1180,2022-05-11 11:00:00,Cardiac Catheterization,completed,200000836,75
1181,2022-05-11 09:00:00,Knee Replacement,completed,200001288,86
1182,2022-05-13 08:00:00,Cardiac Catheterization,scheduled,200000887,72
1183,2022-05-13 09:00:00,Spinal Fusion,completed,200001984,21
1184,2022-05-14 07:00:00,Hernia Repair,completed,200001332,32
1185,2022-05-15 10:00:00,Mastectomy,completed,200000373,58
1186,2022-05-16 08:00:00,Cesarean Section,completed,200001192,60
1187,2022-05-16 11:00:00,Mastectomy,completed,200000408,6
1188,2022-05-17 07:00:00,Cholecystectomy,completed,200001269,4
1189,2022-05-18 10:00:00,Cataract Surgery,completed,200000304,32
1190,2022-05-18 10:00:00,Knee Arthroscopy,completed,200001290,24
1191,2022-05-19 08:00:00,Tonsillectomy,scheduled,200000465,89
1192,2022-05-20 07:00:00,Appendectomy,completed,200001322,60
1193,2022-05-21 08:00:00,Cholecystectomy,scheduled,200001303,23
1194,2022-05-21 07:00:00,Cesarean Section,completed,200001299,54
1195,2022-05-22 10:00:00,Cataract Surgery,completed,200001181,89
1196,2022-05-22 08:00:00,Coronary Artery Bypass,completed,200000476,75
1197,2022-05-24 08:00:00,Prostatectomy,completed,200001246,65
1198,2022-05-24 11:00:00,Spinal Fusion,completed,200000486,97
1199,2022-05-25 11:00:00,Thyroidectomy,completed,200000627,79
1200,2022-05-26 10:00:00,Appendectomy,completed,200001682,75
1201,2022-05-26 07:00:00,Thyroidectomy,scheduled,200000988,22
1202,2022-05-27 11:00:00,Cesarean Section,completed,200001665,17
1203,2022-05-27 07:00:00,Cesarean Section,scheduled,200001370,63
1204,2022-05-28 09:00:00,Appendectomy,scheduled,200001623,76
1205,2022-05-29 08:00:00,Knee Arthroscopy,scheduled,200001251,43
1206,2022-05-30 10:00:00,Cholecystectomy,completed,200000922,64
1207,2022-05-30 08:00:00,Tonsillectomy,completed,200001677,83
1208,2022-06-01 09:00:00,Cardiac Catheterization,completed,200000406,44
1209,2022-06-01 08:00:00,Cataract Surgery,completed,200001491,17
1210,2022-06-02 07:00:00,Knee Arthroscopy,scheduled,200000442,79
1211,2022-06-03 11:00:00,Hernia Repair,completed,200000117,19
1212,2022-06-03 09:00:00,Coronary Artery Bypass,completed,200000247,85
1213,2022-06-04 10:00:00,Mastectomy,completed,200000665,3
1214,2022-06-05 11:00:00,Coronary Artery Bypass,completed,200001146,27
1215,2022-06-05 11:00:00,Knee Arthroscopy,completed,200001912,98
1216,2022-06-06 11:00:00,Knee Replacement,completed,200001961,83
1217,2022-06-07 11:00:00,Spinal Fusion,scheduled,200000686,79
1218,2022-06-08 11:00:00,Knee Replacement,completed,200000154,98
1219,2022-06-08 09:00:00,Hip Replacement,scheduled,200001095,42
1220,2022-06-09 07:00:00,Tonsillectomy,completed,200000075,30
1221,2022-06-10 11:00:00,Cataract Surgery,completed,200001631,70
1222,2022-06-11 07:00:00,Prostatectomy,completed,200000912,54
1223,2022-06-12 09:00:00,Cardiac Catheterization,completed,200000893,36
1224,2022-06-12 08:00:00,Appendectomy,completed,200001952,27
1225,2022-06-13 11:00:00,Knee Arthroscopy,completed,200001567,55
1226,2022-06-14 10:00:00,Hernia Repair,completed,200000753,29
1227,2022-06-14 09:00:00,Tonsillectomy,completed,200001985,64
1228,2022-06-15 07:00:00,Thyroidectomy,completed,200000845,76
1229,2022-06-16 10:00:00,Appendectomy,completed,200000497,35
1230,2022-06-17 11:00:00,Knee Replacement,scheduled,200000537,51
1231,2022-06-17 08:00:00,Knee Replacement,completed,200000794,5
1232,2022-06-18 10:00:00,Knee Replacement,scheduled,200001007,97
1233,2022-06-19 08:00:00,Spinal Fusion,completed,200001052,95
1234,2022-06-20 09:00:00,Knee Arthroscopy,completed,200001048,47
1235,2022-06-20 11:00:00,Coronary Artery Bypass,completed,200000112,93
1236,2022-06-21 11:00:00,Hernia Repair,completed,200001766,23
1237,2022-06-22 07:00:00,Thyroidectomy,completed,200001306,64
1238,2022-06-23 10:00:00,Cardiac Catheterization,completed,200000878,32
1239,2022-06-23 09:00:00,Hip Replacement,completed,200000643,77
1240,2022-06-24 09:00:00,Spinal Fusion,completed,200001081,3
1241,2022-06-25 07:00:00,Mastectomy,completed,200000003,92
1242,2022-06-25 10:00:00,Knee Arthroscopy,scheduled,200001749,2
1243,2022-06-26 11:00:00,Spinal Fusion,completed,200001245,47
1244,2022-06-27 11:00:00,Coronary Artery Bypass,scheduled,200001144,78
1245,2022-06-28 08:00:00,Cardiac Catheterization,completed,200000574,91
1246,2022-06-28 10:00:00,Hernia Repair,completed,200001755,27
1247,2022-06-29 08:00:00,Knee Replacement,scheduled,200001621,61
1248,2022-06-29 07:00:00,Prostatectomy,completed,200000850,90
1249,2022-06-30 11:00:00,Hysterectomy,completed,200001676,86
1250,2022-07-01 09:00:00,Spinal Fusion,scheduled,200001215,60
1251,2022-07-02 08:00:00,Tonsillectomy,completed,200000318,91
1252,2022-07-03 07:00:00,Cataract Surgery,scheduled,200000439,83
1253,2022-07-03 10:00:00,Spinal Fusion,scheduled,200000680,99
1254,2022-07-04 11:00:00,Mastectomy,scheduled,200001157,3
1255,2022-07-05 09:00:00,Knee Replacement,completed,200001540,86
1256,2022-07-06 08:00:00,Coronary Artery Bypass,completed,200001489,20
1257,2022-07-06 10:00:00,Hip Replacement,completed,200000738,1
1258,2022-07-07 07:00:00,Cataract Surgery,completed,200000195,82
1259,2022-07-08 11:00:00,Cardiac Catheterization,completed,200001947,9
1260,2022-07-08 09:00:00,Appendectomy,completed,200001363,5
1261,2022-07-09 07:00:00,Cataract Surgery,scheduled,200001169,29
1262,2022-07-10 07:00:00,Hip Replacement,completed,200000338,16
1263,2022-07-11 11:00:00,Appendectomy,completed,200001226,5
1264,2022-07-11 07:00:00,Tonsillectomy,completed,200000310,98
1265,2022-07-12 10:00:00,Appendectomy,completed,200000442,27
1266,2022-07-12 09:00:00,Cholecystectomy,completed,200000140,53
1267,2022-07-13 11:00:00,Knee Arthroscopy,completed,200001244,10
1268,2022-07-15 11:00:00,Cataract Surgery,completed,200001597,94
1269,2022-07-15 11:00:00,Hip Replacement,completed,200000059,1
1270,2022-07-16 07:00:00,Cataract Surgery,scheduled,200001490,18
1271,2022-07-16 11:00:00,Tonsillectomy,completed,200001074,74
1272,2022-07-17 08:00:00,Coronary Artery Bypass,completed,200000444,49
1273,2022-07-18 07:00:00,Appendectomy,scheduled,200000236,45
1274,2022-07-19 10:00:00,Appendectomy,scheduled,200001078,39
1275,2022-07-20 08:00:00,Cardiac Catheterization,completed,200000869,12
1276,2022-07-20 11:00:00,Appendectomy,scheduled,200000978,46
1277,2022-07-21 10:00:00,Spinal Fusion,completed,200000028,96
1278,2022-07-21 08:00:00,Spinal Fusion,completed,200000927,81
1279,2022-07-22 07:00:00,Cholecystectomy,completed,200001355,58
1280,2022-07-23 08:00:00,Coronary Artery Bypass,scheduled,200001683,59
1281,2022-07-23 10:00:00,Cataract Surgery,completed,200001199,100
1282,2022-07-24 07:00:00,Cataract Surgery,completed,200000132,56
1283,2022-07-25 10:00:00,Knee Replacement,completed,200000389,16
1284,2022-07-26 08:00:00,Prostatectomy,completed,200001615,33
1285,2022-07-27 10:00:00,Prostatectomy,completed,200001091,91
1286,2022-07-28 10:00:00,Cholecystectomy,completed,200000691,71
1287,2022-07-28 09:00:00,Knee Replacement,completed,200000365,89
1288,2022-07-29 09:00:00,Thyroidectomy,completed,200001036,91
1289,2022-07-30 07:00:00,Cardiac Catheterization,completed,200001878,79
1290,2022-07-30 11:00:00,Hip Replacement,completed,200000236,32
1291,2022-07-31 10:00:00,Spinal Fusion,completed,200001882,66
1292,2022-08-01 07:00:00,Hernia Repair,completed,200001887,44
1293,2022-08-02 07:00:00,Mastectomy,scheduled,200000101,85
1294,2022-08-02 10:00:00,Coronary Artery Bypass,completed,200000628,8
1295,2022-08-03 09:00:00,Spinal Fusion,completed,200001158,48
1296,2022-08-03 09:00:00,Hip Replacement,completed,200000745,17
1297,2022-08-04 07:00:00,Hernia Repair,completed,200000820,32
1298,2022-08-05 10:00:00,Mastectomy,completed,200000208,47
1299,2022-08-06 07:00:00,Prostatectomy,completed,200001587,9
1300,2022-08-06 11:00:00,Coronary Artery Bypass,completed,200000863,49
1301,2022-08-08 09:00:00,Knee Replacement,completed,200000451,47
1302,2022-08-08 08:00:00,Cholecystectomy,completed,200000834,47
1303,2022-08-09 07:00:00,Cholecystectomy,completed,200001620,91
1304,2022-08-10 08:00:00,Hysterectomy,completed,200000206,61
1305,2022-08-10 07:00:00,Cataract Surgery,completed,200001382,9
1306,2022-08-11 08:00:00,Coronary Artery Bypass,completed,200000230,34
1307,2022-08-12 11:00:00,Knee Arthroscopy,completed,200001250,32
1308,2022-08-12 11:00:00,Hernia Repair,completed,200000175,34
1309,2022-08-13 09:00:00,Hip Replacement,completed,200000969,79
1310,2022-08-14 07:00:00,Cardiac Catheterization,completed,200001335,8
1311,2022-08-15 10:00:00,Cataract Surgery,completed,200001468,52
1312,2022-08-15 09:00:00,Cataract Surgery,completed,200001668,25
1313,2022-08-16 11:00:00,Thyroidectomy,completed,200001705,23
1314,2022-08-17 10:00:00,Prostatectomy,completed,200001008,43
1315,2022-08-18 09:00:00,Hernia Repair,completed,200001155,28
1316,2022-08-18 11:00:00,Appendectomy,completed,200001839,50
1317,2022-08-19 07:00:00,Knee Arthroscopy,scheduled,200001025,58
1318,2022-08-20 09:00:00,Spinal Fusion,completed,200000909,72
1319,2022-08-21 07:00:00,Cesarean Section,completed,200001863,32
1320,2022-08-21 11:00:00,Cardiac Catheterization,completed,200001070,92
1321,2022-08-22 11:00:00,Hernia Repair,completed,200001855,1
1322,2022-08-23 09:00:00,Cardiac Catheterization,completed,200000449,45
1323,2022-08-24 07:00:00,Coronary Artery Bypass,completed,200000429,64
1324,2022-08-24 09:00:00,Cardiac Catheterization,completed,200001293,5
1325,2022-08-25 08:00:00,Thyroidectomy,completed,200000704,28
1326,2022-08-26 07:00:00,Prostatectomy,completed,200000470,9
1327,2022-08-26 08:00:00,Hernia Repair,completed,200001849,40
1328,2022-08-27 07:00:00,Hysterectomy,scheduled,200000924,61
1329,2022-08-28 10:00:00,Mastectomy,completed,200000217,4
1330,2022-08-29 11:00:00,Cataract Surgery,completed,200000565,1
1331,2022-08-29 08:00:00,Hysterectomy,completed,200001029,10
1332,2022-08-30 08:00:00,Hernia Repair,completed,200000545,28
1333,2022-08-31 08:00:00,Knee Replacement,completed,200000349,92
1334,2022-08-31 08:00:00,Prostatectomy,scheduled,200001782,88
1335,2022-09-01 07:00:00,Mastectomy,scheduled,200001193,56
1336,2022-09-02 10:00:00,Knee Arthroscopy,completed,200000828,40
1337,2022-09-03 08:00:00,Appendectomy,completed,200001483,77
1338,2022-09-03 09:00:00,Appendectomy,scheduled,200000990,65
1339,2022-09-04 08:00:00,Cholecystectomy,completed,200001585,66
1340,2022-09-05 07:00:00,Mastectomy,completed,200000605,15
1341,2022-09-05 10:00:00,Cesarean Section,completed,200001922,35
1342,2022-09-06 09:00:00,Cardiac Catheterization,completed,200001943,22
1343,2022-09-07 10:00:00,Appendectomy,completed,200000999,15
1344,2022-09-08 08:00:00,Thyroidectomy,completed,200000175,7
1345,2022-09-08 10:00:00,Cardiac Catheterization,completed,200001163,2
1346,2022-09-09 09:00:00,Thyroidectomy,scheduled,200000676,31
1347,2022-09-10 11:00:00,Cholecystectomy,scheduled,200001542,40
1348,2022-09-10 09:00:00,Spinal Fusion,completed,200001820,2
1349,2022-09-11 09:00:00,Cholecystectomy,completed,200001219,56
1350,2022-09-12 10:00:00,Cardiac Catheterization,completed,200000850,43
1351,2022-09-13 07:00:00,Knee Replacement,scheduled,200001600,86
1352,2022-09-13 08:00:00,Hysterectomy,scheduled,200000304,50
1353,2022-09-14 09:00:00,Cataract Surgery,completed,200000606,82
1354,2022-09-15 08:00:00,Coronary Artery Bypass,completed,200001701,77
1355,2022-09-16 11:00:00,Cesarean Section,completed,200000850,82
1356,2022-09-17 11:00:00,Appendectomy,completed,200000851,5
1357,2022-09-17 07:00:00,Hip Replacement,completed,200001101,33
1358,2022-09-18 08:00:00,Appendectomy,completed,200001575,73
1359,2022-09-19 11:00:00,Knee Replacement,completed,200000953,76
1360,2022-09-20 07:00:00,Hysterectomy,completed,200001500,79
1361,2022-09-20 08:00:00,Hip Replacement,completed,200000635,2
1362,2022-09-21 11:00:00,Cataract Surgery,completed,200001533,63
1363,2022-09-22 11:00:00,Cataract Surgery,completed,200000292,35
1364,2022-09-22 10:00:00,Appendectomy,completed,200000555,91
1365,2022-09-23 07:00:00,Prostatectomy,scheduled,200001076,4
1366,2022-09-24 09:00:00,Coronary Artery Bypass,completed,200000311,65
1367,2022-09-24 08:00:00,Cataract Surgery,completed,200001427,81
1368,2022-09-25 07:00:00,Appendectomy,completed,200000360,65
1369,2022-09-26 11:00:00,Hysterectomy,completed,200000475,61
1370,2022-09-27 11:00:00,Cesarean Section,completed,200000738,31
1371,2022-09-27 10:00:00,Mastectomy,completed,200001192,24
1372,2022-09-28 07:00:00,Cataract Surgery,completed,200000026,62
1373,2022-09-29 08:00:00,Spinal Fusion,completed,200001195,5
1374,2022-09-30 10:00:00,Hernia Repair,scheduled,200001233,46
1375,2022-09-30 10:00:00,Cataract Surgery,completed,200001820,39
1376,2022-10-01 10:00:00,Coronary Artery Bypass,completed,200001524,78
1377,2022-10-02 09:00:00,Hernia Repair,completed,200000840,61
1378,2022-10-02 08:00:00,Hernia Repair,completed,200001549,98
1379,2022-10-03 07:00:00,Prostatectomy,completed,200000850,33
1380,2022-10-04 07:00:00,Cataract Surgery,scheduled,200000222,18
1381,2022-10-05 09:00:00,Cholecystectomy,completed,200001286,6
1382,2022-10-06 09:00:00,Tonsillectomy,completed,200000158,55
1383,2022-10-06 09:00:00,Hysterectomy,completed,200000844,14
1384,2022-10-07 09:00:00,Cardiac Catheterization,completed,200001427,57
1385,2022-10-08 09:00:00,Prostatectomy,scheduled,200000613,55
1386,2022-10-09 07:00:00,Hip Replacement,completed,200001078,75
1387,2022-10-09 11:00:00,Hysterectomy,completed,200001823,2
1388,2022-10-10 10:00:00,Cholecystectomy,completed,200000728,1
1389,2022-10-11 08:00:00,Hip Replacement,scheduled,200000096,13
1390,2022-10-11 07:00:00,Coronary Artery Bypass,completed,200001525,98
1391,2022-10-12 09:00:00,Thyroidectomy,completed,200001804,43
1392,2022-10-13 07:00:00,Cholecystectomy,completed,200000461,51
1393,2022-10-13 10:00:00,Coronary Artery Bypass,completed,200000185,88
1394,2022-10-15 11:00:00,Cardiac Catheterization,completed,200001248,87
1395,2022-10-15 08:00:00,Tonsillectomy,scheduled,200001661,8
1396,2022-10-16 07:00:00,Cholecystectomy,completed,200000088,66
1397,2022-10-16 07:00:00,Hysterectomy,scheduled,200001505,78
1398,2022-10-18 11:00:00,Hip Replacement,completed,200001567,96
1399,2022-10-18 07:00:00,Knee Replacement,completed,200000511,73
1400,2022-10-19 11:00:00,Appendectomy,completed,200000309,91
1401,2022-10-19 08:00:00,Hip Replacement,completed,200000569,50
1402,2022-10-20 07:00:00,Cardiac Catheterization,completed,200000034,9
1403,2022-10-21 08:00:00,Knee Arthroscopy,completed,200001904,36
1404,2022-10-22 08:00:00,Cardiac Catheterization,scheduled,200001169,10
1405,2022-10-22 11:00:00,Cesarean Section,scheduled,200001132,63
1406,2022-10-23 09:00:00,Hysterectomy,completed,200000998,96
1407,2022-10-24 10:00:00,Hip Replacement,scheduled,200001048,42
1408,2022-10-25 07:00:00,Spinal Fusion,completed,200000158,58
1409,2022-10-26 07:00:00,Tonsillectomy,completed,200000563,56
1410,2022-10-26 07:00:00,Hip Replacement,completed,200001199,96
1411,2022-10-27 10:00:00,Cataract Surgery,completed,200000566,23
1412,2022-10-27 11:00:00,Cholecystectomy,completed,200000437,13
1413,2022-10-28 07:00:00,Appendectomy,completed,200001490,66
1414,2022-10-29 07:00:00,Hip Replacement,completed,200001355,48
1415,2022-10-30 07:00:00,Mastectomy,completed,200000178,7
1416,2022-10-30 09:00:00,Hernia Repair,completed,200001042,15
1417,2022-10-31 08:00:00,Cholecystectomy,completed,200000517,51
1418,2022-11-01 07:00:00,Tonsillectomy,completed,200001607,77
1419,2022-11-02 08:00:00,Hysterectomy,completed,200001881,23
1420,2022-11-03 10:00:00,Cataract Surgery,completed,200000556,98
1421,2022-11-03 07:00:00,Mastectomy,completed,200001843,23
1422,2022-11-04 11:00:00,Cardiac Catheterization,completed,200000904,3
1423,2022-11-04 09:00:00,Hip Replacement,completed,200001516,43
1424,2022-11-05 10:00:00,Cardiac Catheterization,scheduled,200001653,76
1425,2022-11-06 11:00:00,Cholecystectomy,completed,200001572,14
1426,2022-11-07 07:00:00,Cardiac Catheterization,scheduled,200000715,14
1427,2022-11-07 08:00:00,Appendectomy,scheduled,200000226,51
1428,2022-11-08 11:00:00,Spinal Fusion,completed,200000929,85
1429,2022-11-09 08:00:00,Cholecystectomy,completed,200000912,52
1430,2022-11-09 10:00:00,Cataract Surgery,completed,200001481,23
1431,2022-11-10 07:00:00,Appendectomy,completed,200001975,6
1432,2022-11-11 08:00:00,Hysterectomy,completed,200000086,94
1433,2022-11-12 10:00:00,Thyroidectomy,completed,200000633,33
1434,2022-11-13 11:00:00,Hernia Repair,completed,200000952,95
1435,2022-11-13 08:00:00,Knee Replacement,completed,200001691,73
1436,2022-11-14 11:00:00,Cesarean Section,scheduled,200001316,40
1437,2022-11-14 07:00:00,Spinal Fusion,scheduled,200000841,16
1438,2022-11-16 11:00:00,Coronary Artery Bypass,scheduled,200001252,92
1439,2022-11-16 09:00:00,Spinal Fusion,completed,200001138,36
1440,2022-11-17 11:00:00,Cataract Surgery,completed,200000239,72
1441,2022-11-18 07:00:00,Tonsillectomy,completed,200000417,86
1442,2022-11-18 10:00:00,Appendectomy,completed,200000084,86
1443,2022-11-19 07:00:00,Tonsillectomy,completed,200001996,89
1444,2022-11-20 11:00:00,Cardiac Catheterization,scheduled,200000354,81
1445,2022-11-20 10:00:00,Knee Arthroscopy,completed,200001063,96
1446,2022-11-21 07:00:00,Mastectomy,completed,200001444,57
1447,2022-11-22 09:00:00,Knee Replacement,scheduled,200000740,45
1448,2022-11-23 07:00:00,Spinal Fusion,completed,200001685,47
1449,2022-11-24 11:00:00,Prostatectomy,completed,200000433,97
1450,2022-11-24 07:00:00,Cesarean Section,completed,200000442,76
1451,2022-11-25 11:00:00,Mastectomy,completed,200000579,11
1452,2022-11-26 09:00:00,Spinal Fusion,completed,200001629,1
1453,2022-11-26 08:00:00,Cataract Surgery,scheduled,200001843,94
1454,2022-11-27 07:00:00,Mastectomy,completed,200000182,61
1455,2022-11-28 07:00:00,Cesarean Section,completed,200000047,90
1456,2022-11-29 10:00:00,Prostatectomy,completed,200000747,65
1457,2022-11-30 09:00:00,Hysterectomy,scheduled,200001898,90
1458,2022-11-30 09:00:00,Hernia Repair,completed,200000247,88
1459,2022-12-01 10:00:00,Appendectomy,completed,200000453,88
1460,2022-12-01 09:00:00,Knee Replacement,completed,200000426,25
1461,2022-12-03 09:00:00,Knee Arthroscopy,completed,200000131,85
1462,2022-12-03 10:00:00,Appendectomy,scheduled,200000807,86
1463,2022-12-04 09:00:00,Thyroidectomy,scheduled,200000273,42
1464,2022-12-04 08:00:00,Tonsillectomy,scheduled,200001971,79
1465,2022-12-05 09:00:00,Tonsillectomy,completed,200001975,40
1466,2022-12-06 11:00:00,Cataract Surgery,completed,200000312,52
1467,2022-12-07 11:00:00,Mastectomy,completed,200000611,22
1468,2022-12-08 08:00:00,Knee Replacement,completed,200000693,48
1469,2022-12-08 08:00:00,Hip Replacement,scheduled,200000329,73
1470,2022-12-09 08:00:00,Mastectomy,completed,200000171,59
1471,2022-12-09 09:00:00,Cholecystectomy,scheduled,200001893,71
1472,2022-12-10 08:00:00,Hernia Repair,completed,200001819,65
1473,2022-12-11 09:00:00,Appendectomy,completed,200001573,96
1474,2022-12-12 08:00:00,Coronary Artery Bypass,completed,200001622,95
1475,2022-12-12 11:00:00,Coronary Artery Bypass,completed,200000880,92
1476,2022-12-13 11:00:00,Hysterectomy,scheduled,200001074,80
1477,2022-12-14 07:00:00,Cataract Surgery,completed,200001271,2
1478,2022-12-15 09:00:00,Cataract Surgery,scheduled,200001723,35
1479,2022-12-15 08:00:00,Hernia Repair,completed,200001897,24
1480,2022-12-16 10:00:00,Cardiac Catheterization,completed,200001584,96
1481,2022-12-17 10:00:00,Hernia Repair,completed,200000076,83
1482,2022-12-17 09:00:00,Spinal Fusion,completed,200000887,84
1483,2022-12-18 11:00:00,Cesarean Section,completed,200000795,79
1484,2022-12-19 09:00:00,Cesarean Section,completed,200001681,43
1485,2022-12-19 10:00:00,Mastectomy,completed,200000436,1
1486,2022-12-21 08:00:00,Appendectomy,completed,200000218,10
1487,2022-12-21 07:00:00,Spinal Fusion,scheduled,200001927,85
1488,2022-12-22 10:00:00,Hernia Repair,scheduled,200000456,94
1489,2022-12-23 09:00:00,Hysterectomy,completed,200000488,21
1490,2022-12-23 11:00:00,Hernia Repair,completed,200001716,94
1491,2022-12-24 08:00:00,Hip Replacement,completed,200001895,2
1492,2022-12-25 10:00:00,Coronary Artery Bypass,completed,200001500,2
1493,2022-12-26 10:00:00,Prostatectomy,completed,200000869,41
1494,2022-12-26 09:00:00,Cataract Surgery,completed,200001377,10
1495,2022-12-27 10:00:00,Hysterectomy,scheduled,200000817,100
1496,2022-12-28 07:00:00,Cholecystectomy,completed,200000285,12
1497,2022-12-29 09:00:00,Prostatectomy,completed,200000575,58
1498,2022-12-30 11:00:00,Appendectomy,completed,200000936,4
1499,2022-12-30 10:00:00,Hysterectomy,completed,200001131,1
1500,2022-12-31 11:00:00,Hip Replacement,completed,200000968,66
1501,2022-12-31 09:00:00,Knee Arthroscopy,completed,200001845,85
1502,2023-01-01 11:00:00,Hip Replacement,completed,200000746,20
1503,2023-01-02 11:00:00,Spinal Fusion,completed,200001279,79
1504,2023-01-03 10:00:00,Hernia Repair,scheduled,200000573,70
1505,2023-01-03 10:00:00,Appendectomy,completed,200000856,31
1506,2023-01-04 07:00:00,Tonsillectomy,completed,200001144,72
1507,2023-01-05 07:00:00,Cesarean Section,scheduled,200001124,87
1508,2023-01-06 09:00:00,Hysterectomy,completed,200001719,59
1509,2023-01-06 08:00:00,Appendectomy,completed,200000655,72
1510,2023-01-07 08:00:00,Mastectomy,completed,200001582,99
1511,2023-01-08 08:00:00,Cataract Surgery,completed,200001694,58
1512,2023-01-08 07:00:00,Mastectomy,completed,200001645,7
1513,2023-01-09 10:00:00,Knee Replacement,completed,200001651,26
1514,2023-01-10 08:00:00,Hernia Repair,completed,200000220,11
1515,2023-01-11 08:00:00,Thyroidectomy,scheduled,200001192,82
1516,2023-01-11 11:00:00,Tonsillectomy,completed,200001070,8
1517,2023-01-12 11:00:00,Spinal Fusion,completed,200001678,63
1518,2023-01-13 07:00:00,Coronary Artery Bypass,completed,200001895,27
1519,2023-01-14 07:00:00,Coronary Artery Bypass,completed,200000038,76
1520,2023-01-14 08:00:00,Cholecystectomy,scheduled,200001296,8
1521,2023-01-15 07:00:00,Spinal Fusion,completed,200000865,100
1522,2023-01-16 07:00:00,Hip Replacement,completed,200000623,84
1523,2023-01-17 08:00:00,Prostatectomy,completed,200001202,92
1524,2023-01-17 11:00:00,Cholecystectomy,completed,200001933,3
1525,2023-01-18 07:00:00,Cesarean Section,completed,200000628,96
1526,2023-01-19 09:00:00,Cardiac Catheterization,completed,200000211,18
1527,2023-01-19 09:00:00,Cardiac Catheterization,completed,200000717,12
1528,2023-01-20 09:00:00,Knee Arthroscopy,scheduled,200000847,7
1529,2023-01-21 09:00:00,Cesarean Section,scheduled,200001251,67
1530,2023-01-21 10:00:00,Spinal Fusion,completed,200001937,51
1531,2023-01-22 10:00:00,Hip Replacement,completed,200001004,17
1532,2023-01-23 09:00:00,Knee Arthroscopy,completed,200000337,99
1533,2023-01-24 09:00:00,Hysterectomy,completed,200001460,83
1534,2023-01-25 11:00:00,Hysterectomy,completed,200001470,46
1535,2023-01-25 08:00:00,Hip Replacement,completed,200001496,73
1536,2023-01-26 09:00:00,Thyroidectomy,completed,200001461,83
1537,2023-01-27 09:00:00,Cataract Surgery,completed,200001508,47
1538,2023-01-28 11:00:00,Tonsillectomy,completed,200000966,43
1539,2023-01-28 09:00:00,Cataract Surgery,completed,200001026,48
1540,2023-01-29 11:00:00,Cesarean Section,scheduled,200001959,43
1541,2023-01-30 10:00:00,Cholecystectomy,scheduled,200000832,69
1542,2023-01-31 08:00:00,Spinal Fusion,completed,200001137,99
1543,2023-01-31 07:00:00,Hip Replacement,completed,200000115,54
1544,2023-02-01 09:00:00,Hysterectomy,completed,200001291,25
1545,2023-02-01 11:00:00,Appendectomy,completed,200001561,99
1546,2023-02-02 09:00:00,Knee Arthroscopy,completed,200000247,92
1547,2023-02-03 11:00:00,Spinal Fusion,scheduled,200001432,35
1548,2023-02-04 09:00:00,Cholecystectomy,completed,200000329,42
1549,2023-02-04 07:00:00,Hysterectomy,completed,200000636,9
1550,2023-02-05 08:00:00,Thyroidectomy,scheduled,200001813,62
1551,2023-02-06 08:00:00,Cholecystectomy,completed,200001092,56
1552,2023-02-07 10:00:00,Cesarean Section,completed,200000716,62
1553,2023-02-07 08:00:00,Cardiac Catheterization,completed,200000744,4
1554,2023-02-08 11:00:00,Cholecystectomy,completed,200000686,25
1555,2023-02-09 08:00:00,Knee Replacement,scheduled,200000010,7
1556,2023-02-10 09:00:00,Cardiac Catheterization,completed,200000080,23
1557,2023-02-11 07:00:00,Knee Arthroscopy,completed,200000812,21
1558,2023-02-11 07:00:00,Thyroidectomy,completed,200000469,88
1559,2023-02-12 07:00:00,Hysterectomy,completed,200000544,37
1560,2023-02-13 08:00:00,Hernia Repair,scheduled,200001638,58
1561,2023-02-14 10:00:00,Cholecystectomy,scheduled,200000100,58
1562,2023-02-14 11:00:00,Hysterectomy,completed,200000506,99
1563,2023-02-15 08:00:00,Knee Arthroscopy,completed,200001067,87
1564,2023-02-15 10:00:00,Mastectomy,completed,200001027,86
1565,2023-02-16 09:00:00,Tonsillectomy,completed,200001382,35
1566,2023-02-17 09:00:00,Tonsillectomy,completed,200000476,46
1567,2023-02-18 11:00:00,Cataract Surgery,completed,200000569,87
1568,2023-02-18 09:00:00,Cataract Surgery,completed,200000821,93
1569,2023-02-19 11:00:00,Thyroidectomy,completed,200001705,71
1570,2023-02-20 08:00:00,Cesarean Section,completed,200000108,99
1571,2023-02-21 11:00:00,Mastectomy,scheduled,200000488,12
1572,2023-02-22 09:00:00,Coronary Artery Bypass,completed,200000845,77
1573,2023-02-22 11:00:00,Hernia Repair,scheduled,200000868,43
1574,2023-02-22 10:00:00,Knee Arthroscopy,completed,200001760,55
1575,2023-02-24 08:00:00,Cardiac Catheterization,completed,200000379,93
1576,2023-02-24 09:00:00,Prostatectomy,scheduled,200001250,40
1577,2023-02-25 10:00:00,Mastectomy,completed,200001964,62
1578,2023-02-26 10:00:00,Appendectomy,completed,200001659,80
1579,2023-02-27 11:00:00,Tonsillectomy,completed,200000378,8
1580,2023-02-27 07:00:00,Knee Replacement,completed,200000248,73
1581,2023-02-28 08:00:00,Appendectomy,scheduled,200001263,50
1582,2023-02-28 07:00:00,Spinal Fusion,completed,200001863,61
1583,2023-03-01 07:00:00,Tonsillectomy,scheduled,200000181,99
1584,2023-03-02 11:00:00,Knee Arthroscopy,scheduled,200000563,4
1585,2023-03-03 08:00:00,Appendectomy,scheduled,200000099,50
1586,2023-03-04 10:00:00,Prostatectomy,completed,200001901,48
1587,2023-03-04 09:00:00,Coronary Artery Bypass,scheduled,200001125,46
1588,2023-03-05 08:00:00,Thyroidectomy,completed,200001525,49
1589,2023-03-06 10:00:00,Coronary Artery Bypass,completed,200001505,16
1590,2023-03-07 11:00:00,Cesarean Section,completed,200001694,39
1591,2023-03-07 10:00:00,Hernia Repair,completed,200000020,11
1592,2023-03-08 08:00:00,Hernia Repair,completed,200001907,12
1593,2023-03-09 10:00:00,Cholecystectomy,scheduled,200001105,31
1594,2023-03-09 09:00:00,Cataract Surgery,scheduled,200001879,83
1595,2023-03-10 09:00:00,Thyroidectomy,scheduled,200000331,46
1596,2023-03-11 07:00:00,Cholecystectomy,completed,200001428,93
1597,2023-03-11 07:00:00,Tonsillectomy,completed,200000492,53
1598,2023-03-13 10:00:00,Cesarean Section,completed,200001309,11
1599,2023-03-13 11:00:00,Thyroidectomy,scheduled,200001614,20
1600,2023-03-14 09:00:00,Thyroidectomy,completed,200000696,93
1601,2023-03-15 10:00:00,Hysterectomy,completed,200000555,91
1602,2023-03-15 10:00:00,Knee Arthroscopy,scheduled,200000474,52
1603,2023-03-16 07:00:00,Hernia Repair,scheduled,200001904,65
1604,2023-03-17 11:00:00,Spinal Fusion,completed,200001978,3
1605,2023-03-18 08:00:00,Hip Replacement,completed,200001076,28
1606,2023-03-18 07:00:00,Hip Replacement,completed,200001867,61
1607,2023-03-19 09:00:00,Thyroidectomy,completed,200000908,74
1608,2023-03-19 10:00:00,Mastectomy,completed,200001012,61
1609,2023-03-20 09:00:00,Coronary Artery Bypass,scheduled,200000946,23
1610,2023-03-21 08:00:00,Tonsillectomy,completed,200000069,92
1611,2023-03-22 07:00:00,Coronary Artery Bypass,scheduled,200000806,6
1612,2023-03-23 08:00:00,Knee Replacement,completed,200001159,4
1613,2023-03-23 09:00:00,Hip Replacement,scheduled,200000023,67
1614,2023-03-24 10:00:00,Hysterectomy,completed,200000560,83
1615,2023-03-25 07:00:00,Spinal Fusion,completed,200001111,73
1616,2023-03-25 11:00:00,Hip Replacement,completed,200000054,84
1617,2023-03-26 10:00:00,Hysterectomy,completed,200001216,5
1618,2023-03-27 11:00:00,Cardiac Catheterization,completed,200001668,14
1619,2023-03-27 07:00:00,Cholecystectomy,scheduled,200000269,84
1620,2023-03-28 09:00:00,Mastectomy,completed,200001294,36
1621,2023-03-29 10:00:00,Prostatectomy,scheduled,200001606,82
1622,2023-03-30 11:00:00,Cataract Surgery,completed,200000175,34
1623,2023-03-30 11:00:00,Mastectomy,completed,200000299,95
1624,2023-03-31 08:00:00,Mastectomy,completed,200001524,29
1625,2023-04-01 07:00:00,Cholecystectomy,scheduled,200001761,93
1626,2023-04-02 07:00:00,Hip Replacement,completed,200001585,26
1627,2023-04-03 07:00:00,Cesarean Section,scheduled,200001836,44
1628,2023-04-03 08:00:00,Thyroidectomy,completed,200001467,92
1629,2023-04-04 07:00:00,Hysterectomy,completed,200001811,19
1630,2023-04-05 08:00:00,Knee Replacement,completed,200000616,40
1631,2023-04-06 07:00:00,Cardiac Catheterization,completed,200000144,21
1632,2023-04-06 10:00:00,Spinal Fusion,completed,200000251,82
1633,2023-04-07 11:00:00,Hernia Repair,completed,200001992,5
1634,2023-04-08 11:00:00,Thyroidectomy,completed,200001609,81
1635,2023-04-08 08:00:00,Hysterectomy,completed,200000473,100
1636,2023-04-09 10:00:00,Cholecystectomy,completed,200001593,64
1637,2023-04-10 10:00:00,Hysterectomy,completed,200001904,19
1638,2023-04-11 07:00:00,Hernia Repair,scheduled,200001420,42
1639,2023-04-12 11:00:00,Cesarean Section,completed,200000759,62
1640,2023-04-12 07:00:00,Coronary Artery Bypass,scheduled,200001896,13
1641,2023-04-13 09:00:00,Hernia Repair,scheduled,200000801,23
1642,2023-04-14 11:00:00,Cardiac Catheterization,completed,200000267,61
1643,2023-04-14 07:00:00,Prostatectomy,scheduled,200001571,8
1644,2023-04-15 07:00:00,Cholecystectomy,completed,200000806,82
1645,2023-04-16 09:00:00,Hip Replacement,completed,200001656,64
1646,2023-04-16 07:00:00,Cataract Surgery,scheduled,200001423,53
1647,2023-04-17 11:00:00,Knee Arthroscopy,completed,200001155,77
1648,2023-04-18 11:00:00,Thyroidectomy,completed,200000453,95
1649,2023-04-19 08:00:00,Cardiac Catheterization,completed,200001390,73
1650,2023-04-19 07:00:00,Mastectomy,completed,200001669,54
1651,2023-04-20 08:00:00,Tonsillectomy,completed,200000542,64
1652,2023-04-21 07:00:00,Spinal Fusion,completed,200001175,10
1653,2023-04-21 10:00:00,Cataract Surgery,completed,200001924,79
1654,2023-04-22 10:00:00,Knee Arthroscopy,completed,200001902,58
1655,2023-04-23 07:00:00,Spinal Fusion,completed,200000026,48
1656,2023-04-24 08:00:00,Cholecystectomy,completed,200001986,81
1657,2023-04-25 10:00:00,Appendectomy,scheduled,200001856,5
1658,2023-04-25 08:00:00,Coronary Artery Bypass,scheduled,200000975,7
1659,2023-04-26 10:00:00,Coronary Artery Bypass,completed,200001075,13
1660,2023-04-26 08:00:00,Mastectomy,completed,200001628,42
1661,2023-04-28 08:00:00,Hip Replacement,completed,200001587,53
1662,2023-04-28 08:00:00,Prostatectomy,completed,200001421,39
1663,2023-04-29 10:00:00,Cardiac Catheterization,scheduled,200001796,12
1664,2023-04-29 09:00:00,Prostatectomy,scheduled,200001100,27
1665,2023-04-30 08:00:00,Cesarean Section,completed,200001324,73
1666,2023-05-01 11:00:00,Appendectomy,completed,200001801,79
1667,2023-05-02 11:00:00,Hernia Repair,completed,200000170,4
1668,2023-05-03 07:00:00,Thyroidectomy,completed,200001135,18
1669,2023-05-03 10:00:00,Cardiac Catheterization,scheduled,200000686,99
1670,2023-05-04 09:00:00,Prostatectomy,completed,200001908,73
1671,2023-05-04 10:00:00,Cesarean Section,completed,200001546,3
1672,2023-05-05 08:00:00,Hip Replacement,completed,200001990,90
1673,2023-05-06 11:00:00,Cataract Surgery,scheduled,200001993,35
1674,2023-05-07 09:00:00,Prostatectomy,completed,200001576,33
1675,2023-05-08 07:00:00,Cataract Surgery,scheduled,200000637,98
1676,2023-05-08 10:00:00,Cataract Surgery,completed,200000728,51
1677,2023-05-09 09:00:00,Cholecystectomy,completed,200000407,22
1678,2023-05-10 10:00:00,Appendectomy,scheduled,200001586,9
1679,2023-05-11 09:00:00,Cholecystectomy,completed,200001415,3
1680,2023-05-11 10:00:00,Appendectomy,scheduled,200001095,31
1681,2023-05-12 11:00:00,Mastectomy,completed,200000125,57
1682,2023-05-13 10:00:00,Mastectomy,completed,200000663,62
1683,2023-05-14 08:00:00,Cardiac Catheterization,scheduled,200001965,19
1684,2023-05-14 10:00:00,Spinal Fusion,completed,200001473,65
1685,2023-05-15 09:00:00,Spinal Fusion,completed,200001556,32
1686,2023-05-15 11:00:00,Prostatectomy,completed,200000034,22
1687,2023-05-17 11:00:00,Knee Arthroscopy,completed,200000951,73
1688,2023-05-17 07:00:00,Thyroidectomy,completed,200000472,40
1689,2023-05-18 10:00:00,Coronary Artery Bypass,scheduled,200000705,67
1690,2023-05-18 11:00:00,Cataract Surgery,completed,200001382,40
1691,2023-05-20 10:00:00,Tonsillectomy,completed,200001190,70
1692,2023-05-20 10:00:00,Hysterectomy,completed,200001544,78
1693,2023-05-21 09:00:00,Cardiac Catheterization,completed,200000217,13
1694,2023-05-21 10:00:00,Cholecystectomy,completed,200001074,81
1695,2023-05-22 09:00:00,Cardiac Catheterization,completed,200000560,46
1696,2023-05-23 08:00:00,Prostatectomy,completed,200001901,23
1697,2023-05-24 10:00:00,Mastectomy,completed,200001094,47
1698,2023-05-24 08:00:00,Knee Arthroscopy,completed,200000318,13
1699,2023-05-25 10:00:00,Thyroidectomy,completed,200001770,99
1700,2023-05-26 10:00:00,Mastectomy,completed,200000747,39
1701,2023-05-27 08:00:00,Knee Replacement,scheduled,200000147,44
1702,2023-05-27 07:00:00,Hip Replacement,scheduled,200001519,60
1703,2023-05-28 07:00:00,Cardiac Catheterization,completed,200001193,97
1704,2023-05-28 08:00:00,Coronary Artery Bypass,completed,200001214,92
1705,2023-05-29 07:00:00,Mastectomy,completed,200000646,87
1706,2023-05-30 07:00:00,Hip Replacement,completed,200000740,62
1707,2023-05-31 08:00:00,Spinal Fusion,completed,200001307,16
1708,2023-06-01 07:00:00,Appendectomy,completed,200001756,23
1709,2023-06-01 10:00:00,Prostatectomy,scheduled,200001294,69
1710,2023-06-02 11:00:00,Hip Replacement,completed,200000275,33
1711,2023-06-03 10:00:00,Appendectomy,completed,200000125,2
1712,2023-06-03 09:00:00,Hernia Repair,completed,200001579,59
1713,2023-06-05 10:00:00,Cataract Surgery,completed,200000454,99
1714,2023-06-05 10:00:00,Mastectomy,scheduled,200001189,42
1715,2023-06-06 09:00:00,Mastectomy,completed,200000561,1
1716,2023-06-06 07:00:00,Appendectomy,completed,200000960,46
1717,2023-06-07 08:00:00,Thyroidectomy,completed,200001688,46
1718,2023-06-08 07:00:00,Coronary Artery Bypass,completed,200001734,67
1719,2023-06-09 07:00:00,Hernia Repair,scheduled,200000187,15
1720,2023-06-09 08:00:00,Knee Replacement,completed,200001342,32
1721,2023-06-10 11:00:00,Mastectomy,completed,200000474,81
1722,2023-06-11 08:00:00,Hysterectomy,completed,200001216,51
1723,2023-06-11 11:00:00,Cholecystectomy,completed,200001614,3
1724,2023-06-13 09:00:00,Coronary Artery Bypass,completed,200001806,97
1725,2023-06-13 09:00:00,Appendectomy,completed,200000702,91
1726,2023-06-14 07:00:00,Coronary Artery Bypass,completed,200001885,55
1727,2023-06-15 09:00:00,Thyroidectomy,scheduled,200000317,19
1728,2023-06-16 08:00:00,Hip Replacement,scheduled,200000093,60
1729,2023-06-16 11:00:00,Cesarean Section,completed,200000402,67
1730,2023-06-17 07:00:00,Appendectomy,completed,200000875,68
1731,2023-06-17 11:00:00,Cataract Surgery,completed,200000252,68
1732,2023-06-18 09:00:00,Hip Replacement,completed,200001459,76
1733,2023-06-19 10:00:00,Thyroidectomy,scheduled,200000246,77
1734,2023-06-19 08:00:00,Cesarean Section,completed,200000896,86
1735,2023-06-21 09:00:00,Thyroidectomy,completed,200000538,28
1736,2023-06-21 07:00:00,Tonsillectomy,scheduled,200001201,12
1737,2023-06-22 11:00:00,Cholecystectomy,completed,200000293,24
1738,2023-06-23 07:00:00,Hernia Repair,scheduled,200001024,15
1739,2023-06-23 09:00:00,Hip Replacement,completed,200000730,99
1740,2023-06-24 07:00:00,Hernia Repair,completed,200000034,40
1741,2023-06-25 10:00:00,Spinal Fusion,scheduled,200001778,8
1742,2023-06-26 11:00:00,Knee Arthroscopy,scheduled,200000707,5
1743,2023-06-27 09:00:00,Knee Arthroscopy,completed,200001196,14
1744,2023-06-27 08:00:00,Cholecystectomy,completed,200001437,70
1745,2023-06-28 09:00:00,Cesarean Section,scheduled,200000354,43
1746,2023-06-29 08:00:00,Tonsillectomy,completed,200000692,85
1747,2023-06-29 08:00:00,Thyroidectomy,completed,200000516,45
1748,2023-06-30 11:00:00,Cholecystectomy,completed,200001565,32
1749,2023-06-30 08:00:00,Thyroidectomy,completed,200001561,72
1750,2023-07-01 07:00:00,Hernia Repair,scheduled,200000487,57
1751,2023-07-02 09:00:00,Cardiac Catheterization,scheduled,200001126,51
1752,2023-07-03 09:00:00,Knee Arthroscopy,completed,200001760,20
1753,2023-07-03 08:00:00,Cesarean Section,scheduled,200001810,24
1754,2023-07-04 07:00:00,Appendectomy,scheduled,200001564,14
1755,2023-07-05 10:00:00,Knee Arthroscopy,completed,200001689,56
1756,2023-07-06 08:00:00,Hernia Repair,completed,200001855,17
1757,2023-07-06 08:00:00,Coronary Artery Bypass,scheduled,200001839,55
1758,2023-07-07 07:00:00,Hernia Repair,completed,200001991,53
1759,2023-07-08 07:00:00,Spinal Fusion,scheduled,200000865,46
1760,2023-07-08 11:00:00,Hip Replacement,scheduled,200000680,54
1761,2023-07-10 10:00:00,Hernia Repair,scheduled,200001857,75
1762,2023-07-10 11:00:00,Cholecystectomy,completed,200001751,10
1763,2023-07-11 07:00:00,Spinal Fusion,scheduled,200000282,50
1764,2023-07-12 11:00:00,Cesarean Section,completed,200000452,46
1765,2023-07-12 08:00:00,Cataract Surgery,scheduled,200000887,37
1766,2023-07-13 09:00:00,Knee Arthroscopy,completed,200001352,46
1767,2023-07-14 09:00:00,Knee Replacement,completed,200001207,28
1768,2023-07-14 11:00:00,Cholecystectomy,completed,200001367,93
1769,2023-07-15 07:00:00,Coronary Artery Bypass,completed,200001431,36
1770,2023-07-16 11:00:00,Cardiac Catheterization,completed,200000733,27
1771,2023-07-17 11:00:00,Tonsillectomy,completed,200000977,25
1772,2023-07-17 10:00:00,Cardiac Catheterization,completed,200001839,32
1773,2023-07-18 11:00:00,Hip Replacement,completed,200000066,45
1774,2023-07-19 11:00:00,Knee Arthroscopy,scheduled,200001659,69
1775,2023-07-19 08:00:00,Cesarean Section,scheduled,200001290,55
1776,2023-07-20 10:00:00,Cholecystectomy,scheduled,200001541,18
1777,2023-07-21 07:00:00,Coronary Artery Bypass,completed,200001005,62
1778,2023-07-22 11:00:00,Prostatectomy,completed,200001911,33
1779,2023-07-22 08:00:00,Spinal Fusion,completed,200001846,56
1780,2023-07-23 10:00:00,Mastectomy,completed,200000006,95
1781,2023-07-24 11:00:00,Knee Arthroscopy,scheduled,200000310,23
1782,2023-07-25 08:00:00,Prostatectomy,scheduled,200001424,4
1783,2023-07-26 08:00:00,Spinal Fusion,completed,200000598,16
1784,2023-07-26 08:00:00,Hysterectomy,completed,200001214,9
1785,2023-07-27 09:00:00,Hernia Repair,completed,200000231,50
1786,2023-07-28 11:00:00,Tonsillectomy,completed,200000622,81
1787,2023-07-28 07:00:00,Cardiac Catheterization,completed,200000911,89
1788,2023-07-29 08:00:00,Hernia Repair,completed,200000096,50
1789,2023-07-30 08:00:00,Prostatectomy,scheduled,200001384,31
1790,2023-07-31 09:00:00,Cataract Surgery,completed,200000279,85
1791,2023-07-31 08:00:00,Appendectomy,completed,200000062,86
1792,2023-08-01 10:00:00,Spinal Fusion,completed,200001662,33
1793,2023-08-02 10:00:00,Thyroidectomy,scheduled,200000675,68
1794,2023-08-02 10:00:00,Mastectomy,completed,200000999,4
1795,2023-08-03 07:00:00,Cesarean Section,completed,200001195,81
1796,2023-08-04 08:00:00,Cardiac Catheterization,scheduled,200000898,76
1797,2023-08-05 10:00:00,Hysterectomy,completed,200000385,28
1798,2023-08-06 11:00:00,Knee Arthroscopy,completed,200000731,56
1799,2023-08-06 07:00:00,Mastectomy,scheduled,200001566,97
1800,2023-08-07 11:00:00,Knee Replacement,completed,200000736,53
1801,2023-08-08 07:00:00,Cardiac Catheterization,completed,200001840,56
1802,2023-08-09 11:00:00,Cataract Surgery,completed,200000478,27
1803,2023-08-09 08:00:00,Prostatectomy,completed,200001545,44
1804,2023-08-10 09:00:00,Cholecystectomy,completed,200001847,30
1805,2023-08-11 07:00:00,Coronary Artery Bypass,completed,200000961,88
1806,2023-08-11 08:00:00,Thyroidectomy,scheduled,200000406,75
1807,2023-08-12 07:00:00,Thyroidectomy,completed,200001903,29
1808,2023-08-13 08:00:00,Hip Replacement,scheduled,200001813,68
1809,2023-08-14 10:00:00,Cesarean Section,completed,200001497,6
1810,2023-08-14 10:00:00,Thyroidectomy,completed,200001288,49
1811,2023-08-15 08:00:00,Tonsillectomy,completed,200000404,91
1812,2023-08-15 10:00:00,Knee Arthroscopy,scheduled,200000142,12
1813,2023-08-16 10:00:00,Knee Replacement,scheduled,200001384,71
1814,2023-08-17 09:00:00,Coronary Artery Bypass,completed,200000436,88
1815,2023-08-18 07:00:00,Appendectomy,completed,200000044,68
1816,2023-08-18 09:00:00,Cholecystectomy,completed,200000062,40
1817,2023-08-19 11:00:00,Knee Replacement,completed,200000265,100
1818,2023-08-20 08:00:00,Knee Arthroscopy,completed,200001305,24
1819,2023-08-21 08:00:00,Knee Replacement,scheduled,200000388,28
1820,2023-08-21 11:00:00,Knee Replacement,completed,200000230,60
1821,2023-08-22 09:00:00,Hip Replacement,scheduled,200001703,58
1822,2023-08-23 07:00:00,Hip Replacement,completed,200000040,59
1823,2023-08-24 11:00:00,Prostatectomy,scheduled,200000933,18
1824,2023-08-24 11:00:00,Hip Replacement,completed,200000340,17
1825,2023-08-25 10:00:00,Mastectomy,completed,200001491,75
1826,2023-08-26 11:00:00,Prostatectomy,scheduled,200000732,93
1827,2023-08-27 10:00:00,Tonsillectomy,scheduled,200000155,27
1828,2023-08-28 07:00:00,Knee Arthroscopy,scheduled,200001414,84
1829,2023-08-28 07:00:00,Hip Replacement,completed,200001252,76
1830,2023-08-28 07:00:00,Tonsillectomy,completed,200001969,4
1831,2023-08-30 09:00:00,Mastectomy,completed,200000574,3
1832,2023-08-30 08:00:00,Appendectomy,completed,200000727,60
1833,2023-08-31 07:00:00,Spinal Fusion,completed,200000025,56
1834,2023-08-31 08:00:00,Coronary Artery Bypass,completed,200000300,35
1835,2023-09-01 11:00:00,Prostatectomy,completed,200001044,99
1836,2023-09-02 11:00:00,Coronary Artery Bypass,completed,200001559,27
1837,2023-09-03 07:00:00,Knee Replacement,completed,200001376,98
1838,2023-09-04 10:00:00,Mastectomy,completed,200000623,10
1839,2023-09-04 07:00:00,Appendectomy,completed,200000975,59
1840,2023-09-05 08:00:00,Cardiac Catheterization,completed,200001054,60
1841,2023-09-06 11:00:00,Spinal Fusion,scheduled,200001655,47
1842,2023-09-07 08:00:00,Prostatectomy,completed,200000927,36
1843,2023-09-07 09:00:00,Coronary Artery Bypass,completed,200000828,15
1844,2023-09-08 09:00:00,Cataract Surgery,completed,200001737,32
1845,2023-09-09 10:00:00,Prostatectomy,completed,200000207,28
1846,2023-09-10 09:00:00,Tonsillectomy,completed,200000613,79
1847,2023-09-10 10:00:00,Cardiac Catheterization,completed,200000559,9
1848,2023-09-11 11:00:00,Mastectomy,completed,200001547,1
1849,2023-09-12 08:00:00,Hip Replacement,completed,200001951,49
1850,2023-09-12 07:00:00,Cataract Surgery,completed,200000464,37
1851,2023-09-13 07:00:00,Cardiac Catheterization,completed,200001402,21
1852,2023-09-14 10:00:00,Hernia Repair,completed,200001017,44
1853,2023-09-15 11:00:00,Spinal Fusion,scheduled,200001765,84
1854,2023-09-15 11:00:00,Appendectomy,completed,200000392,92
1855,2023-09-16 11:00:00,Hip Replacement,completed,200001231,45
1856,2023-09-16 07:00:00,Appendectomy,completed,200001360,22
1857,2023-09-18 07:00:00,Appendectomy,completed,200001314,96
1858,2023-09-18 10:00:00,Hysterectomy,completed,200001239,18
1859,2023-09-19 08:00:00,Hip Replacement,completed,200000112,32
1860,2023-09-20 07:00:00,Appendectomy,completed,200001184,79
1861,2023-09-20 09:00:00,Hysterectomy,completed,200000049,100
1862,2023-09-21 11:00:00,Cholecystectomy,completed,200000456,15
1863,2023-09-22 07:00:00,Cholecystectomy,scheduled,200001605,18
1864,2023-09-23 08:00:00,Thyroidectomy,completed,200001337,50
1865,2023-09-24 08:00:00,Knee Replacement,completed,200001386,14
1866,2023-09-24 09:00:00,Cardiac Catheterization,completed,200001017,63
1867,2023-09-25 11:00:00,Cataract Surgery,scheduled,200001306,96
1868,2023-09-26 08:00:00,Hernia Repair,completed,200001166,32
1869,2023-09-26 09:00:00,Cesarean Section,completed,200000643,57
1870,2023-09-27 08:00:00,Appendectomy,completed,200000293,72
1871,2023-09-27 07:00:00,Appendectomy,completed,200000164,39
1872,2023-09-28 09:00:00,Spinal Fusion,completed,200001253,3
1873,2023-09-29 09:00:00,Hip Replacement,completed,200001076,84
1874,2023-09-30 11:00:00,Spinal Fusion,completed,200001162,60
1875,2023-10-01 07:00:00,Prostatectomy,scheduled,200001567,45
1876,2023-10-01 09:00:00,Mastectomy,completed,200001158,89
1877,2023-10-02 07:00:00,Prostatectomy,completed,200000443,97
1878,2023-10-03 09:00:00,Cardiac Catheterization,completed,200000656,19
1879,2023-10-03 07:00:00,Hysterectomy,completed,200000217,68
1880,2023-10-04 08:00:00,Appendectomy,completed,200001381,34
1881,2023-10-05 10:00:00,Knee Replacement,completed,200001117,22
1882,2023-10-06 11:00:00,Knee Arthroscopy,completed,200001707,78
1883,2023-10-06 09:00:00,Cardiac Catheterization,completed,200000349,6
1884,2023-10-07 08:00:00,Tonsillectomy,completed,200001333,57
1885,2023-10-08 07:00:00,Tonsillectomy,completed,200000179,31
1886,2023-10-09 10:00:00,Prostatectomy,scheduled,200000018,75
1887,2023-10-10 08:00:00,Spinal Fusion,completed,200001978,29
1888,2023-10-10 07:00:00,Knee Replacement,completed,200001554,98
1889,2023-10-11 10:00:00,Cholecystectomy,completed,200000926,48
1890,2023-10-11 07:00:00,Coronary Artery Bypass,completed,200001492,48
1891,2023-10-12 11:00:00,Hysterectomy,scheduled,200000983,87
1892,2023-10-13 09:00:00,Tonsillectomy,completed,200001800,32
1893,2023-10-14 10:00:00,Appendectomy,completed,200001360,41
1894,2023-10-15 07:00:00,Cataract Surgery,completed,200001616,4
1895,2023-10-15 11:00:00,Mastectomy,scheduled,200000571,83
1896,2023-10-16 08:00:00,Cesarean Section,completed,200000866,40
1897,2023-10-16 09:00:00,Knee Replacement,completed,200001605,53
1898,2023-10-17 10:00:00,Knee Arthroscopy,completed,200000643,83
1899,2023-10-18 07:00:00,Cataract Surgery,completed,200001202,83
1900,2023-10-19 07:00:00,Hip Replacement,scheduled,200001358,7
1901,2023-10-20 08:00:00,Cholecystectomy,completed,200001144,40
1902,2023-10-21 10:00:00,Tonsillectomy,completed,200000512,28
1903,2023-10-21 09:00:00,Spinal Fusion,completed,200000014,6
1904,2023-10-22 10:00:00,Thyroidectomy,completed,200001334,90
1905,2023-10-22 07:00:00,Cholecystectomy,completed,200001929,22
1906,2023-10-23 09:00:00,Thyroidectomy,completed,200001901,40
1907,2023-10-24 08:00:00,Knee Arthroscopy,completed,200001040,55
1908,2023-10-25 10:00:00,Cholecystectomy,completed,200001861,62
1909,2023-10-25 09:00:00,Cardiac Catheterization,completed,200000346,7
1910,2023-10-26 10:00:00,Cardiac Catheterization,completed,200001482,21
1911,2023-10-27 11:00:00,Knee Arthroscopy,scheduled,200001550,31
1912,2023-10-28 08:00:00,Appendectomy,scheduled,200000397,57
1913,2023-10-28 10:00:00,Cesarean Section,completed,200000632,86
1914,2023-10-29 08:00:00,Appendectomy,completed,200001981,49
1915,2023-10-30 08:00:00,Cesarean Section,scheduled,200000832,44
1916,2023-10-31 10:00:00,Cholecystectomy,completed,200001531,74
1917,2023-11-01 10:00:00,Spinal Fusion,scheduled,200000790,86
1918,2023-11-01 11:00:00,Hip Replacement,scheduled,200001930,42
1919,2023-11-02 11:00:00,Appendectomy,completed,200000430,64
1920,2023-11-03 08:00:00,Coronary Artery Bypass,completed,200001054,92
1921,2023-11-04 08:00:00,Mastectomy,scheduled,200000266,21
1922,2023-11-04 11:00:00,Knee Replacement,scheduled,200000724,85
1923,2023-11-05 07:00:00,Appendectomy,completed,200000577,65
1924,2023-11-06 10:00:00,Spinal Fusion,scheduled,200000510,67
1925,2023-11-06 08:00:00,Knee Replacement,completed,200000892,75
1926,2023-11-07 08:00:00,Tonsillectomy,completed,200000187,72
1927,2023-11-08 07:00:00,Mastectomy,completed,200001197,15
1928,2023-11-08 07:00:00,Cesarean Section,completed,200000155,18
1929,2023-11-09 09:00:00,Tonsillectomy,completed,200001104,85
1930,2023-11-10 08:00:00,Knee Arthroscopy,scheduled,200000313,50
1931,2023-11-10 07:00:00,Cesarean Section,completed,200001151,2
1932,2023-11-11 08:00:00,Tonsillectomy,completed,200001867,11
1933,2023-11-12 09:00:00,Coronary Artery Bypass,completed,200001502,10
1934,2023-11-13 10:00:00,Hernia Repair,completed,200001650,33
1935,2023-11-14 10:00:00,Thyroidectomy,completed,200001947,38
1936,2023-11-15 08:00:00,Appendectomy,completed,200001937,1
1937,2023-11-15 08:00:00,Mastectomy,completed,200001286,83
1938,2023-11-16 08:00:00,Knee Replacement,scheduled,200001092,91
1939,2023-11-17 10:00:00,Thyroidectomy,scheduled,200001265,53
1940,2023-11-17 09:00:00,Knee Arthroscopy,scheduled,200001563,58
1941,2023-11-18 08:00:00,Appendectomy,scheduled,200001598,83
1942,2023-11-19 08:00:00,Thyroidectomy,completed,200000473,67
1943,2023-11-19 09:00:00,Hernia Repair,completed,200001748,95
1944,2023-11-20 09:00:00,Knee Arthroscopy,completed,200001956,17
1945,2023-11-21 10:00:00,Mastectomy,completed,200000473,86
1946,2023-11-21 10:00:00,Cholecystectomy,scheduled,200001923,26
1947,2023-11-23 09:00:00,Mastectomy,completed,200001471,6
1948,2023-11-23 10:00:00,Appendectomy,scheduled,200001598,68
1949,2023-11-24 10:00:00,Cesarean Section,scheduled,200001491,61
1950,2023-11-24 07:00:00,Tonsillectomy,completed,200000466,85
1951,2023-11-25 11:00:00,Knee Arthroscopy,completed,200000893,69
1952,2023-11-26 11:00:00,Spinal Fusion,scheduled,200001644,32
1953,2023-11-27 10:00:00,Coronary Artery Bypass,completed,200001758,2
1954,2023-11-27 08:00:00,Spinal Fusion,completed,200001300,14
1955,2023-11-28 09:00:00,Hernia Repair,completed,200000837,89
1956,2023-11-29 10:00:00,Mastectomy,scheduled,200000313,70
1957,2023-11-30 10:00:00,Prostatectomy,completed,200001054,52
1958,2023-12-01 09:00:00,Spinal Fusion,scheduled,200000215,11
1959,2023-12-01 11:00:00,Mastectomy,completed,200000946,79
1960,2023-12-02 09:00:00,Hysterectomy,completed,200000257,79
1961,2023-12-02 10:00:00,Prostatectomy,completed,200000751,72
1962,2023-12-03 08:00:00,Coronary Artery Bypass,completed,200001863,47
1963,2023-12-04 07:00:00,Appendectomy,scheduled,200001942,70
1964,2023-12-05 11:00:00,Spinal Fusion,completed,200000374,53
1965,2023-12-05 08:00:00,Hernia Repair,completed,200000232,10
1966,2023-12-06 11:00:00,Thyroidectomy,scheduled,200000308,12
1967,2023-12-07 08:00:00,Spinal Fusion,scheduled,200001549,21
1968,2023-12-08 07:00:00,Spinal Fusion,completed,200001622,33
1969,2023-12-08 11:00:00,Knee Arthroscopy,completed,200000630,82
1970,2023-12-09 09:00:00,Cholecystectomy,scheduled,200001930,97
1971,2023-12-09 08:00:00,Cesarean Section,completed,200001572,75
1972,2023-12-10 10:00:00,Cholecystectomy,completed,200000018,40
1973,2023-12-11 09:00:00,Tonsillectomy,completed,200000513,71
1974,2023-12-12 07:00:00,Thyroidectomy,completed,200001943,49
1975,2023-12-12 07:00:00,Cholecystectomy,completed,200001338,88
1976,2023-12-14 07:00:00,Mastectomy,completed,200000187,24
1977,2023-12-14 08:00:00,Knee Arthroscopy,scheduled,200001949,15
1978,2023-12-15 07:00:00,Tonsillectomy,completed,200001250,14
1979,2023-12-15 07:00:00,Prostatectomy,completed,200000905,97
1980,2023-12-17 07:00:00,Spinal Fusion,completed,200001369,13
1981,2023-12-17 09:00:00,Spinal Fusion,completed,200001695,97
1982,2023-12-18 09:00:00,Cardiac Catheterization,completed,200001656,30
1983,2023-12-19 11:00:00,Coronary Artery Bypass,completed,200000266,23
1984,2023-12-20 07:00:00,Spinal Fusion,completed,200001679,71
1985,2023-12-20 10:00:00,Cardiac Catheterization,scheduled,200000736,49
1986,2023-12-21 10:00:00,Prostatectomy,completed,200001403,71
1987,2023-12-21 10:00:00,Cesarean Section,completed,200000089,97
1988,2023-12-22 08:00:00,Knee Arthroscopy,completed,200000139,45
1989,2023-12-23 08:00:00,Knee Arthroscopy,completed,200000503,56
1990,2023-12-24 09:00:00,Knee Replacement,scheduled,200001727,99
1991,2023-12-24 07:00:00,Cataract Surgery,completed,200001546,71
1992,2023-12-25 09:00:00,Cholecystectomy,completed,200001104,82
1993,2023-12-26 07:00:00,Prostatectomy,completed,200001386,65
1994,2023-12-26 11:00:00,Coronary Artery Bypass,completed,200001583,27
1995,2023-12-27 10:00:00,Coronary Artery Bypass,completed,200001773,17
1996,2023-12-28 07:00:00,Prostatectomy,completed,200001831,86
1997,2023-12-29 10:00:00,Coronary Artery Bypass,completed,200000869,59
1998,2023-12-29 07:00:00,Cholecystectomy,scheduled,200001256,23
1999,2023-12-30 09:00:00,Thyroidectomy,scheduled,200000264,19
2000,2023-12-31 08:00:00,Cardiac Catheterization,completed,200000929,15
2001,2023-12-31 10:00:00,Knee Replacement,completed,200000788,52
2002,2024-01-02 08:00:00,Hysterectomy,completed,200001174,50
2003,2024-01-02 08:00:00,Cesarean Section,completed,200001065,98
2004,2024-01-03 09:00:00,Hysterectomy,completed,200001752,16
2005,2024-01-04 07:00:00,Appendectomy,scheduled,200000545,81
2006,2024-01-04 10:00:00,Cataract Surgery,completed,200000246,7
2007,2024-01-05 11:00:00,Cardiac Catheterization,completed,200000948,79
2008,2024-01-05 07:00:00,Spinal Fusion,completed,200000194,4
2009,2024-01-07 08:00:00,Hip Replacement,completed,200000309,35
2010,2024-01-07 09:00:00,Mastectomy,completed,200000327,74
2011,2024-01-08 08:00:00,Appendectomy,completed,200001789,87
2012,2024-01-09 08:00:00,Thyroidectomy,completed,200001384,83
2013,2024-01-09 09:00:00,Mastectomy,completed,200000082,33
2014,2024-01-10 09:00:00,Appendectomy,scheduled,200000987,79
2015,2024-01-11 11:00:00,Knee Replacement,completed,200000425,76
2016,2024-01-12 10:00:00,Spinal Fusion,completed,200000452,67
2017,2024-01-13 10:00:00,Coronary Artery Bypass,scheduled,200001295,3
2018,2024-01-13 07:00:00,Spinal Fusion,completed,200001109,73
2019,2024-01-14 07:00:00,Hip Replacement,completed,200000367,58
2020,2024-01-15 09:00:00,Spinal Fusion,completed,200001575,55
2021,2024-01-15 11:00:00,Tonsillectomy,completed,200001739,33
2022,2024-01-16 08:00:00,Hysterectomy,scheduled,200001259,41
2023,2024-01-17 11:00:00,Mastectomy,scheduled,200000558,61
2024,2024-01-17 07:00:00,Appendectomy,scheduled,200001667,97
2025,2024-01-18 09:00:00,Hip Replacement,completed,200000159,53
2026,2024-01-19 10:00:00,Knee Arthroscopy,completed,200000002,4
2027,2024-01-19 09:00:00,Knee Arthroscopy,scheduled,200001253,17
2028,2024-01-20 08:00:00,Hernia Repair,completed,200000668,96
2029,2024-01-21 11:00:00,Hysterectomy,completed,200000969,22
2030,2024-01-22 09:00:00,Hysterectomy,completed,200000358,26
2031,2024-01-23 08:00:00,Knee Arthroscopy,scheduled,200001610,59
2032,2024-01-24 10:00:00,Knee Arthroscopy,completed,200001825,16
2033,2024-01-24 10:00:00,Mastectomy,completed,200000454,100
2034,2024-01-25 09:00:00,Cataract Surgery,completed,200000301,53
2035,2024-01-25 08:00:00,Cesarean Section,completed,200001116,98
2036,2024-01-26 09:00:00,Cataract Surgery,completed,200001163,90
2037,2024-01-27 08:00:00,Knee Replacement,scheduled,200001777,29
2038,2024-01-28 07:00:00,Hip Replacement,completed,200001695,90
2039,2024-01-29 08:00:00,Prostatectomy,completed,200000099,40
2040,2024-01-29 09:00:00,Hernia Repair,completed,200000759,93
2041,2024-01-30 11:00:00,Hip Replacement,scheduled,200001262,55
2042,2024-01-31 07:00:00,Prostatectomy,completed,200000733,53
2043,2024-01-31 07:00:00,Cataract Surgery,scheduled,200001719,26
2044,2024-02-01 08:00:00,Cholecystectomy,completed,200001543,59
2045,2024-02-02 09:00:00,Knee Replacement,scheduled,200001502,27
2046,2024-02-03 10:00:00,Thyroidectomy,scheduled,200000045,30
2047,2024-02-03 10:00:00,Coronary Artery Bypass,completed,200001004,45
2048,2024-02-04 09:00:00,Knee Arthroscopy,scheduled,200001227,70
2049,2024-02-05 10:00:00,Mastectomy,completed,200000824,74
2050,2024-02-05 11:00:00,Appendectomy,scheduled,200001439,76
2051,2024-02-06 11:00:00,Knee Replacement,completed,200001520,100
2052,2024-02-07 10:00:00,Cataract Surgery,completed,200000298,3
2053,2024-02-07 08:00:00,Cholecystectomy,completed,200001918,71
2054,2024-02-08 08:00:00,Coronary Artery Bypass,completed,200001753,24
2055,2024-02-09 10:00:00,Hip Replacement,completed,200000686,49
2056,2024-02-10 10:00:00,Mastectomy,completed,200000387,59
2057,2024-02-10 07:00:00,Cholecystectomy,completed,200000440,91
2058,2024-02-11 11:00:00,Hysterectomy,completed,200000862,5
2059,2024-02-12 07:00:00,Cardiac Catheterization,completed,200001435,80
2060,2024-02-13 09:00:00,Prostatectomy,completed,200001205,3
2061,2024-02-14 11:00:00,Cardiac Catheterization,completed,200000119,59
2062,2024-02-14 11:00:00,Spinal Fusion,scheduled,200001707,34
2063,2024-02-15 10:00:00,Knee Arthroscopy,completed,200000245,76
2064,2024-02-16 09:00:00,Cholecystectomy,completed,200001023,65
2065,2024-02-16 08:00:00,Mastectomy,completed,200001382,25
2066,2024-02-17 08:00:00,Mastectomy,scheduled,200001687,10
2067,2024-02-18 07:00:00,Appendectomy,completed,200001473,27
2068,2024-02-19 09:00:00,Hernia Repair,scheduled,200001583,61
2069,2024-02-20 07:00:00,Hernia Repair,completed,200001891,85
2070,2024-02-20 07:00:00,Cholecystectomy,completed,200000182,13
2071,2024-02-21 10:00:00,Tonsillectomy,scheduled,200000623,13
2072,2024-02-21 10:00:00,Cesarean Section,scheduled,200001271,72
2073,2024-02-22 10:00:00,Prostatectomy,completed,200000398,91
2074,2024-02-23 09:00:00,Hip Replacement,completed,200001806,74
2075,2024-02-24 07:00:00,Cardiac Catheterization,completed,200000267,71
2076,2024-02-25 10:00:00,Hernia Repair,completed,200001959,4
2077,2024-02-26 10:00:00,Tonsillectomy,completed,200000139,43
2078,2024-02-26 07:00:00,Hip Replacement,completed,200000827,94
2079,2024-02-26 09:00:00,Hip Replacement,completed,200000958,76
2080,2024-02-28 07:00:00,Knee Arthroscopy,completed,200001784,87
2081,2024-02-28 07:00:00,Knee Arthroscopy,scheduled,200000332,94
2082,2024-02-29 09:00:00,Hysterectomy,completed,200001032,4
2083,2024-02-29 09:00:00,Knee Replacement,completed,200001980,37
2084,2024-03-01 09:00:00,Hysterectomy,completed,200000445,83
2085,2024-03-02 10:00:00,Spinal Fusion,completed,200000756,16
2086,2024-03-03 08:00:00,Thyroidectomy,completed,200000910,13
2087,2024-03-03 07:00:00,Cataract Surgery,completed,200001667,28
2088,2024-03-04 10:00:00,Hernia Repair,scheduled,200000624,37
2089,2024-03-05 11:00:00,Coronary Artery Bypass,completed,200000020,20
2090,2024-03-06 11:00:00,Hernia Repair,completed,200001889,92
2091,2024-03-06 09:00:00,Hysterectomy,scheduled,200000582,33
2092,2024-03-07 08:00:00,Thyroidectomy,completed,200001888,47
2093,2024-03-08 10:00:00,Coronary Artery Bypass,completed,200000239,1
2094,2024-03-08 09:00:00,Cataract Surgery,completed,200001520,12
2095,2024-03-09 11:00:00,Thyroidectomy,completed,200000629,50
2096,2024-03-10 11:00:00,Thyroidectomy,completed,200001731,59
2097,2024-03-11 10:00:00,Knee Replacement,completed,200001195,70
2098,2024-03-11 08:00:00,Coronary Artery Bypass,completed,200001957,4
2099,2024-03-12 07:00:00,Tonsillectomy,completed,200000677,91
2100,2024-03-13 07:00:00,Thyroidectomy,completed,200001141,32
2101,2024-03-14 07:00:00,Hysterectomy,completed,200000080,71
2102,2024-03-15 10:00:00,Knee Replacement,completed,200000561,17
2103,2024-03-15 10:00:00,Coronary Artery Bypass,completed,200000020,60
2104,2024-03-16 10:00:00,Cesarean Section,completed,200001059,42
2105,2024-03-17 08:00:00,Hernia Repair,completed,200000100,39
2106,2024-03-18 09:00:00,Knee Arthroscopy,scheduled,200000790,44
2107,2024-03-18 08:00:00,Appendectomy,completed,200001618,39
2108,2024-03-19 08:00:00,Tonsillectomy,scheduled,200000174,63
2109,2024-03-20 10:00:00,Thyroidectomy,completed,200000187,5
2110,2024-03-20 10:00:00,Tonsillectomy,completed,200000210,83
2111,2024-03-21 09:00:00,Hysterectomy,scheduled,200000986,100
2112,2024-03-21 11:00:00,Cesarean Section,completed,200001748,67
2113,2024-03-22 08:00:00,Hernia Repair,completed,200001476,36
2114,2024-03-23 10:00:00,Mastectomy,scheduled,200001727,47
2115,2024-03-24 10:00:00,Appendectomy,completed,200001742,53
2116,2024-03-25 11:00:00,Appendectomy,completed,200000808,6
2117,2024-03-25 07:00:00,Knee Arthroscopy,completed,200000621,53
2118,2024-03-26 09:00:00,Cardiac Catheterization,completed,200001532,67
2119,2024-03-27 11:00:00,Cataract Surgery,scheduled,200001293,28
2120,2024-03-28 10:00:00,Knee Arthroscopy,completed,200001527,88
2121,2024-03-28 11:00:00,Knee Replacement,scheduled,200000631,86
2122,2024-03-29 11:00:00,Hysterectomy,completed,200001249,19
2123,2024-03-30 09:00:00,Thyroidectomy,completed,200000758,8
2124,2024-03-31 07:00:00,Coronary Artery Bypass,completed,200001851,96
2125,2024-04-01 07:00:00,Hip Replacement,completed,200000626,63
2126,2024-04-01 08:00:00,Spinal Fusion,completed,200001315,96
2127,2024-04-01 09:00:00,Coronary Artery Bypass,scheduled,200000694,65
2128,2024-04-02 10:00:00,Cholecystectomy,completed,200001095,85
2129,2024-04-03 11:00:00,Mastectomy,completed,200001337,90
2130,2024-04-04 10:00:00,Tonsillectomy,completed,200001458,92
2131,2024-04-04 10:00:00,Cesarean Section,completed,200000196,64
2132,2024-04-06 11:00:00,Cholecystectomy,completed,200001504,54
2133,2024-04-06 08:00:00,Knee Replacement,scheduled,200000393,7
2134,2024-04-07 08:00:00,Coronary Artery Bypass,completed,200001397,71
2135,2024-04-08 11:00:00,Tonsillectomy,completed,200001712,5
2136,2024-04-08 11:00:00,Tonsillectomy,scheduled,200001681,51
2137,2024-04-09 09:00:00,Hernia Repair,completed,200000247,55
2138,2024-04-09 08:00:00,Hysterectomy,scheduled,200001149,39
2139,2024-04-11 08:00:00,Thyroidectomy,completed,200000008,1
2140,2024-04-11 11:00:00,Knee Arthroscopy,completed,200001368,95
2141,2024-04-12 10:00:00,Cesarean Section,completed,200001160,52
2142,2024-04-12 07:00:00,Tonsillectomy,scheduled,200000142,4
2143,2024-04-13 08:00:00,Prostatectomy,completed,200000186,50
2144,2024-04-14 09:00:00,Coronary Artery Bypass,completed,200000792,4
2145,2024-04-15 07:00:00,Knee Arthroscopy,scheduled,200001727,74
2146,2024-04-16 11:00:00,Thyroidectomy,completed,200001279,61
2147,2024-04-16 11:00:00,Knee Replacement,scheduled,200000173,5
2148,2024-04-17 07:00:00,Tonsillectomy,completed,200000322,15
2149,2024-04-18 07:00:00,Hip Replacement,completed,200000624,27
2150,2024-04-19 08:00:00,Tonsillectomy,scheduled,200000860,51
2151,2024-04-20 07:00:00,Hip Replacement,scheduled,200000946,44
2152,2024-04-20 11:00:00,Mastectomy,completed,200001496,7
2153,2024-04-20 11:00:00,Cataract Surgery,completed,200000158,42
2154,2024-04-22 07:00:00,Spinal Fusion,completed,200001029,84
2155,2024-04-22 11:00:00,Tonsillectomy,completed,200000414,48
2156,2024-04-23 07:00:00,Tonsillectomy,completed,200000601,13
2157,2024-04-24 07:00:00,Appendectomy,scheduled,200000121,19
2158,2024-04-25 09:00:00,Knee Arthroscopy,completed,200001594,9
2159,2024-04-25 09:00:00,Cardiac Catheterization,completed,200000212,93
2160,2024-04-26 11:00:00,Hernia Repair,scheduled,200000640,25
2161,2024-04-26 10:00:00,Hip Replacement,scheduled,200000954,10
2162,2024-04-27 10:00:00,Hysterectomy,completed,200000744,59
2163,2024-04-28 11:00:00,Hernia Repair,completed,200000190,18
2164,2024-04-28 08:00:00,Hysterectomy,completed,200000683,97
2165,2024-04-30 08:00:00,Cataract Surgery,completed,200001229,58
2166,2024-04-30 11:00:00,Cataract Surgery,completed,200000850,24
2167,2024-05-01 09:00:00,Knee Replacement,completed,200000036,85
2168,2024-05-02 09:00:00,Thyroidectomy,completed,200000964,83
2169,2024-05-02 10:00:00,Mastectomy,completed,200000592,85
2170,2024-05-03 11:00:00,Hip Replacement,completed,200000143,28
2171,2024-05-04 11:00:00,Hernia Repair,completed,200001330,10
2172,2024-05-04 10:00:00,Coronary Artery Bypass,completed,200001534,5
2173,2024-05-05 09:00:00,Knee Arthroscopy,completed,200001654,34
2174,2024-05-06 10:00:00,Cataract Surgery,completed,200000808,53
2175,2024-05-07 11:00:00,Hernia Repair,completed,200001691,91
2176,2024-05-07 11:00:00,Hernia Repair,completed,200000815,9
2177,2024-05-08 10:00:00,Hernia Repair,completed,200000794,23
2178,2024-05-09 08:00:00,Tonsillectomy,scheduled,200000355,42
2179,2024-05-09 07:00:00,Hysterectomy,scheduled,200000031,15
2180,2024-05-10 09:00:00,Prostatectomy,completed,200000471,98
2181,2024-05-11 09:00:00,Knee Replacement,scheduled,200001319,23
2182,2024-05-12 09:00:00,Thyroidectomy,completed,200001754,48
2183,2024-05-12 11:00:00,Coronary Artery Bypass,scheduled,200000045,93
2184,2024-05-13 10:00:00,Cataract Surgery,completed,200001632,13
2185,2024-05-14 08:00:00,Knee Replacement,completed,200000379,61
2186,2024-05-15 11:00:00,Thyroidectomy,scheduled,200000422,58
2187,2024-05-16 07:00:00,Hernia Repair,completed,200001164,10
2188,2024-05-16 07:00:00,Mastectomy,completed,200000054,10
2189,2024-05-17 07:00:00,Hip Replacement,completed,200000796,76
2190,2024-05-18 08:00:00,Hernia Repair,completed,200000615,76
2191,2024-05-19 09:00:00,Coronary Artery Bypass,completed,200000269,65
2192,2024-05-19 11:00:00,Cholecystectomy,completed,200000138,52
2193,2024-05-20 07:00:00,Cardiac Catheterization,completed,200000623,19
2194,2024-05-21 11:00:00,Mastectomy,scheduled,200001152,88
2195,2024-05-22 09:00:00,Spinal Fusion,scheduled,200000160,96
2196,2024-05-22 10:00:00,Tonsillectomy,completed,200000287,59
2197,2024-05-23 07:00:00,Hernia Repair,scheduled,200000871,92
2198,2024-05-24 07:00:00,Hernia Repair,scheduled,200001356,79
2199,2024-05-25 09:00:00,Cholecystectomy,completed,200001174,35
2200,2024-05-25 09:00:00,Prostatectomy,completed,200000918,39
2201,2024-05-26 07:00:00,Spinal Fusion,completed,200001534,1
2202,2024-05-26 08:00:00,Knee Arthroscopy,completed,200001966,70
2203,2024-05-28 07:00:00,Tonsillectomy,completed,200001281,80
2204,2024-05-28 07:00:00,Hip Replacement,scheduled,200000748,6
2205,2024-05-29 08:00:00,Tonsillectomy,completed,200001667,14
2206,2024-05-29 08:00:00,Coronary Artery Bypass,completed,200000502,60
2207,2024-05-30 08:00:00,Hernia Repair,completed,200000605,26
2208,2024-05-31 11:00:00,Knee Arthroscopy,scheduled,200000330,42
2209,2024-06-01 10:00:00,Cesarean Section,completed,200001304,19
2210,2024-06-01 11:00:00,Tonsillectomy,completed,200001110,94
2211,2024-06-02 07:00:00,Hip Replacement,scheduled,200000153,32
2212,2024-06-03 11:00:00,Tonsillectomy,completed,200000949,64
2213,2024-06-04 10:00:00,Spinal Fusion,completed,200001760,13
2214,2024-06-04 09:00:00,Thyroidectomy,scheduled,200001843,62
2215,2024-06-05 11:00:00,Hip Replacement,completed,200001342,31
2216,2024-06-06 09:00:00,Appendectomy,completed,200001028,53
2217,2024-06-07 11:00:00,Appendectomy,completed,200001346,62
2218,2024-06-07 07:00:00,Knee Arthroscopy,completed,200000086,29
2219,2024-06-08 08:00:00,Hip Replacement,completed,200001170,23
2220,2024-06-09 11:00:00,Mastectomy,completed,200001485,54
2221,2024-06-09 08:00:00,Cesarean Section,completed,200000262,63
2222,2024-06-10 08:00:00,Cardiac Catheterization,scheduled,200000334,85
2223,2024-06-11 11:00:00,Thyroidectomy,completed,200001077,90
2224,2024-06-12 08:00:00,Coronary Artery Bypass,completed,200000344,57
2225,2024-06-12 08:00:00,Appendectomy,scheduled,200001115,55
2226,2024-06-13 09:00:00,Appendectomy,completed,200000393,63
2227,2024-06-14 11:00:00,Tonsillectomy,scheduled,200000661,66
2228,2024-06-15 07:00:00,Coronary Artery Bypass,completed,200001134,50
2229,2024-06-16 07:00:00,Knee Replacement,completed,200000955,73
2230,2024-06-16 09:00:00,Spinal Fusion,completed,200001182,4
2231,2024-06-17 08:00:00,Mastectomy,completed,200000850,26
2232,2024-06-17 11:00:00,Coronary Artery Bypass,completed,200001315,82
2233,2024-06-18 08:00:00,Prostatectomy,completed,200000869,4
2234,2024-06-19 11:00:00,Hip Replacement,completed,200000376,81
2235,2024-06-20 09:00:00,Spinal Fusion,completed,200000882,20
2236,2024-06-20 08:00:00,Hip Replacement,scheduled,200001162,31
2237,2024-06-21 08:00:00,Tonsillectomy,completed,200001470,37
2238,2024-06-22 10:00:00,Hernia Repair,completed,200001438,2
2239,2024-06-22 07:00:00,Cesarean Section,completed,200000162,39
2240,2024-06-23 08:00:00,Tonsillectomy,completed,200001123,34
2241,2024-06-24 10:00:00,Cataract Surgery,completed,200001665,19
2242,2024-06-25 11:00:00,Appendectomy,scheduled,200000855,90
2243,2024-06-25 08:00:00,Thyroidectomy,scheduled,200001780,87
2244,2024-06-26 10:00:00,Appendectomy,scheduled,200001426,10
2245,2024-06-27 08:00:00,Appendectomy,completed,200001814,32
2246,2024-06-27 09:00:00,Hip Replacement,completed,200001208,4
2247,2024-06-28 08:00:00,Cataract Surgery,completed,200000447,92
2248,2024-06-29 11:00:00,Appendectomy,completed,200000767,26
2249,2024-06-30 10:00:00,Coronary Artery Bypass,scheduled,200000962,78
2250,2024-07-01 10:00:00,Knee Arthroscopy,scheduled,200000690,37
2251,2024-07-01 11:00:00,Hysterectomy,scheduled,200000111,34
2252,2024-07-02 08:00:00,Thyroidectomy,completed,200001857,34
2253,2024-07-03 07:00:00,Knee Replacement,completed,200001917,57
2254,2024-07-04 07:00:00,Cholecystectomy,completed,200000276,76
2255,2024-07-04 09:00:00,Hernia Repair,completed,200000095,21
2256,2024-07-05 07:00:00,Hernia Repair,scheduled,200001008,45
2257,2024-07-06 08:00:00,Tonsillectomy,completed,200000950,15
2258,2024-07-06 10:00:00,Cataract Surgery,scheduled,200001394,35
2259,2024-07-07 09:00:00,Spinal Fusion,completed,200001639,56
2260,2024-07-08 08:00:00,Tonsillectomy,scheduled,200000969,50
2261,2024-07-08 09:00:00,Coronary Artery Bypass,completed,200000686,39
2262,2024-07-09 10:00:00,Thyroidectomy,completed,200000724,90
2263,2024-07-10 07:00:00,Cataract Surgery,completed,200001686,34
2264,2024-07-11 09:00:00,Hysterectomy,completed,200001360,62
2265,2024-07-11 10:00:00,Spinal Fusion,completed,200000361,65
2266,2024-07-12 08:00:00,Hernia Repair,completed,200000251,28
2267,2024-07-13 10:00:00,Coronary Artery Bypass,completed,200000526,37
2268,2024-07-14 11:00:00,Cardiac Catheterization,completed,200000975,90
2269,2024-07-15 09:00:00,Mastectomy,completed,200001621,10
2270,2024-07-15 10:00:00,Knee Replacement,scheduled,200001045,82
2271,2024-07-16 09:00:00,Cardiac Catheterization,completed,200000594,21
2272,2024-07-16 10:00:00,Mastectomy,completed,200000364,72
2273,2024-07-17 09:00:00,Knee Arthroscopy,completed,200001669,50
2274,2024-07-18 10:00:00,Cardiac Catheterization,scheduled,200001116,6
2275,2024-07-19 10:00:00,Cataract Surgery,completed,200001063,88
2276,2024-07-20 11:00:00,Spinal Fusion,completed,200000912,78
2277,2024-07-20 07:00:00,Cholecystectomy,completed,200001376,66
2278,2024-07-21 07:00:00,Cesarean Section,completed,200001981,25
2279,2024-07-22 11:00:00,Cesarean Section,completed,200000957,51
2280,2024-07-22 08:00:00,Hip Replacement,completed,200000909,71
2281,2024-07-23 10:00:00,Cesarean Section,completed,200001355,75
2282,2024-07-24 10:00:00,Knee Arthroscopy,completed,200000668,53
2283,2024-07-25 10:00:00,Hip Replacement,completed,200001609,41
2284,2024-07-26 07:00:00,Cardiac Catheterization,completed,200001770,41
2285,2024-07-26 07:00:00,Hip Replacement,scheduled,200001399,39
2286,2024-07-27 08:00:00,Thyroidectomy,scheduled,200000454,3
2287,2024-07-27 07:00:00,Tonsillectomy,completed,200000650,42
2288,2024-07-28 11:00:00,Knee Arthroscopy,completed,200001869,58
2289,2024-07-29 08:00:00,Prostatectomy,completed,200000754,75
2290,2024-07-29 11:00:00,Thyroidectomy,completed,200000442,12
2291,2024-07-31 10:00:00,Hysterectomy,scheduled,200000369,7
2292,2024-07-31 08:00:00,Tonsillectomy,scheduled,200001866,58
2293,2024-08-01 09:00:00,Knee Arthroscopy,completed,200000898,53
2294,2024-08-02 09:00:00,Mastectomy,completed,200001721,45
2295,2024-08-02 08:00:00,Hysterectomy,completed,200001049,37
2296,2024-08-03 11:00:00,Knee Arthroscopy,completed,200001204,99
2297,2024-08-04 08:00:00,Cataract Surgery,completed,200001472,19
2298,2024-08-05 11:00:00,Spinal Fusion,completed,200001914,40
2299,2024-08-06 09:00:00,Cesarean Section,completed,200000833,22
2300,2024-08-06 08:00:00,Knee Replacement,completed,200001393,12
2301,2024-08-07 09:00:00,Appendectomy,scheduled,200001817,13
2302,2024-08-08 08:00:00,Spinal Fusion,completed,200000891,22
2303,2024-08-09 11:00:00,Coronary Artery Bypass,completed,200000168,77
2304,2024-08-09 08:00:00,Tonsillectomy,completed,200000122,38
2305,2024-08-09 09:00:00,Thyroidectomy,completed,200000624,13
2306,2024-08-11 11:00:00,Hysterectomy,completed,200001451,49
2307,2024-08-11 10:00:00,Coronary Artery Bypass,completed,200001010,30
2308,2024-08-12 11:00:00,Knee Arthroscopy,completed,200001968,42
2309,2024-08-13 08:00:00,Tonsillectomy,completed,200000041,36
2310,2024-08-13 09:00:00,Cataract Surgery,completed,200001368,42
2311,2024-08-14 10:00:00,Spinal Fusion,completed,200001759,93
2312,2024-08-15 11:00:00,Mastectomy,scheduled,200001100,41
2313,2024-08-15 11:00:00,Coronary Artery Bypass,completed,200001589,32
2314,2024-08-16 08:00:00,Appendectomy,scheduled,200000443,15
2315,2024-08-17 09:00:00,Mastectomy,completed,200001524,24
2316,2024-08-17 10:00:00,Cesarean Section,completed,200000138,14
2317,2024-08-18 07:00:00,Cesarean Section,completed,200001939,41
2318,2024-08-20 10:00:00,Hysterectomy,completed,200001141,71
2319,2024-08-20 07:00:00,Appendectomy,completed,200001703,43
2320,2024-08-21 11:00:00,Hernia Repair,completed,200000449,10
2321,2024-08-22 09:00:00,Cesarean Section,scheduled,200001856,98
2322,2024-08-22 09:00:00,Hysterectomy,completed,200000971,63
2323,2024-08-23 10:00:00,Cholecystectomy,completed,200000374,23
2324,2024-08-24 10:00:00,Cataract Surgery,completed,200001306,13
2325,2024-08-25 10:00:00,Mastectomy,completed,200000766,32
2326,2024-08-25 10:00:00,Hysterectomy,completed,200000376,44
2327,2024-08-26 09:00:00,Hernia Repair,completed,200001023,86
2328,2024-08-26 11:00:00,Tonsillectomy,completed,200001894,14
2329,2024-08-27 08:00:00,Spinal Fusion,completed,200000923,16
2330,2024-08-28 07:00:00,Hernia Repair,completed,200001790,93
2331,2024-08-29 10:00:00,Appendectomy,completed,200001562,72
2332,2024-08-30 11:00:00,Coronary Artery Bypass,completed,200000201,27
2333,2024-08-30 07:00:00,Hip Replacement,completed,200000665,80
2334,2024-08-31 10:00:00,Cholecystectomy,scheduled,200000116,44
2335,2024-08-31 09:00:00,Mastectomy,completed,200001090,11
2336,2024-09-02 07:00:00,Cardiac Catheterization,completed,200001864,29
2337,2024-09-02 10:00:00,Appendectomy,scheduled,200001099,67
2338,2024-09-03 11:00:00,Cholecystectomy,completed,200001738,99
2339,2024-09-04 10:00:00,Coronary Artery Bypass,completed,200001177,71
2340,2024-09-04 10:00:00,Cardiac Catheterization,scheduled,200000591,81
2341,2024-09-05 11:00:00,Hysterectomy,completed,200000775,33
2342,2024-09-05 09:00:00,Cataract Surgery,completed,200000472,99
2343,2024-09-06 11:00:00,Hip Replacement,completed,200000327,94
2344,2024-09-07 11:00:00,Tonsillectomy,completed,200001396,63
2345,2024-09-08 09:00:00,Cholecystectomy,completed,200000385,38
2346,2024-09-08 09:00:00,Cesarean Section,scheduled,200000439,42
2347,2024-09-10 11:00:00,Cholecystectomy,completed,200000602,95
2348,2024-09-10 10:00:00,Hip Replacement,completed,200000513,77
2349,2024-09-11 07:00:00,Cholecystectomy,scheduled,200000890,12
2350,2024-09-11 09:00:00,Hysterectomy,completed,200000859,40
2351,2024-09-12 10:00:00,Mastectomy,completed,200001409,18
2352,2024-09-13 11:00:00,Hernia Repair,completed,200000798,42
2353,2024-09-14 11:00:00,Cataract Surgery,completed,200000349,38
2354,2024-09-15 07:00:00,Cholecystectomy,completed,200001586,73
2355,2024-09-15 07:00:00,Hernia Repair,completed,200001141,46
2356,2024-09-16 10:00:00,Hip Replacement,completed,200001164,99
2357,2024-09-17 09:00:00,Cholecystectomy,completed,200001024,50
2358,2024-09-17 07:00:00,Hip Replacement,completed,200001845,67
2359,2024-09-18 08:00:00,Hernia Repair,completed,200000304,82
2360,2024-09-19 10:00:00,Mastectomy,completed,200000976,57
2361,2024-09-20 11:00:00,Prostatectomy,scheduled,200001079,74
2362,2024-09-21 11:00:00,Thyroidectomy,completed,200001741,60
2363,2024-09-21 11:00:00,Hysterectomy,completed,200001898,56
2364,2024-09-22 09:00:00,Coronary Artery Bypass,completed,200001142,14
2365,2024-09-22 09:00:00,Hysterectomy,completed,200000450,32
2366,2024-09-23 11:00:00,Thyroidectomy,completed,200000318,24
2367,2024-09-24 11:00:00,Hip Replacement,scheduled,200000460,100
2368,2024-09-24 07:00:00,Appendectomy,scheduled,200000988,69
2369,2024-09-25 08:00:00,Prostatectomy,completed,200000429,7
2370,2024-09-26 07:00:00,Appendectomy,completed,200001553,56
2371,2024-09-27 07:00:00,Coronary Artery Bypass,scheduled,200001788,77
2372,2024-09-28 09:00:00,Appendectomy,completed,200001966,4
2373,2024-09-29 10:00:00,Cardiac Catheterization,completed,200001433,51
2374,2024-09-29 09:00:00,Knee Arthroscopy,scheduled,200000593,52
2375,2024-09-30 08:00:00,Appendectomy,scheduled,200001163,78
2376,2024-10-01 07:00:00,Hernia Repair,scheduled,200001276,28
2377,2024-10-01 11:00:00,Spinal Fusion,completed,200001724,65
2378,2024-10-02 08:00:00,Tonsillectomy,completed,200000216,72
2379,2024-10-03 08:00:00,Tonsillectomy,scheduled,200000447,93
2380,2024-10-04 11:00:00,Cholecystectomy,completed,200001424,81
2381,2024-10-04 11:00:00,Cataract Surgery,completed,200001452,54
2382,2024-10-05 07:00:00,Cataract Surgery,completed,200001472,61
2383,2024-10-06 10:00:00,Knee Arthroscopy,completed,200000270,94
2384,2024-10-07 08:00:00,Cholecystectomy,scheduled,200001045,66
2385,2024-10-07 11:00:00,Mastectomy,completed,200001672,80
2386,2024-10-08 10:00:00,Thyroidectomy,completed,200000081,63
2387,2024-10-08 08:00:00,Spinal Fusion,completed,200000402,28
2388,2024-10-09 11:00:00,Prostatectomy,scheduled,200000986,31
2389,2024-10-10 10:00:00,Appendectomy,completed,200000680,65
2390,2024-10-11 11:00:00,Cataract Surgery,completed,200000289,11
2391,2024-10-12 07:00:00,Hernia Repair,completed,200001397,72
2392,2024-10-12 11:00:00,Cesarean Section,scheduled,200000631,66
2393,2024-10-13 11:00:00,Thyroidectomy,completed,200000831,64
2394,2024-10-13 09:00:00,Hysterectomy,scheduled,200000297,56
2395,2024-10-14 09:00:00,Coronary Artery Bypass,scheduled,200001203,93
2396,2024-10-15 10:00:00,Mastectomy,scheduled,200001069,32
2397,2024-10-16 10:00:00,Mastectomy,completed,200000973,29
2398,2024-10-16 08:00:00,Hysterectomy,completed,200001389,61
2399,2024-10-17 09:00:00,Tonsillectomy,scheduled,200000156,81
2400,2024-10-18 08:00:00,Knee Arthroscopy,completed,200000245,92
2401,2024-10-18 11:00:00,Coronary Artery Bypass,completed,200001550,74
2402,2024-10-20 07:00:00,Coronary Artery Bypass,completed,200001877,10
2403,2024-10-20 08:00:00,Cardiac Catheterization,completed,200000329,99
2404,2024-10-21 09:00:00,Hernia Repair,completed,200001613,41
2405,2024-10-22 07:00:00,Knee Arthroscopy,completed,200001347,22
2406,2024-10-22 09:00:00,Hysterectomy,completed,200001626,88
2407,2024-10-23 11:00:00,Thyroidectomy,scheduled,200001361,68
2408,2024-10-24 10:00:00,Appendectomy,completed,200001585,91
2409,2024-10-25 08:00:00,Prostatectomy,completed,200000844,38
2410,2024-10-26 10:00:00,Coronary Artery Bypass,completed,200001591,86
2411,2024-10-26 09:00:00,Knee Arthroscopy,completed,200000938,70
2412,2024-10-27 09:00:00,Tonsillectomy,completed,200000253,69
2413,2024-10-28 11:00:00,Knee Replacement,completed,200001768,13
2414,2024-10-29 11:00:00,Appendectomy,completed,200001185,100
2415,2024-10-29 08:00:00,Thyroidectomy,completed,200001766,17
2416,2024-10-30 10:00:00,Hernia Repair,completed,200000460,39
2417,2024-10-30 08:00:00,Coronary Artery Bypass,completed,200001689,49
2418,2024-10-31 07:00:00,Hip Replacement,scheduled,200001772,99
2419,2024-11-01 10:00:00,Hip Replacement,scheduled,200000468,46
2420,2024-11-02 11:00:00,Hip Replacement,scheduled,200000016,33
2421,2024-11-02 11:00:00,Knee Replacement,completed,200000223,7
2422,2024-11-03 08:00:00,Hip Replacement,completed,200000393,3
2423,2024-11-04 09:00:00,Thyroidectomy,completed,200001993,18
2424,2024-11-05 09:00:00,Prostatectomy,scheduled,200000445,79
2425,2024-11-05 10:00:00,Hernia Repair,completed,200000313,2
2426,2024-11-06 08:00:00,Thyroidectomy,scheduled,200001720,67
2427,2024-11-07 08:00:00,Thyroidectomy,completed,200000395,9
2428,2024-11-08 07:00:00,Appendectomy,completed,200000997,53
2429,2024-11-09 08:00:00,Coronary Artery Bypass,scheduled,200000737,22
2430,2024-11-09 10:00:00,Coronary Artery Bypass,completed,200001194,5
2431,2024-11-09 09:00:00,Cholecystectomy,completed,200001164,18
2432,2024-11-10 09:00:00,Hysterectomy,scheduled,200001888,19
2433,2024-11-12 10:00:00,Hysterectomy,scheduled,200000189,21
2434,2024-11-12 09:00:00,Cardiac Catheterization,completed,200001104,95
2435,2024-11-13 08:00:00,Tonsillectomy,completed,200001385,31
2436,2024-11-14 08:00:00,Knee Arthroscopy,completed,200000853,56
2437,2024-11-14 09:00:00,Mastectomy,completed,200001357,53
2438,2024-11-15 09:00:00,Cataract Surgery,completed,200000746,29
2439,2024-11-16 11:00:00,Thyroidectomy,scheduled,200000528,100
2440,2024-11-16 11:00:00,Cataract Surgery,completed,200001739,40
2441,2024-11-17 09:00:00,Spinal Fusion,scheduled,200001102,12
2442,2024-11-18 10:00:00,Knee Arthroscopy,completed,200001938,12
2443,2024-11-18 07:00:00,Hernia Repair,completed,200001151,46
2444,2024-11-19 11:00:00,Tonsillectomy,completed,200001420,28
2445,2024-11-20 07:00:00,Knee Replacement,completed,200001544,46
2446,2024-11-20 10:00:00,Knee Replacement,completed,200000733,15
2447,2024-11-21 09:00:00,Hip Replacement,completed,200000592,95
2448,2024-11-22 09:00:00,Spinal Fusion,completed,200000661,79
2449,2024-11-23 11:00:00,Knee Replacement,scheduled,200001566,95
2450,2024-11-23 07:00:00,Knee Replacement,completed,200000349,15
2451,2024-11-24 11:00:00,Prostatectomy,completed,200001117,15
2452,2024-11-25 08:00:00,Coronary Artery Bypass,scheduled,200001994,51
2453,2024-11-26 11:00:00,Mastectomy,scheduled,200000164,65
2454,2024-11-26 10:00:00,Cesarean Section,completed,200000175,21
2455,2024-11-27 07:00:00,Cataract Surgery,completed,200000554,71
2456,2024-11-28 09:00:00,Prostatectomy,completed,200000189,62
2457,2024-11-29 08:00:00,Tonsillectomy,completed,200001766,76
2458,2024-11-29 09:00:00,Cesarean Section,completed,200001458,40
2459,2024-11-30 11:00:00,Mastectomy,completed,200000194,55
2460,2024-12-01 07:00:00,Coronary Artery Bypass,completed,200000687,100
2461,2024-12-02 08:00:00,Knee Replacement,scheduled,200000530,18
2462,2024-12-02 11:00:00,Spinal Fusion,completed,200001436,94
2463,2024-12-03 07:00:00,Knee Replacement,completed,200001929,42
2464,2024-12-04 09:00:00,Cardiac Catheterization,completed,200001074,50
2465,2024-12-04 10:00:00,Coronary Artery Bypass,completed,200001409,15
2466,2024-12-06 10:00:00,Cesarean Section,completed,200001614,81
2467,2024-12-06 08:00:00,Tonsillectomy,completed,200001629,86
2468,2024-12-07 08:00:00,Knee Replacement,scheduled,200001796,12
2469,2024-12-08 11:00:00,Thyroidectomy,completed,200001172,60
2470,2024-12-08 07:00:00,Mastectomy,completed,200001115,74
2471,2024-12-09 11:00:00,Spinal Fusion,completed,200000057,40
2472,2024-12-10 11:00:00,Spinal Fusion,completed,200001048,25
2473,2024-12-11 09:00:00,Mastectomy,completed,200001231,36
2474,2024-12-11 07:00:00,Coronary Artery Bypass,completed,200001414,75
2475,2024-12-12 10:00:00,Prostatectomy,completed,200000540,66
2476,2024-12-12 09:00:00,Hysterectomy,completed,200001214,60
2477,2024-12-13 08:00:00,Tonsillectomy,completed,200000797,14
2478,2024-12-14 10:00:00,Coronary Artery Bypass,completed,200001559,73
2479,2024-12-14 11:00:00,Cholecystectomy,completed,200001129,38
2480,2024-12-15 07:00:00,Hip Replacement,scheduled,200001823,37
2481,2024-12-16 10:00:00,Cholecystectomy,completed,200001095,63
2482,2024-12-17 11:00:00,Cardiac Catheterization,completed,200000812,5
2483,2024-12-18 08:00:00,Tonsillectomy,completed,200000308,55
2484,2024-12-19 09:00:00,Spinal Fusion,scheduled,200000035,53
2485,2024-12-19 11:00:00,Hip Replacement,completed,200001205,10
2486,2024-12-20 08:00:00,Mastectomy,completed,200001746,13
2487,2024-12-20 08:00:00,Hysterectomy,scheduled,200001417,62
2488,2024-12-21 08:00:00,Coronary Artery Bypass,scheduled,200001023,5
2489,2024-12-22 07:00:00,Prostatectomy,completed,200000506,42
2490,2024-12-23 08:00:00,Spinal Fusion,completed,200000580,12
2491,2024-12-24 07:00:00,Hysterectomy,completed,200001501,75
2492,2024-12-24 08:00:00,Hernia Repair,scheduled,200000330,63
2493,2024-12-25 11:00:00,Hysterectomy,completed,200000306,60
2494,2024-12-26 07:00:00,Spinal Fusion,completed,200001278,62
2495,2024-12-26 10:00:00,Cholecystectomy,completed,200001877,87
2496,2024-12-27 08:00:00,Cholecystectomy,scheduled,200000704,54
2497,2024-12-28 08:00:00,Thyroidectomy,completed,200001451,15
2498,2024-12-29 11:00:00,Mastectomy,completed,200000440,36
2499,2024-12-30 07:00:00,Prostatectomy,completed,200000707,12
2500,2024-12-30 10:00:00,Knee Replacement,completed,200001130,28
2501,2021-03-21 14:45:00,Spinal Fusion,Completed,200000252,101
2502,2023-06-10 13:00:00,Prostatectomy,Completed,200001789,101
2503,2024-05-28 17:00:00,Hysterectomy,Completed,200000256,101
2504,2023-07-01 17:00:00,Cholecystectomy,Completed,200000863,101
2505,2023-07-16 14:30:00,Hysterectomy,Completed,200000702,101
2506,2024-08-06 17:45:00,Prostatectomy,Completed,200001039,101
2507,2020-07-26 12:30:00,Coronary Artery Bypass,Completed,200001695,101
2508,2022-10-06 12:45:00,Prostatectomy,Completed,200001637,101
2509,2023-04-27 15:15:00,Knee Replacement,Completed,200000912,101
2510,2024-06-14 11:45:00,Coronary Artery Bypass,Scheduled,200001249,101
2511,2022-09-17 13:00:00,Caesarean Section,Completed,200000594,101
2512,2021-02-11 09:00:00,Hernia Repair,Completed,200001982,102
2513,2021-02-13 12:45:00,Appendectomy,Completed,200000507,102
2514,2024-06-21 13:00:00,Cataract Surgery,Completed,200000204,102
2515,2022-06-10 10:00:00,Prostatectomy,Completed,200001596,102
2516,2022-10-17 16:45:00,Hysterectomy,Completed,200001012,102
2517,2023-03-06 13:30:00,Hernia Repair,Completed,200000635,102
2518,2023-10-04 17:00:00,Hip Replacement,Completed,200001527,102
2519,2022-07-15 12:45:00,Coronary Artery Bypass,Completed,200000556,102
2520,2024-06-15 07:30:00,Spinal Fusion,Completed,200001063,102
2521,2024-03-05 13:30:00,Appendectomy,Completed,200000681,102
2522,2023-03-01 11:00:00,Cataract Surgery,Completed,200000701,103
2523,2020-06-04 14:00:00,Spinal Fusion,Completed,200000481,103
2524,2020-11-01 14:30:00,Prostatectomy,Completed,200000185,103
2525,2024-03-19 08:30:00,Cataract Surgery,Completed,200001884,103
2526,2023-08-03 10:15:00,Tonsillectomy,Completed,200001108,103
2527,2020-05-10 18:30:00,Hernia Repair,Scheduled,200001275,103
2528,2021-01-03 09:00:00,Knee Replacement,Completed,200001548,103
2529,2024-01-12 14:15:00,Caesarean Section,Completed,200001769,103
2530,2020-06-28 09:30:00,Colectomy,Completed,200000770,103
2531,2021-03-03 18:30:00,Coronary Artery Bypass,Completed,200001599,103
2532,2024-03-06 12:15:00,Hip Replacement,Completed,200001884,103
2533,2024-06-24 13:00:00,Hip Replacement,Completed,200001940,103
2534,2021-05-08 18:45:00,Cholecystectomy,Completed,200001950,103
2535,2021-07-11 10:15:00,Caesarean Section,Completed,200001595,103
2536,2020-12-26 07:15:00,Coronary Artery Bypass,Completed,200000901,103
2537,2023-09-11 15:15:00,Spinal Fusion,Scheduled,200001626,103
2538,2024-06-09 08:00:00,Hip Replacement,Completed,200000224,104
2539,2023-02-13 12:30:00,Mastectomy,Completed,200000023,104
2540,2022-11-08 14:45:00,Caesarean Section,Completed,200000704,104
2541,2022-12-04 07:15:00,Gastric Bypass,Completed,200000200,104
2542,2024-04-13 15:45:00,Gastric Bypass,Completed,200001827,104
2543,2020-12-17 15:30:00,Cataract Surgery,Completed,200000517,104
2544,2021-01-19 13:15:00,Caesarean Section,Completed,200000659,104
2545,2020-08-16 10:15:00,Hysterectomy,Completed,200000945,104
2546,2024-03-01 14:15:00,Hernia Repair,Completed,200000417,104
2547,2020-05-07 09:45:00,Hernia Repair,Completed,200001557,104
2548,2024-01-21 10:45:00,Colectomy,Completed,200001405,104
2549,2020-03-22 14:15:00,Hernia Repair,Completed,200000523,104
2550,2020-01-21 07:45:00,Tonsillectomy,Completed,200001229,104
2551,2022-03-10 14:45:00,Coronary Artery Bypass,Completed,200000913,104
2552,2022-08-27 11:45:00,Hernia Repair,Completed,200000404,105
2553,2021-04-23 15:15:00,Gastric Bypass,Completed,200001102,105
2554,2022-01-27 10:15:00,Hip Replacement,Completed,200001876,105
2555,2024-06-16 07:15:00,Cholecystectomy,Completed,200001026,105
2556,2023-01-16 16:30:00,Coronary Artery Bypass,Completed,200000283,105
2557,2024-06-07 09:15:00,Colectomy,Completed,200001745,105
2558,2020-08-03 12:00:00,Spinal Fusion,Completed,200000544,105
2559,2021-09-11 13:30:00,Hysterectomy,Completed,200001430,105
2560,2023-08-18 13:30:00,Cholecystectomy,Completed,200000540,105
2561,2021-02-22 08:30:00,Caesarean Section,Completed,200000428,105
2562,2021-08-02 16:30:00,Mastectomy,Completed,200001362,105
2563,2024-05-12 18:30:00,Caesarean Section,Completed,200000234,105
2564,2024-06-08 15:00:00,Knee Replacement,Completed,200000566,105
2565,2023-11-26 17:30:00,Gastric Bypass,Completed,200000415,105
2566,2023-07-21 08:00:00,Colectomy,Completed,200000051,105
2567,2024-02-22 18:30:00,Gastric Bypass,Completed,200001833,105
2568,2023-09-03 09:30:00,Spinal Fusion,Completed,200000962,105
2569,2021-06-07 10:45:00,Prostatectomy,Completed,200000769,105
2570,2022-12-11 14:15:00,Tonsillectomy,Completed,200000588,105
2571,2020-07-13 18:15:00,Appendectomy,Completed,200000992,105
2572,2021-09-25 13:45:00,Hysterectomy,Completed,200001209,106
2573,2023-06-21 10:45:00,Hernia Repair,Completed,200001176,106
2574,2023-03-28 09:30:00,Cholecystectomy,Completed,200000929,106
2575,2022-08-17 10:15:00,Gastric Bypass,Completed,200000438,106
2576,2023-09-15 12:15:00,Appendectomy,Completed,200000573,106
2577,2023-12-04 14:00:00,Coronary Artery Bypass,Completed,200001653,106
2578,2021-02-28 15:45:00,Spinal Fusion,Completed,200001487,106
2579,2023-12-19 15:15:00,Hip Replacement,Completed,200000483,106
2580,2023-08-28 10:00:00,Hip Replacement,Completed,200001261,106
2581,2022-07-08 11:45:00,Prostatectomy,Completed,200001891,106
2582,2021-06-05 16:00:00,Cholecystectomy,Completed,200001031,106
2583,2024-10-13 13:15:00,Coronary Artery Bypass,Completed,200000457,106
2584,2021-05-14 14:30:00,Gastric Bypass,Completed,200000353,107
2585,2021-05-18 12:45:00,Cholecystectomy,Completed,200001962,107
2586,2023-01-07 13:30:00,Coronary Artery Bypass,Completed,200000038,107
2587,2021-09-05 11:45:00,Caesarean Section,Completed,200001370,107
2588,2020-12-24 10:00:00,Cholecystectomy,Completed,200000485,107
2589,2020-10-06 12:00:00,Spinal Fusion,Completed,200000953,107
2590,2021-11-13 18:30:00,Prostatectomy,Completed,200001948,107
2591,2024-02-20 13:30:00,Cholecystectomy,Completed,200001298,107
2592,2023-06-21 07:30:00,Mastectomy,Completed,200000958,107
2593,2023-04-15 12:45:00,Knee Replacement,Scheduled,200001882,107
2594,2023-02-26 12:30:00,Colectomy,Completed,200000669,107
2595,2020-10-07 18:45:00,Cholecystectomy,Completed,200000988,107
2596,2021-04-17 16:00:00,Tonsillectomy,Completed,200001940,107
2597,2021-12-05 17:45:00,Cataract Surgery,Completed,200001640,108
2598,2023-02-09 16:15:00,Mastectomy,Completed,200001414,108
2599,2020-10-25 14:45:00,Cataract Surgery,Completed,200000009,108
2600,2023-01-17 11:45:00,Cataract Surgery,Completed,200000995,108
2601,2020-02-21 07:00:00,Appendectomy,Completed,200001427,108
2602,2024-09-08 08:30:00,Gastric Bypass,Completed,200001628,108
2603,2022-01-23 10:45:00,Caesarean Section,Completed,200001342,108
2604,2020-02-20 17:15:00,Gastric Bypass,Completed,200000948,108
2605,2022-01-17 07:15:00,Knee Replacement,Completed,200001061,108
2606,2020-11-02 15:30:00,Colectomy,Completed,200001801,108
2607,2021-05-13 16:15:00,Appendectomy,Completed,200001465,108
2608,2022-05-20 15:15:00,Hernia Repair,Completed,200001665,108
2609,2024-02-06 14:15:00,Gastric Bypass,Scheduled,200001311,108
2610,2023-06-22 14:45:00,Cataract Surgery,Completed,200001467,108
2611,2024-04-24 09:30:00,Caesarean Section,Completed,200001627,108
2612,2024-06-22 09:30:00,Gastric Bypass,Completed,200000465,108
2613,2021-04-24 10:45:00,Mastectomy,Completed,200000063,108
2614,2023-01-19 07:15:00,Spinal Fusion,Completed,200001574,108
2615,2023-10-09 09:30:00,Mastectomy,Completed,200001156,108
2616,2023-05-19 10:30:00,Hysterectomy,Completed,200000366,109
2617,2024-07-22 13:15:00,Colectomy,Completed,200000075,109
2618,2022-09-27 14:15:00,Colectomy,Completed,200000480,109
2619,2023-07-16 13:45:00,Appendectomy,Completed,200000704,109
2620,2020-02-09 14:45:00,Coronary Artery Bypass,Completed,200001702,109
2621,2021-04-25 13:00:00,Cholecystectomy,Completed,200000466,109
2622,2023-10-16 13:00:00,Knee Replacement,Completed,200000863,109
2623,2020-12-18 08:15:00,Knee Replacement,Completed,200001278,109
2624,2024-09-10 09:45:00,Appendectomy,Completed,200001177,109
2625,2022-11-09 10:45:00,Caesarean Section,Completed,200001656,109
2626,2022-12-13 10:30:00,Colectomy,Completed,200001975,109
2627,2021-03-28 13:15:00,Appendectomy,Completed,200001158,109
2628,2022-05-05 08:15:00,Coronary Artery Bypass,Completed,200001608,109
2629,2020-11-20 10:15:00,Gastric Bypass,Completed,200001978,109
2630,2021-12-02 07:45:00,Hip Replacement,Scheduled,200000415,109
2631,2023-12-21 07:45:00,Mastectomy,Completed,200001350,109
2632,2021-03-04 16:15:00,Knee Replacement,Completed,200000466,109
2633,2020-09-24 07:30:00,Spinal Fusion,Completed,200001048,109
2634,2021-03-02 14:45:00,Appendectomy,Completed,200001303,110
2635,2020-04-20 11:30:00,Gastric Bypass,Completed,200000341,110
2636,2022-01-20 18:30:00,Prostatectomy,Completed,200000361,110
2637,2022-09-27 18:45:00,Spinal Fusion,Completed,200000290,110
2638,2024-11-22 07:15:00,Mastectomy,Completed,200000398,110
2639,2022-09-03 16:15:00,Tonsillectomy,Completed,200001842,110
2640,2021-06-08 12:00:00,Hip Replacement,Completed,200000826,110
2641,2020-04-10 13:00:00,Cholecystectomy,Completed,200000154,110
2642,2020-07-18 17:00:00,Cataract Surgery,Completed,200001665,110
2643,2021-03-07 07:00:00,Cataract Surgery,Completed,200001704,110
2644,2023-11-20 07:30:00,Mastectomy,Completed,200000660,111
2645,2021-12-20 16:00:00,Coronary Artery Bypass,Completed,200000654,111
2646,2022-09-08 07:15:00,Hernia Repair,Completed,200001726,111
2647,2020-10-22 18:15:00,Spinal Fusion,Completed,200000090,111
2648,2024-07-08 12:00:00,Colectomy,Completed,200001997,111
2649,2024-07-21 12:00:00,Hip Replacement,Completed,200000770,111
2650,2021-10-12 12:15:00,Cataract Surgery,Scheduled,200000128,111
2651,2024-03-23 17:15:00,Hip Replacement,Completed,200001052,111
2652,2022-09-26 08:00:00,Spinal Fusion,Completed,200000327,111
2653,2022-12-02 10:30:00,Tonsillectomy,Completed,200001606,111
2654,2023-02-23 11:30:00,Spinal Fusion,Completed,200001198,111
2655,2022-12-05 09:15:00,Knee Replacement,Completed,200001866,111
2656,2020-04-23 13:30:00,Hysterectomy,Scheduled,200000589,111
2657,2024-11-22 11:45:00,Colectomy,Completed,200001681,111
2658,2022-04-24 10:30:00,Coronary Artery Bypass,Completed,200000808,111
2659,2024-05-27 16:45:00,Spinal Fusion,Completed,200000111,111
2660,2020-08-13 14:00:00,Hip Replacement,Completed,200000526,111
2661,2021-02-01 10:45:00,Cataract Surgery,Completed,200000609,111
2662,2022-05-13 17:15:00,Prostatectomy,Completed,200001076,111
2663,2024-02-20 13:00:00,Appendectomy,Completed,200000056,112
2664,2024-10-21 13:30:00,Knee Replacement,Completed,200000312,112
2665,2022-07-03 13:15:00,Cataract Surgery,Completed,200001633,112
2666,2021-11-10 13:00:00,Hernia Repair,Completed,200000072,112
2667,2023-02-18 13:15:00,Gastric Bypass,Completed,200000066,112
2668,2020-02-15 09:15:00,Mastectomy,Completed,200001911,112
2669,2020-03-10 18:30:00,Cataract Surgery,Completed,200000319,112
2670,2024-03-01 14:00:00,Hysterectomy,Completed,200001450,112
2671,2022-06-28 16:30:00,Caesarean Section,Scheduled,200001562,112
2672,2023-11-04 15:00:00,Cataract Surgery,Completed,200000406,112
2673,2021-10-04 11:45:00,Knee Replacement,Completed,200000444,112
2674,2024-05-23 15:45:00,Appendectomy,Scheduled,200000095,112
2675,2020-05-15 12:15:00,Cholecystectomy,Scheduled,200001727,112
2676,2021-06-15 11:00:00,Hip Replacement,Completed,200001154,112
2677,2024-10-25 18:45:00,Mastectomy,Completed,200001751,112
2678,2021-11-08 12:30:00,Coronary Artery Bypass,Completed,200001242,112
2679,2020-11-08 17:45:00,Cataract Surgery,Completed,200001759,112
2680,2023-06-08 14:15:00,Cholecystectomy,Completed,200001959,112
2681,2022-02-18 08:00:00,Hip Replacement,Completed,200000120,112
2682,2022-01-12 13:45:00,Appendectomy,Completed,200000084,113
2683,2023-11-20 08:15:00,Coronary Artery Bypass,Completed,200000935,113
2684,2021-05-19 18:15:00,Knee Replacement,Completed,200000993,113
2685,2021-10-01 08:00:00,Coronary Artery Bypass,Completed,200001358,113
2686,2022-04-07 17:45:00,Tonsillectomy,Completed,200001587,113
2687,2022-11-25 09:45:00,Tonsillectomy,Completed,200001781,113
2688,2020-08-21 10:45:00,Hysterectomy,Scheduled,200000322,113
2689,2022-02-08 09:15:00,Cataract Surgery,Completed,200000151,113
2690,2020-09-12 16:45:00,Gastric Bypass,Completed,200000858,113
2691,2021-08-04 16:00:00,Hysterectomy,Completed,200001496,113
2692,2021-03-16 14:45:00,Mastectomy,Completed,200001871,113
2693,2020-02-15 08:30:00,Prostatectomy,Completed,200000013,113
2694,2021-05-12 14:00:00,Mastectomy,Completed,200000051,113
2695,2024-10-16 16:00:00,Mastectomy,Completed,200000173,113
2696,2021-05-12 07:30:00,Knee Replacement,Completed,200001314,113
2697,2024-07-15 16:15:00,Gastric Bypass,Completed,200001984,113
2698,2021-08-08 12:00:00,Hernia Repair,Completed,200000957,113
2699,2020-07-05 12:45:00,Caesarean Section,Completed,200001518,114
2700,2021-02-24 13:45:00,Tonsillectomy,Completed,200001769,114
2701,2022-10-06 11:15:00,Spinal Fusion,Completed,200000778,114
2702,2023-01-24 11:45:00,Prostatectomy,Completed,200001861,114
2703,2020-03-27 12:30:00,Gastric Bypass,Completed,200001078,114
2704,2023-10-09 13:00:00,Coronary Artery Bypass,Scheduled,200000675,114
2705,2020-11-04 15:00:00,Hysterectomy,Completed,200000426,114
2706,2020-11-04 15:00:00,Gastric Bypass,Completed,200000333,114
2707,2022-05-24 11:30:00,Coronary Artery Bypass,Scheduled,200001859,114
2708,2020-07-25 16:15:00,Caesarean Section,Completed,200000816,114
2709,2020-04-21 08:30:00,Tonsillectomy,Scheduled,200001737,114
2710,2020-04-04 16:00:00,Gastric Bypass,Completed,200000681,114
2711,2024-07-21 17:45:00,Caesarean Section,Completed,200000238,114
2712,2024-02-27 18:15:00,Colectomy,Completed,200000166,114
2713,2023-08-06 14:45:00,Knee Replacement,Completed,200001942,114
2714,2024-04-28 17:00:00,Knee Replacement,Completed,200000629,114
2715,2024-07-01 12:45:00,Cholecystectomy,Completed,200001073,114
2716,2024-08-25 10:15:00,Hysterectomy,Completed,200001594,114
2717,2021-12-13 09:30:00,Cholecystectomy,Completed,200000718,114
2718,2020-08-08 15:30:00,Knee Replacement,Scheduled,200001608,115
2719,2021-12-15 15:45:00,Prostatectomy,Completed,200001159,115
2720,2020-09-05 12:45:00,Cholecystectomy,Completed,200001269,115
2721,2020-12-15 11:15:00,Caesarean Section,Completed,200001495,115
2722,2021-06-26 09:30:00,Coronary Artery Bypass,Completed,200000576,115
2723,2021-03-12 14:45:00,Mastectomy,Completed,200001986,115
2724,2023-04-16 08:15:00,Spinal Fusion,Completed,200000285,115
2725,2022-06-14 13:45:00,Colectomy,Completed,200000743,115
2726,2024-03-18 10:00:00,Spinal Fusion,Completed,200001265,115
2727,2020-05-02 09:00:00,Hernia Repair,Completed,200000549,115
2728,2021-06-09 17:45:00,Cataract Surgery,Completed,200001221,115
2729,2022-10-04 16:00:00,Prostatectomy,Completed,200001944,115
2730,2020-09-17 12:45:00,Mastectomy,Completed,200001591,115
2731,2021-07-12 16:00:00,Hip Replacement,Completed,200000880,115
2732,2023-10-18 12:30:00,Cataract Surgery,Completed,200000299,115
2733,2024-09-07 07:30:00,Mastectomy,Completed,200001090,115
2734,2023-08-06 18:45:00,Coronary Artery Bypass,Completed,200001952,116
2735,2023-05-02 11:30:00,Hip Replacement,Completed,200001574,116
2736,2020-10-25 08:00:00,Caesarean Section,Completed,200000737,116
2737,2022-12-09 13:00:00,Hysterectomy,Completed,200000236,116
2738,2024-06-24 14:15:00,Appendectomy,Completed,200000801,116
2739,2021-06-03 12:15:00,Hip Replacement,Completed,200000036,116
2740,2024-11-22 14:00:00,Cholecystectomy,Completed,200001681,116
2741,2020-03-08 11:00:00,Mastectomy,Completed,200000398,116
2742,2020-01-08 16:30:00,Hip Replacement,Completed,200001493,116
2743,2021-10-16 10:30:00,Caesarean Section,Completed,200001435,116
2744,2024-02-24 13:45:00,Colectomy,Scheduled,200001140,117
2745,2021-09-11 08:30:00,Caesarean Section,Completed,200000186,117
2746,2023-06-08 14:15:00,Hip Replacement,Completed,200001085,117
2747,2023-03-19 15:15:00,Spinal Fusion,Completed,200000171,117
2748,2023-11-02 10:00:00,Colectomy,Completed,200001759,117
2749,2021-01-19 09:15:00,Appendectomy,Completed,200001847,117
2750,2020-06-09 16:45:00,Tonsillectomy,Completed,200000488,117
2751,2024-05-28 07:00:00,Coronary Artery Bypass,Scheduled,200001754,117
2752,2023-05-17 08:00:00,Gastric Bypass,Scheduled,200000256,117
2753,2020-02-15 13:00:00,Gastric Bypass,Completed,200000091,117
2754,2023-08-08 11:15:00,Appendectomy,Completed,200001898,117
2755,2023-08-04 11:30:00,Mastectomy,Completed,200000398,117
2756,2024-07-03 17:15:00,Tonsillectomy,Completed,200001078,117
2757,2020-07-17 10:30:00,Coronary Artery Bypass,Completed,200000541,117
2758,2024-02-12 14:15:00,Colectomy,Completed,200001551,117
2759,2022-11-11 15:30:00,Coronary Artery Bypass,Completed,200000406,117
2760,2020-04-17 07:30:00,Mastectomy,Completed,200001313,117
2761,2022-12-08 12:30:00,Cholecystectomy,Completed,200000688,117
2762,2024-09-19 15:00:00,Hernia Repair,Completed,200001997,117
2763,2021-11-14 08:45:00,Hernia Repair,Completed,200000060,117
2764,2022-06-09 16:45:00,Prostatectomy,Completed,200001602,118
2765,2023-04-02 12:45:00,Coronary Artery Bypass,Completed,200001258,118
2766,2020-01-09 18:45:00,Hysterectomy,Completed,200000365,118
2767,2020-02-26 12:00:00,Mastectomy,Scheduled,200000808,118
2768,2021-12-13 10:00:00,Hip Replacement,Scheduled,200001647,118
2769,2024-05-26 07:15:00,Caesarean Section,Scheduled,200000083,118
2770,2021-03-05 14:00:00,Prostatectomy,Scheduled,200000598,118
2771,2020-05-01 14:00:00,Caesarean Section,Completed,200000397,118
2772,2024-10-23 15:00:00,Spinal Fusion,Completed,200001685,118
2773,2022-02-25 09:15:00,Coronary Artery Bypass,Completed,200001958,118
2774,2023-09-26 13:30:00,Mastectomy,Completed,200000608,118
2775,2021-11-09 10:45:00,Colectomy,Completed,200001272,118
2776,2024-08-15 09:15:00,Caesarean Section,Completed,200001998,118
2777,2022-03-16 14:00:00,Cholecystectomy,Completed,200000304,118
2778,2024-05-26 17:00:00,Coronary Artery Bypass,Completed,200001117,119
2779,2022-03-26 18:30:00,Colectomy,Completed,200001643,119
2780,2024-11-07 14:15:00,Appendectomy,Completed,200001042,119
2781,2024-12-07 15:30:00,Spinal Fusion,Completed,200001234,119
2782,2022-09-13 13:45:00,Mastectomy,Completed,200000502,119
2783,2023-04-27 13:15:00,Cholecystectomy,Scheduled,200000768,119
2784,2023-05-01 10:15:00,Cholecystectomy,Completed,200001016,119
2785,2022-02-05 09:15:00,Hysterectomy,Completed,200001009,119
2786,2021-03-17 07:30:00,Caesarean Section,Completed,200000773,119
2787,2023-04-24 18:00:00,Hip Replacement,Completed,200000150,119
2788,2022-05-23 07:00:00,Gastric Bypass,Scheduled,200001831,120
2789,2022-10-14 14:30:00,Cholecystectomy,Completed,200001334,120
2790,2021-05-24 16:00:00,Knee Replacement,Completed,200001711,120
2791,2023-12-15 12:45:00,Spinal Fusion,Completed,200000266,120
2792,2020-04-10 15:00:00,Hip Replacement,Completed,200000131,120
2793,2020-09-22 16:00:00,Tonsillectomy,Completed,200001822,120
2794,2024-11-26 08:30:00,Tonsillectomy,Completed,200001224,120
2795,2023-04-26 13:15:00,Cholecystectomy,Scheduled,200001050,120
2796,2022-11-09 12:30:00,Hernia Repair,Completed,200000003,120
2797,2020-10-22 07:00:00,Tonsillectomy,Completed,200000228,120
2798,2024-12-28 08:30:00,Hip Replacement,Completed,200001066,120
2799,2021-09-27 12:00:00,Hysterectomy,Completed,200001448,120
2800,2022-11-05 12:00:00,Caesarean Section,Completed,200000833,120
2801,2021-09-24 09:30:00,Knee Replacement,Completed,200001320,120
2802,2020-04-07 15:00:00,Mastectomy,Completed,200000565,121
2803,2023-08-04 18:30:00,Coronary Artery Bypass,Scheduled,200000257,121
2804,2021-10-24 11:00:00,Caesarean Section,Completed,200000306,121
2805,2023-08-08 09:30:00,Knee Replacement,Completed,200000770,121
2806,2024-03-28 11:15:00,Appendectomy,Completed,200000985,121
2807,2020-06-15 09:45:00,Prostatectomy,Completed,200000238,121
2808,2022-11-21 15:30:00,Knee Replacement,Completed,200001837,121
2809,2021-04-26 16:45:00,Gastric Bypass,Completed,200001260,121
2810,2020-01-28 16:30:00,Mastectomy,Completed,200001314,121
2811,2024-01-07 11:00:00,Mastectomy,Completed,200001899,121
2812,2023-04-08 16:30:00,Mastectomy,Completed,200001780,121
2813,2024-10-26 12:00:00,Appendectomy,Completed,200001915,121
2814,2020-02-26 17:45:00,Colectomy,Completed,200000691,121
2815,2023-08-17 07:30:00,Hernia Repair,Completed,200001700,121
2816,2023-09-09 17:45:00,Hip Replacement,Completed,200001188,121
2817,2021-05-27 14:15:00,Hernia Repair,Completed,200000071,121
2818,2021-05-17 09:00:00,Spinal Fusion,Completed,200000631,121
2819,2020-01-21 09:00:00,Spinal Fusion,Completed,200000070,121
2820,2023-11-25 11:15:00,Hip Replacement,Completed,200001014,122
2821,2024-02-14 18:00:00,Cholecystectomy,Completed,200000843,122
2822,2020-11-13 16:30:00,Mastectomy,Completed,200000917,122
2823,2024-06-06 11:30:00,Hernia Repair,Completed,200001848,122
2824,2021-07-19 14:45:00,Hip Replacement,Completed,200001470,122
2825,2023-04-21 16:45:00,Knee Replacement,Completed,200000731,122
2826,2021-03-03 09:15:00,Colectomy,Completed,200000728,122
2827,2021-06-08 08:00:00,Knee Replacement,Completed,200000642,122
2828,2021-07-21 16:30:00,Prostatectomy,Completed,200001438,122
2829,2024-10-28 08:00:00,Hernia Repair,Completed,200000385,122
2830,2022-09-01 07:45:00,Coronary Artery Bypass,Completed,200001254,122
2831,2021-06-28 14:30:00,Appendectomy,Completed,200000805,122
2832,2020-01-12 17:00:00,Cholecystectomy,Completed,200001813,122
2833,2020-03-13 15:30:00,Mastectomy,Completed,200001035,122
2834,2023-11-13 07:45:00,Cholecystectomy,Completed,200001615,122
2835,2024-09-16 15:00:00,Tonsillectomy,Completed,200001309,122
2836,2020-09-16 13:30:00,Mastectomy,Completed,200000254,122
2837,2021-07-28 11:00:00,Mastectomy,Completed,200000425,122
2838,2023-04-08 16:00:00,Knee Replacement,Scheduled,200000381,122
2839,2024-12-20 08:15:00,Caesarean Section,Completed,200000626,122
2840,2021-03-18 12:00:00,Mastectomy,Completed,200001548,123
2841,2022-06-09 17:30:00,Caesarean Section,Completed,200001391,123
2842,2022-04-03 09:30:00,Coronary Artery Bypass,Completed,200000168,123
2843,2022-11-03 13:00:00,Coronary Artery Bypass,Scheduled,200000990,123
2844,2022-10-21 07:15:00,Colectomy,Completed,200000109,123
2845,2020-03-11 15:00:00,Cholecystectomy,Completed,200000430,123
2846,2023-12-15 17:15:00,Mastectomy,Completed,200001480,123
2847,2022-08-22 16:15:00,Tonsillectomy,Completed,200000441,123
2848,2022-02-14 11:45:00,Caesarean Section,Completed,200000351,123
2849,2023-07-02 16:30:00,Colectomy,Completed,200001891,123
2850,2023-08-01 15:30:00,Prostatectomy,Completed,200001951,123
2851,2024-03-26 18:00:00,Prostatectomy,Completed,200001169,124
2852,2021-04-09 08:00:00,Cataract Surgery,Completed,200000093,124
2853,2021-03-08 07:15:00,Colectomy,Scheduled,200001826,124
2854,2022-03-18 11:00:00,Colectomy,Completed,200001196,124
2855,2023-11-20 14:30:00,Prostatectomy,Completed,200000443,124
2856,2020-06-13 08:15:00,Hysterectomy,Completed,200001958,124
2857,2021-01-10 17:15:00,Mastectomy,Scheduled,200000694,124
2858,2021-06-04 11:30:00,Hernia Repair,Completed,200000255,124
2859,2022-07-09 10:15:00,Hysterectomy,Completed,200001273,124
2860,2023-12-05 13:45:00,Knee Replacement,Completed,200000300,124
2861,2024-08-02 14:30:00,Hysterectomy,Completed,200000469,124
2862,2023-02-07 11:00:00,Hysterectomy,Completed,200000315,124
2863,2024-01-26 11:15:00,Mastectomy,Scheduled,200000147,124
2864,2024-01-01 11:00:00,Gastric Bypass,Completed,200000372,124
2865,2022-06-06 09:30:00,Coronary Artery Bypass,Completed,200001705,124
2866,2022-11-25 17:30:00,Appendectomy,Completed,200000599,124
2867,2022-05-23 15:00:00,Appendectomy,Completed,200000357,124
2868,2023-08-13 17:00:00,Cataract Surgery,Completed,200001645,124
2869,2024-10-06 09:30:00,Caesarean Section,Completed,200000233,124
2870,2022-07-07 09:45:00,Hip Replacement,Completed,200000824,125
2871,2020-10-24 14:45:00,Knee Replacement,Completed,200001232,125
2872,2023-02-16 17:00:00,Knee Replacement,Scheduled,200000896,125
2873,2020-05-07 16:00:00,Tonsillectomy,Completed,200000447,125
2874,2021-03-21 10:15:00,Cholecystectomy,Completed,200000821,125
2875,2020-12-19 11:00:00,Hernia Repair,Completed,200000743,125
2876,2023-03-14 11:15:00,Hernia Repair,Completed,200000244,125
2877,2023-01-26 15:45:00,Caesarean Section,Completed,200000552,125
2878,2020-08-14 12:30:00,Hip Replacement,Completed,200001506,125
2879,2023-05-13 14:30:00,Prostatectomy,Completed,200000037,125
2880,2020-06-01 12:45:00,Hernia Repair,Completed,200001514,125
2881,2024-12-22 07:00:00,Prostatectomy,Completed,200001495,125
2882,2022-04-27 14:45:00,Hernia Repair,Completed,200001740,126
2883,2020-11-26 16:15:00,Hernia Repair,Completed,200000304,126
2884,2022-07-20 13:30:00,Cataract Surgery,Completed,200001815,126
2885,2020-07-18 18:45:00,Spinal Fusion,Completed,200001197,126
2886,2024-03-01 15:45:00,Prostatectomy,Scheduled,200001284,126
2887,2024-09-24 16:00:00,Mastectomy,Completed,200001509,126
2888,2021-05-10 13:30:00,Knee Replacement,Completed,200001603,126
2889,2022-04-12 14:30:00,Spinal Fusion,Completed,200001444,126
2890,2020-06-04 09:30:00,Knee Replacement,Completed,200000857,126
2891,2023-04-02 16:45:00,Tonsillectomy,Completed,200001369,126
2892,2022-09-14 15:00:00,Appendectomy,Completed,200001029,126
2893,2024-08-18 09:00:00,Tonsillectomy,Completed,200000388,126
2894,2022-09-08 18:45:00,Hip Replacement,Completed,200000292,126
2895,2020-03-05 17:00:00,Prostatectomy,Completed,200000891,126
2896,2024-05-16 16:30:00,Gastric Bypass,Scheduled,200001492,126
2897,2024-04-16 14:00:00,Caesarean Section,Completed,200001944,126
2898,2023-08-16 17:30:00,Coronary Artery Bypass,Completed,200000887,126
2899,2020-06-13 10:45:00,Colectomy,Completed,200000484,126
2900,2022-02-04 14:00:00,Gastric Bypass,Scheduled,200001173,126
2901,2020-07-17 11:15:00,Caesarean Section,Completed,200000399,127
2902,2024-01-20 08:15:00,Hysterectomy,Scheduled,200001403,127
2903,2021-01-09 07:45:00,Colectomy,Completed,200000353,127
2904,2021-07-07 18:15:00,Tonsillectomy,Completed,200000204,127
2905,2021-01-28 12:45:00,Tonsillectomy,Completed,200001053,127
2906,2021-06-25 17:30:00,Hernia Repair,Completed,200000371,127
2907,2020-02-28 13:45:00,Colectomy,Completed,200000683,127
2908,2020-10-01 08:15:00,Gastric Bypass,Scheduled,200001490,127
2909,2021-04-05 13:15:00,Spinal Fusion,Completed,200000400,127
2910,2023-03-14 16:15:00,Cholecystectomy,Completed,200001382,127
2911,2021-09-19 15:30:00,Cholecystectomy,Completed,200001963,127
2912,2020-04-25 17:15:00,Hernia Repair,Completed,200000540,127
2913,2020-07-21 13:45:00,Cholecystectomy,Completed,200000480,127
2914,2024-04-05 18:45:00,Coronary Artery Bypass,Completed,200000631,127
2915,2020-03-09 17:15:00,Cataract Surgery,Scheduled,200000574,127
2916,2021-08-24 17:30:00,Hip Replacement,Completed,200000818,128
2917,2024-08-16 17:00:00,Caesarean Section,Scheduled,200000472,128
2918,2023-08-13 08:15:00,Mastectomy,Completed,200001639,128
2919,2021-07-26 10:45:00,Appendectomy,Completed,200000327,128
2920,2021-10-13 18:15:00,Tonsillectomy,Completed,200001009,128
2921,2020-03-24 15:15:00,Appendectomy,Completed,200000051,128
2922,2024-03-11 10:30:00,Cataract Surgery,Completed,200001203,128
2923,2020-02-04 13:15:00,Colectomy,Completed,200000016,128
2924,2023-04-14 10:30:00,Caesarean Section,Completed,200001172,128
2925,2021-02-25 15:45:00,Prostatectomy,Completed,200001281,128
2926,2021-07-07 16:30:00,Hysterectomy,Completed,200000420,128
2927,2023-11-20 13:15:00,Prostatectomy,Completed,200000909,128
2928,2020-08-11 15:15:00,Knee Replacement,Completed,200000171,128
2929,2020-07-16 12:45:00,Hernia Repair,Completed,200001231,128
2930,2023-01-16 07:30:00,Spinal Fusion,Completed,200000939,128
2931,2022-10-11 18:45:00,Colectomy,Completed,200000789,128
2932,2024-07-09 16:15:00,Coronary Artery Bypass,Completed,200000246,128
2933,2020-12-24 09:45:00,Hysterectomy,Completed,200000474,128
2934,2020-09-16 08:45:00,Hysterectomy,Completed,200001922,128
2935,2020-01-27 15:30:00,Prostatectomy,Scheduled,200000950,128
2936,2022-11-18 18:15:00,Mastectomy,Completed,200001782,129
2937,2022-07-05 15:15:00,Mastectomy,Completed,200000012,129
2938,2021-01-11 16:15:00,Colectomy,Completed,200001512,129
2939,2021-03-08 18:15:00,Appendectomy,Completed,200001131,129
2940,2022-06-13 17:15:00,Mastectomy,Scheduled,200000574,129
2941,2024-04-06 08:45:00,Hip Replacement,Completed,200001251,129
2942,2020-12-25 13:15:00,Cholecystectomy,Completed,200001247,129
2943,2021-01-16 07:15:00,Hernia Repair,Completed,200000477,129
2944,2021-06-15 07:00:00,Caesarean Section,Completed,200000541,129
2945,2024-09-02 16:30:00,Tonsillectomy,Completed,200001764,129
2946,2020-12-09 11:30:00,Caesarean Section,Completed,200000543,129
2947,2021-05-04 10:00:00,Tonsillectomy,Completed,200000360,129
2948,2022-09-06 11:45:00,Caesarean Section,Completed,200000460,129
2949,2023-04-04 12:45:00,Cataract Surgery,Completed,200000780,129
2950,2024-07-05 11:30:00,Knee Replacement,Completed,200000111,129
2951,2020-11-03 09:15:00,Hysterectomy,Completed,200000380,129
2952,2024-08-09 08:00:00,Hysterectomy,Completed,200000425,130
2953,2022-08-16 13:00:00,Colectomy,Completed,200001063,130
2954,2022-01-07 09:30:00,Cholecystectomy,Completed,200000018,130
2955,2024-12-27 18:30:00,Caesarean Section,Completed,200000785,130
2956,2024-05-20 11:15:00,Gastric Bypass,Completed,200000479,130
2957,2022-06-28 13:30:00,Spinal Fusion,Completed,200001919,130
2958,2020-08-20 17:30:00,Tonsillectomy,Completed,200000673,130
2959,2020-06-19 18:30:00,Cholecystectomy,Completed,200001858,130
2960,2022-07-03 07:30:00,Caesarean Section,Completed,200000178,130
2961,2024-05-10 14:00:00,Spinal Fusion,Completed,200001805,130
2962,2023-03-16 17:45:00,Prostatectomy,Completed,200001112,130
2963,2020-08-18 16:30:00,Mastectomy,Completed,200000876,130
2964,2023-02-12 10:30:00,Colectomy,Completed,200000608,130
2965,2021-07-28 18:30:00,Colectomy,Scheduled,200001180,130
2966,2024-12-27 11:45:00,Caesarean Section,Completed,200001743,130
2967,2021-06-20 13:45:00,Caesarean Section,Completed,200000582,130
2968,2020-03-26 14:00:00,Coronary Artery Bypass,Completed,200000256,130
2969,2020-07-17 08:45:00,Hernia Repair,Completed,200000242,131
2970,2022-10-18 15:30:00,Coronary Artery Bypass,Completed,200001274,131
2971,2022-01-08 16:45:00,Mastectomy,Completed,200000749,131
2972,2021-12-21 18:00:00,Colectomy,Completed,200000576,131
2973,2024-03-21 13:45:00,Hernia Repair,Completed,200001606,131
2974,2024-09-21 09:30:00,Coronary Artery Bypass,Completed,200001389,131
2975,2023-06-28 17:45:00,Cholecystectomy,Completed,200001228,131
2976,2024-05-24 17:45:00,Cholecystectomy,Completed,200000203,131
2977,2024-11-19 15:00:00,Mastectomy,Completed,200001055,131
2978,2021-03-10 08:00:00,Caesarean Section,Completed,200000617,131
2979,2024-08-19 09:30:00,Hernia Repair,Completed,200000475,131
2980,2022-12-23 14:15:00,Gastric Bypass,Completed,200001993,131
2981,2021-01-12 10:00:00,Cataract Surgery,Completed,200000593,131
2982,2024-04-21 15:45:00,Hip Replacement,Completed,200001021,131
2983,2024-01-22 12:00:00,Hysterectomy,Scheduled,200001328,131
2984,2022-05-18 16:45:00,Cholecystectomy,Completed,200001430,132
2985,2021-07-05 18:30:00,Mastectomy,Completed,200001623,132
2986,2022-04-08 16:30:00,Mastectomy,Scheduled,200001893,132
2987,2022-08-11 17:00:00,Caesarean Section,Completed,200000519,132
2988,2024-09-17 09:30:00,Spinal Fusion,Completed,200000985,132
2989,2023-10-02 07:30:00,Cholecystectomy,Completed,200000106,132
2990,2020-08-08 16:45:00,Prostatectomy,Completed,200000413,132
2991,2020-01-20 11:30:00,Hip Replacement,Completed,200000814,132
2992,2023-03-20 12:45:00,Coronary Artery Bypass,Completed,200001702,132
2993,2021-03-11 14:00:00,Cataract Surgery,Completed,200000629,132
2994,2021-09-18 15:30:00,Tonsillectomy,Completed,200000550,132
2995,2024-05-26 10:30:00,Spinal Fusion,Completed,200000857,133
2996,2020-07-22 18:00:00,Cholecystectomy,Completed,200001039,133
2997,2024-05-11 12:00:00,Tonsillectomy,Scheduled,200001108,133
2998,2021-03-08 13:30:00,Colectomy,Completed,200001505,133
2999,2024-07-19 18:45:00,Colectomy,Completed,200001320,133
3000,2022-10-25 14:15:00,Gastric Bypass,Completed,200001909,133
3001,2023-03-10 13:45:00,Hip Replacement,Completed,200000826,133
3002,2021-10-10 12:30:00,Spinal Fusion,Completed,200001470,133
3003,2020-01-02 18:15:00,Colectomy,Completed,200000688,133
3004,2024-04-24 07:45:00,Hernia Repair,Completed,200001031,133
3005,2022-10-17 07:15:00,Cataract Surgery,Completed,200001361,133
3006,2021-12-07 14:45:00,Hysterectomy,Completed,200000646,133
3007,2024-01-08 15:30:00,Caesarean Section,Completed,200001821,133
3008,2022-09-15 16:45:00,Caesarean Section,Completed,200001258,133
3009,2021-06-02 14:15:00,Appendectomy,Completed,200000654,134
3010,2024-01-26 09:00:00,Knee Replacement,Completed,200000096,134
3011,2023-10-08 12:00:00,Tonsillectomy,Completed,200001568,134
3012,2022-01-05 15:45:00,Cataract Surgery,Completed,200000919,134
3013,2020-12-20 08:30:00,Tonsillectomy,Scheduled,200001159,134
3014,2023-03-20 08:00:00,Caesarean Section,Completed,200001075,134
3015,2023-04-16 14:15:00,Mastectomy,Completed,200001523,134
3016,2022-07-03 16:00:00,Hernia Repair,Completed,200001883,134
3017,2023-09-15 13:45:00,Mastectomy,Completed,200001115,134
3018,2022-08-09 14:45:00,Hernia Repair,Completed,200001265,134
3019,2022-08-17 10:30:00,Mastectomy,Completed,200000240,134
3020,2023-07-28 09:00:00,Cholecystectomy,Completed,200001748,134
3021,2023-12-10 09:15:00,Knee Replacement,Scheduled,200000897,134
3022,2024-11-20 14:15:00,Cataract Surgery,Completed,200001703,134
3023,2023-12-02 17:15:00,Spinal Fusion,Completed,200000190,134
3024,2023-05-05 15:15:00,Gastric Bypass,Completed,200000884,134
3025,2021-10-28 14:45:00,Hip Replacement,Completed,200000811,134
3026,2020-03-05 14:15:00,Caesarean Section,Completed,200000628,134
3027,2023-11-12 17:30:00,Hysterectomy,Completed,200000466,134
3028,2022-05-14 11:45:00,Knee Replacement,Completed,200000279,135
3029,2022-05-20 09:15:00,Cholecystectomy,Completed,200000360,135
3030,2020-12-07 07:45:00,Knee Replacement,Completed,200000375,135
3031,2021-12-03 10:30:00,Gastric Bypass,Scheduled,200001021,135
3032,2024-01-02 13:15:00,Caesarean Section,Completed,200001524,135
3033,2022-02-13 07:15:00,Spinal Fusion,Completed,200001987,135
3034,2021-01-22 13:45:00,Mastectomy,Completed,200001071,135
3035,2021-04-09 11:00:00,Knee Replacement,Completed,200000332,135
3036,2023-01-08 15:45:00,Appendectomy,Completed,200000587,135
3037,2020-09-20 18:45:00,Cholecystectomy,Completed,200001627,135
3038,2021-09-06 17:15:00,Hysterectomy,Completed,200000343,135
3039,2020-05-28 17:15:00,Gastric Bypass,Completed,200001785,135
3040,2020-04-06 18:45:00,Tonsillectomy,Completed,200001315,135
3041,2021-07-17 09:00:00,Caesarean Section,Completed,200001316,135
3042,2024-02-04 11:15:00,Colectomy,Completed,200001496,135
3043,2022-07-27 17:30:00,Colectomy,Completed,200001786,135
3044,2020-12-01 15:45:00,Mastectomy,Completed,200001162,135
3045,2021-06-28 16:30:00,Colectomy,Completed,200001271,135
3046,2021-02-27 10:00:00,Hernia Repair,Completed,200000224,135
3047,2023-08-02 15:00:00,Mastectomy,Completed,200000199,135
3048,2020-06-05 13:30:00,Cataract Surgery,Completed,200001495,136
3049,2024-05-26 07:00:00,Mastectomy,Completed,200001840,136
3050,2021-05-02 12:30:00,Colectomy,Completed,200001355,136
3051,2020-04-13 07:30:00,Appendectomy,Completed,200000298,136
3052,2023-03-18 09:30:00,Colectomy,Completed,200001169,136
3053,2024-04-26 12:45:00,Caesarean Section,Completed,200000343,136
3054,2020-08-06 08:00:00,Gastric Bypass,Completed,200000436,136
3055,2022-01-27 12:00:00,Cataract Surgery,Completed,200001460,136
3056,2020-05-26 12:30:00,Appendectomy,Completed,200000263,136
3057,2022-10-23 10:15:00,Colectomy,Completed,200001084,136
3058,2023-02-17 08:00:00,Cataract Surgery,Completed,200000457,136
3059,2021-04-03 07:30:00,Hip Replacement,Completed,200001499,136
3060,2022-01-21 16:00:00,Gastric Bypass,Completed,200001921,136
3061,2021-04-11 16:30:00,Hysterectomy,Scheduled,200001909,136
3062,2020-01-25 15:15:00,Coronary Artery Bypass,Completed,200000628,137
3063,2023-02-01 15:00:00,Hernia Repair,Completed,200000892,137
3064,2020-06-16 13:45:00,Caesarean Section,Completed,200001171,137
3065,2023-03-18 16:45:00,Caesarean Section,Completed,200000849,137
3066,2023-08-22 12:45:00,Hip Replacement,Completed,200000109,137
3067,2020-12-28 13:00:00,Knee Replacement,Completed,200000868,137
3068,2024-04-27 16:15:00,Cataract Surgery,Completed,200000409,137
3069,2021-08-17 12:00:00,Knee Replacement,Completed,200000458,137
3070,2020-10-20 17:00:00,Colectomy,Completed,200001644,137
3071,2024-06-18 14:45:00,Hip Replacement,Completed,200001122,137
3072,2024-02-27 13:30:00,Colectomy,Completed,200000182,137
3073,2024-08-27 17:30:00,Gastric Bypass,Completed,200001300,137
3074,2023-07-19 07:45:00,Tonsillectomy,Completed,200000958,137
3075,2021-03-22 13:15:00,Spinal Fusion,Completed,200000192,137
3076,2023-03-20 07:45:00,Gastric Bypass,Completed,200001866,137
3077,2023-10-24 13:45:00,Caesarean Section,Completed,200000962,137
3078,2020-10-08 09:15:00,Tonsillectomy,Completed,200001284,137
3079,2023-07-27 12:30:00,Gastric Bypass,Completed,200001384,137
3080,2024-07-07 15:00:00,Prostatectomy,Completed,200001508,137
3081,2024-02-22 11:00:00,Hysterectomy,Completed,200001334,137
3082,2024-03-28 11:30:00,Cataract Surgery,Completed,200001529,138
3083,2021-10-13 10:15:00,Tonsillectomy,Completed,200000221,138
3084,2020-05-27 07:30:00,Cholecystectomy,Completed,200000947,138
3085,2020-03-23 09:30:00,Hip Replacement,Completed,200001667,138
3086,2020-09-22 15:15:00,Appendectomy,Scheduled,200001990,138
3087,2023-12-25 14:15:00,Cataract Surgery,Completed,200001027,138
3088,2021-05-25 13:00:00,Cholecystectomy,Completed,200000741,138
3089,2024-04-23 18:00:00,Tonsillectomy,Completed,200001311,138
3090,2024-07-22 08:00:00,Cholecystectomy,Completed,200000461,138
3091,2024-07-04 16:30:00,Caesarean Section,Completed,200000492,138
3092,2022-12-20 11:15:00,Spinal Fusion,Scheduled,200000564,139
3093,2023-02-15 07:30:00,Colectomy,Completed,200001614,139
3094,2020-05-08 17:15:00,Coronary Artery Bypass,Completed,200000425,139
3095,2024-09-23 09:00:00,Caesarean Section,Scheduled,200000089,139
3096,2020-05-08 07:15:00,Colectomy,Completed,200000676,139
3097,2023-11-06 07:45:00,Hip Replacement,Completed,200000360,139
3098,2022-06-02 07:15:00,Cholecystectomy,Completed,200001727,139
3099,2022-07-12 08:15:00,Hernia Repair,Completed,200001184,139
3100,2024-05-03 15:00:00,Hysterectomy,Completed,200000227,139
3101,2021-10-12 11:15:00,Mastectomy,Completed,200000415,139
3102,2023-02-11 18:45:00,Mastectomy,Completed,200001021,139
3103,2022-09-10 14:00:00,Prostatectomy,Completed,200000304,139
3104,2023-10-21 13:30:00,Prostatectomy,Completed,200001943,139
3105,2024-04-15 15:30:00,Colectomy,Completed,200001638,139
3106,2020-12-13 14:15:00,Spinal Fusion,Scheduled,200000570,139
3107,2020-12-08 16:30:00,Caesarean Section,Completed,200001710,139
3108,2021-03-22 11:15:00,Hernia Repair,Completed,200001429,140
3109,2022-01-07 15:15:00,Hysterectomy,Completed,200000080,140
3110,2021-09-28 09:15:00,Hysterectomy,Scheduled,200001452,140
3111,2024-10-14 17:45:00,Mastectomy,Completed,200000977,140
3112,2023-08-25 07:30:00,Spinal Fusion,Completed,200000898,140
3113,2021-02-25 11:15:00,Hernia Repair,Completed,200000562,140
3114,2020-07-22 15:45:00,Coronary Artery Bypass,Completed,200001155,140
3115,2021-07-16 09:30:00,Appendectomy,Completed,200001152,140
3116,2022-09-19 10:00:00,Appendectomy,Completed,200001606,140
3117,2021-03-04 10:15:00,Cholecystectomy,Completed,200001598,140
3118,2023-05-09 11:30:00,Appendectomy,Completed,200000025,140
3119,2022-11-25 15:00:00,Knee Replacement,Completed,200000270,140
3120,2024-10-06 15:30:00,Tonsillectomy,Completed,200001426,140
3121,2024-04-20 18:45:00,Caesarean Section,Completed,200001236,140
3122,2022-03-02 14:00:00,Gastric Bypass,Completed,200001947,140
3123,2020-01-11 14:30:00,Hip Replacement,Completed,200000301,140
3124,2020-12-20 18:15:00,Hip Replacement,Completed,200000796,140
3125,2020-04-11 11:00:00,Prostatectomy,Completed,200001576,140
3126,2020-01-15 07:45:00,Prostatectomy,Completed,200000774,140
3127,2024-11-12 12:00:00,Knee Replacement,Completed,200001248,141
3128,2020-12-05 10:45:00,Hysterectomy,Completed,200000970,141
3129,2024-03-25 08:30:00,Hysterectomy,Completed,200001624,141
3130,2020-10-13 11:15:00,Colectomy,Completed,200000006,141
3131,2023-11-27 12:45:00,Cataract Surgery,Completed,200001709,141
3132,2022-09-02 08:30:00,Hip Replacement,Completed,200000426,141
3133,2022-09-04 17:45:00,Gastric Bypass,Completed,200000886,141
3134,2022-10-15 08:00:00,Gastric Bypass,Completed,200001988,141
3135,2024-06-05 10:00:00,Cholecystectomy,Completed,200000360,141
3136,2021-07-02 12:45:00,Hysterectomy,Completed,200000235,141
3137,2024-02-13 09:45:00,Caesarean Section,Completed,200000839,141
3138,2021-10-08 15:45:00,Cataract Surgery,Completed,200001344,141
3139,2021-04-27 08:30:00,Mastectomy,Completed,200000490,141
3140,2021-08-22 10:45:00,Hip Replacement,Completed,200000801,141
3141,2023-11-08 16:30:00,Hip Replacement,Completed,200000381,141
3142,2021-02-02 16:45:00,Spinal Fusion,Completed,200000332,141
3143,2021-04-10 12:15:00,Colectomy,Completed,200000750,141
3144,2023-02-09 18:00:00,Prostatectomy,Completed,200001085,141
3145,2023-04-19 13:00:00,Cholecystectomy,Completed,200000413,141
3146,2023-03-25 14:15:00,Colectomy,Completed,200001550,142
3147,2023-05-16 09:00:00,Colectomy,Completed,200001186,142
3148,2023-08-05 18:30:00,Mastectomy,Completed,200000696,142
3149,2024-04-22 10:30:00,Tonsillectomy,Completed,200001818,142
3150,2022-05-10 14:30:00,Tonsillectomy,Completed,200001905,142
3151,2022-08-23 16:45:00,Caesarean Section,Completed,200000835,142
3152,2022-08-03 18:15:00,Appendectomy,Completed,200000983,142
3153,2021-11-19 08:00:00,Hip Replacement,Completed,200000673,142
3154,2023-12-08 07:30:00,Knee Replacement,Completed,200000831,142
3155,2022-09-23 11:15:00,Spinal Fusion,Scheduled,200000693,142
3156,2023-08-22 09:00:00,Hysterectomy,Completed,200001239,142
3157,2022-06-21 12:00:00,Appendectomy,Completed,200001086,142
3158,2022-03-18 18:45:00,Hip Replacement,Completed,200000226,142
3159,2023-06-07 14:45:00,Prostatectomy,Completed,200000934,142
3160,2021-05-24 14:45:00,Colectomy,Completed,200000629,142
3161,2024-02-21 15:30:00,Mastectomy,Completed,200000504,142
3162,2024-11-12 09:15:00,Colectomy,Completed,200001714,142
3163,2024-05-01 12:00:00,Knee Replacement,Completed,200001337,142
3164,2021-02-15 15:30:00,Coronary Artery Bypass,Completed,200000959,142
3165,2021-09-28 08:15:00,Cholecystectomy,Completed,200001069,143
3166,2021-07-10 08:30:00,Hip Replacement,Scheduled,200000415,143
3167,2021-11-15 08:45:00,Cholecystectomy,Completed,200000263,143
3168,2021-11-04 09:30:00,Appendectomy,Completed,200001149,143
3169,2020-03-11 14:45:00,Hernia Repair,Completed,200001156,143
3170,2020-03-04 16:00:00,Hip Replacement,Completed,200000681,143
3171,2022-11-23 08:00:00,Colectomy,Completed,200000603,143
3172,2022-05-06 11:15:00,Hysterectomy,Completed,200001800,143
3173,2024-01-07 07:15:00,Tonsillectomy,Completed,200001664,143
3174,2023-09-05 14:45:00,Cataract Surgery,Completed,200000269,143
3175,2022-04-18 07:45:00,Caesarean Section,Completed,200000483,143
3176,2024-05-08 16:15:00,Knee Replacement,Scheduled,200001708,143
3177,2020-09-18 16:00:00,Cataract Surgery,Completed,200001795,143
3178,2023-12-05 11:15:00,Colectomy,Completed,200000301,143
3179,2023-05-28 16:30:00,Caesarean Section,Scheduled,200001641,143
3180,2022-12-13 18:45:00,Gastric Bypass,Completed,200001561,144
3181,2022-08-24 07:15:00,Hernia Repair,Completed,200000133,144
3182,2023-05-05 16:45:00,Prostatectomy,Completed,200001435,144
3183,2022-06-24 12:15:00,Hernia Repair,Completed,200000427,144
3184,2021-04-04 12:15:00,Hernia Repair,Completed,200001757,144
3185,2021-04-24 18:30:00,Colectomy,Completed,200000496,144
3186,2022-11-05 16:45:00,Cholecystectomy,Completed,200000545,144
3187,2021-03-08 10:15:00,Coronary Artery Bypass,Completed,200001700,144
3188,2021-08-10 08:15:00,Coronary Artery Bypass,Completed,200000330,144
3189,2021-10-05 13:00:00,Hernia Repair,Completed,200000784,144
3190,2020-08-21 09:45:00,Hernia Repair,Completed,200001659,144
3191,2023-04-18 18:15:00,Mastectomy,Completed,200001302,144
3192,2022-10-08 18:15:00,Gastric Bypass,Completed,200000013,145
3193,2020-04-12 18:45:00,Cataract Surgery,Completed,200000334,145
3194,2021-04-04 10:00:00,Prostatectomy,Completed,200000118,145
3195,2020-07-26 08:45:00,Prostatectomy,Completed,200000316,145
3196,2022-01-04 12:15:00,Caesarean Section,Completed,200000739,145
3197,2023-12-24 12:30:00,Hysterectomy,Completed,200000369,145
3198,2023-02-10 08:00:00,Cholecystectomy,Completed,200001499,145
3199,2022-04-04 13:45:00,Coronary Artery Bypass,Completed,200000508,145
3200,2022-12-06 14:15:00,Hysterectomy,Completed,200000002,145
3201,2022-10-14 17:30:00,Cholecystectomy,Completed,200001692,145
3202,2023-07-23 10:45:00,Prostatectomy,Completed,200000526,145
3203,2020-09-03 18:45:00,Tonsillectomy,Completed,200001054,145
3204,2024-07-18 18:45:00,Spinal Fusion,Completed,200001422,145
3205,2021-11-05 07:15:00,Coronary Artery Bypass,Completed,200001130,145
3206,2024-08-01 07:30:00,Hip Replacement,Scheduled,200001954,145
3207,2020-03-01 14:45:00,Knee Replacement,Scheduled,200001295,145
3208,2022-09-23 17:15:00,Coronary Artery Bypass,Completed,200000731,145
3209,2024-01-12 08:30:00,Mastectomy,Scheduled,200001283,145
3210,2024-12-22 14:00:00,Cholecystectomy,Completed,200000054,145
3211,2024-09-23 13:30:00,Appendectomy,Completed,200001762,145
3212,2024-09-14 10:30:00,Prostatectomy,Completed,200001465,146
3213,2023-05-20 18:00:00,Spinal Fusion,Completed,200001780,146
3214,2021-10-08 15:45:00,Hernia Repair,Completed,200001742,146
3215,2021-10-08 09:15:00,Cholecystectomy,Scheduled,200000191,146
3216,2021-07-18 09:15:00,Appendectomy,Completed,200000070,146
3217,2020-03-03 10:00:00,Cholecystectomy,Completed,200001925,146
3218,2023-12-19 10:30:00,Tonsillectomy,Completed,200000711,146
3219,2020-07-25 08:45:00,Gastric Bypass,Completed,200000228,146
3220,2023-08-20 18:30:00,Coronary Artery Bypass,Scheduled,200000382,146
3221,2020-06-07 12:15:00,Colectomy,Completed,200000216,146
3222,2020-10-27 09:45:00,Cholecystectomy,Completed,200000417,146
3223,2020-05-28 18:00:00,Spinal Fusion,Completed,200000221,146
3224,2023-04-14 07:45:00,Knee Replacement,Completed,200001976,146
3225,2021-01-24 17:15:00,Cholecystectomy,Completed,200000673,146
3226,2021-02-02 11:30:00,Hip Replacement,Completed,200000753,146
3227,2024-03-24 07:00:00,Spinal Fusion,Completed,200000022,146
3228,2023-12-13 18:30:00,Prostatectomy,Completed,200001643,146
3229,2021-10-28 12:30:00,Hernia Repair,Completed,200000292,147
3230,2020-12-12 12:15:00,Caesarean Section,Completed,200001915,147
3231,2023-06-14 18:45:00,Spinal Fusion,Completed,200001897,147
3232,2024-10-25 11:15:00,Hip Replacement,Completed,200001355,147
3233,2022-12-11 12:00:00,Cholecystectomy,Completed,200001987,147
3234,2022-06-25 07:00:00,Hernia Repair,Completed,200001686,147
3235,2024-01-05 13:15:00,Mastectomy,Completed,200000412,147
3236,2022-04-06 11:00:00,Caesarean Section,Scheduled,200000747,147
3237,2020-09-08 13:45:00,Gastric Bypass,Completed,200000210,147
3238,2020-10-04 10:00:00,Hip Replacement,Completed,200001504,147
3239,2023-06-09 09:15:00,Cholecystectomy,Completed,200000981,148
3240,2023-01-26 07:15:00,Appendectomy,Completed,200001011,148
3241,2022-02-07 10:30:00,Appendectomy,Completed,200001839,148
3242,2024-01-11 10:15:00,Appendectomy,Scheduled,200000784,148
3243,2023-06-14 13:00:00,Knee Replacement,Completed,200000112,148
3244,2022-04-12 17:30:00,Gastric Bypass,Completed,200000827,148
3245,2023-11-27 12:45:00,Knee Replacement,Completed,200000004,148
3246,2023-04-15 17:00:00,Tonsillectomy,Completed,200000223,148
3247,2021-07-27 08:30:00,Prostatectomy,Completed,200000140,148
3248,2021-09-04 16:45:00,Coronary Artery Bypass,Completed,200000834,148
3249,2024-06-03 14:15:00,Appendectomy,Completed,200000425,148
3250,2020-09-10 11:15:00,Tonsillectomy,Completed,200001252,148
3251,2024-06-19 07:00:00,Hysterectomy,Completed,200000759,149
3252,2022-12-26 10:00:00,Mastectomy,Completed,200001442,149
3253,2021-07-27 15:00:00,Hip Replacement,Completed,200000882,149
3254,2020-06-17 14:15:00,Prostatectomy,Completed,200001715,149
3255,2022-10-12 09:15:00,Spinal Fusion,Completed,200000569,149
3256,2024-05-22 12:45:00,Colectomy,Completed,200000642,149
3257,2022-08-16 09:15:00,Coronary Artery Bypass,Completed,200001211,149
3258,2024-05-02 11:45:00,Prostatectomy,Completed,200001713,149
3259,2022-11-11 10:00:00,Cataract Surgery,Completed,200001159,149
3260,2022-11-06 16:45:00,Cholecystectomy,Scheduled,200001824,149
3261,2023-04-03 13:30:00,Hernia Repair,Completed,200000676,149
3262,2021-09-19 10:45:00,Hip Replacement,Completed,200000385,149
3263,2024-03-14 18:45:00,Coronary Artery Bypass,Completed,200000938,149
3264,2020-10-28 10:45:00,Appendectomy,Completed,200000337,149
3265,2020-08-12 11:45:00,Cataract Surgery,Completed,200001543,149
3266,2021-11-27 09:45:00,Cataract Surgery,Completed,200001901,149
3267,2020-03-26 13:15:00,Colectomy,Completed,200001472,149
3268,2023-02-20 09:45:00,Prostatectomy,Completed,200001989,149
3269,2022-07-09 12:15:00,Cholecystectomy,Completed,200000840,149
3270,2021-09-08 10:00:00,Colectomy,Scheduled,200000680,149
3271,2023-05-27 13:00:00,Prostatectomy,Completed,200000667,150
3272,2020-03-20 11:00:00,Mastectomy,Completed,200000955,150
3273,2024-09-22 17:15:00,Knee Replacement,Completed,200001276,150
3274,2024-09-03 17:45:00,Prostatectomy,Completed,200001075,150
3275,2023-07-20 17:30:00,Spinal Fusion,Scheduled,200001561,150
3276,2020-11-12 07:30:00,Caesarean Section,Completed,200001576,150
3277,2020-12-25 10:15:00,Colectomy,Completed,200000646,150
3278,2020-08-27 14:00:00,Hernia Repair,Completed,200001278,150
3279,2024-06-06 11:15:00,Cataract Surgery,Completed,200000515,150
3280,2022-04-24 15:15:00,Cataract Surgery,Completed,200001596,150
3281,2022-10-05 15:45:00,Cholecystectomy,Completed,200001242,150
3282,2024-06-05 08:30:00,Mastectomy,Completed,200000178,150
3283,2021-07-23 14:45:00,Hip Replacement,Completed,200000555,150
3284,2022-09-09 14:00:00,Colectomy,Completed,200000510,150
3285,2021-06-04 17:00:00,Appendectomy,Completed,200001282,150
3286,2021-12-05 08:45:00,Caesarean Section,Completed,200000540,150
3287,2020-10-07 14:30:00,Colectomy,Completed,200000555,151
3288,2021-08-09 10:15:00,Colectomy,Completed,200000812,151
3289,2021-04-14 12:30:00,Coronary Artery Bypass,Completed,200000074,151
3290,2023-01-20 12:30:00,Knee Replacement,Completed,200001246,151
3291,2022-03-09 08:00:00,Mastectomy,Completed,200000723,151
3292,2020-06-02 15:45:00,Prostatectomy,Completed,200000998,151
3293,2023-06-23 09:45:00,Tonsillectomy,Completed,200001748,151
3294,2024-02-13 08:15:00,Appendectomy,Completed,200000838,151
3295,2022-12-07 17:30:00,Hip Replacement,Completed,200000575,151
3296,2023-06-21 07:00:00,Tonsillectomy,Completed,200000722,151
3297,2021-12-23 10:15:00,Spinal Fusion,Completed,200001665,151
3298,2022-07-20 16:45:00,Mastectomy,Completed,200001482,151
3299,2022-06-24 14:00:00,Cholecystectomy,Completed,200000698,151
3300,2021-04-07 16:00:00,Coronary Artery Bypass,Completed,200001110,151
3301,2020-09-11 08:00:00,Spinal Fusion,Completed,200001054,151
3302,2021-11-17 17:15:00,Mastectomy,Completed,200001495,151
3303,2021-07-25 13:30:00,Hysterectomy,Scheduled,200001651,152
3304,2022-09-12 14:30:00,Coronary Artery Bypass,Completed,200001893,152
3305,2023-07-07 17:45:00,Hernia Repair,Scheduled,200001863,152
3306,2022-09-06 15:15:00,Knee Replacement,Completed,200001539,152
3307,2024-05-27 18:45:00,Tonsillectomy,Scheduled,200000056,152
3308,2024-10-02 12:45:00,Knee Replacement,Completed,200001390,152
3309,2024-10-05 16:00:00,Colectomy,Scheduled,200000232,152
3310,2021-01-04 10:30:00,Caesarean Section,Completed,200000091,152
3311,2020-01-22 08:00:00,Cholecystectomy,Completed,200000176,152
3312,2022-12-10 07:45:00,Appendectomy,Completed,200001383,152
3313,2024-05-23 17:00:00,Hernia Repair,Completed,200000767,152
3314,2022-11-14 12:30:00,Tonsillectomy,Scheduled,200000960,152
3315,2023-12-25 18:30:00,Hip Replacement,Completed,200001524,152
3316,2022-06-07 09:30:00,Coronary Artery Bypass,Completed,200000109,153
3317,2022-04-10 07:15:00,Colectomy,Completed,200000769,153
3318,2024-11-04 18:30:00,Coronary Artery Bypass,Completed,200000695,153
3319,2022-03-26 13:45:00,Spinal Fusion,Completed,200001560,153
3320,2024-02-15 18:00:00,Hernia Repair,Scheduled,200001563,153
3321,2023-12-11 12:45:00,Spinal Fusion,Completed,200001912,153
3322,2020-09-10 10:30:00,Cholecystectomy,Completed,200000586,153
3323,2024-05-28 11:15:00,Gastric Bypass,Completed,200000301,153
3324,2020-04-14 13:15:00,Cataract Surgery,Completed,200001761,153
3325,2022-02-03 15:15:00,Cholecystectomy,Scheduled,200001497,153
3326,2024-05-09 14:15:00,Mastectomy,Completed,200001577,153
3327,2024-03-02 07:45:00,Hip Replacement,Completed,200000549,153
3328,2022-11-03 11:30:00,Coronary Artery Bypass,Completed,200001524,153
3329,2021-03-04 17:15:00,Hysterectomy,Completed,200000950,153
3330,2024-06-08 12:30:00,Caesarean Section,Completed,200000219,153
3331,2023-01-10 14:30:00,Knee Replacement,Completed,200001553,153
3332,2020-09-24 10:15:00,Knee Replacement,Completed,200001273,153
3333,2024-05-15 13:00:00,Caesarean Section,Completed,200001027,153
3334,2022-03-12 07:30:00,Hysterectomy,Completed,200001285,153
3335,2022-03-03 14:15:00,Hernia Repair,Scheduled,200000473,154
3336,2023-10-26 14:30:00,Knee Replacement,Completed,200001526,154
3337,2024-10-08 15:45:00,Knee Replacement,Completed,200001316,154
3338,2022-06-26 12:45:00,Spinal Fusion,Scheduled,200001212,154
3339,2022-02-18 11:45:00,Caesarean Section,Completed,200000585,154
3340,2023-06-12 10:45:00,Appendectomy,Completed,200001833,154
3341,2024-12-24 09:45:00,Gastric Bypass,Completed,200001321,154
3342,2020-09-05 13:30:00,Cholecystectomy,Completed,200001916,154
3343,2022-12-02 14:00:00,Caesarean Section,Scheduled,200000978,154
3344,2021-02-28 13:00:00,Hysterectomy,Completed,200000332,154
3345,2024-03-23 14:45:00,Hip Replacement,Completed,200000380,154
3346,2023-02-25 08:30:00,Cholecystectomy,Completed,200001263,154
3347,2024-06-02 13:30:00,Colectomy,Completed,200001657,154
3348,2023-04-12 07:15:00,Colectomy,Completed,200000464,154
3349,2024-10-26 11:45:00,Knee Replacement,Completed,200000337,154
3350,2023-06-06 09:30:00,Gastric Bypass,Completed,200001896,154
3351,2021-06-05 18:00:00,Hip Replacement,Completed,200000313,154
3352,2021-07-20 12:00:00,Caesarean Section,Completed,200001444,155
3353,2021-07-08 08:00:00,Colectomy,Completed,200000330,155
3354,2022-07-14 13:15:00,Hip Replacement,Completed,200001702,155
3355,2020-09-06 13:45:00,Hip Replacement,Completed,200000006,155
3356,2021-11-05 15:45:00,Spinal Fusion,Completed,200001543,155
3357,2023-12-14 11:15:00,Gastric Bypass,Completed,200000057,155
3358,2020-07-28 10:15:00,Coronary Artery Bypass,Completed,200000924,155
3359,2021-04-25 09:15:00,Cataract Surgery,Completed,200000707,155
3360,2024-05-13 12:45:00,Coronary Artery Bypass,Completed,200001267,155
3361,2020-09-25 15:15:00,Coronary Artery Bypass,Completed,200001536,155
3362,2020-11-14 11:15:00,Cholecystectomy,Completed,200000324,155
3363,2020-05-27 17:45:00,Colectomy,Completed,200000567,155
3364,2023-01-23 16:30:00,Knee Replacement,Completed,200000863,155
3365,2021-02-18 18:00:00,Caesarean Section,Completed,200000030,155
3366,2023-03-21 11:45:00,Appendectomy,Completed,200001924,155
3367,2021-03-28 08:45:00,Hernia Repair,Completed,200000656,156
3368,2020-09-08 17:45:00,Hernia Repair,Completed,200001917,156
3369,2024-07-09 14:15:00,Prostatectomy,Completed,200001610,156
3370,2021-07-15 12:00:00,Hip Replacement,Completed,200000355,156
3371,2023-02-12 15:30:00,Caesarean Section,Completed,200001085,156
3372,2021-05-10 14:45:00,Cholecystectomy,Completed,200000741,156
3373,2020-09-15 09:30:00,Tonsillectomy,Completed,200000651,156
3374,2022-09-16 18:00:00,Gastric Bypass,Scheduled,200001194,156
3375,2021-11-20 07:45:00,Knee Replacement,Completed,200000746,156
3376,2024-08-21 12:15:00,Caesarean Section,Completed,200000914,156
3377,2023-11-13 07:15:00,Appendectomy,Completed,200001121,156
3378,2022-05-03 14:00:00,Prostatectomy,Completed,200000247,156
3379,2023-09-06 10:15:00,Spinal Fusion,Completed,200001563,156
3380,2022-12-08 10:30:00,Tonsillectomy,Completed,200001108,156
3381,2022-08-26 11:15:00,Hernia Repair,Completed,200001560,156
3382,2023-01-11 14:45:00,Knee Replacement,Completed,200000547,156
3383,2022-05-05 16:45:00,Mastectomy,Completed,200001834,157
3384,2024-12-09 12:15:00,Spinal Fusion,Completed,200000721,157
3385,2021-06-28 17:15:00,Prostatectomy,Completed,200001455,157
3386,2024-04-13 07:00:00,Spinal Fusion,Completed,200001848,157
3387,2022-01-19 09:45:00,Coronary Artery Bypass,Completed,200001425,157
3388,2024-04-20 15:45:00,Hernia Repair,Completed,200001691,157
3389,2021-12-10 12:00:00,Coronary Artery Bypass,Completed,200001204,157
3390,2022-05-10 12:30:00,Hysterectomy,Completed,200001913,157
3391,2024-11-19 09:30:00,Cholecystectomy,Completed,200000530,157
3392,2023-03-22 14:00:00,Tonsillectomy,Completed,200001948,157
3393,2020-12-19 07:45:00,Hernia Repair,Completed,200000177,157
3394,2023-01-17 12:45:00,Knee Replacement,Completed,200001365,157
3395,2024-02-19 10:30:00,Hip Replacement,Completed,200000999,158
3396,2021-05-28 17:30:00,Cataract Surgery,Completed,200000527,158
3397,2023-12-03 08:00:00,Coronary Artery Bypass,Completed,200000503,158
3398,2020-11-10 17:45:00,Prostatectomy,Completed,200000864,158
3399,2021-07-07 11:15:00,Caesarean Section,Completed,200000182,158
3400,2023-02-25 13:15:00,Coronary Artery Bypass,Completed,200001760,158
3401,2021-06-07 07:15:00,Colectomy,Completed,200000829,158
3402,2024-06-22 11:45:00,Hysterectomy,Completed,200001082,158
3403,2020-01-23 10:00:00,Prostatectomy,Scheduled,200001606,158
3404,2023-06-04 07:15:00,Gastric Bypass,Completed,200000592,158
3405,2021-04-25 08:00:00,Tonsillectomy,Completed,200001611,158
3406,2023-04-01 16:45:00,Tonsillectomy,Completed,200001541,158
3407,2020-09-23 13:15:00,Coronary Artery Bypass,Completed,200000180,158
3408,2020-09-05 10:30:00,Knee Replacement,Completed,200000283,158
3409,2022-10-16 14:15:00,Hernia Repair,Completed,200001383,158
3410,2022-02-01 12:15:00,Cataract Surgery,Completed,200000154,158
3411,2022-06-14 08:30:00,Tonsillectomy,Completed,200000684,158
3412,2020-05-07 09:00:00,Cataract Surgery,Completed,200000295,158
3413,2022-09-11 15:45:00,Caesarean Section,Scheduled,200000464,159
3414,2023-02-24 15:00:00,Hernia Repair,Scheduled,200001957,159
3415,2022-11-21 17:45:00,Hysterectomy,Completed,200001464,159
3416,2023-06-27 07:15:00,Tonsillectomy,Scheduled,200001624,159
3417,2023-08-27 17:15:00,Cataract Surgery,Scheduled,200001005,159
3418,2023-01-10 18:45:00,Spinal Fusion,Completed,200001339,159
3419,2022-08-10 15:45:00,Cataract Surgery,Completed,200000352,159
3420,2024-09-19 10:15:00,Hip Replacement,Completed,200000064,159
3421,2020-03-13 15:00:00,Spinal Fusion,Completed,200001823,159
3422,2023-10-14 13:15:00,Spinal Fusion,Completed,200000062,159
3423,2021-12-22 17:00:00,Tonsillectomy,Completed,200001854,159
3424,2022-12-27 11:30:00,Hernia Repair,Completed,200000369,159
3425,2021-09-22 17:30:00,Hernia Repair,Completed,200000422,159
3426,2020-10-09 09:30:00,Coronary Artery Bypass,Completed,200000347,159
3427,2022-01-08 10:15:00,Knee Replacement,Completed,200000092,160
3428,2024-11-08 18:45:00,Cholecystectomy,Completed,200001664,160
3429,2022-09-15 11:45:00,Cholecystectomy,Completed,200001866,160
3430,2020-04-26 13:00:00,Hernia Repair,Completed,200000745,160
3431,2021-03-03 16:30:00,Hernia Repair,Completed,200001499,160
3432,2023-11-22 09:00:00,Cholecystectomy,Completed,200000783,160
3433,2022-01-11 09:30:00,Knee Replacement,Completed,200001973,160
3434,2023-12-06 12:00:00,Cataract Surgery,Completed,200000012,160
3435,2023-04-14 14:45:00,Gastric Bypass,Completed,200000213,160
3436,2024-12-11 14:00:00,Prostatectomy,Scheduled,200001952,160
3437,2022-01-20 17:00:00,Spinal Fusion,Completed,200000213,160
3438,2023-12-27 07:00:00,Coronary Artery Bypass,Completed,200000077,160
3439,2020-04-04 07:15:00,Coronary Artery Bypass,Completed,200000545,160
3440,2023-12-16 11:00:00,Mastectomy,Completed,200001909,160
3441,2020-09-10 15:00:00,Appendectomy,Completed,200001953,160
3442,2023-02-04 08:30:00,Mastectomy,Completed,200001083,160
3443,2020-01-07 10:30:00,Knee Replacement,Completed,200000859,160
3444,2023-05-21 12:15:00,Gastric Bypass,Completed,200001822,160
3445,2020-11-16 13:00:00,Caesarean Section,Completed,200000483,160
3446,2024-10-15 13:00:00,Coronary Artery Bypass,Completed,200001040,161
3447,2022-11-19 15:15:00,Tonsillectomy,Completed,200000096,161
3448,2023-12-22 17:30:00,Spinal Fusion,Completed,200000521,161
3449,2023-08-28 08:30:00,Prostatectomy,Completed,200000649,161
3450,2022-11-09 11:30:00,Appendectomy,Completed,200001410,161
3451,2023-03-17 12:30:00,Hip Replacement,Completed,200001789,161
3452,2021-10-21 13:30:00,Colectomy,Completed,200000384,161
3453,2024-12-12 10:30:00,Hip Replacement,Completed,200001293,161
3454,2021-12-05 15:15:00,Hernia Repair,Completed,200001455,161
3455,2023-10-18 17:00:00,Colectomy,Completed,200000176,161
3456,2022-12-12 14:30:00,Hernia Repair,Completed,200001030,161
3457,2022-09-26 12:15:00,Caesarean Section,Completed,200000492,161
3458,2020-08-18 08:30:00,Spinal Fusion,Completed,200001512,161
3459,2023-08-18 09:15:00,Hysterectomy,Scheduled,200000623,161
3460,2020-05-05 13:45:00,Spinal Fusion,Completed,200000168,162
3461,2020-08-25 13:00:00,Appendectomy,Scheduled,200001219,162
3462,2021-11-24 18:15:00,Hernia Repair,Completed,200000301,162
3463,2022-07-21 18:45:00,Coronary Artery Bypass,Completed,200000050,162
3464,2024-10-27 12:30:00,Appendectomy,Completed,200000842,162
3465,2022-03-28 07:45:00,Hysterectomy,Completed,200001209,162
3466,2020-02-01 07:00:00,Coronary Artery Bypass,Completed,200000307,162
3467,2020-03-06 10:30:00,Appendectomy,Completed,200000011,162
3468,2020-07-10 10:45:00,Coronary Artery Bypass,Completed,200000931,162
3469,2024-12-14 14:45:00,Prostatectomy,Completed,200001108,162
3470,2022-06-18 07:00:00,Gastric Bypass,Completed,200000215,162
3471,2023-12-04 14:15:00,Colectomy,Completed,200001443,162
3472,2020-05-17 11:00:00,Caesarean Section,Completed,200001329,162
3473,2020-08-14 12:45:00,Gastric Bypass,Completed,200001635,162
3474,2024-05-19 13:00:00,Hysterectomy,Completed,200000119,162
3475,2024-11-02 12:30:00,Caesarean Section,Completed,200001735,162
3476,2020-07-26 11:30:00,Spinal Fusion,Completed,200001122,162
3477,2021-09-27 16:30:00,Appendectomy,Completed,200000154,162
3478,2020-01-28 12:30:00,Appendectomy,Scheduled,200001376,162
3479,2020-06-19 14:45:00,Mastectomy,Completed,200001270,162
3480,2020-03-06 14:15:00,Hip Replacement,Completed,200000293,163
3481,2022-09-10 16:00:00,Hip Replacement,Completed,200000676,163
3482,2021-12-14 13:30:00,Colectomy,Completed,200001181,163
3483,2020-03-27 08:30:00,Colectomy,Completed,200001186,163
3484,2022-03-02 09:30:00,Cataract Surgery,Completed,200001139,163
3485,2020-07-05 09:15:00,Hernia Repair,Scheduled,200001482,163
3486,2022-11-22 15:15:00,Colectomy,Completed,200001328,163
3487,2020-06-24 08:30:00,Cataract Surgery,Completed,200000803,163
3488,2020-01-17 08:15:00,Mastectomy,Completed,200001468,163
3489,2021-04-24 14:45:00,Hysterectomy,Completed,200001295,163
3490,2023-04-06 16:30:00,Mastectomy,Completed,200001716,163
3491,2023-10-16 15:15:00,Hernia Repair,Completed,200000598,163
3492,2022-10-22 08:15:00,Cataract Surgery,Completed,200000425,163
3493,2020-03-22 11:00:00,Caesarean Section,Completed,200000233,163
3494,2024-08-12 13:15:00,Spinal Fusion,Completed,200001532,164
3495,2024-02-12 09:00:00,Spinal Fusion,Completed,200000611,164
3496,2020-02-14 18:30:00,Cataract Surgery,Scheduled,200001326,164
3497,2022-11-13 09:30:00,Cataract Surgery,Completed,200000236,164
3498,2021-06-21 13:15:00,Coronary Artery Bypass,Completed,200001366,164
3499,2024-03-09 09:45:00,Mastectomy,Completed,200001281,164
3500,2021-02-17 11:15:00,Hip Replacement,Completed,200001297,164
3501,2024-06-12 09:30:00,Hysterectomy,Completed,200000361,164
3502,2023-09-19 18:30:00,Appendectomy,Completed,200000751,164
3503,2022-04-23 17:45:00,Hysterectomy,Completed,200001650,164
3504,2021-06-06 15:30:00,Mastectomy,Completed,200000740,164
3505,2022-10-04 14:45:00,Spinal Fusion,Completed,200001887,164
3506,2023-07-07 11:30:00,Mastectomy,Completed,200000647,164
3507,2024-08-23 08:30:00,Tonsillectomy,Completed,200001134,164
3508,2024-09-24 07:15:00,Cholecystectomy,Completed,200001881,164
3509,2020-04-14 08:15:00,Gastric Bypass,Completed,200001307,164
3510,2022-06-18 16:45:00,Prostatectomy,Completed,200000159,164
3511,2023-03-21 09:30:00,Appendectomy,Completed,200000534,164
3512,2023-07-28 10:30:00,Hernia Repair,Completed,200000548,165
3513,2021-02-09 13:00:00,Spinal Fusion,Completed,200000459,165
3514,2024-02-28 10:45:00,Spinal Fusion,Completed,200001995,165
3515,2021-03-04 08:45:00,Knee Replacement,Completed,200001438,165
3516,2021-07-21 16:45:00,Cataract Surgery,Completed,200001101,165
3517,2024-10-04 16:30:00,Tonsillectomy,Completed,200001015,165
3518,2023-05-19 07:15:00,Knee Replacement,Completed,200000055,165
3519,2020-04-02 16:00:00,Cholecystectomy,Completed,200000811,165
3520,2022-07-01 18:00:00,Cholecystectomy,Scheduled,200001071,165
3521,2020-06-28 07:30:00,Mastectomy,Completed,200000607,165
3522,2023-05-08 18:15:00,Hernia Repair,Completed,200000784,165
3523,2021-07-11 18:45:00,Prostatectomy,Completed,200000367,165
3524,2024-12-12 13:30:00,Tonsillectomy,Completed,200001428,165
3525,2022-10-27 17:15:00,Knee Replacement,Completed,200000917,165
3526,2024-11-11 13:00:00,Cholecystectomy,Scheduled,200001510,165
3527,2021-04-24 08:00:00,Cholecystectomy,Scheduled,200001821,166
3528,2022-03-09 15:30:00,Hysterectomy,Completed,200000676,166
3529,2021-07-28 09:45:00,Spinal Fusion,Completed,200001724,166
3530,2020-06-20 09:30:00,Hernia Repair,Completed,200001521,166
3531,2022-03-06 14:30:00,Cataract Surgery,Scheduled,200000071,166
3532,2020-05-28 09:00:00,Hernia Repair,Completed,200000796,166
3533,2023-05-18 13:00:00,Appendectomy,Completed,200000296,166
3534,2023-09-17 10:30:00,Cholecystectomy,Completed,200001658,166
3535,2021-05-25 10:30:00,Appendectomy,Completed,200000510,166
3536,2020-05-13 18:45:00,Caesarean Section,Completed,200001079,166
3537,2024-08-02 14:30:00,Hernia Repair,Scheduled,200000992,166
3538,2023-01-27 15:00:00,Colectomy,Completed,200000009,166
3539,2022-10-21 12:00:00,Hysterectomy,Completed,200000203,166
3540,2021-07-04 14:15:00,Hysterectomy,Completed,200000117,166
3541,2024-02-14 12:00:00,Mastectomy,Completed,200000777,166
3542,2022-08-08 08:45:00,Hysterectomy,Completed,200000102,166
3543,2021-08-25 16:30:00,Colectomy,Completed,200001003,166
3544,2021-05-23 08:30:00,Knee Replacement,Completed,200001291,166
3545,2020-08-25 15:15:00,Gastric Bypass,Completed,200001816,167
3546,2023-01-15 10:45:00,Cholecystectomy,Completed,200000695,167
3547,2021-10-04 17:45:00,Caesarean Section,Completed,200001059,167
3548,2023-08-14 18:15:00,Coronary Artery Bypass,Completed,200001048,167
3549,2022-11-27 13:30:00,Hip Replacement,Completed,200000166,167
3550,2023-03-09 10:15:00,Coronary Artery Bypass,Completed,200001290,167
3551,2022-12-13 16:00:00,Colectomy,Completed,200000298,167
3552,2023-10-28 10:15:00,Appendectomy,Completed,200000179,167
3553,2024-10-10 11:15:00,Hernia Repair,Completed,200000408,167
3554,2021-11-12 14:00:00,Cholecystectomy,Completed,200001807,167
3555,2024-02-15 11:45:00,Cholecystectomy,Completed,200001338,168
3556,2020-09-02 15:30:00,Prostatectomy,Scheduled,200000930,168
3557,2021-01-03 15:30:00,Coronary Artery Bypass,Completed,200001797,168
3558,2020-01-24 12:15:00,Coronary Artery Bypass,Completed,200001052,168
3559,2023-06-15 14:45:00,Cataract Surgery,Completed,200001716,168
3560,2021-08-09 15:45:00,Colectomy,Completed,200000717,168
3561,2021-04-03 07:30:00,Hernia Repair,Completed,200000602,168
3562,2022-02-12 10:00:00,Hysterectomy,Completed,200000418,168
3563,2020-09-08 14:45:00,Cataract Surgery,Completed,200001166,168
3564,2021-03-04 08:15:00,Appendectomy,Completed,200001727,168
3565,2021-03-18 13:30:00,Coronary Artery Bypass,Completed,200000853,168
3566,2021-04-04 08:45:00,Spinal Fusion,Scheduled,200000599,168
3567,2022-03-21 14:00:00,Hysterectomy,Completed,200000361,168
3568,2021-03-06 08:45:00,Colectomy,Completed,200001832,168
3569,2021-05-17 08:00:00,Colectomy,Completed,200001540,169
3570,2020-03-18 14:45:00,Gastric Bypass,Completed,200000991,169
3571,2023-09-03 11:00:00,Knee Replacement,Completed,200000198,169
3572,2023-03-25 11:45:00,Cholecystectomy,Completed,200001750,169
3573,2022-03-27 10:00:00,Knee Replacement,Completed,200001337,169
3574,2024-12-17 18:15:00,Coronary Artery Bypass,Completed,200000415,169
3575,2022-12-02 16:15:00,Mastectomy,Completed,200001557,169
3576,2023-12-15 15:00:00,Tonsillectomy,Completed,200000264,169
3577,2023-10-23 13:00:00,Gastric Bypass,Completed,200001191,169
3578,2021-04-11 17:30:00,Coronary Artery Bypass,Scheduled,200000663,169
3579,2024-07-25 16:45:00,Hernia Repair,Completed,200000832,170
3580,2023-12-27 18:45:00,Knee Replacement,Completed,200000151,170
3581,2021-04-06 08:15:00,Cholecystectomy,Completed,200001830,170
3582,2023-09-20 09:15:00,Gastric Bypass,Completed,200000614,170
3583,2022-09-14 14:30:00,Knee Replacement,Completed,200001764,170
3584,2024-07-18 09:15:00,Colectomy,Completed,200000347,170
3585,2021-11-15 16:00:00,Hernia Repair,Scheduled,200000089,170
3586,2021-01-25 15:15:00,Knee Replacement,Completed,200001001,170
3587,2020-03-16 09:00:00,Hysterectomy,Completed,200000459,170
3588,2022-11-22 17:15:00,Spinal Fusion,Completed,200001263,170
3589,2023-10-12 09:45:00,Hip Replacement,Completed,200001917,170
3590,2024-06-28 09:30:00,Gastric Bypass,Completed,200000243,170
3591,2022-11-11 15:15:00,Mastectomy,Scheduled,200001218,170
3592,2021-08-08 15:45:00,Appendectomy,Completed,200000863,170
3593,2024-01-05 15:15:00,Colectomy,Completed,200001145,170
3594,2024-03-02 13:45:00,Prostatectomy,Completed,200000683,170
3595,2020-06-12 14:00:00,Appendectomy,Completed,200000262,171
3596,2020-01-23 14:45:00,Hysterectomy,Completed,200001263,171
3597,2020-06-21 10:00:00,Tonsillectomy,Completed,200000224,171
3598,2021-11-02 17:00:00,Knee Replacement,Completed,200001418,171
3599,2024-01-14 13:30:00,Colectomy,Completed,200000151,171
3600,2022-11-02 15:00:00,Hysterectomy,Completed,200001067,171
3601,2020-05-06 09:45:00,Cataract Surgery,Completed,200001294,171
3602,2024-11-02 09:45:00,Caesarean Section,Completed,200000981,171
3603,2023-08-26 09:45:00,Hysterectomy,Completed,200001686,171
3604,2022-01-09 17:45:00,Tonsillectomy,Completed,200001557,171
3605,2021-01-19 13:15:00,Cataract Surgery,Completed,200000282,171
3606,2022-05-11 09:15:00,Hip Replacement,Completed,200001781,172
3607,2023-09-11 07:30:00,Tonsillectomy,Completed,200001862,172
3608,2023-05-14 16:45:00,Spinal Fusion,Completed,200000258,172
3609,2021-08-16 08:15:00,Coronary Artery Bypass,Completed,200001172,172
3610,2021-07-12 11:15:00,Knee Replacement,Completed,200000814,172
3611,2020-12-27 15:15:00,Hysterectomy,Scheduled,200001900,172
3612,2024-11-06 12:30:00,Spinal Fusion,Completed,200001025,172
3613,2022-05-16 09:15:00,Cataract Surgery,Completed,200000533,172
3614,2023-05-10 15:30:00,Hysterectomy,Completed,200001932,172
3615,2023-05-18 11:45:00,Spinal Fusion,Completed,200001320,172
3616,2021-02-07 13:45:00,Prostatectomy,Completed,200000561,172
3617,2020-12-25 11:45:00,Hip Replacement,Completed,200001240,172
3618,2024-03-15 12:15:00,Hysterectomy,Completed,200000614,172
3619,2023-08-05 13:15:00,Tonsillectomy,Completed,200000624,172
3620,2021-02-18 17:45:00,Tonsillectomy,Completed,200000741,172
3621,2022-08-06 13:00:00,Cholecystectomy,Completed,200001497,172
3622,2020-01-28 12:45:00,Coronary Artery Bypass,Completed,200000027,172
3623,2024-02-14 11:45:00,Caesarean Section,Completed,200000231,172
3624,2022-08-13 11:00:00,Hernia Repair,Completed,200000840,172
3625,2021-12-03 12:00:00,Knee Replacement,Completed,200000213,173
3626,2020-09-25 15:15:00,Mastectomy,Completed,200000399,173
3627,2021-05-27 11:15:00,Cataract Surgery,Completed,200000687,173
3628,2022-09-13 18:15:00,Hip Replacement,Completed,200001543,173
3629,2023-04-05 13:30:00,Spinal Fusion,Scheduled,200000443,173
3630,2023-11-26 16:00:00,Prostatectomy,Completed,200001195,173
3631,2023-08-12 16:45:00,Tonsillectomy,Completed,200001846,173
3632,2020-03-05 16:00:00,Tonsillectomy,Completed,200001791,173
3633,2024-07-13 16:45:00,Prostatectomy,Completed,200001122,173
3634,2022-03-10 14:00:00,Knee Replacement,Completed,200000037,173
3635,2020-11-24 14:15:00,Mastectomy,Scheduled,200000478,173
3636,2021-07-11 15:00:00,Coronary Artery Bypass,Completed,200000480,173
3637,2024-02-04 09:15:00,Spinal Fusion,Completed,200000079,173
3638,2022-11-06 08:15:00,Appendectomy,Completed,200001144,173
3639,2021-06-24 12:00:00,Gastric Bypass,Completed,200000772,174
3640,2022-05-22 16:30:00,Caesarean Section,Completed,200001034,174
3641,2023-05-22 13:00:00,Cholecystectomy,Completed,200000815,174
3642,2023-10-21 10:45:00,Cataract Surgery,Scheduled,200001020,174
3643,2023-07-05 09:00:00,Cataract Surgery,Scheduled,200001598,174
3644,2024-12-08 08:00:00,Mastectomy,Completed,200001204,174
3645,2021-05-06 09:00:00,Mastectomy,Completed,200001568,174
3646,2024-02-15 16:30:00,Cholecystectomy,Completed,200000344,174
3647,2023-05-01 17:00:00,Mastectomy,Completed,200001024,174
3648,2022-07-06 16:15:00,Spinal Fusion,Completed,200001678,174
3649,2024-12-09 07:00:00,Hip Replacement,Completed,200001221,174
3650,2023-06-12 18:15:00,Coronary Artery Bypass,Completed,200001286,174
3651,2020-06-02 18:15:00,Hernia Repair,Completed,200000853,174
3652,2022-11-15 09:15:00,Mastectomy,Completed,200001822,175
3653,2022-10-12 17:00:00,Tonsillectomy,Completed,200001211,175
3654,2024-11-14 15:30:00,Cataract Surgery,Completed,200000852,175
3655,2022-07-24 07:00:00,Spinal Fusion,Completed,200001449,175
3656,2021-12-19 16:30:00,Appendectomy,Completed,200001593,175
3657,2020-12-26 13:45:00,Tonsillectomy,Completed,200001874,175
3658,2021-02-28 18:30:00,Spinal Fusion,Completed,200000347,175
3659,2023-02-14 15:15:00,Coronary Artery Bypass,Completed,200001511,175
3660,2024-05-08 09:15:00,Cholecystectomy,Completed,200000686,175
3661,2022-12-13 07:15:00,Knee Replacement,Completed,200001392,175
3662,2020-10-10 15:45:00,Caesarean Section,Completed,200000949,175
3663,2023-03-13 15:15:00,Gastric Bypass,Completed,200001495,175
3664,2023-01-21 16:45:00,Appendectomy,Completed,200001216,176
3665,2024-09-11 17:15:00,Mastectomy,Completed,200000337,176
3666,2023-10-12 11:15:00,Prostatectomy,Completed,200000789,176
3667,2020-09-12 15:00:00,Knee Replacement,Completed,200001969,176
3668,2020-04-21 10:15:00,Coronary Artery Bypass,Scheduled,200000396,176
3669,2020-06-19 10:30:00,Colectomy,Completed,200001858,176
3670,2021-07-15 16:00:00,Hysterectomy,Completed,200001289,176
3671,2024-01-14 13:15:00,Cholecystectomy,Scheduled,200000156,176
3672,2023-07-16 11:15:00,Tonsillectomy,Completed,200001763,176
3673,2022-01-28 10:00:00,Cataract Surgery,Completed,200001563,176
3674,2021-07-24 16:15:00,Cholecystectomy,Completed,200001112,177
3675,2024-03-15 12:15:00,Cataract Surgery,Completed,200000384,177
3676,2020-12-15 09:30:00,Tonsillectomy,Completed,200000039,177
3677,2020-03-13 13:00:00,Knee Replacement,Completed,200001013,177
3678,2020-07-10 15:45:00,Hip Replacement,Completed,200000680,177
3679,2021-06-01 17:15:00,Coronary Artery Bypass,Completed,200001094,177
3680,2022-09-20 14:00:00,Hysterectomy,Scheduled,200001642,177
3681,2020-10-14 14:45:00,Prostatectomy,Completed,200000887,177
3682,2021-10-24 16:00:00,Appendectomy,Completed,200001692,177
3683,2023-09-15 10:15:00,Mastectomy,Scheduled,200000329,177
3684,2022-08-03 08:15:00,Hernia Repair,Completed,200001664,177
3685,2020-11-21 13:30:00,Cholecystectomy,Completed,200000549,178
3686,2021-06-07 18:15:00,Colectomy,Completed,200000967,178
3687,2023-04-14 08:30:00,Colectomy,Completed,200001155,178
3688,2020-11-08 11:00:00,Hysterectomy,Completed,200001974,178
3689,2020-07-25 15:15:00,Coronary Artery Bypass,Scheduled,200001930,178
3690,2020-02-22 14:00:00,Gastric Bypass,Completed,200000981,178
3691,2021-09-20 16:15:00,Gastric Bypass,Completed,200000342,178
3692,2021-02-28 13:30:00,Mastectomy,Completed,200001501,178
3693,2024-08-28 18:45:00,Coronary Artery Bypass,Completed,200001347,178
3694,2023-03-15 18:00:00,Mastectomy,Completed,200001671,178
3695,2021-07-14 16:00:00,Hip Replacement,Completed,200000551,178
3696,2022-04-10 07:15:00,Hernia Repair,Completed,200000858,178
3697,2021-10-13 10:30:00,Colectomy,Completed,200000490,178
3698,2023-03-11 10:15:00,Knee Replacement,Completed,200000069,178
3699,2023-05-20 08:00:00,Mastectomy,Completed,200001371,178
3700,2022-01-26 11:15:00,Hernia Repair,Completed,200001303,178
3701,2021-06-14 17:00:00,Appendectomy,Scheduled,200001254,179
3702,2021-01-03 11:45:00,Knee Replacement,Completed,200000680,179
3703,2021-01-02 08:15:00,Spinal Fusion,Completed,200001964,179
3704,2023-08-05 13:00:00,Knee Replacement,Completed,200000896,179
3705,2023-04-18 13:30:00,Tonsillectomy,Completed,200000143,179
3706,2024-07-05 17:00:00,Knee Replacement,Completed,200001728,179
3707,2023-06-06 12:15:00,Cholecystectomy,Completed,200000940,179
3708,2024-04-22 18:30:00,Cataract Surgery,Completed,200001550,179
3709,2023-12-17 13:00:00,Gastric Bypass,Completed,200001256,179
3710,2020-12-07 15:45:00,Hysterectomy,Completed,200000978,179
3711,2021-05-06 14:45:00,Colectomy,Completed,200000928,179
3712,2022-11-22 13:45:00,Knee Replacement,Completed,200000672,179
3713,2023-11-28 10:15:00,Prostatectomy,Completed,200001342,179
3714,2023-09-15 18:30:00,Hernia Repair,Scheduled,200000452,179
3715,2024-11-24 09:45:00,Tonsillectomy,Completed,200000318,179
3716,2022-09-22 13:15:00,Appendectomy,Completed,200001584,179
3717,2023-04-18 16:45:00,Coronary Artery Bypass,Completed,200001099,180
3718,2020-02-21 10:00:00,Mastectomy,Scheduled,200001246,180
3719,2020-08-12 12:00:00,Tonsillectomy,Completed,200001717,180
3720,2024-10-06 09:00:00,Gastric Bypass,Completed,200001142,180
3721,2023-12-16 14:45:00,Hysterectomy,Scheduled,200000361,180
3722,2021-02-17 14:30:00,Hip Replacement,Completed,200001010,180
3723,2021-09-13 13:00:00,Coronary Artery Bypass,Completed,200000066,180
3724,2024-02-13 18:15:00,Coronary Artery Bypass,Completed,200001393,180
3725,2021-03-02 15:45:00,Hip Replacement,Completed,200000234,180
3726,2024-03-14 10:45:00,Hip Replacement,Completed,200000554,180
3727,2024-05-08 07:15:00,Hysterectomy,Completed,200001171,180
3728,2021-11-20 11:45:00,Cholecystectomy,Scheduled,200001517,180
3729,2022-04-09 07:15:00,Tonsillectomy,Completed,200001519,180
3730,2024-07-21 17:00:00,Spinal Fusion,Completed,200001740,180
3731,2022-05-11 07:45:00,Cholecystectomy,Scheduled,200001946,181
3732,2024-12-01 08:45:00,Hysterectomy,Completed,200001874,181
3733,2024-02-03 14:45:00,Spinal Fusion,Completed,200001883,181
3734,2021-06-19 10:15:00,Knee Replacement,Completed,200000150,181
3735,2020-11-28 12:15:00,Mastectomy,Completed,200000360,181
3736,2021-02-04 15:30:00,Gastric Bypass,Completed,200000367,181
3737,2022-02-02 08:00:00,Tonsillectomy,Completed,200000611,181
3738,2020-11-09 07:15:00,Prostatectomy,Completed,200000633,181
3739,2023-02-28 13:00:00,Cholecystectomy,Completed,200000586,181
3740,2022-03-04 11:00:00,Prostatectomy,Completed,200001787,181
3741,2020-09-13 18:15:00,Caesarean Section,Completed,200001346,181
3742,2024-03-12 07:45:00,Caesarean Section,Scheduled,200000402,181
3743,2020-08-09 09:30:00,Hernia Repair,Scheduled,200001827,181
3744,2022-02-12 12:30:00,Appendectomy,Completed,200001157,181
3745,2021-08-16 15:15:00,Tonsillectomy,Completed,200001444,181
3746,2023-01-07 10:00:00,Coronary Artery Bypass,Completed,200001288,181
3747,2022-12-14 07:15:00,Mastectomy,Completed,200000760,181
3748,2022-06-14 17:00:00,Hip Replacement,Completed,200001453,181
3749,2024-11-10 16:15:00,Prostatectomy,Completed,200000307,181
3750,2024-11-19 07:30:00,Hip Replacement,Completed,200001926,182
3751,2022-03-23 18:45:00,Gastric Bypass,Completed,200000022,182
3752,2023-07-21 08:45:00,Colectomy,Completed,200001556,182
3753,2023-03-26 16:45:00,Gastric Bypass,Completed,200001962,182
3754,2020-10-05 09:30:00,Prostatectomy,Completed,200000480,182
3755,2020-12-28 16:00:00,Hysterectomy,Completed,200000510,182
3756,2023-09-23 18:30:00,Prostatectomy,Completed,200000977,182
3757,2022-10-08 10:15:00,Coronary Artery Bypass,Completed,200001981,182
3758,2023-12-16 11:00:00,Cholecystectomy,Completed,200000122,182
3759,2022-11-18 09:00:00,Prostatectomy,Completed,200001690,182
3760,2023-02-19 17:15:00,Gastric Bypass,Completed,200000046,182
3761,2022-09-04 11:45:00,Gastric Bypass,Completed,200000033,182
3762,2022-01-19 08:30:00,Hernia Repair,Scheduled,200000011,182
3763,2024-07-03 14:15:00,Knee Replacement,Completed,200000450,182
3764,2022-08-26 12:00:00,Hip Replacement,Completed,200000888,183
3765,2021-09-18 16:15:00,Caesarean Section,Completed,200000535,183
3766,2021-04-05 17:15:00,Hysterectomy,Completed,200000318,183
3767,2021-04-09 11:30:00,Hernia Repair,Scheduled,200000814,183
3768,2022-06-20 12:45:00,Spinal Fusion,Completed,200001497,183
3769,2023-09-18 07:15:00,Coronary Artery Bypass,Completed,200000305,183
3770,2022-12-02 11:45:00,Knee Replacement,Completed,200001571,183
3771,2021-07-27 16:30:00,Colectomy,Completed,200001017,183
3772,2021-01-05 16:00:00,Spinal Fusion,Completed,200001679,183
3773,2022-05-13 12:00:00,Hernia Repair,Completed,200001631,183
3774,2020-04-02 08:45:00,Hysterectomy,Completed,200000347,183
3775,2022-08-19 14:00:00,Mastectomy,Scheduled,200000878,183
3776,2021-12-04 12:00:00,Coronary Artery Bypass,Completed,200001019,183
3777,2020-05-07 17:30:00,Colectomy,Completed,200000776,183
3778,2021-10-17 17:30:00,Gastric Bypass,Completed,200000413,183
3779,2023-06-02 08:45:00,Hysterectomy,Completed,200000777,183
3780,2021-06-01 13:30:00,Cataract Surgery,Completed,200000739,183
3781,2024-11-02 07:30:00,Knee Replacement,Completed,200000763,183
3782,2021-07-25 11:45:00,Spinal Fusion,Completed,200000745,183
3783,2021-01-20 18:45:00,Mastectomy,Completed,200001721,183
3784,2023-11-21 15:30:00,Prostatectomy,Completed,200001768,184
3785,2020-08-01 08:00:00,Mastectomy,Completed,200001199,184
3786,2022-01-15 17:45:00,Knee Replacement,Completed,200001585,184
3787,2021-01-11 16:00:00,Appendectomy,Completed,200001684,184
3788,2023-03-15 15:15:00,Appendectomy,Completed,200001172,184
3789,2022-06-21 14:00:00,Cataract Surgery,Completed,200000065,184
3790,2023-04-19 07:00:00,Caesarean Section,Completed,200001471,184
3791,2022-02-13 13:30:00,Cholecystectomy,Completed,200001086,184
3792,2020-03-28 12:30:00,Spinal Fusion,Completed,200000864,184
3793,2024-11-19 18:00:00,Cholecystectomy,Scheduled,200000349,184
3794,2024-04-08 12:15:00,Tonsillectomy,Completed,200001614,184
3795,2023-02-17 09:45:00,Mastectomy,Completed,200000434,185
3796,2024-11-27 18:00:00,Coronary Artery Bypass,Completed,200000289,185
3797,2023-01-26 12:30:00,Knee Replacement,Completed,200000322,185
3798,2020-08-02 16:15:00,Coronary Artery Bypass,Completed,200000792,185
3799,2023-07-04 07:30:00,Prostatectomy,Completed,200000680,185
3800,2024-03-28 13:45:00,Coronary Artery Bypass,Completed,200001809,185
3801,2023-06-25 16:15:00,Hernia Repair,Completed,200000983,185
3802,2021-02-26 16:30:00,Spinal Fusion,Completed,200001054,185
3803,2023-12-12 15:45:00,Hip Replacement,Completed,200001883,185
3804,2024-08-16 12:00:00,Hip Replacement,Completed,200000378,185
3805,2021-06-09 16:30:00,Caesarean Section,Completed,200001733,186
3806,2024-03-07 18:15:00,Caesarean Section,Completed,200000439,186
3807,2023-01-25 08:15:00,Hysterectomy,Completed,200000330,186
3808,2024-09-13 15:30:00,Spinal Fusion,Completed,200000361,186
3809,2022-02-26 15:00:00,Gastric Bypass,Completed,200001514,186
3810,2021-03-07 17:45:00,Appendectomy,Completed,200001324,186
3811,2023-05-12 08:00:00,Appendectomy,Scheduled,200000542,186
3812,2021-04-19 16:30:00,Coronary Artery Bypass,Scheduled,200000872,186
3813,2021-10-07 18:30:00,Hip Replacement,Completed,200001687,186
3814,2021-03-05 13:30:00,Colectomy,Completed,200000298,186
3815,2021-12-01 17:15:00,Coronary Artery Bypass,Completed,200001287,186
3816,2024-05-09 17:30:00,Hernia Repair,Completed,200000271,186
3817,2023-12-17 17:00:00,Coronary Artery Bypass,Completed,200001548,186
3818,2024-07-15 11:00:00,Gastric Bypass,Completed,200000796,187
3819,2020-07-21 11:00:00,Tonsillectomy,Completed,200001922,187
3820,2021-10-25 18:00:00,Hip Replacement,Completed,200000781,187
3821,2024-12-22 09:45:00,Spinal Fusion,Completed,200001932,187
3822,2021-06-20 09:00:00,Hip Replacement,Completed,200001672,187
3823,2024-10-20 07:00:00,Hysterectomy,Completed,200001843,187
3824,2021-02-04 08:00:00,Caesarean Section,Completed,200000075,187
3825,2024-05-22 14:30:00,Gastric Bypass,Completed,200001774,187
3826,2021-10-22 11:45:00,Hernia Repair,Completed,200001750,187
3827,2021-04-05 07:30:00,Mastectomy,Completed,200000877,187
3828,2024-05-07 12:00:00,Gastric Bypass,Completed,200000789,187
3829,2022-05-23 12:30:00,Mastectomy,Completed,200000196,187
3830,2021-11-12 16:30:00,Caesarean Section,Completed,200001634,187
3831,2024-06-20 18:45:00,Prostatectomy,Completed,200000571,188
3832,2022-08-22 07:00:00,Knee Replacement,Completed,200000485,188
3833,2024-06-28 18:45:00,Mastectomy,Completed,200000612,188
3834,2023-03-16 14:00:00,Caesarean Section,Completed,200000552,188
3835,2024-09-28 17:00:00,Spinal Fusion,Completed,200001557,188
3836,2021-10-24 18:30:00,Cholecystectomy,Completed,200001955,188
3837,2022-01-22 13:00:00,Coronary Artery Bypass,Completed,200000970,188
3838,2020-03-14 15:30:00,Coronary Artery Bypass,Completed,200000231,188
3839,2021-05-26 07:30:00,Prostatectomy,Completed,200001678,188
3840,2020-03-08 17:15:00,Spinal Fusion,Completed,200000183,188
3841,2020-04-01 14:30:00,Coronary Artery Bypass,Completed,200000087,188
3842,2022-02-20 08:45:00,Cataract Surgery,Scheduled,200001953,188
3843,2024-09-12 13:00:00,Caesarean Section,Completed,200000376,188
3844,2022-12-10 08:45:00,Prostatectomy,Completed,200000073,188
3845,2022-12-26 07:00:00,Caesarean Section,Completed,200000759,189
3846,2021-10-06 15:00:00,Gastric Bypass,Completed,200000956,189
3847,2020-07-12 12:00:00,Cataract Surgery,Completed,200000526,189
3848,2022-03-11 09:15:00,Spinal Fusion,Completed,200000056,189
3849,2022-02-12 11:15:00,Gastric Bypass,Completed,200000485,189
3850,2024-07-26 15:15:00,Cholecystectomy,Completed,200001137,189
3851,2020-05-21 11:15:00,Cataract Surgery,Completed,200001868,189
3852,2020-07-19 16:00:00,Prostatectomy,Scheduled,200000322,189
3853,2022-10-24 08:30:00,Hip Replacement,Completed,200000825,189
3854,2021-09-16 17:30:00,Coronary Artery Bypass,Completed,200001788,189
3855,2020-01-25 08:00:00,Appendectomy,Completed,200001129,190
3856,2023-09-13 12:00:00,Caesarean Section,Completed,200001465,190
3857,2022-11-04 18:15:00,Hysterectomy,Completed,200001941,190
3858,2021-03-06 14:00:00,Cholecystectomy,Completed,200000655,190
3859,2022-07-21 10:30:00,Cataract Surgery,Completed,200001511,190
3860,2021-12-06 10:00:00,Hysterectomy,Completed,200001508,190
3861,2023-03-17 10:45:00,Caesarean Section,Completed,200000309,190
3862,2024-01-16 13:45:00,Hysterectomy,Completed,200001804,190
3863,2020-01-05 11:30:00,Cataract Surgery,Completed,200001466,190
3864,2023-10-03 10:45:00,Prostatectomy,Completed,200001728,190
3865,2022-02-10 17:30:00,Coronary Artery Bypass,Completed,200000597,190
3866,2024-12-10 09:00:00,Caesarean Section,Completed,200000192,190
3867,2024-07-21 16:00:00,Knee Replacement,Completed,200001174,190
3868,2021-03-12 11:00:00,Caesarean Section,Completed,200001540,191
3869,2022-02-03 08:15:00,Spinal Fusion,Completed,200001957,191
3870,2023-05-01 18:45:00,Knee Replacement,Completed,200000341,191
3871,2023-12-18 12:30:00,Caesarean Section,Completed,200000921,191
3872,2024-07-02 13:30:00,Cholecystectomy,Completed,200000235,191
3873,2022-08-03 14:15:00,Appendectomy,Completed,200000808,191
3874,2021-04-14 14:00:00,Tonsillectomy,Completed,200000630,191
3875,2023-03-20 08:00:00,Hysterectomy,Completed,200001876,191
3876,2021-01-20 13:30:00,Knee Replacement,Completed,200001575,191
3877,2023-09-15 09:15:00,Knee Replacement,Completed,200001294,191
3878,2020-11-15 16:15:00,Cataract Surgery,Completed,200001221,191
3879,2021-04-25 13:30:00,Colectomy,Completed,200000652,191
3880,2021-05-27 10:15:00,Spinal Fusion,Completed,200000100,191
3881,2022-11-10 18:30:00,Cholecystectomy,Completed,200000899,192
3882,2021-07-10 12:30:00,Cholecystectomy,Completed,200000458,192
3883,2021-09-21 08:15:00,Hernia Repair,Scheduled,200000847,192
3884,2024-04-18 07:15:00,Cholecystectomy,Scheduled,200001424,192
3885,2020-11-16 13:00:00,Appendectomy,Completed,200001511,192
3886,2021-01-04 11:45:00,Spinal Fusion,Completed,200000312,192
3887,2024-07-25 08:15:00,Mastectomy,Completed,200000824,192
3888,2020-02-16 18:00:00,Hernia Repair,Completed,200000412,192
3889,2023-07-02 15:30:00,Appendectomy,Scheduled,200001951,192
3890,2022-08-27 08:30:00,Cataract Surgery,Scheduled,200000285,192
3891,2020-04-09 15:15:00,Gastric Bypass,Completed,200000624,192
3892,2024-10-20 10:15:00,Cataract Surgery,Completed,200000409,192
3893,2020-10-16 10:15:00,Coronary Artery Bypass,Scheduled,200001874,192
3894,2022-06-01 15:30:00,Tonsillectomy,Completed,200000570,192
3895,2021-01-15 07:15:00,Tonsillectomy,Completed,200001712,192
3896,2021-12-02 13:00:00,Cholecystectomy,Completed,200000851,192
3897,2022-07-26 14:00:00,Colectomy,Completed,200001557,193
3898,2020-05-07 15:45:00,Appendectomy,Completed,200000537,193
3899,2023-07-25 14:45:00,Coronary Artery Bypass,Completed,200001555,193
3900,2023-06-03 13:15:00,Appendectomy,Scheduled,200001289,193
3901,2020-09-24 15:00:00,Gastric Bypass,Completed,200001085,193
3902,2021-01-18 18:30:00,Mastectomy,Completed,200000273,193
3903,2021-08-06 13:45:00,Tonsillectomy,Scheduled,200001422,193
3904,2023-10-01 15:15:00,Gastric Bypass,Completed,200001668,193
3905,2023-03-15 18:00:00,Hysterectomy,Scheduled,200000911,193
3906,2021-08-01 17:30:00,Colectomy,Completed,200000826,193
3907,2024-07-10 16:45:00,Coronary Artery Bypass,Completed,200001583,193
3908,2021-08-05 17:30:00,Prostatectomy,Scheduled,200000016,193
3909,2024-06-12 14:15:00,Gastric Bypass,Completed,200001265,193
3910,2023-05-12 11:15:00,Prostatectomy,Scheduled,200000964,193
3911,2024-01-20 15:45:00,Coronary Artery Bypass,Completed,200001926,193
3912,2020-11-08 16:00:00,Cholecystectomy,Completed,200001578,194
3913,2021-05-25 15:00:00,Spinal Fusion,Completed,200001191,194
3914,2021-11-09 15:15:00,Hernia Repair,Scheduled,200000769,194
3915,2022-12-16 18:15:00,Cataract Surgery,Completed,200000873,194
3916,2022-03-18 12:45:00,Hysterectomy,Completed,200000764,194
3917,2022-04-02 17:45:00,Caesarean Section,Completed,200000689,194
3918,2021-05-08 09:00:00,Knee Replacement,Completed,200001688,194
3919,2023-01-04 10:30:00,Hysterectomy,Completed,200001164,194
3920,2021-05-16 18:15:00,Hernia Repair,Completed,200000859,194
3921,2022-09-13 15:00:00,Caesarean Section,Completed,200001830,194
3922,2024-09-28 12:15:00,Hip Replacement,Completed,200000645,194
3923,2023-01-12 10:15:00,Cholecystectomy,Completed,200000148,194
3924,2022-06-18 17:15:00,Cataract Surgery,Completed,200001571,194
3925,2020-05-01 12:45:00,Cataract Surgery,Scheduled,200000436,194
3926,2024-02-02 07:00:00,Mastectomy,Completed,200000751,194
3927,2023-01-28 18:15:00,Gastric Bypass,Completed,200001544,194
3928,2020-03-28 16:15:00,Coronary Artery Bypass,Completed,200000130,194
3929,2023-03-06 10:30:00,Knee Replacement,Completed,200000112,194
3930,2024-06-12 14:00:00,Hernia Repair,Completed,200001833,194
3931,2024-07-26 16:00:00,Tonsillectomy,Completed,200000647,195
3932,2024-06-14 10:15:00,Hernia Repair,Completed,200000670,195
3933,2024-07-04 12:15:00,Knee Replacement,Completed,200001617,195
3934,2020-07-02 08:15:00,Hernia Repair,Scheduled,200001859,195
3935,2020-07-07 12:00:00,Coronary Artery Bypass,Completed,200001100,195
3936,2021-02-18 15:45:00,Appendectomy,Completed,200001102,195
3937,2020-03-28 07:15:00,Spinal Fusion,Completed,200000976,195
3938,2022-03-27 07:30:00,Tonsillectomy,Completed,200001017,195
3939,2020-04-18 18:00:00,Gastric Bypass,Completed,200001088,195
3940,2024-10-25 17:45:00,Coronary Artery Bypass,Completed,200001867,195
3941,2021-03-08 09:15:00,Cataract Surgery,Completed,200001041,195
3942,2022-08-21 08:00:00,Appendectomy,Completed,200001100,195
3943,2021-02-08 18:45:00,Hernia Repair,Completed,200001080,195
3944,2021-09-15 13:00:00,Spinal Fusion,Completed,200000113,195
3945,2022-04-20 14:15:00,Cholecystectomy,Completed,200000381,196
3946,2020-04-14 13:15:00,Tonsillectomy,Completed,200000991,196
3947,2023-07-06 13:15:00,Mastectomy,Completed,200000698,196
3948,2022-07-07 10:45:00,Gastric Bypass,Completed,200001329,196
3949,2021-05-19 10:15:00,Colectomy,Completed,200001654,196
3950,2020-09-22 10:45:00,Cholecystectomy,Completed,200000644,196
3951,2020-03-17 18:45:00,Appendectomy,Completed,200000732,196
3952,2021-09-27 18:00:00,Prostatectomy,Scheduled,200000537,196
3953,2024-09-12 07:15:00,Appendectomy,Completed,200001215,196
3954,2020-06-22 07:30:00,Knee Replacement,Completed,200000204,196
3955,2022-02-09 15:30:00,Mastectomy,Completed,200000496,196
3956,2023-12-28 16:30:00,Hernia Repair,Completed,200001313,197
3957,2023-02-19 15:00:00,Hysterectomy,Scheduled,200000405,197
3958,2023-11-23 07:00:00,Knee Replacement,Completed,200001999,197
3959,2024-07-06 09:15:00,Cholecystectomy,Completed,200000385,197
3960,2022-02-17 13:00:00,Hip Replacement,Completed,200000325,197
3961,2024-01-25 11:30:00,Cholecystectomy,Completed,200000704,197
3962,2020-04-07 12:45:00,Hysterectomy,Completed,200000957,197
3963,2020-01-17 18:00:00,Hysterectomy,Completed,200001688,197
3964,2020-02-26 09:00:00,Hernia Repair,Completed,200000118,197
3965,2023-06-23 17:45:00,Hysterectomy,Completed,200000889,197
3966,2021-11-28 12:45:00,Caesarean Section,Completed,200000002,198
3967,2020-11-03 18:30:00,Caesarean Section,Completed,200001332,198
3968,2022-10-23 16:45:00,Caesarean Section,Scheduled,200001456,198
3969,2024-09-03 13:30:00,Hysterectomy,Completed,200001719,198
3970,2024-09-21 10:15:00,Coronary Artery Bypass,Completed,200001197,198
3971,2021-06-06 12:15:00,Cholecystectomy,Scheduled,200001688,198
3972,2023-09-08 16:00:00,Prostatectomy,Completed,200000958,198
3973,2024-08-15 15:00:00,Knee Replacement,Completed,200000902,198
3974,2021-12-22 18:00:00,Knee Replacement,Completed,200000503,198
3975,2023-12-20 15:30:00,Gastric Bypass,Completed,200001072,198
3976,2021-12-28 15:45:00,Hip Replacement,Scheduled,200001817,198
3977,2022-05-07 11:15:00,Cataract Surgery,Scheduled,200001543,198
3978,2020-12-06 18:00:00,Hip Replacement,Completed,200000004,198
3979,2022-03-05 14:45:00,Cataract Surgery,Completed,200001571,198
3980,2024-12-16 07:15:00,Spinal Fusion,Completed,200001352,198
3981,2022-11-09 14:45:00,Cholecystectomy,Completed,200001430,199
3982,2024-09-16 13:30:00,Prostatectomy,Completed,200000396,199
3983,2024-03-16 07:15:00,Hernia Repair,Scheduled,200001664,199
3984,2021-02-12 16:45:00,Appendectomy,Completed,200001538,199
3985,2020-07-08 10:15:00,Spinal Fusion,Completed,200001276,199
3986,2024-09-14 10:30:00,Colectomy,Scheduled,200001917,199
3987,2021-10-07 18:45:00,Appendectomy,Scheduled,200001087,199
3988,2020-02-02 16:30:00,Prostatectomy,Completed,200000373,199
3989,2022-11-03 15:45:00,Tonsillectomy,Completed,200001069,199
3990,2020-11-22 16:45:00,Spinal Fusion,Completed,200001977,199
3991,2022-09-09 16:00:00,Hysterectomy,Completed,200000748,199
3992,2023-03-27 07:30:00,Gastric Bypass,Completed,200001953,199
3993,2024-08-12 17:30:00,Hernia Repair,Completed,200001372,199
3994,2022-01-28 12:30:00,Caesarean Section,Completed,200001606,199
3995,2024-11-21 16:00:00,Hip Replacement,Completed,200000321,199
3996,2024-03-14 11:15:00,Cholecystectomy,Scheduled,200000525,199
3997,2023-08-20 09:15:00,Gastric Bypass,Scheduled,200000968,199
3998,2020-03-26 18:15:00,Spinal Fusion,Completed,200001889,199
3999,2021-03-09 11:45:00,Spinal Fusion,Completed,200001838,199
4000,2021-04-18 07:45:00,Appendectomy,Scheduled,200001545,199
4001,2023-10-21 14:00:00,Spinal Fusion,Completed,200001680,200
4002,2023-04-20 09:45:00,Caesarean Section,Completed,200000526,200
4003,2024-08-16 08:00:00,Spinal Fusion,Completed,200001540,200
4004,2023-06-02 13:30:00,Cholecystectomy,Completed,200000634,200
4005,2023-11-19 15:15:00,Spinal Fusion,Completed,200000638,200
4006,2020-01-16 18:45:00,Mastectomy,Completed,200000692,200
4007,2023-02-27 13:45:00,Hernia Repair,Completed,200000848,200
4008,2021-02-10 18:15:00,Hysterectomy,Completed,200001925,200
4009,2021-10-27 09:15:00,Colectomy,Completed,200001520,200
4010,2020-09-11 12:30:00,Prostatectomy,Completed,200001653,200
4011,2024-10-03 08:30:00,Coronary Artery Bypass,Completed,200001486,200
4012,2020-12-09 18:15:00,Knee Replacement,Completed,200001091,200
4013,2021-05-28 08:30:00,Hernia Repair,Completed,200001644,200
4014,2020-04-18 17:45:00,Hip Replacement,Completed,200001179,200
4015,2024-10-28 12:45:00,Cataract Surgery,Scheduled,200001012,201
4016,2021-02-15 16:00:00,Appendectomy,Completed,200000544,201
4017,2024-09-15 11:30:00,Coronary Artery Bypass,Completed,200000910,201
4018,2024-04-18 07:00:00,Spinal Fusion,Completed,200001190,201
4019,2024-04-12 14:30:00,Spinal Fusion,Completed,200000828,201
4020,2020-08-18 14:15:00,Hysterectomy,Completed,200000353,201
4021,2023-06-02 11:45:00,Hip Replacement,Completed,200000759,201
4022,2021-11-26 15:45:00,Appendectomy,Completed,200000505,201
4023,2020-08-03 11:30:00,Hernia Repair,Completed,200000858,201
4024,2022-03-02 15:00:00,Cataract Surgery,Scheduled,200001811,201
4025,2024-12-07 15:15:00,Hip Replacement,Scheduled,200000160,201
4026,2023-02-01 18:30:00,Colectomy,Completed,200001513,201
4027,2020-01-28 08:30:00,Knee Replacement,Scheduled,200000012,201
4028,2024-07-14 08:00:00,Mastectomy,Completed,200000235,201
4029,2021-10-26 13:15:00,Hernia Repair,Completed,200000422,202
4030,2020-05-14 11:30:00,Mastectomy,Completed,200000839,202
4031,2021-06-22 15:30:00,Colectomy,Completed,200001988,202
4032,2022-05-23 16:15:00,Knee Replacement,Scheduled,200000743,202
4033,2023-07-01 09:15:00,Tonsillectomy,Completed,200000907,202
4034,2021-12-08 17:15:00,Hip Replacement,Completed,200000175,202
4035,2024-05-06 12:45:00,Appendectomy,Completed,200001880,202
4036,2024-02-04 15:15:00,Cholecystectomy,Completed,200000223,202
4037,2022-08-09 14:45:00,Appendectomy,Completed,200001799,202
4038,2022-11-13 15:15:00,Hip Replacement,Completed,200001093,202
4039,2021-06-13 14:00:00,Spinal Fusion,Completed,200000412,202
4040,2021-07-08 14:00:00,Cholecystectomy,Completed,200001645,202
4041,2021-02-10 09:15:00,Knee Replacement,Completed,200000566,203
4042,2022-03-07 08:00:00,Prostatectomy,Completed,200001390,203
4043,2022-04-19 15:45:00,Hysterectomy,Completed,200001811,203
4044,2024-10-06 07:30:00,Cataract Surgery,Completed,200000574,203
4045,2020-09-25 16:15:00,Tonsillectomy,Completed,200001484,203
4046,2020-08-16 14:00:00,Cataract Surgery,Completed,200001193,203
4047,2020-06-24 12:15:00,Caesarean Section,Completed,200001883,203
4048,2020-01-25 16:00:00,Cataract Surgery,Completed,200001165,203
4049,2020-12-08 13:30:00,Hip Replacement,Scheduled,200000337,203
4050,2024-10-07 15:15:00,Cholecystectomy,Completed,200000707,203
4051,2020-04-06 10:00:00,Coronary Artery Bypass,Completed,200000752,203
4052,2022-12-27 12:45:00,Appendectomy,Completed,200000202,203
4053,2024-01-13 14:30:00,Cataract Surgery,Completed,200001299,203
4054,2022-03-11 08:15:00,Mastectomy,Completed,200000276,203
4055,2023-07-01 13:15:00,Spinal Fusion,Completed,200000438,203
4056,2020-08-03 12:45:00,Appendectomy,Completed,200001272,203
4057,2020-04-08 13:30:00,Hysterectomy,Completed,200000643,203
4058,2022-06-21 09:30:00,Appendectomy,Scheduled,200001157,203
4059,2020-09-20 12:00:00,Hip Replacement,Completed,200001463,203
4060,2023-11-23 13:00:00,Hernia Repair,Completed,200001469,204
4061,2023-07-27 10:15:00,Mastectomy,Completed,200001324,204
4062,2023-01-02 17:45:00,Knee Replacement,Completed,200001454,204
4063,2020-02-18 16:45:00,Hernia Repair,Completed,200000511,204
4064,2021-11-02 12:15:00,Knee Replacement,Completed,200000907,204
4065,2022-01-07 17:30:00,Knee Replacement,Completed,200001761,204
4066,2023-08-10 10:45:00,Knee Replacement,Completed,200001023,204
4067,2022-11-27 17:30:00,Colectomy,Completed,200001904,204
4068,2023-05-03 15:00:00,Cataract Surgery,Completed,200000034,204
4069,2020-12-07 08:15:00,Appendectomy,Completed,200000205,204
4070,2020-01-11 11:30:00,Gastric Bypass,Completed,200000711,204
4071,2020-05-09 12:30:00,Prostatectomy,Completed,200000082,204
4072,2024-11-27 14:15:00,Coronary Artery Bypass,Completed,200000253,204
4073,2020-11-03 16:45:00,Hernia Repair,Completed,200000450,204
4074,2020-01-23 09:30:00,Colectomy,Completed,200000231,204
4075,2021-02-24 10:30:00,Hysterectomy,Completed,200000521,204
4076,2023-05-28 13:30:00,Appendectomy,Completed,200000341,204
4077,2020-09-22 15:00:00,Appendectomy,Scheduled,200000569,204
4078,2022-05-21 07:30:00,Mastectomy,Completed,200000190,204
4079,2024-04-27 10:15:00,Cataract Surgery,Completed,200000398,204
4080,2024-01-07 07:30:00,Caesarean Section,Completed,200001881,205
4081,2023-05-24 18:30:00,Mastectomy,Completed,200001508,205
4082,2022-07-20 18:45:00,Knee Replacement,Completed,200000515,205
4083,2020-11-05 08:30:00,Appendectomy,Completed,200000526,205
4084,2022-05-14 17:30:00,Prostatectomy,Completed,200001362,205
4085,2024-12-13 16:45:00,Hernia Repair,Completed,200001824,205
4086,2024-12-18 11:45:00,Appendectomy,Completed,200000900,205
4087,2020-12-21 17:30:00,Coronary Artery Bypass,Completed,200000681,205
4088,2021-07-09 18:45:00,Colectomy,Completed,200000156,205
4089,2020-12-17 14:00:00,Colectomy,Completed,200000432,205
4090,2021-12-09 15:15:00,Mastectomy,Completed,200001216,205
4091,2022-03-21 18:00:00,Caesarean Section,Scheduled,200000755,205
4092,2021-09-01 07:30:00,Hernia Repair,Completed,200001157,205
4093,2021-08-08 11:30:00,Knee Replacement,Completed,200000112,205
4094,2024-11-06 18:00:00,Prostatectomy,Completed,200000412,205
4095,2020-06-14 08:15:00,Cholecystectomy,Completed,200000666,205
4096,2024-07-25 12:45:00,Spinal Fusion,Completed,200001451,205
4097,2021-07-06 13:15:00,Appendectomy,Completed,200000313,205
4098,2020-10-06 11:30:00,Coronary Artery Bypass,Completed,200000894,206
4099,2022-04-11 11:30:00,Appendectomy,Completed,200000711,206
4100,2021-04-11 12:15:00,Prostatectomy,Completed,200001913,206
4101,2022-05-26 08:15:00,Hysterectomy,Completed,200000156,206
4102,2020-02-08 17:30:00,Appendectomy,Completed,200000760,206
4103,2022-03-04 07:00:00,Prostatectomy,Completed,200000239,206
4104,2024-03-15 11:00:00,Cholecystectomy,Completed,200000779,206
4105,2022-05-12 08:00:00,Cholecystectomy,Scheduled,200001174,206
4106,2024-09-27 15:45:00,Spinal Fusion,Completed,200000661,206
4107,2023-04-09 08:30:00,Colectomy,Completed,200000616,206
4108,2020-06-23 07:15:00,Coronary Artery Bypass,Completed,200001691,206
4109,2020-05-23 11:00:00,Hernia Repair,Completed,200001260,206
4110,2023-10-26 14:30:00,Hernia Repair,Completed,200000470,206
4111,2024-07-01 16:15:00,Tonsillectomy,Completed,200000995,206
4112,2020-02-21 13:30:00,Coronary Artery Bypass,Completed,200001854,206
4113,2020-12-27 17:45:00,Gastric Bypass,Scheduled,200001623,206
4114,2021-08-09 15:00:00,Hernia Repair,Completed,200001009,207
4115,2024-04-08 11:45:00,Caesarean Section,Completed,200000356,207
4116,2021-05-14 07:00:00,Hysterectomy,Scheduled,200000919,207
4117,2020-01-27 14:00:00,Caesarean Section,Completed,200000408,207
4118,2024-03-16 18:30:00,Hysterectomy,Completed,200000381,207
4119,2023-05-03 17:45:00,Mastectomy,Completed,200001108,207
4120,2021-01-07 07:15:00,Knee Replacement,Completed,200000897,207
4121,2024-06-09 13:30:00,Appendectomy,Completed,200000457,207
4122,2020-06-24 18:45:00,Hip Replacement,Completed,200001734,207
4123,2020-06-16 13:45:00,Mastectomy,Completed,200001513,207
4124,2021-04-11 11:30:00,Knee Replacement,Completed,200001315,207
4125,2020-06-20 11:30:00,Colectomy,Completed,200000141,207
4126,2023-07-13 13:30:00,Coronary Artery Bypass,Completed,200001606,207
4127,2021-12-10 15:30:00,Gastric Bypass,Completed,200000706,207
4128,2022-03-09 15:15:00,Cataract Surgery,Completed,200001132,207
4129,2023-09-25 18:00:00,Hysterectomy,Completed,200001539,207
4130,2020-06-22 18:45:00,Hip Replacement,Completed,200001309,208
4131,2023-06-09 12:45:00,Colectomy,Completed,200001666,208
4132,2020-08-16 11:00:00,Appendectomy,Completed,200000769,208
4133,2020-09-08 15:00:00,Coronary Artery Bypass,Completed,200001910,208
4134,2022-05-22 09:15:00,Caesarean Section,Completed,200001639,208
4135,2023-08-03 13:45:00,Gastric Bypass,Completed,200001407,208
4136,2020-07-16 18:00:00,Coronary Artery Bypass,Completed,200000630,208
4137,2022-02-11 17:00:00,Hysterectomy,Completed,200000593,208
4138,2022-05-06 12:15:00,Caesarean Section,Completed,200000798,208
4139,2023-10-11 10:45:00,Knee Replacement,Completed,200000972,208
4140,2023-01-26 09:15:00,Caesarean Section,Completed,200000929,208
4141,2023-09-03 08:30:00,Gastric Bypass,Completed,200000457,208
4142,2022-05-23 17:15:00,Cholecystectomy,Completed,200000439,208
4143,2021-02-20 11:00:00,Caesarean Section,Completed,200001168,208
4144,2022-10-01 08:30:00,Colectomy,Completed,200000832,208
4145,2020-12-26 18:00:00,Prostatectomy,Completed,200001140,208
4146,2024-10-22 07:15:00,Hernia Repair,Completed,200000745,208
4147,2021-09-22 09:30:00,Colectomy,Scheduled,200000407,208
4148,2023-01-07 13:45:00,Hernia Repair,Completed,200001672,209
4149,2024-04-02 12:15:00,Colectomy,Completed,200000413,209
4150,2024-09-12 09:00:00,Appendectomy,Completed,200000405,209
4151,2021-08-18 12:00:00,Hysterectomy,Completed,200000537,209
4152,2024-12-07 14:15:00,Appendectomy,Scheduled,200000610,209
4153,2022-06-23 14:15:00,Appendectomy,Completed,200001056,209
4154,2021-06-20 09:45:00,Hip Replacement,Completed,200000655,209
4155,2022-08-19 08:45:00,Hysterectomy,Completed,200001290,209
4156,2024-12-11 07:45:00,Cholecystectomy,Completed,200000517,209
4157,2023-11-15 07:00:00,Spinal Fusion,Completed,200000894,209
4158,2023-01-20 08:00:00,Knee Replacement,Scheduled,200001986,209
4159,2024-11-07 12:15:00,Coronary Artery Bypass,Completed,200001417,210
4160,2020-01-08 08:00:00,Caesarean Section,Completed,200001345,210
4161,2023-01-28 08:30:00,Knee Replacement,Completed,200000524,210
4162,2020-03-28 07:45:00,Cataract Surgery,Completed,200000692,210
4163,2022-10-18 18:15:00,Cholecystectomy,Completed,200001119,210
4164,2020-05-09 17:15:00,Cholecystectomy,Completed,200001022,210
4165,2020-04-08 11:45:00,Knee Replacement,Completed,200000875,210
4166,2024-06-26 08:45:00,Caesarean Section,Completed,200000339,210
4167,2020-08-08 10:15:00,Colectomy,Completed,200001105,210
4168,2022-03-16 14:15:00,Coronary Artery Bypass,Completed,200001687,210
4169,2020-07-27 09:45:00,Hip Replacement,Scheduled,200000963,210
4170,2023-03-08 17:15:00,Tonsillectomy,Completed,200000775,210
4171,2022-09-03 08:15:00,Cataract Surgery,Completed,200000171,210
4172,2021-07-25 10:30:00,Hip Replacement,Completed,200001739,210
4173,2024-08-19 09:15:00,Caesarean Section,Completed,200000389,210
4174,2023-02-28 10:15:00,Mastectomy,Completed,200000957,210
4175,2022-11-26 15:00:00,Hysterectomy,Completed,200001814,210
4176,2022-02-25 17:00:00,Tonsillectomy,Scheduled,200000004,210
4177,2022-12-14 08:00:00,Hernia Repair,Completed,200000309,211
4178,2023-03-14 17:30:00,Spinal Fusion,Completed,200000838,211
4179,2023-08-01 12:15:00,Gastric Bypass,Completed,200000437,211
4180,2021-08-06 16:15:00,Appendectomy,Completed,200001893,211
4181,2024-03-28 14:00:00,Knee Replacement,Completed,200001336,211
4182,2020-01-16 17:45:00,Gastric Bypass,Completed,200000291,211
4183,2020-08-26 15:45:00,Gastric Bypass,Completed,200000813,211
4184,2024-11-06 18:15:00,Coronary Artery Bypass,Completed,200000622,211
4185,2022-09-18 16:15:00,Mastectomy,Completed,200000788,211
4186,2020-03-21 08:00:00,Coronary Artery Bypass,Completed,200000630,211
4187,2020-06-26 18:00:00,Hernia Repair,Completed,200000154,211
4188,2021-01-16 13:15:00,Hysterectomy,Completed,200000126,211
4189,2020-01-07 15:30:00,Colectomy,Completed,200000740,212
4190,2022-04-27 16:30:00,Tonsillectomy,Completed,200001236,212
4191,2021-12-25 10:45:00,Hernia Repair,Completed,200001891,212
4192,2023-02-11 16:15:00,Hip Replacement,Completed,200001675,212
4193,2021-04-07 09:30:00,Spinal Fusion,Completed,200001882,212
4194,2022-07-03 18:45:00,Coronary Artery Bypass,Completed,200000822,212
4195,2022-11-27 18:15:00,Spinal Fusion,Completed,200000515,212
4196,2022-09-13 12:00:00,Coronary Artery Bypass,Completed,200000940,212
4197,2022-10-20 10:30:00,Caesarean Section,Completed,200000178,212
4198,2021-04-02 16:15:00,Hernia Repair,Completed,200000415,212
4199,2024-08-13 08:45:00,Hysterectomy,Completed,200001214,212
4200,2023-09-18 14:00:00,Caesarean Section,Completed,200001802,212
4201,2022-07-22 13:00:00,Cholecystectomy,Completed,200000820,212
4202,2023-07-20 13:45:00,Cataract Surgery,Completed,200000107,212
4203,2020-04-13 14:30:00,Knee Replacement,Scheduled,200001520,212
4204,2023-09-18 17:15:00,Prostatectomy,Scheduled,200000839,212
4205,2023-06-28 17:45:00,Coronary Artery Bypass,Completed,200000607,212
4206,2020-02-20 14:30:00,Knee Replacement,Completed,200001820,212
4207,2024-11-28 12:30:00,Mastectomy,Completed,200001918,213
4208,2021-08-12 15:00:00,Colectomy,Completed,200000255,213
4209,2020-10-15 17:15:00,Hip Replacement,Completed,200001971,213
4210,2023-06-02 09:00:00,Hernia Repair,Completed,200001526,213
4211,2024-10-23 15:15:00,Tonsillectomy,Completed,200000594,213
4212,2020-10-23 09:15:00,Coronary Artery Bypass,Completed,200001844,213
4213,2023-08-25 13:15:00,Colectomy,Completed,200001495,213
4214,2021-11-16 17:45:00,Cholecystectomy,Completed,200001925,213
4215,2022-03-26 07:30:00,Prostatectomy,Completed,200001671,213
4216,2023-11-11 10:30:00,Hip Replacement,Completed,200001749,213
4217,2021-01-04 10:45:00,Caesarean Section,Completed,200001718,214
4218,2021-12-19 16:30:00,Coronary Artery Bypass,Completed,200001264,214
4219,2024-01-26 17:45:00,Prostatectomy,Completed,200001513,214
4220,2021-09-24 12:45:00,Colectomy,Completed,200000960,214
4221,2021-04-02 09:45:00,Hernia Repair,Completed,200001155,214
4222,2022-02-13 17:30:00,Coronary Artery Bypass,Completed,200001121,214
4223,2023-12-02 09:30:00,Appendectomy,Scheduled,200000704,214
4224,2022-10-14 16:30:00,Hysterectomy,Completed,200000192,214
4225,2023-06-12 17:30:00,Coronary Artery Bypass,Completed,200000375,214
4226,2024-02-24 08:00:00,Colectomy,Completed,200001976,214
4227,2021-07-18 17:15:00,Gastric Bypass,Completed,200001754,214
4228,2022-11-17 14:00:00,Colectomy,Completed,200001057,215
4229,2021-06-18 11:00:00,Prostatectomy,Completed,200000912,215
4230,2024-07-16 14:15:00,Knee Replacement,Completed,200001074,215
4231,2024-02-14 08:30:00,Cholecystectomy,Completed,200000097,215
4232,2024-04-12 08:00:00,Caesarean Section,Completed,200000383,215
4233,2020-12-06 17:00:00,Tonsillectomy,Completed,200001820,215
4234,2024-07-10 15:00:00,Tonsillectomy,Completed,200000608,215
4235,2020-09-28 14:45:00,Appendectomy,Completed,200001692,215
4236,2024-02-22 12:45:00,Gastric Bypass,Completed,200001356,215
4237,2024-11-27 18:30:00,Tonsillectomy,Completed,200000426,215
4238,2022-11-14 12:30:00,Hysterectomy,Completed,200001163,215
4239,2021-06-16 18:30:00,Cholecystectomy,Completed,200001377,215
4240,2022-03-07 15:30:00,Hysterectomy,Completed,200000548,215
4241,2022-10-12 18:45:00,Coronary Artery Bypass,Completed,200000871,216
4242,2024-03-02 12:45:00,Prostatectomy,Completed,200001218,216
4243,2021-07-21 18:15:00,Colectomy,Completed,200001382,216
4244,2021-06-05 08:15:00,Caesarean Section,Completed,200000781,216
4245,2024-08-05 16:00:00,Prostatectomy,Completed,200001810,216
4246,2020-01-28 13:00:00,Cholecystectomy,Completed,200001669,216
4247,2022-07-23 18:30:00,Appendectomy,Scheduled,200000158,216
4248,2023-08-14 11:30:00,Appendectomy,Completed,200001573,216
4249,2024-02-15 13:30:00,Mastectomy,Completed,200001481,216
4250,2023-07-16 10:30:00,Mastectomy,Completed,200001448,216
4251,2024-02-27 10:45:00,Hernia Repair,Completed,200000247,217
4252,2021-02-05 18:30:00,Hip Replacement,Completed,200001644,217
4253,2022-09-19 14:15:00,Knee Replacement,Completed,200000235,217
4254,2024-04-23 13:15:00,Cataract Surgery,Completed,200000399,217
4255,2024-03-22 10:00:00,Spinal Fusion,Completed,200001229,217
4256,2023-02-07 15:45:00,Prostatectomy,Completed,200001373,217
4257,2022-08-25 09:15:00,Tonsillectomy,Completed,200001267,217
4258,2024-06-01 15:30:00,Prostatectomy,Completed,200000488,217
4259,2024-04-21 14:15:00,Tonsillectomy,Completed,200001333,217
4260,2021-03-15 07:00:00,Hip Replacement,Completed,200000901,217
4261,2023-08-24 12:30:00,Hernia Repair,Completed,200000009,217
4262,2022-01-05 14:30:00,Cholecystectomy,Completed,200001124,217
4263,2024-02-13 09:00:00,Appendectomy,Scheduled,200000490,217
4264,2022-08-06 12:00:00,Appendectomy,Completed,200000158,217
4265,2022-01-14 11:45:00,Hip Replacement,Completed,200000594,217
4266,2024-07-21 13:45:00,Cholecystectomy,Completed,200001948,218
4267,2020-12-05 08:45:00,Hip Replacement,Completed,200001592,218
4268,2020-07-20 07:30:00,Hip Replacement,Completed,200000795,218
4269,2023-03-13 15:15:00,Caesarean Section,Completed,200001970,218
4270,2022-11-12 13:30:00,Hernia Repair,Completed,200001271,218
4271,2023-12-21 18:45:00,Mastectomy,Scheduled,200000535,218
4272,2022-01-17 18:15:00,Coronary Artery Bypass,Scheduled,200000886,218
4273,2021-02-01 18:45:00,Hernia Repair,Completed,200000029,218
4274,2021-01-20 09:45:00,Hernia Repair,Completed,200000655,218
4275,2022-03-21 12:45:00,Caesarean Section,Completed,200000542,218
4276,2022-04-05 09:15:00,Tonsillectomy,Completed,200000688,219
4277,2021-12-17 10:45:00,Cataract Surgery,Completed,200000912,219
4278,2021-02-06 08:30:00,Caesarean Section,Completed,200001142,219
4279,2020-05-25 15:15:00,Cataract Surgery,Completed,200001338,219
4280,2022-03-06 12:30:00,Knee Replacement,Completed,200001357,219
4281,2020-09-26 11:15:00,Appendectomy,Completed,200001893,219
4282,2022-01-12 15:30:00,Colectomy,Completed,200000939,219
4283,2023-11-22 17:30:00,Gastric Bypass,Completed,200000163,219
4284,2022-07-11 16:00:00,Knee Replacement,Scheduled,200000356,219
4285,2023-01-03 12:30:00,Gastric Bypass,Completed,200001964,219
4286,2020-02-19 10:15:00,Hip Replacement,Completed,200001542,219
4287,2021-03-12 08:45:00,Gastric Bypass,Completed,200001212,219
4288,2022-02-08 07:30:00,Gastric Bypass,Completed,200000416,219
4289,2023-03-26 08:15:00,Prostatectomy,Completed,200001495,220
4290,2022-09-06 15:00:00,Knee Replacement,Completed,200000871,220
4291,2022-08-17 11:00:00,Prostatectomy,Completed,200000849,220
4292,2021-11-26 08:30:00,Mastectomy,Completed,200001637,220
4293,2021-03-17 08:30:00,Mastectomy,Completed,200000915,220
4294,2021-07-12 18:15:00,Hernia Repair,Completed,200001857,220
4295,2024-11-07 08:00:00,Caesarean Section,Completed,200000361,220
4296,2023-07-12 07:45:00,Gastric Bypass,Completed,200001686,220
4297,2024-06-06 11:00:00,Caesarean Section,Completed,200000189,220
4298,2023-05-25 16:45:00,Prostatectomy,Completed,200000471,220
4299,2023-06-13 16:45:00,Caesarean Section,Completed,200000180,220
4300,2024-06-01 11:00:00,Knee Replacement,Completed,200000488,220
4301,2021-10-18 07:00:00,Prostatectomy,Completed,200000407,220
4302,2020-12-11 14:15:00,Knee Replacement,Scheduled,200001795,220
4303,2022-04-15 09:00:00,Spinal Fusion,Completed,200001315,220
4304,2023-04-18 15:00:00,Hysterectomy,Completed,200001547,220
4305,2021-09-28 17:30:00,Prostatectomy,Completed,200001200,220
4306,2021-01-28 10:00:00,Prostatectomy,Completed,200001409,220
4307,2023-03-08 10:00:00,Hip Replacement,Completed,200001832,221
4308,2021-08-25 10:45:00,Cataract Surgery,Completed,200001477,221
4309,2023-02-24 16:15:00,Knee Replacement,Completed,200000412,221
4310,2022-06-28 11:45:00,Hysterectomy,Completed,200000901,221
4311,2024-09-06 08:15:00,Spinal Fusion,Completed,200001155,221
4312,2020-08-07 12:15:00,Mastectomy,Scheduled,200000574,221
4313,2020-12-02 07:00:00,Hernia Repair,Completed,200001815,221
4314,2023-02-25 15:00:00,Prostatectomy,Completed,200000690,221
4315,2020-12-26 15:15:00,Hip Replacement,Completed,200000125,221
4316,2021-07-05 14:30:00,Colectomy,Completed,200000272,221
4317,2021-06-23 11:30:00,Knee Replacement,Completed,200001425,221
4318,2021-05-18 09:30:00,Prostatectomy,Completed,200001197,221
4319,2020-05-11 09:00:00,Cholecystectomy,Completed,200001247,221
4320,2021-03-13 18:15:00,Gastric Bypass,Completed,200001320,221
4321,2022-10-02 14:30:00,Gastric Bypass,Completed,200001647,222
4322,2023-09-13 09:15:00,Colectomy,Completed,200001523,222
4323,2021-11-25 11:00:00,Cholecystectomy,Completed,200001479,222
4324,2021-08-05 15:45:00,Hernia Repair,Completed,200001540,222
4325,2020-11-04 14:30:00,Tonsillectomy,Completed,200001711,222
4326,2021-10-28 17:00:00,Tonsillectomy,Completed,200000491,222
4327,2022-05-13 13:15:00,Hysterectomy,Scheduled,200000829,222
4328,2024-01-25 14:00:00,Hip Replacement,Scheduled,200001862,222
4329,2024-04-15 17:30:00,Coronary Artery Bypass,Completed,200001397,222
4330,2024-12-26 10:00:00,Cataract Surgery,Completed,200001411,222
4331,2022-11-01 08:45:00,Gastric Bypass,Completed,200001259,222
4332,2022-08-23 15:00:00,Hernia Repair,Completed,200000719,222
4333,2023-10-01 15:00:00,Coronary Artery Bypass,Completed,200000737,222
4334,2024-09-01 18:30:00,Hysterectomy,Completed,200001071,222
4335,2020-08-16 17:30:00,Caesarean Section,Completed,200001228,222
4336,2020-07-16 09:30:00,Hip Replacement,Completed,200001496,222
4337,2023-10-19 10:45:00,Cataract Surgery,Scheduled,200000264,222
4338,2024-03-24 10:00:00,Knee Replacement,Completed,200000964,222
4339,2020-08-20 15:00:00,Appendectomy,Completed,200000260,222
4340,2021-02-02 16:15:00,Hip Replacement,Completed,200000101,223
4341,2023-09-20 15:30:00,Hysterectomy,Completed,200000203,223
4342,2020-02-13 18:30:00,Gastric Bypass,Completed,200001170,223
4343,2021-04-25 13:00:00,Hip Replacement,Scheduled,200001089,223
4344,2024-03-17 07:15:00,Cataract Surgery,Completed,200000160,223
4345,2023-10-06 14:30:00,Caesarean Section,Completed,200000226,223
4346,2022-10-15 16:15:00,Spinal Fusion,Completed,200001740,223
4347,2024-10-13 10:00:00,Coronary Artery Bypass,Scheduled,200000960,223
4348,2022-10-18 11:00:00,Gastric Bypass,Completed,200001908,223
4349,2023-08-20 13:15:00,Knee Replacement,Completed,200000443,223
4350,2021-04-28 09:15:00,Colectomy,Completed,200000886,223
4351,2024-01-03 12:00:00,Caesarean Section,Completed,200000572,223
4352,2024-07-02 11:45:00,Coronary Artery Bypass,Completed,200000157,223
4353,2024-04-09 08:15:00,Tonsillectomy,Completed,200000806,224
4354,2023-12-16 10:15:00,Prostatectomy,Completed,200000645,224
4355,2024-09-03 14:30:00,Prostatectomy,Completed,200000204,224
4356,2023-04-12 12:45:00,Spinal Fusion,Completed,200001779,224
4357,2024-06-24 15:30:00,Hernia Repair,Completed,200001568,224
4358,2022-07-06 08:45:00,Caesarean Section,Completed,200001088,224
4359,2023-04-27 11:15:00,Hernia Repair,Completed,200000982,224
4360,2020-08-24 18:15:00,Cataract Surgery,Completed,200001887,224
4361,2020-12-14 13:30:00,Prostatectomy,Completed,200000152,224
4362,2021-10-28 18:45:00,Mastectomy,Completed,200000201,224
4363,2020-02-16 17:00:00,Mastectomy,Completed,200000997,224
4364,2022-02-05 12:00:00,Hernia Repair,Completed,200000122,224
4365,2022-04-10 12:45:00,Hysterectomy,Completed,200000803,224
4366,2022-11-24 15:00:00,Caesarean Section,Completed,200000345,224
4367,2023-08-13 13:00:00,Caesarean Section,Completed,200001306,224
4368,2022-08-25 07:45:00,Coronary Artery Bypass,Completed,200000274,224
4369,2024-11-18 09:15:00,Hip Replacement,Completed,200000588,224
4370,2022-10-02 18:30:00,Knee Replacement,Completed,200000401,224
4371,2022-10-01 07:30:00,Caesarean Section,Completed,200000763,224
4372,2023-07-24 12:30:00,Knee Replacement,Completed,200001260,224
4373,2023-12-13 16:45:00,Hysterectomy,Completed,200000604,225
4374,2021-06-05 12:45:00,Tonsillectomy,Completed,200001118,225
4375,2023-05-17 08:15:00,Appendectomy,Completed,200000006,225
4376,2022-05-18 13:15:00,Spinal Fusion,Completed,200000758,225
4377,2021-02-27 16:00:00,Spinal Fusion,Completed,200000856,225
4378,2021-08-09 17:30:00,Appendectomy,Completed,200001363,225
4379,2023-10-09 17:30:00,Hernia Repair,Completed,200001841,225
4380,2024-12-17 13:00:00,Appendectomy,Completed,200000923,225
4381,2020-11-07 14:30:00,Hip Replacement,Completed,200001993,225
4382,2021-08-06 15:30:00,Spinal Fusion,Completed,200000129,225
4383,2021-06-03 11:45:00,Hip Replacement,Completed,200001214,225
4384,2023-06-10 12:30:00,Prostatectomy,Completed,200001398,225
4385,2021-10-21 09:00:00,Coronary Artery Bypass,Completed,200001969,225
4386,2021-03-26 18:00:00,Gastric Bypass,Completed,200000033,225
4387,2020-02-04 14:30:00,Knee Replacement,Completed,200001269,225
4388,2022-05-15 13:15:00,Knee Replacement,Completed,200000055,225
4389,2021-06-23 15:30:00,Hip Replacement,Completed,200001423,225
4390,2021-02-06 18:15:00,Prostatectomy,Completed,200000098,225
4391,2020-02-05 12:15:00,Cholecystectomy,Completed,200000143,225
4392,2021-03-17 15:00:00,Spinal Fusion,Completed,200000171,226
4393,2024-06-21 13:00:00,Knee Replacement,Completed,200000914,226
4394,2020-10-09 08:00:00,Coronary Artery Bypass,Completed,200000380,226
4395,2021-12-01 10:45:00,Colectomy,Completed,200000726,226
4396,2024-06-26 13:45:00,Hip Replacement,Completed,200000984,226
4397,2020-10-26 13:15:00,Mastectomy,Completed,200001725,226
4398,2022-03-11 13:00:00,Hernia Repair,Completed,200000130,226
4399,2020-10-24 08:15:00,Hernia Repair,Scheduled,200001804,226
4400,2022-07-26 18:00:00,Prostatectomy,Completed,200001410,226
4401,2021-11-06 13:30:00,Hernia Repair,Completed,200000845,226
4402,2021-04-03 16:45:00,Hernia Repair,Completed,200001483,226
4403,2024-01-13 13:15:00,Hysterectomy,Completed,200001447,226
4404,2024-03-05 13:45:00,Cholecystectomy,Completed,200001476,226
4405,2020-07-15 13:15:00,Cataract Surgery,Completed,200001372,226
4406,2021-04-18 16:45:00,Gastric Bypass,Completed,200000386,226
4407,2021-03-22 16:30:00,Hip Replacement,Completed,200001103,226
4408,2020-03-22 11:15:00,Hernia Repair,Completed,200001694,226
4409,2024-12-08 11:30:00,Colectomy,Completed,200001740,227
4410,2024-11-03 07:00:00,Coronary Artery Bypass,Completed,200001621,227
4411,2022-04-08 16:15:00,Caesarean Section,Completed,200000494,227
4412,2024-08-20 17:00:00,Gastric Bypass,Completed,200001383,227
4413,2021-01-16 15:00:00,Hernia Repair,Completed,200001090,227
4414,2024-01-14 14:45:00,Cholecystectomy,Completed,200000866,227
4415,2022-06-22 14:45:00,Caesarean Section,Completed,200000368,227
4416,2020-05-17 07:30:00,Hysterectomy,Completed,200000684,227
4417,2023-02-18 13:15:00,Cataract Surgery,Completed,200001814,227
4418,2021-07-09 12:45:00,Cholecystectomy,Completed,200001249,227
4419,2023-08-28 16:00:00,Cholecystectomy,Completed,200000965,227
4420,2023-02-08 17:00:00,Knee Replacement,Completed,200001887,227
4421,2020-05-01 07:15:00,Hip Replacement,Completed,200000023,228
4422,2021-02-15 09:00:00,Cataract Surgery,Completed,200001488,228
4423,2022-04-17 07:45:00,Mastectomy,Completed,200000163,228
4424,2021-07-26 12:45:00,Hysterectomy,Completed,200000170,228
4425,2022-05-01 18:45:00,Mastectomy,Completed,200001935,228
4426,2020-01-18 15:30:00,Colectomy,Completed,200000360,228
4427,2022-02-15 10:30:00,Coronary Artery Bypass,Completed,200001702,228
4428,2022-08-06 13:15:00,Mastectomy,Completed,200001069,228
4429,2024-01-17 14:15:00,Caesarean Section,Completed,200001855,228
4430,2024-10-04 10:00:00,Hysterectomy,Completed,200001310,228
4431,2024-08-22 09:45:00,Appendectomy,Scheduled,200001471,228
4432,2021-06-27 14:30:00,Cholecystectomy,Completed,200000665,228
4433,2023-12-03 07:30:00,Mastectomy,Completed,200001137,228
4434,2020-11-06 18:15:00,Hernia Repair,Completed,200000813,228
4435,2020-09-19 13:45:00,Appendectomy,Completed,200001471,228
4436,2024-10-09 18:15:00,Cataract Surgery,Completed,200000258,228
4437,2024-08-12 08:45:00,Cholecystectomy,Completed,200000304,228
4438,2021-03-03 11:00:00,Spinal Fusion,Completed,200000482,228
4439,2020-10-24 13:00:00,Prostatectomy,Completed,200001756,229
4440,2022-02-25 14:15:00,Colectomy,Scheduled,200000675,229
4441,2020-01-23 07:45:00,Coronary Artery Bypass,Scheduled,200000841,229
4442,2022-12-19 10:15:00,Tonsillectomy,Completed,200001805,229
4443,2023-03-23 13:45:00,Knee Replacement,Completed,200000137,229
4444,2020-01-07 15:30:00,Gastric Bypass,Completed,200001675,229
4445,2023-10-19 09:45:00,Tonsillectomy,Completed,200000239,229
4446,2022-08-14 14:00:00,Hernia Repair,Completed,200000849,229
4447,2023-05-23 11:00:00,Hernia Repair,Completed,200001190,229
4448,2021-04-17 08:15:00,Hernia Repair,Completed,200000272,229
4449,2022-06-20 07:30:00,Mastectomy,Completed,200001058,229
4450,2022-10-14 18:30:00,Tonsillectomy,Completed,200001157,230
4451,2022-08-27 17:30:00,Caesarean Section,Completed,200000252,230
4452,2024-04-06 14:15:00,Caesarean Section,Completed,200001656,230
4453,2021-02-19 07:45:00,Hernia Repair,Completed,200001897,230
4454,2020-09-03 16:45:00,Spinal Fusion,Scheduled,200000049,230
4455,2023-06-26 08:00:00,Cataract Surgery,Completed,200001874,230
4456,2023-03-12 17:45:00,Cataract Surgery,Completed,200001724,230
4457,2024-06-08 13:15:00,Caesarean Section,Completed,200001353,230
4458,2022-07-09 13:15:00,Appendectomy,Scheduled,200001742,230
4459,2020-04-19 13:15:00,Caesarean Section,Completed,200000682,230
4460,2021-04-14 15:15:00,Hernia Repair,Completed,200001323,230
4461,2020-02-08 12:30:00,Hernia Repair,Completed,200001653,230
4462,2024-12-12 17:15:00,Tonsillectomy,Scheduled,200001832,230
4463,2022-06-04 10:15:00,Hip Replacement,Completed,200001026,230
4464,2022-06-15 17:30:00,Caesarean Section,Completed,200001693,230
4465,2023-02-06 08:00:00,Gastric Bypass,Completed,200000081,230
4466,2021-07-07 14:00:00,Tonsillectomy,Completed,200001147,231
4467,2020-11-07 17:00:00,Appendectomy,Completed,200001085,231
4468,2023-12-20 16:30:00,Hysterectomy,Completed,200001615,231
4469,2024-09-18 10:45:00,Appendectomy,Completed,200000445,231
4470,2023-03-16 08:30:00,Cholecystectomy,Completed,200000261,231
4471,2022-04-14 12:15:00,Coronary Artery Bypass,Completed,200000661,231
4472,2023-03-08 07:00:00,Caesarean Section,Completed,200000445,231
4473,2023-12-14 14:00:00,Hernia Repair,Completed,200000572,231
4474,2024-11-27 07:15:00,Hernia Repair,Completed,200001807,231
4475,2023-11-09 14:45:00,Mastectomy,Completed,200001489,231
4476,2020-08-06 17:15:00,Prostatectomy,Completed,200001192,231
4477,2021-02-25 16:45:00,Cholecystectomy,Completed,200000477,231
4478,2022-12-23 14:00:00,Prostatectomy,Completed,200000626,231
4479,2024-12-05 12:15:00,Knee Replacement,Completed,200001021,231
4480,2022-11-12 08:45:00,Appendectomy,Completed,200000741,231
4481,2022-07-07 17:15:00,Hip Replacement,Completed,200000256,231
4482,2022-12-03 11:45:00,Spinal Fusion,Completed,200001062,231
4483,2022-03-07 15:15:00,Tonsillectomy,Completed,200000510,231
4484,2021-01-09 13:45:00,Mastectomy,Completed,200000257,231
4485,2022-07-08 10:15:00,Hernia Repair,Completed,200001178,232
4486,2023-10-12 09:15:00,Tonsillectomy,Completed,200001301,232
4487,2024-11-24 14:00:00,Knee Replacement,Scheduled,200001239,232
4488,2021-10-20 12:00:00,Cataract Surgery,Completed,200000370,232
4489,2022-11-02 09:45:00,Mastectomy,Completed,200000343,232
4490,2024-02-08 10:00:00,Colectomy,Completed,200000234,232
4491,2023-09-18 17:30:00,Cholecystectomy,Completed,200000408,232
4492,2021-04-23 18:45:00,Spinal Fusion,Completed,200000883,232
4493,2022-05-12 09:45:00,Spinal Fusion,Completed,200000687,232
4494,2023-11-21 17:15:00,Hysterectomy,Completed,200000540,232
4495,2022-04-08 07:45:00,Hysterectomy,Completed,200000340,232
4496,2022-03-13 09:30:00,Caesarean Section,Completed,200000707,232
4497,2024-03-16 17:15:00,Cholecystectomy,Completed,200000319,233
4498,2021-06-27 16:00:00,Tonsillectomy,Completed,200000062,233
4499,2024-05-07 12:30:00,Gastric Bypass,Scheduled,200001432,233
4500,2023-03-18 14:15:00,Caesarean Section,Completed,200000474,233
4501,2024-05-05 16:00:00,Cataract Surgery,Completed,200001336,233
4502,2024-03-21 14:30:00,Knee Replacement,Completed,200000837,233
4503,2024-08-27 12:30:00,Spinal Fusion,Completed,200000796,233
4504,2020-05-27 16:15:00,Mastectomy,Scheduled,200000108,233
4505,2022-12-19 15:45:00,Cholecystectomy,Completed,200001306,233
4506,2020-05-23 10:00:00,Coronary Artery Bypass,Completed,200001067,233
4507,2022-07-22 10:15:00,Coronary Artery Bypass,Completed,200000618,233
4508,2024-08-16 11:15:00,Appendectomy,Completed,200000224,233
4509,2021-08-22 11:15:00,Gastric Bypass,Completed,200000778,233
4510,2020-05-17 17:15:00,Knee Replacement,Completed,200001938,233
4511,2020-03-07 10:45:00,Appendectomy,Completed,200001834,233
4512,2023-01-11 15:15:00,Coronary Artery Bypass,Completed,200000500,233
4513,2022-01-16 10:00:00,Cholecystectomy,Completed,200001361,234
4514,2020-06-03 10:30:00,Knee Replacement,Scheduled,200001212,234
4515,2022-08-28 16:15:00,Knee Replacement,Completed,200000377,234
4516,2023-01-16 14:15:00,Caesarean Section,Scheduled,200000702,234
4517,2023-05-04 10:00:00,Spinal Fusion,Completed,200000735,234
4518,2022-08-24 10:30:00,Hip Replacement,Completed,200000653,234
4519,2022-12-18 09:45:00,Spinal Fusion,Completed,200000275,234
4520,2022-11-24 11:30:00,Hip Replacement,Completed,200000632,234
4521,2024-07-26 12:15:00,Cataract Surgery,Completed,200000544,234
4522,2023-06-27 17:15:00,Hip Replacement,Completed,200001465,234
4523,2020-09-15 08:45:00,Caesarean Section,Completed,200001638,234
4524,2024-11-11 17:30:00,Coronary Artery Bypass,Completed,200001810,234
4525,2022-04-17 12:00:00,Knee Replacement,Completed,200001847,234
4526,2024-07-10 09:30:00,Coronary Artery Bypass,Completed,200001660,234
4527,2023-08-15 15:15:00,Hernia Repair,Completed,200001810,234
4528,2021-01-22 09:00:00,Caesarean Section,Completed,200000671,234
4529,2023-08-22 17:45:00,Appendectomy,Completed,200001516,234
4530,2023-01-13 10:15:00,Mastectomy,Completed,200001296,234
4531,2021-04-14 10:45:00,Caesarean Section,Scheduled,200001534,234
4532,2021-02-18 15:30:00,Spinal Fusion,Completed,200000563,235
4533,2022-04-27 10:00:00,Knee Replacement,Completed,200001629,235
4534,2020-06-03 09:45:00,Gastric Bypass,Scheduled,200001934,235
4535,2020-09-14 13:00:00,Prostatectomy,Completed,200001586,235
4536,2021-11-18 15:30:00,Cataract Surgery,Completed,200000844,235
4537,2023-10-01 09:00:00,Tonsillectomy,Completed,200001442,235
4538,2021-01-02 08:30:00,Coronary Artery Bypass,Completed,200000325,235
4539,2022-11-03 10:30:00,Caesarean Section,Completed,200001652,235
4540,2023-01-11 13:15:00,Appendectomy,Completed,200000684,235
4541,2022-12-01 08:15:00,Cholecystectomy,Completed,200000472,235
4542,2020-05-08 10:00:00,Knee Replacement,Completed,200001807,235
4543,2021-07-11 13:15:00,Hernia Repair,Completed,200001482,235
4544,2024-10-11 09:30:00,Appendectomy,Completed,200001893,235
4545,2023-09-26 08:15:00,Hysterectomy,Completed,200000409,235
4546,2024-01-25 18:15:00,Caesarean Section,Completed,200001023,235
4547,2023-03-12 16:30:00,Appendectomy,Completed,200001270,235
4548,2024-11-22 11:00:00,Hernia Repair,Completed,200000343,235
4549,2020-06-25 13:15:00,Spinal Fusion,Completed,200001948,235
4550,2021-03-02 11:30:00,Caesarean Section,Completed,200001182,235
4551,2020-05-04 14:45:00,Knee Replacement,Completed,200001785,235
4552,2020-08-04 08:15:00,Colectomy,Completed,200001878,236
4553,2024-02-14 08:30:00,Cholecystectomy,Completed,200001420,236
4554,2021-06-07 10:15:00,Gastric Bypass,Completed,200000041,236
4555,2024-05-08 07:15:00,Prostatectomy,Completed,200001842,236
4556,2024-11-20 14:15:00,Caesarean Section,Completed,200000512,236
4557,2022-09-17 10:15:00,Hip Replacement,Completed,200000711,236
4558,2020-07-05 17:45:00,Hysterectomy,Completed,200000488,236
4559,2023-02-20 12:30:00,Hysterectomy,Completed,200000343,236
4560,2024-10-22 16:45:00,Cataract Surgery,Completed,200001189,236
4561,2023-11-24 16:15:00,Gastric Bypass,Completed,200001848,236
4562,2021-02-27 10:15:00,Spinal Fusion,Completed,200001024,236
4563,2023-12-12 10:45:00,Caesarean Section,Scheduled,200000558,236
4564,2020-09-01 12:45:00,Hysterectomy,Completed,200001758,236
4565,2023-09-06 16:00:00,Knee Replacement,Completed,200000157,237
4566,2024-02-04 07:15:00,Colectomy,Completed,200000202,237
4567,2021-12-22 16:45:00,Knee Replacement,Completed,200001414,237
4568,2023-01-12 08:30:00,Caesarean Section,Completed,200000915,237
4569,2022-03-08 15:30:00,Gastric Bypass,Completed,200001190,237
4570,2024-08-01 07:45:00,Hernia Repair,Completed,200001636,237
4571,2020-07-03 08:30:00,Caesarean Section,Completed,200000208,237
4572,2020-06-03 11:45:00,Appendectomy,Completed,200000358,237
4573,2020-04-23 11:45:00,Cataract Surgery,Completed,200001097,237
4574,2023-09-03 11:00:00,Cholecystectomy,Completed,200001669,237
4575,2023-05-10 10:00:00,Gastric Bypass,Completed,200001556,237
4576,2021-04-16 08:30:00,Caesarean Section,Completed,200001824,238
4577,2022-02-20 07:15:00,Coronary Artery Bypass,Completed,200001907,238
4578,2020-10-17 10:45:00,Knee Replacement,Scheduled,200001847,238
4579,2022-04-28 17:15:00,Hernia Repair,Completed,200000023,238
4580,2021-07-08 09:30:00,Caesarean Section,Completed,200001924,238
4581,2021-03-17 07:15:00,Prostatectomy,Completed,200000364,238
4582,2021-02-25 17:30:00,Hernia Repair,Completed,200000317,238
4583,2024-09-07 15:00:00,Spinal Fusion,Completed,200000010,238
4584,2021-08-28 14:00:00,Tonsillectomy,Completed,200001889,238
4585,2021-10-13 12:00:00,Gastric Bypass,Completed,200000885,238
4586,2024-01-12 15:30:00,Spinal Fusion,Completed,200000571,239
4587,2022-04-01 12:45:00,Cholecystectomy,Completed,200000645,239
4588,2023-02-09 08:45:00,Prostatectomy,Completed,200000452,239
4589,2022-05-13 14:30:00,Gastric Bypass,Scheduled,200000304,239
4590,2020-12-08 11:15:00,Gastric Bypass,Completed,200001229,239
4591,2021-02-13 07:00:00,Hip Replacement,Completed,200001506,239
4592,2022-04-06 14:15:00,Tonsillectomy,Completed,200000614,239
4593,2021-06-13 08:15:00,Hernia Repair,Completed,200000350,239
4594,2020-02-27 18:30:00,Hysterectomy,Completed,200001432,239
4595,2020-11-18 07:30:00,Mastectomy,Completed,200000472,239
4596,2022-11-18 12:00:00,Colectomy,Completed,200001372,239
4597,2023-07-08 16:30:00,Colectomy,Completed,200001849,239
4598,2021-02-14 12:00:00,Hip Replacement,Completed,200000641,239
4599,2024-09-18 11:30:00,Cholecystectomy,Completed,200001778,239
4600,2020-12-04 15:15:00,Cholecystectomy,Completed,200001070,240
4601,2020-05-24 18:30:00,Spinal Fusion,Completed,200000482,240
4602,2023-10-14 15:30:00,Colectomy,Completed,200001198,240
4603,2020-08-18 18:15:00,Hernia Repair,Completed,200000112,240
4604,2023-05-20 07:00:00,Prostatectomy,Completed,200001467,240
4605,2024-05-13 11:30:00,Coronary Artery Bypass,Completed,200000227,240
4606,2021-12-19 15:45:00,Appendectomy,Completed,200000379,240
4607,2021-04-20 13:15:00,Gastric Bypass,Completed,200001889,240
4608,2024-12-13 09:45:00,Prostatectomy,Completed,200000697,240
4609,2021-01-15 07:15:00,Hysterectomy,Completed,200000316,240
4610,2022-02-17 18:00:00,Prostatectomy,Completed,200000055,240
4611,2022-05-11 18:30:00,Hernia Repair,Completed,200001501,240
4612,2023-07-24 08:00:00,Knee Replacement,Completed,200000917,240
4613,2023-10-18 09:00:00,Colectomy,Completed,200000451,240
4614,2020-12-10 17:30:00,Spinal Fusion,Completed,200000261,240
4615,2021-04-25 08:30:00,Cholecystectomy,Scheduled,200000365,240
4616,2023-12-17 11:15:00,Prostatectomy,Completed,200000625,240
4617,2023-02-03 09:45:00,Prostatectomy,Completed,200000896,241
4618,2023-07-05 11:45:00,Hip Replacement,Completed,200001733,241
4619,2020-05-03 09:30:00,Prostatectomy,Completed,200001319,241
4620,2024-12-20 07:00:00,Cataract Surgery,Completed,200000053,241
4621,2024-06-27 16:45:00,Appendectomy,Completed,200000311,241
4622,2020-03-05 17:30:00,Colectomy,Completed,200001345,241
4623,2022-07-23 18:45:00,Colectomy,Completed,200001121,241
4624,2023-03-08 12:15:00,Hip Replacement,Completed,200000682,241
4625,2022-03-23 08:45:00,Caesarean Section,Scheduled,200001849,241
4626,2024-12-20 09:00:00,Appendectomy,Scheduled,200001281,241
4627,2022-03-05 16:30:00,Tonsillectomy,Completed,200000197,242
4628,2023-11-07 13:00:00,Knee Replacement,Completed,200001351,242
4629,2021-12-10 14:15:00,Spinal Fusion,Completed,200001709,242
4630,2023-01-20 14:15:00,Colectomy,Completed,200001471,242
4631,2022-11-04 17:15:00,Mastectomy,Completed,200001107,242
4632,2022-09-05 16:30:00,Hysterectomy,Completed,200001900,242
4633,2023-02-26 12:00:00,Gastric Bypass,Completed,200001578,242
4634,2020-04-22 18:00:00,Coronary Artery Bypass,Completed,200001684,242
4635,2023-12-24 09:45:00,Hernia Repair,Completed,200001559,242
4636,2023-01-06 15:45:00,Cholecystectomy,Completed,200001217,242
4637,2020-01-07 18:45:00,Cholecystectomy,Completed,200001313,242
4638,2022-04-12 17:00:00,Gastric Bypass,Completed,200001159,243
4639,2024-01-04 12:15:00,Tonsillectomy,Completed,200001342,243
4640,2023-09-10 15:15:00,Cholecystectomy,Completed,200000836,243
4641,2021-07-23 08:00:00,Spinal Fusion,Completed,200001694,243
4642,2020-10-06 08:00:00,Prostatectomy,Completed,200001525,243
4643,2020-01-12 09:15:00,Tonsillectomy,Completed,200000764,243
4644,2022-04-02 17:30:00,Mastectomy,Completed,200000482,243
4645,2020-04-17 18:00:00,Coronary Artery Bypass,Completed,200001969,243
4646,2020-12-14 11:45:00,Spinal Fusion,Completed,200000121,243
4647,2021-09-01 08:15:00,Gastric Bypass,Scheduled,200000457,243
4648,2024-06-16 18:45:00,Knee Replacement,Scheduled,200000399,243
4649,2023-06-04 11:15:00,Mastectomy,Completed,200001618,243
4650,2023-08-12 13:00:00,Prostatectomy,Completed,200001363,243
4651,2020-07-14 09:00:00,Colectomy,Completed,200001528,243
4652,2021-02-27 14:15:00,Mastectomy,Completed,200001748,243
4653,2024-12-20 17:45:00,Cholecystectomy,Completed,200000265,244
4654,2024-06-25 12:30:00,Hernia Repair,Completed,200000104,244
4655,2023-02-25 13:00:00,Gastric Bypass,Completed,200000844,244
4656,2022-07-21 08:15:00,Tonsillectomy,Completed,200000709,244
4657,2021-06-20 14:00:00,Tonsillectomy,Completed,200000978,244
4658,2024-03-02 16:45:00,Mastectomy,Completed,200001316,244
4659,2024-09-10 17:45:00,Mastectomy,Completed,200000304,244
4660,2021-03-17 12:30:00,Mastectomy,Completed,200000582,244
4661,2023-02-17 09:00:00,Knee Replacement,Completed,200000592,244
4662,2022-02-16 13:15:00,Cholecystectomy,Completed,200000253,244
4663,2021-03-12 08:00:00,Hernia Repair,Completed,200001717,244
4664,2021-03-19 15:45:00,Caesarean Section,Completed,200000075,245
4665,2022-01-15 13:15:00,Mastectomy,Completed,200000593,245
4666,2022-09-24 16:30:00,Tonsillectomy,Completed,200001786,245
4667,2023-01-09 17:30:00,Prostatectomy,Scheduled,200001332,245
4668,2021-03-14 11:45:00,Caesarean Section,Completed,200001328,245
4669,2024-04-09 09:15:00,Appendectomy,Completed,200001116,245
4670,2024-02-09 14:30:00,Caesarean Section,Completed,200000525,245
4671,2022-01-16 08:30:00,Spinal Fusion,Scheduled,200001636,245
4672,2022-11-19 15:45:00,Gastric Bypass,Completed,200001559,245
4673,2021-06-17 09:15:00,Prostatectomy,Completed,200001383,245
4674,2022-09-01 17:00:00,Prostatectomy,Completed,200000011,245
4675,2023-12-14 16:45:00,Hip Replacement,Completed,200001165,245
4676,2023-09-02 09:15:00,Tonsillectomy,Completed,200000680,246
4677,2024-04-15 15:45:00,Mastectomy,Completed,200001255,246
4678,2023-06-09 12:45:00,Tonsillectomy,Scheduled,200001084,246
4679,2024-11-24 10:45:00,Knee Replacement,Completed,200000385,246
4680,2022-02-17 18:15:00,Caesarean Section,Scheduled,200001601,246
4681,2021-07-08 15:30:00,Knee Replacement,Completed,200001883,246
4682,2020-10-04 15:15:00,Hernia Repair,Completed,200000889,246
4683,2022-10-03 16:00:00,Prostatectomy,Completed,200001288,246
4684,2020-11-08 12:00:00,Hysterectomy,Completed,200001703,246
4685,2020-06-27 15:30:00,Colectomy,Completed,200000954,246
4686,2022-05-19 13:00:00,Appendectomy,Completed,200000863,246
4687,2021-09-23 14:15:00,Hip Replacement,Completed,200001606,246
4688,2021-09-26 17:00:00,Hip Replacement,Completed,200001703,246
4689,2020-02-28 13:15:00,Hernia Repair,Completed,200001964,246
4690,2023-03-06 09:45:00,Mastectomy,Completed,200000603,246
4691,2022-08-23 10:15:00,Hip Replacement,Completed,200000897,246
4692,2021-05-23 14:30:00,Spinal Fusion,Completed,200001686,246
4693,2023-01-05 17:45:00,Cataract Surgery,Completed,200000503,246
4694,2024-07-20 18:00:00,Hip Replacement,Scheduled,200000707,246
4695,2020-06-06 15:15:00,Mastectomy,Completed,200000187,246
4696,2024-01-06 07:15:00,Mastectomy,Completed,200000343,247
4697,2023-07-16 09:15:00,Gastric Bypass,Scheduled,200000821,247
4698,2022-11-10 14:30:00,Tonsillectomy,Completed,200001638,247
4699,2023-07-04 09:30:00,Hysterectomy,Completed,200000416,247
4700,2024-04-25 15:15:00,Hip Replacement,Completed,200000591,247
4701,2020-09-01 15:45:00,Prostatectomy,Completed,200001768,247
4702,2023-02-25 09:00:00,Hernia Repair,Completed,200001500,247
4703,2020-11-17 08:30:00,Coronary Artery Bypass,Completed,200001896,247
4704,2024-11-20 18:30:00,Cholecystectomy,Completed,200000773,247
4705,2020-02-25 17:00:00,Cataract Surgery,Scheduled,200001873,247
4706,2020-11-01 14:15:00,Mastectomy,Completed,200000452,247
4707,2021-05-25 08:00:00,Caesarean Section,Completed,200001051,247
4708,2021-12-24 07:30:00,Coronary Artery Bypass,Completed,200000410,247
4709,2021-12-11 18:00:00,Hip Replacement,Completed,200001461,247
4710,2024-08-06 10:45:00,Knee Replacement,Completed,200000227,247
4711,2024-05-26 11:15:00,Hernia Repair,Scheduled,200000489,247
4712,2021-06-28 10:30:00,Colectomy,Completed,200000087,247
4713,2022-08-20 15:45:00,Caesarean Section,Completed,200000075,248
4714,2023-10-09 17:45:00,Cataract Surgery,Completed,200001922,248
4715,2021-09-01 12:00:00,Hip Replacement,Completed,200000428,248
4716,2023-01-23 14:45:00,Gastric Bypass,Completed,200000634,248
4717,2022-02-26 16:00:00,Knee Replacement,Completed,200000100,248
4718,2020-03-26 07:00:00,Gastric Bypass,Completed,200001918,248
4719,2023-09-23 12:45:00,Prostatectomy,Completed,200000225,248
4720,2024-11-23 13:45:00,Appendectomy,Completed,200000848,248
4721,2020-02-17 10:30:00,Appendectomy,Completed,200001277,248
4722,2023-06-11 17:15:00,Colectomy,Completed,200000717,248
4723,2024-04-25 16:30:00,Hernia Repair,Completed,200001536,249
4724,2020-04-01 11:00:00,Appendectomy,Completed,200001346,249
4725,2024-12-21 07:30:00,Cholecystectomy,Completed,200000103,249
4726,2021-08-16 16:00:00,Mastectomy,Completed,200001285,249
4727,2022-10-24 10:15:00,Colectomy,Completed,200000015,249
4728,2023-08-06 10:00:00,Coronary Artery Bypass,Completed,200000057,249
4729,2023-05-02 13:45:00,Prostatectomy,Completed,200000091,249
4730,2023-12-16 12:45:00,Coronary Artery Bypass,Completed,200000079,249
4731,2021-01-09 11:45:00,Mastectomy,Completed,200001436,249
4732,2020-02-23 15:30:00,Mastectomy,Completed,200001789,249
4733,2023-08-13 16:00:00,Tonsillectomy,Completed,200000413,249
4734,2024-09-08 07:30:00,Coronary Artery Bypass,Completed,200000720,249
4735,2020-08-02 14:30:00,Prostatectomy,Completed,200000440,249
4736,2024-05-01 18:15:00,Appendectomy,Scheduled,200001787,249
4737,2020-01-05 09:00:00,Cholecystectomy,Completed,200001182,249
4738,2021-09-16 18:45:00,Mastectomy,Scheduled,200000936,250
4739,2022-04-28 16:45:00,Mastectomy,Completed,200000495,250
4740,2022-09-12 08:45:00,Gastric Bypass,Completed,200001071,250
4741,2020-07-15 10:45:00,Appendectomy,Completed,200001514,250
4742,2022-08-16 11:45:00,Caesarean Section,Completed,200000700,250
4743,2022-12-15 14:00:00,Coronary Artery Bypass,Completed,200001983,250
4744,2022-10-18 13:45:00,Spinal Fusion,Completed,200000508,250
4745,2022-10-04 07:30:00,Coronary Artery Bypass,Completed,200001095,250
4746,2020-06-25 07:45:00,Mastectomy,Completed,200000308,250
4747,2023-07-07 17:45:00,Colectomy,Completed,200000908,250
4748,2023-02-23 07:45:00,Colectomy,Completed,200000613,250
4749,2021-09-21 09:00:00,Caesarean Section,Completed,200001494,250
4750,2020-07-23 07:00:00,Cataract Surgery,Completed,200000403,250
4751,2024-04-14 14:00:00,Gastric Bypass,Completed,200001265,250
4752,2024-06-23 14:00:00,Prostatectomy,Completed,200000372,250
4753,2021-10-14 11:45:00,Hysterectomy,Scheduled,200001777,250
4754,2023-08-05 17:45:00,Knee Replacement,Completed,200000854,250
