eid,otid
100000197,1
100000271,2
100000270,3
100000172,4
100000169,5
100000128,6
100000243,7
100000202,8
100000247,9
100000266,10
100000172,11
100000163,12
100000298,13
100000173,14
100000166,15
100000115,16
100000161,17
100000198,18
100000203,19
100000298,20
100000111,21
100000185,22
100000136,23
100000210,24
100000148,25
100000139,26
100000208,27
100000200,28
100000114,29
100000148,30
100000188,31
100000299,32
100000107,33
100000282,34
100000142,35
100000129,36
100000254,37
100000232,38
100000193,39
100000198,40
100000139,41
100000136,42
100000124,43
100000272,44
100000159,45
100000296,46
100000296,47
100000174,48
100000182,49
100000264,50
100000209,51
100000151,52
100000274,53
100000235,54
100000160,55
100000287,56
100000148,57
100000283,58
100000232,59
100000218,60
100000151,61
100000145,62
100000229,63
100000273,64
100000187,65
100000122,66
100000248,67
100000207,68
100000102,69
100000195,70
100000199,71
100000137,72
100000262,73
100000292,74
100000239,75
100000260,76
100000269,77
100000219,78
100000191,79
100000249,80
100000272,81
100000104,82
100000262,83
100000286,84
100000114,85
100000131,86
100000190,87
100000261,88
100000212,89
100000276,90
100000151,91
100000238,92
100000190,93
100000184,94
100000204,95
100000209,96
100000193,97
100000225,98
100000100,99
100000254,100
100000258,101
100000111,102
100000120,103
100000127,104
100000237,105
100000223,106
100000216,107
100000200,108
100000278,109
100000126,110
100000270,111
100000199,112
100000299,113
100000111,114
100000149,115
100000265,116
100000159,117
100000182,118
100000224,119
100000133,120
100000130,121
100000154,122
100000201,123
100000247,124
100000146,125
100000244,126
100000254,127
100000263,128
100000151,129
100000150,130
100000219,131
100000240,132
100000188,133
100000216,134
100000297,135
100000299,136
100000275,137
100000288,138
100000237,139
100000236,140
100000215,141
100000252,142
100000264,143
100000249,144
100000130,145
100000123,146
100000244,147
100000226,148
100000161,149
100000167,150
100000227,151
100000265,152
100000152,153
100000223,154
100000207,155
100000107,156
100000272,157
100000127,158
100000220,159
100000206,160
100000124,161
100000135,162
100000225,163
100000121,164
100000296,165
100000112,166
100000136,167
100000159,168
100000124,169
100000293,170
100000157,171
100000116,172
100000157,173
100000216,174
100000258,175
100000225,176
100000274,177
100000262,178
100000178,179
100000100,180
100000217,181
100000226,182
100000243,183
100000126,184
100000157,185
100000103,186
100000293,187
100000264,188
100000250,189
100000151,190
100000229,191
100000257,192
100000176,193
100000161,194
100000227,195
100000244,196
100000173,197
100000195,198
100000184,199
100000271,200
100000159,201
100000214,202
100000139,203
100000165,204
100000238,205
100000122,206
100000187,207
100000176,208
100000260,209
100000212,210
100000146,211
100000173,212
100000192,213
100000232,214
100000262,215
100000296,216
100000153,217
100000159,218
100000278,219
100000106,220
100000152,221
100000280,222
100000242,223
100000160,224
100000214,225
100000167,226
100000289,227
100000170,228
100000135,229
100000206,230
100000193,231
100000219,232
100000128,233
100000244,234
100000219,235
100000223,236
100000142,237
100000206,238
100000295,239
100000223,240
100000236,241
100000189,242
100000298,243
100000113,244
100000147,245
100000271,246
100000230,247
100000182,248
100000250,249
100000215,250
100000207,251
100000135,252
100000106,253
100000121,254
100000287,255
100000139,256
100000148,257
100000137,258
100000269,259
100000155,260
100000134,261
100000191,262
100000225,263
100000228,264
100000192,265
100000103,266
100000163,267
100000119,268
100000233,269
100000174,270
100000169,271
100000280,272
100000139,273
100000231,274
100000249,275
100000109,276
100000149,277
100000252,278
100000267,279
100000227,280
100000282,281
100000289,282
100000160,283
100000218,284
100000260,285
100000106,286
100000148,287
100000113,288
100000270,289
100000278,290
100000140,291
100000199,292
100000191,293
100000219,294
100000171,295
100000186,296
100000193,297
100000226,298
100000200,299
100000106,300
100000185,301
100000236,302
100000238,303
100000256,304
100000294,305
100000110,306
100000219,307
100000138,308
100000278,309
100000153,310
100000262,311
100000107,312
100000263,313
100000246,314
100000113,315
100000160,316
100000166,317
100000146,318
100000265,319
100000152,320
100000282,321
100000113,322
100000293,323
100000145,324
100000281,325
100000268,326
100000175,327
100000285,328
100000136,329
100000271,330
100000272,331
100000153,332
100000297,333
100000202,334
100000234,335
100000272,336
100000270,337
100000231,338
100000237,339
100000216,340
100000183,341
100000142,342
100000257,343
100000129,344
100000191,345
100000153,346
100000148,347
100000271,348
100000297,349
100000126,350
100000209,351
100000144,352
100000100,353
100000177,354
100000174,355
100000248,356
100000199,357
100000100,358
100000155,359
100000185,360
100000182,361
100000192,362
100000170,363
100000295,364
100000292,365
100000232,366
100000295,367
100000256,368
100000217,369
100000210,370
100000208,371
100000202,372
100000230,373
100000260,374
100000105,375
100000100,376
100000164,377
100000186,378
100000113,379
100000264,380
100000250,381
100000207,382
100000130,383
100000210,384
100000239,385
100000194,386
100000269,387
100000210,388
100000244,389
100000214,390
100000223,391
100000106,392
100000290,393
100000135,394
100000249,395
100000166,396
100000229,397
100000119,398
100000274,399
100000127,400
100000100,401
100000116,402
100000294,403
100000109,404
100000121,405
100000210,406
100000259,407
100000143,408
100000202,409
100000190,410
100000100,411
100000247,412
100000207,413
100000233,414
100000123,415
100000283,416
100000271,417
100000277,418
100000293,419
100000215,420
100000144,421
100000121,422
100000191,423
100000180,424
100000175,425
100000276,426
100000255,427
100000229,428
100000139,429
100000123,430
100000152,431
100000296,432
100000249,433
100000292,434
100000258,435
100000253,436
100000253,437
100000215,438
100000156,439
100000265,440
100000132,441
100000182,442
100000108,443
100000230,444
100000156,445
100000159,446
100000259,447
100000247,448
100000106,449
100000117,450
100000242,451
100000244,452
100000242,453
100000295,454
100000231,455
100000250,456
100000118,457
100000162,458
100000138,459
100000296,460
100000192,461
100000135,462
100000190,463
100000143,464
100000121,465
100000203,466
100000154,467
100000238,468
100000263,469
100000172,470
100000215,471
100000294,472
100000183,473
100000283,474
100000275,475
100000113,476
100000231,477
100000208,478
100000279,479
100000167,480
100000287,481
100000251,482
100000294,483
100000157,484
100000146,485
100000256,486
100000193,487
100000256,488
100000225,489
100000150,490
100000288,491
100000239,492
100000101,493
100000239,494
100000253,495
100000104,496
100000275,497
100000266,498
100000289,499
100000254,500
100000219,501
100000115,502
100000189,503
100000280,504
100000177,505
100000272,506
100000206,507
100000120,508
100000176,509
100000134,510
100000192,511
100000290,512
100000123,513
100000130,514
100000287,515
100000282,516
100000117,517
100000250,518
100000187,519
100000297,520
100000243,521
100000271,522
100000101,523
100000211,524
100000202,525
100000168,526
100000117,527
100000129,528
100000184,529
100000289,530
100000294,531
100000135,532
100000182,533
100000127,534
100000199,535
100000186,536
100000223,537
100000266,538
100000152,539
100000279,540
100000229,541
100000128,542
100000193,543
100000189,544
100000189,545
100000211,546
100000140,547
100000102,548
100000160,549
100000121,550
100000157,551
100000123,552
100000243,553
100000252,554
100000117,555
100000195,556
100000191,557
100000242,558
100000256,559
100000153,560
100000136,561
100000252,562
100000244,563
100000124,564
100000168,565
100000232,566
100000195,567
100000212,568
100000166,569
100000102,570
100000231,571
100000190,572
100000260,573
100000116,574
100000190,575
100000299,576
100000209,577
100000165,578
100000236,579
100000185,580
100000149,581
100000154,582
100000222,583
100000225,584
100000157,585
100000140,586
100000219,587
100000278,588
100000130,589
100000188,590
100000294,591
100000199,592
100000146,593
100000195,594
100000123,595
100000194,596
100000145,597
100000161,598
100000217,599
100000292,600
100000126,601
100000151,602
100000206,603
100000195,604
100000217,605
100000213,606
100000204,607
100000255,608
100000200,609
100000131,610
100000167,611
100000141,612
100000139,613
100000237,614
100000173,615
100000153,616
100000202,617
100000283,618
100000272,619
100000232,620
100000138,621
100000225,622
100000291,623
100000202,624
100000135,625
100000151,626
100000299,627
100000103,628
100000260,629
100000147,630
100000109,631
100000130,632
100000182,633
100000109,634
100000257,635
100000131,636
100000141,637
100000251,638
100000284,639
100000104,640
100000255,641
100000297,642
100000228,643
100000210,644
100000125,645
100000240,646
100000233,647
100000266,648
100000242,649
100000277,650
100000187,651
100000296,652
100000149,653
100000141,654
100000189,655
100000250,656
100000243,657
100000120,658
100000288,659
100000147,660
100000194,661
100000169,662
100000298,663
100000299,664
100000122,665
100000113,666
100000271,667
100000248,668
100000141,669
100000132,670
100000266,671
100000174,672
100000217,673
100000209,674
100000259,675
100000185,676
100000195,677
100000249,678
100000153,679
100000102,680
100000114,681
100000238,682
100000180,683
100000276,684
100000102,685
100000114,686
100000163,687
100000198,688
100000176,689
100000276,690
100000148,691
100000100,692
100000186,693
100000258,694
100000242,695
100000282,696
100000177,697
100000173,698
100000190,699
100000134,700
100000163,701
100000184,702
100000254,703
100000170,704
100000262,705
100000289,706
100000182,707
100000290,708
100000102,709
100000222,710
100000257,711
100000111,712
100000244,713
100000210,714
100000250,715
100000246,716
100000232,717
100000230,718
100000111,719
100000119,720
100000191,721
100000101,722
100000150,723
100000145,724
100000183,725
100000171,726
100000224,727
100000118,728
100000178,729
100000180,730
100000127,731
100000109,732
100000201,733
100000140,734
100000142,735
100000219,736
100000179,737
100000249,738
100000249,739
100000224,740
100000202,741
100000105,742
100000168,743
100000226,744
100000231,745
100000181,746
100000106,747
100000276,748
100000269,749
100000272,750
100000264,751
100000111,752
100000220,753
100000224,754
100000178,755
100000127,756
100000136,757
100000205,758
100000198,759
100000251,760
100000179,761
100000177,762
100000278,763
100000117,764
100000256,765
100000228,766
100000157,767
100000263,768
100000175,769
100000194,770
100000267,771
100000114,772
100000138,773
100000207,774
100000167,775
100000121,776
100000209,777
100000134,778
100000150,779
100000263,780
100000237,781
100000203,782
100000170,783
100000163,784
100000173,785
100000249,786
100000249,787
100000170,788
100000234,789
100000188,790
100000281,791
100000255,792
100000195,793
100000108,794
100000111,795
100000169,796
100000104,797
100000108,798
100000118,799
100000170,800
100000224,801
100000146,802
100000267,803
100000176,804
100000116,805
100000194,806
100000295,807
100000232,808
100000136,809
100000169,810
100000167,811
100000281,812
100000236,813
100000250,814
100000207,815
100000259,816
100000231,817
100000195,818
100000147,819
100000297,820
100000295,821
100000185,822
100000106,823
100000263,824
100000196,825
100000281,826
100000221,827
100000289,828
100000219,829
100000239,830
100000185,831
100000282,832
100000233,833
100000124,834
100000257,835
100000261,836
100000296,837
100000295,838
100000217,839
100000197,840
100000111,841
100000204,842
100000217,843
100000210,844
100000220,845
100000106,846
100000216,847
100000264,848
100000141,849
100000276,850
100000293,851
100000212,852
100000177,853
100000279,854
100000223,855
100000188,856
100000135,857
100000255,858
100000271,859
100000255,860
100000129,861
100000201,862
100000250,863
100000171,864
100000182,865
100000207,866
100000218,867
100000119,868
100000196,869
100000257,870
100000166,871
100000288,872
100000184,873
100000112,874
100000286,875
100000215,876
100000196,877
100000289,878
100000128,879
100000160,880
100000123,881
100000167,882
100000202,883
100000176,884
100000111,885
100000131,886
100000237,887
100000225,888
100000258,889
100000191,890
100000255,891
100000187,892
100000240,893
100000122,894
100000294,895
100000121,896
100000193,897
100000121,898
100000226,899
100000191,900
100000143,901
100000299,902
100000218,903
100000265,904
100000126,905
100000217,906
100000240,907
100000229,908
100000109,909
100000160,910
100000212,911
100000250,912
100000118,913
100000180,914
100000202,915
100000286,916
100000224,917
100000183,918
100000293,919
100000178,920
100000100,921
100000100,922
100000200,923
100000141,924
100000263,925
100000287,926
100000100,927
100000275,928
100000198,929
100000150,930
100000144,931
100000112,932
100000136,933
100000204,934
100000252,935
100000239,936
100000112,937
100000198,938
100000213,939
100000272,940
100000243,941
100000288,942
100000219,943
100000184,944
100000261,945
100000225,946
100000232,947
100000267,948
100000223,949
100000148,950
100000107,951
100000170,952
100000119,953
100000194,954
100000235,955
100000274,956
100000299,957
100000120,958
100000227,959
100000241,960
100000279,961
100000131,962
100000294,963
100000139,964
100000123,965
100000119,966
100000206,967
100000251,968
100000235,969
100000180,970
100000201,971
100000203,972
100000175,973
100000194,974
100000143,975
100000293,976
100000129,977
100000268,978
100000239,979
100000296,980
100000296,981
100000247,982
100000256,983
100000270,984
100000283,985
100000175,986
100000204,987
100000149,988
100000248,989
100000272,990
100000220,991
100000283,992
100000215,993
100000183,994
100000233,995
100000165,996
100000197,997
100000110,998
100000287,999
100000240,1000
100000169,1001
100000154,1002
100000146,1003
100000110,1004
100000251,1005
100000230,1006
100000288,1007
100000279,1008
100000198,1009
100000181,1010
100000241,1011
100000144,1012
100000241,1013
100000286,1014
100000262,1015
100000229,1016
100000251,1017
100000110,1018
100000199,1019
100000235,1020
100000171,1021
100000129,1022
100000197,1023
100000171,1024
100000110,1025
100000135,1026
100000227,1027
100000200,1028
100000159,1029
100000174,1030
100000252,1031
100000145,1032
100000281,1033
100000225,1034
100000217,1035
100000167,1036
100000195,1037
100000229,1038
100000159,1039
100000100,1040
100000228,1041
100000258,1042
100000246,1043
100000271,1044
100000156,1045
100000247,1046
100000288,1047
100000149,1048
100000120,1049
100000286,1050
100000256,1051
100000183,1052
100000152,1053
100000191,1054
100000272,1055
100000110,1056
100000213,1057
100000243,1058
100000115,1059
100000200,1060
100000151,1061
100000284,1062
100000267,1063
100000182,1064
100000191,1065
100000298,1066
100000201,1067
100000118,1068
100000200,1069
100000221,1070
100000141,1071
100000157,1072
100000200,1073
100000169,1074
100000153,1075
100000283,1076
100000234,1077
100000263,1078
100000163,1079
100000296,1080
100000255,1081
100000289,1082
100000219,1083
100000159,1084
100000202,1085
100000230,1086
100000150,1087
100000121,1088
100000153,1089
100000274,1090
100000149,1091
100000208,1092
100000206,1093
100000198,1094
100000105,1095
100000217,1096
100000256,1097
100000191,1098
100000165,1099
100000170,1100
100000273,1101
100000162,1102
100000143,1103
100000288,1104
100000183,1105
100000294,1106
100000202,1107
100000289,1108
100000147,1109
100000119,1110
100000245,1111
100000165,1112
100000154,1113
100000203,1114
100000155,1115
100000275,1116
100000207,1117
100000153,1118
100000161,1119
100000141,1120
100000139,1121
100000126,1122
100000170,1123
100000140,1124
100000221,1125
100000179,1126
100000165,1127
100000200,1128
100000196,1129
100000237,1130
100000142,1131
100000225,1132
100000132,1133
100000153,1134
100000243,1135
100000216,1136
100000263,1137
100000297,1138
100000124,1139
100000103,1140
100000245,1141
100000156,1142
100000184,1143
100000116,1144
100000204,1145
100000145,1146
100000135,1147
100000232,1148
100000218,1149
100000246,1150
100000107,1151
100000295,1152
100000213,1153
100000253,1154
100000168,1155
100000283,1156
100000180,1157
100000130,1158
100000225,1159
100000121,1160
100000207,1161
100000102,1162
100000205,1163
100000297,1164
100000253,1165
100000261,1166
100000231,1167
100000258,1168
100000140,1169
100000259,1170
100000101,1171
100000271,1172
100000251,1173
100000248,1174
100000158,1175
100000266,1176
100000177,1177
100000203,1178
100000220,1179
100000196,1180
100000181,1181
100000264,1182
100000284,1183
100000118,1184
100000261,1185
100000282,1186
100000222,1187
100000127,1188
100000147,1189
100000227,1190
100000298,1191
100000294,1192
100000118,1193
100000165,1194
100000207,1195
100000287,1196
100000112,1197
100000117,1198
100000194,1199
100000169,1200
100000295,1201
100000237,1202
100000173,1203
100000210,1204
100000274,1205
100000262,1206
100000253,1207
100000264,1208
100000104,1209
100000273,1210
100000222,1211
100000104,1212
100000298,1213
100000126,1214
100000159,1215
100000155,1216
100000286,1217
100000133,1218
100000262,1219
100000276,1220
100000192,1221
100000152,1222
100000105,1223
100000297,1224
100000185,1225
100000154,1226
100000136,1227
100000163,1228
100000251,1229
100000272,1230
100000295,1231
100000256,1232
100000231,1233
100000186,1234
100000201,1235
100000193,1236
100000273,1237
100000295,1238
100000183,1239
100000121,1240
100000180,1241
100000131,1242
100000293,1243
100000132,1244
100000184,1245
100000294,1246
100000196,1247
100000222,1248
100000280,1249
100000297,1250
100000299,1251
100000167,1252
100000155,1253
100000159,1254
100000125,1255
100000182,1256
100000163,1257
100000262,1258
100000272,1259
100000181,1260
100000293,1261
100000105,1262
100000103,1263
100000249,1264
100000260,1265
100000158,1266
100000139,1267
100000233,1268
100000196,1269
100000283,1270
100000278,1271
100000101,1272
100000109,1273
100000225,1274
100000126,1275
100000250,1276
100000271,1277
100000116,1278
100000235,1279
100000122,1280
100000244,1281
100000203,1282
100000133,1283
100000120,1284
100000225,1285
100000219,1286
100000121,1287
100000285,1288
100000165,1289
100000141,1290
100000125,1291
100000130,1292
100000299,1293
100000223,1294
100000209,1295
100000166,1296
100000149,1297
100000182,1298
100000104,1299
100000297,1300
100000110,1301
100000152,1302
100000125,1303
100000140,1304
100000162,1305
100000135,1306
100000220,1307
100000224,1308
100000282,1309
100000202,1310
100000284,1311
100000154,1312
100000242,1313
100000127,1314
100000232,1315
100000221,1316
100000284,1317
100000254,1318
100000197,1319
100000295,1320
100000258,1321
100000116,1322
100000209,1323
100000296,1324
100000264,1325
100000222,1326
100000186,1327
100000289,1328
100000103,1329
100000276,1330
100000241,1331
100000278,1332
100000195,1333
100000268,1334
100000182,1335
100000200,1336
100000248,1337
100000260,1338
100000239,1339
100000280,1340
100000117,1341
100000199,1342
100000167,1343
100000279,1344
100000219,1345
100000212,1346
100000197,1347
100000276,1348
100000253,1349
100000164,1350
100000224,1351
100000278,1352
100000257,1353
100000217,1354
100000220,1355
100000133,1356
100000180,1357
100000100,1358
100000299,1359
100000233,1360
100000106,1361
100000153,1362
100000290,1363
100000108,1364
100000215,1365
100000223,1366
100000188,1367
100000197,1368
100000102,1369
100000182,1370
100000211,1371
100000212,1372
100000233,1373
100000107,1374
100000107,1375
100000180,1376
100000258,1377
100000170,1378
100000152,1379
100000259,1380
100000266,1381
100000153,1382
100000259,1383
100000247,1384
100000144,1385
100000234,1386
100000110,1387
100000230,1388
100000116,1389
100000126,1390
100000140,1391
100000170,1392
100000136,1393
100000110,1394
100000156,1395
100000251,1396
100000144,1397
100000178,1398
100000223,1399
100000166,1400
100000286,1401
100000135,1402
100000179,1403
100000116,1404
100000183,1405
100000132,1406
100000107,1407
100000139,1408
100000208,1409
100000138,1410
100000183,1411
100000294,1412
100000155,1413
100000263,1414
100000178,1415
100000153,1416
100000253,1417
100000154,1418
100000109,1419
100000104,1420
100000210,1421
100000199,1422
100000286,1423
100000240,1424
100000266,1425
100000268,1426
100000110,1427
100000262,1428
100000106,1429
100000195,1430
100000168,1431
100000125,1432
100000252,1433
100000212,1434
100000150,1435
100000140,1436
100000200,1437
100000108,1438
100000103,1439
100000176,1440
100000151,1441
100000239,1442
100000201,1443
100000108,1444
100000151,1445
100000124,1446
100000113,1447
100000226,1448
100000269,1449
100000128,1450
100000275,1451
100000178,1452
100000142,1453
100000236,1454
100000154,1455
100000173,1456
100000285,1457
100000149,1458
100000138,1459
100000131,1460
100000281,1461
100000258,1462
100000211,1463
100000185,1464
100000219,1465
100000199,1466
100000218,1467
100000100,1468
100000182,1469
100000120,1470
100000105,1471
100000105,1472
100000213,1473
100000284,1474
100000124,1475
100000107,1476
100000274,1477
100000233,1478
100000236,1479
100000216,1480
100000210,1481
100000149,1482
100000276,1483
100000100,1484
100000191,1485
100000143,1486
100000179,1487
100000218,1488
100000253,1489
100000210,1490
100000277,1491
100000229,1492
100000168,1493
100000180,1494
100000273,1495
100000272,1496
100000290,1497
100000277,1498
100000297,1499
100000262,1500
100000114,1501
100000187,1502
100000132,1503
100000104,1504
100000235,1505
100000227,1506
100000167,1507
100000198,1508
100000125,1509
100000186,1510
100000285,1511
100000239,1512
100000293,1513
100000254,1514
100000211,1515
100000167,1516
100000119,1517
100000180,1518
100000260,1519
100000229,1520
100000178,1521
100000145,1522
100000143,1523
100000164,1524
100000144,1525
100000123,1526
100000177,1527
100000116,1528
100000164,1529
100000239,1530
100000270,1531
100000109,1532
100000136,1533
100000153,1534
100000121,1535
100000228,1536
100000242,1537
100000158,1538
100000148,1539
100000269,1540
100000290,1541
100000261,1542
100000266,1543
100000295,1544
100000275,1545
100000180,1546
100000153,1547
100000299,1548
100000185,1549
100000196,1550
100000284,1551
100000198,1552
100000275,1553
100000100,1554
100000118,1555
100000208,1556
100000130,1557
100000187,1558
100000145,1559
100000140,1560
100000222,1561
100000122,1562
100000151,1563
100000222,1564
100000178,1565
100000169,1566
100000234,1567
100000244,1568
100000230,1569
100000299,1570
100000297,1571
100000163,1572
100000135,1573
100000274,1574
100000288,1575
100000187,1576
100000136,1577
100000240,1578
100000202,1579
100000101,1580
100000294,1581
100000118,1582
100000207,1583
100000101,1584
100000265,1585
100000220,1586
100000131,1587
100000235,1588
100000211,1589
100000282,1590
100000218,1591
100000139,1592
100000212,1593
100000111,1594
100000175,1595
100000141,1596
100000245,1597
100000136,1598
100000280,1599
100000262,1600
100000185,1601
100000256,1602
100000185,1603
100000156,1604
100000218,1605
100000175,1606
100000234,1607
100000140,1608
100000145,1609
100000144,1610
100000284,1611
100000146,1612
100000174,1613
100000145,1614
100000250,1615
100000107,1616
100000208,1617
100000264,1618
100000228,1619
100000138,1620
100000247,1621
100000138,1622
100000118,1623
100000237,1624
100000224,1625
100000113,1626
100000223,1627
100000238,1628
100000235,1629
100000144,1630
100000174,1631
100000163,1632
100000288,1633
100000175,1634
100000147,1635
100000106,1636
100000247,1637
100000299,1638
100000274,1639
100000277,1640
100000241,1641
100000214,1642
100000193,1643
100000151,1644
100000239,1645
100000159,1646
100000274,1647
100000218,1648
100000124,1649
100000258,1650
100000191,1651
100000253,1652
100000119,1653
100000127,1654
100000156,1655
100000183,1656
100000296,1657
100000204,1658
100000130,1659
100000244,1660
100000126,1661
100000140,1662
100000194,1663
100000231,1664
100000143,1665
100000292,1666
100000123,1667
100000210,1668
100000101,1669
100000181,1670
100000206,1671
100000207,1672
100000286,1673
100000239,1674
100000101,1675
100000207,1676
100000265,1677
100000182,1678
100000187,1679
100000278,1680
100000274,1681
100000271,1682
100000189,1683
100000144,1684
100000171,1685
100000113,1686
100000192,1687
100000257,1688
100000274,1689
100000114,1690
100000149,1691
100000233,1692
100000258,1693
100000119,1694
100000174,1695
100000214,1696
100000251,1697
100000235,1698
100000290,1699
100000160,1700
100000257,1701
100000127,1702
100000112,1703
100000234,1704
100000114,1705
100000166,1706
100000199,1707
100000278,1708
100000127,1709
100000189,1710
100000261,1711
100000114,1712
100000259,1713
100000265,1714
100000182,1715
100000236,1716
100000247,1717
100000176,1718
100000117,1719
100000199,1720
100000264,1721
100000234,1722
100000104,1723
100000196,1724
100000127,1725
100000292,1726
100000248,1727
100000240,1728
100000200,1729
100000205,1730
100000166,1731
100000254,1732
100000159,1733
100000156,1734
100000163,1735
100000101,1736
100000143,1737
100000253,1738
100000187,1739
100000274,1740
100000249,1741
100000235,1742
100000205,1743
100000230,1744
100000232,1745
100000120,1746
100000105,1747
100000246,1748
100000255,1749
100000244,1750
100000295,1751
100000154,1752
100000294,1753
100000157,1754
100000254,1755
100000207,1756
100000132,1757
100000295,1758
100000129,1759
100000193,1760
100000181,1761
100000252,1762
100000132,1763
100000258,1764
100000132,1765
100000246,1766
100000177,1767
100000136,1768
100000172,1769
100000249,1770
100000204,1771
100000266,1772
100000179,1773
100000120,1774
100000198,1775
100000287,1776
100000103,1777
100000298,1778
100000198,1779
100000130,1780
100000120,1781
100000144,1782
100000145,1783
100000166,1784
100000164,1785
100000133,1786
100000191,1787
100000233,1788
100000109,1789
100000184,1790
100000285,1791
100000260,1792
100000298,1793
100000180,1794
100000103,1795
100000286,1796
100000271,1797
100000258,1798
100000176,1799
100000131,1800
100000102,1801
100000246,1802
100000279,1803
100000137,1804
100000277,1805
100000134,1806
100000235,1807
100000268,1808
100000220,1809
100000171,1810
100000156,1811
100000111,1812
100000151,1813
100000102,1814
100000238,1815
100000210,1816
100000134,1817
100000216,1818
100000263,1819
100000245,1820
100000251,1821
100000191,1822
100000167,1823
100000199,1824
100000168,1825
100000220,1826
100000207,1827
100000120,1828
100000218,1829
100000220,1830
100000296,1831
100000187,1832
100000192,1833
100000163,1834
100000181,1835
100000214,1836
100000194,1837
100000103,1838
100000241,1839
100000160,1840
100000239,1841
100000180,1842
100000203,1843
100000186,1844
100000131,1845
100000122,1846
100000148,1847
100000169,1848
100000284,1849
100000151,1850
100000162,1851
100000139,1852
100000272,1853
100000270,1854
100000255,1855
100000126,1856
100000185,1857
100000187,1858
100000177,1859
100000184,1860
100000229,1861
100000296,1862
100000212,1863
100000108,1864
100000295,1865
100000145,1866
100000263,1867
100000100,1868
100000286,1869
100000219,1870
100000184,1871
100000286,1872
100000212,1873
100000123,1874
100000173,1875
100000286,1876
100000156,1877
100000260,1878
100000114,1879
100000263,1880
100000200,1881
100000104,1882
100000118,1883
100000210,1884
100000174,1885
100000269,1886
100000151,1887
100000108,1888
100000298,1889
100000106,1890
100000201,1891
100000266,1892
100000201,1893
100000249,1894
100000153,1895
100000292,1896
100000123,1897
100000146,1898
100000261,1899
100000170,1900
100000250,1901
100000204,1902
100000187,1903
100000295,1904
100000120,1905
100000209,1906
100000111,1907
100000120,1908
100000141,1909
100000104,1910
100000249,1911
100000138,1912
100000146,1913
100000155,1914
100000286,1915
100000245,1916
100000144,1917
100000114,1918
100000110,1919
100000149,1920
100000258,1921
100000108,1922
100000106,1923
100000243,1924
100000298,1925
100000126,1926
100000116,1927
100000161,1928
100000266,1929
100000269,1930
100000183,1931
100000278,1932
100000257,1933
100000142,1934
100000245,1935
100000229,1936
100000116,1937
100000209,1938
100000273,1939
100000159,1940
100000116,1941
100000137,1942
100000166,1943
100000158,1944
100000137,1945
100000173,1946
100000218,1947
100000245,1948
100000112,1949
100000235,1950
100000103,1951
100000101,1952
100000132,1953
100000134,1954
100000149,1955
100000180,1956
100000123,1957
100000106,1958
100000243,1959
100000185,1960
100000189,1961
100000107,1962
100000241,1963
100000141,1964
100000229,1965
100000212,1966
100000221,1967
100000239,1968
100000299,1969
100000226,1970
100000289,1971
100000246,1972
100000107,1973
100000121,1974
100000203,1975
100000196,1976
100000158,1977
100000130,1978
100000239,1979
100000295,1980
100000190,1981
100000134,1982
100000192,1983
100000158,1984
100000110,1985
100000229,1986
100000278,1987
100000242,1988
100000138,1989
100000183,1990
100000210,1991
100000103,1992
100000215,1993
100000100,1994
100000200,1995
100000192,1996
100000150,1997
100000104,1998
100000163,1999
100000197,2000
100000156,2001
100000189,2002
100000169,2003
100000177,2004
100000115,2005
100000104,2006
100000194,2007
100000121,2008
100000157,2009
100000210,2010
100000164,2011
100000153,2012
100000176,2013
100000230,2014
100000201,2015
100000151,2016
100000180,2017
100000104,2018
100000129,2019
100000198,2020
100000230,2021
100000243,2022
100000106,2023
100000241,2024
100000226,2025
100000254,2026
100000182,2027
100000265,2028
100000211,2029
100000159,2030
100000159,2031
100000103,2032
100000195,2033
100000141,2034
100000287,2035
100000249,2036
100000189,2037
100000209,2038
100000180,2039
100000249,2040
100000272,2041
100000220,2042
100000209,2043
100000192,2044
100000250,2045
100000287,2046
100000167,2047
100000214,2048
100000133,2049
100000164,2050
100000293,2051
100000148,2052
100000154,2053
100000253,2054
100000165,2055
100000290,2056
100000172,2057
100000210,2058
100000138,2059
100000196,2060
100000102,2061
100000223,2062
100000157,2063
100000117,2064
100000118,2065
100000276,2066
100000168,2067
100000202,2068
100000224,2069
100000274,2070
100000141,2071
100000123,2072
100000207,2073
100000112,2074
100000219,2075
100000167,2076
100000137,2077
100000239,2078
100000181,2079
100000170,2080
100000170,2081
100000217,2082
100000287,2083
100000208,2084
100000267,2085
100000145,2086
100000187,2087
100000256,2088
100000180,2089
100000156,2090
100000153,2091
100000121,2092
100000101,2093
100000167,2094
100000178,2095
100000299,2096
100000282,2097
100000147,2098
100000179,2099
100000297,2100
100000192,2101
100000234,2102
100000101,2103
100000184,2104
100000254,2105
100000221,2106
100000239,2107
100000291,2108
100000206,2109
100000291,2110
100000271,2111
100000274,2112
100000244,2113
100000148,2114
100000128,2115
100000272,2116
100000123,2117
100000292,2118
100000166,2119
100000165,2120
100000259,2121
100000205,2122
100000236,2123
100000246,2124
100000180,2125
100000170,2126
100000256,2127
100000224,2128
100000181,2129
100000119,2130
100000100,2131
100000228,2132
100000245,2133
100000286,2134
100000207,2135
100000299,2136
100000112,2137
100000295,2138
100000283,2139
100000285,2140
100000193,2141
100000292,2142
100000182,2143
100000200,2144
100000121,2145
100000158,2146
100000170,2147
100000210,2148
100000195,2149
100000173,2150
100000193,2151
100000188,2152
100000140,2153
100000261,2154
100000221,2155
100000290,2156
100000181,2157
100000144,2158
100000293,2159
100000216,2160
100000111,2161
100000253,2162
100000177,2163
100000222,2164
100000166,2165
100000264,2166
100000141,2167
100000102,2168
100000115,2169
100000146,2170
100000167,2171
100000123,2172
100000231,2173
100000234,2174
100000299,2175
100000106,2176
100000233,2177
100000181,2178
100000253,2179
100000283,2180
100000230,2181
100000170,2182
100000296,2183
100000187,2184
100000167,2185
100000258,2186
100000153,2187
100000244,2188
100000291,2189
100000111,2190
100000278,2191
100000267,2192
100000124,2193
100000272,2194
100000227,2195
100000125,2196
100000192,2197
100000244,2198
100000161,2199
100000147,2200
100000231,2201
100000227,2202
100000114,2203
100000143,2204
100000265,2205
100000277,2206
100000159,2207
100000147,2208
100000169,2209
100000252,2210
100000245,2211
100000295,2212
100000105,2213
100000107,2214
100000268,2215
100000125,2216
100000118,2217
100000130,2218
100000229,2219
100000197,2220
100000138,2221
100000244,2222
100000198,2223
100000277,2224
100000153,2225
100000255,2226
100000137,2227
100000194,2228
100000251,2229
100000182,2230
100000147,2231
100000228,2232
100000145,2233
100000232,2234
100000239,2235
100000233,2236
100000175,2237
100000151,2238
100000187,2239
100000198,2240
100000145,2241
100000124,2242
100000270,2243
100000179,2244
100000156,2245
100000100,2246
100000279,2247
100000235,2248
100000278,2249
100000192,2250
100000151,2251
100000217,2252
100000134,2253
100000110,2254
100000149,2255
100000268,2256
100000248,2257
100000140,2258
100000105,2259
100000210,2260
100000122,2261
100000152,2262
100000180,2263
100000276,2264
100000146,2265
100000225,2266
100000174,2267
100000139,2268
100000153,2269
100000204,2270
100000104,2271
100000106,2272
100000151,2273
100000161,2274
100000197,2275
100000212,2276
100000270,2277
100000176,2278
100000137,2279
100000189,2280
100000193,2281
100000290,2282
100000295,2283
100000137,2284
100000126,2285
100000150,2286
100000290,2287
100000218,2288
100000269,2289
100000117,2290
100000141,2291
100000120,2292
100000266,2293
100000191,2294
100000261,2295
100000283,2296
100000141,2297
100000205,2298
100000105,2299
100000222,2300
100000251,2301
100000146,2302
100000165,2303
100000202,2304
100000198,2305
100000273,2306
100000270,2307
100000226,2308
100000271,2309
100000150,2310
100000159,2311
100000106,2312
100000198,2313
100000140,2314
100000218,2315
100000108,2316
100000218,2317
100000112,2318
100000265,2319
100000204,2320
100000170,2321
100000232,2322
100000242,2323
100000179,2324
100000140,2325
100000133,2326
100000221,2327
100000213,2328
100000129,2329
100000233,2330
100000203,2331
100000288,2332
100000286,2333
100000270,2334
100000204,2335
100000288,2336
100000121,2337
100000138,2338
100000162,2339
100000122,2340
100000230,2341
100000181,2342
100000131,2343
100000161,2344
100000166,2345
100000278,2346
100000244,2347
100000242,2348
100000106,2349
100000190,2350
100000161,2351
100000279,2352
100000293,2353
100000233,2354
100000177,2355
100000295,2356
100000177,2357
100000153,2358
100000198,2359
100000112,2360
100000101,2361
100000183,2362
100000185,2363
100000168,2364
100000145,2365
100000296,2366
100000262,2367
100000173,2368
100000117,2369
100000119,2370
100000115,2371
100000124,2372
100000272,2373
100000114,2374
100000195,2375
100000168,2376
100000184,2377
100000271,2378
100000171,2379
100000255,2380
100000173,2381
100000185,2382
100000224,2383
100000147,2384
100000132,2385
100000244,2386
100000183,2387
100000237,2388
100000289,2389
100000199,2390
100000111,2391
100000263,2392
100000224,2393
100000250,2394
100000134,2395
100000234,2396
100000223,2397
100000256,2398
100000185,2399
100000108,2400
100000210,2401
100000240,2402
100000103,2403
100000253,2404
100000288,2405
100000161,2406
100000299,2407
100000146,2408
100000221,2409
100000247,2410
100000237,2411
100000209,2412
100000258,2413
100000105,2414
100000223,2415
100000260,2416
100000254,2417
100000280,2418
100000289,2419
100000287,2420
100000285,2421
100000137,2422
100000125,2423
100000125,2424
100000131,2425
100000194,2426
100000259,2427
100000157,2428
100000156,2429
100000145,2430
100000196,2431
100000206,2432
100000186,2433
100000184,2434
100000283,2435
100000156,2436
100000148,2437
100000202,2438
100000208,2439
100000134,2440
100000194,2441
100000133,2442
100000127,2443
100000263,2444
100000298,2445
100000214,2446
100000144,2447
100000166,2448
100000126,2449
100000185,2450
100000230,2451
100000216,2452
100000100,2453
100000250,2454
100000217,2455
100000270,2456
100000268,2457
100000114,2458
100000185,2459
100000108,2460
100000236,2461
100000252,2462
100000153,2463
100000244,2464
100000114,2465
100000270,2466
100000129,2467
100000226,2468
100000214,2469
100000137,2470
100000265,2471
100000235,2472
100000203,2473
100000263,2474
100000198,2475
100000286,2476
100000299,2477
100000265,2478
100000269,2479
100000248,2480
100000181,2481
100000218,2482
100000266,2483
100000168,2484
100000132,2485
100000103,2486
100000163,2487
100000182,2488
100000196,2489
100000254,2490
100000198,2491
100000271,2492
100000146,2493
100000212,2494
100000255,2495
100000245,2496
100000241,2497
100000245,2498
100000238,2499
100000239,2500
100000154,2501
100000108,2502
100000296,2503
100000149,2504
100000273,2505
100000288,2506
100000126,2507
100000279,2508
100000179,2509
100000109,2510
100000130,2511
100000294,2512
100000254,2513
100000125,2514
100000225,2515
100000220,2516
100000111,2517
100000160,2518
100000254,2519
100000213,2520
100000101,2521
100000106,2522
100000112,2523
100000165,2524
100000168,2525
100000261,2526
100000269,2527
100000102,2528
100000279,2529
100000122,2530
100000135,2531
100000163,2532
100000110,2533
100000270,2534
100000132,2535
100000182,2536
100000171,2537
100000259,2538
100000123,2539
100000250,2540
100000111,2541
100000284,2542
100000122,2543
100000153,2544
100000203,2545
100000255,2546
100000163,2547
100000245,2548
100000253,2549
100000272,2550
100000252,2551
100000259,2552
100000282,2553
100000253,2554
100000101,2555
100000294,2556
100000215,2557
100000180,2558
100000195,2559
100000120,2560
100000270,2561
100000252,2562
100000137,2563
100000233,2564
100000288,2565
100000247,2566
100000235,2567
100000176,2568
100000239,2569
100000149,2570
100000104,2571
100000108,2572
100000116,2573
100000143,2574
100000297,2575
100000158,2576
100000144,2577
100000104,2578
100000234,2579
100000179,2580
100000269,2581
100000175,2582
100000153,2583
100000191,2584
100000236,2585
100000207,2586
100000198,2587
100000245,2588
100000164,2589
100000180,2590
100000238,2591
100000270,2592
100000285,2593
100000153,2594
100000272,2595
100000205,2596
100000261,2597
100000208,2598
100000160,2599
100000141,2600
100000196,2601
100000212,2602
100000297,2603
100000271,2604
100000274,2605
100000119,2606
100000126,2607
100000275,2608
100000118,2609
100000291,2610
100000118,2611
100000267,2612
100000153,2613
100000142,2614
100000105,2615
100000121,2616
100000157,2617
100000248,2618
100000186,2619
100000257,2620
100000140,2621
100000249,2622
100000209,2623
100000131,2624
100000185,2625
100000260,2626
100000237,2627
100000238,2628
100000244,2629
100000193,2630
100000166,2631
100000112,2632
100000178,2633
100000176,2634
100000289,2635
100000106,2636
100000159,2637
100000287,2638
100000170,2639
100000170,2640
100000285,2641
100000222,2642
100000277,2643
100000165,2644
100000299,2645
100000105,2646
100000254,2647
100000196,2648
100000187,2649
100000262,2650
100000262,2651
100000166,2652
100000127,2653
100000294,2654
100000173,2655
100000225,2656
100000125,2657
100000227,2658
100000176,2659
100000250,2660
100000157,2661
100000152,2662
100000128,2663
100000267,2664
100000142,2665
100000101,2666
100000260,2667
100000109,2668
100000122,2669
100000165,2670
100000100,2671
100000125,2672
100000297,2673
100000214,2674
100000235,2675
100000295,2676
100000268,2677
100000139,2678
100000126,2679
100000115,2680
100000210,2681
100000228,2682
100000264,2683
100000130,2684
100000271,2685
100000197,2686
100000211,2687
100000137,2688
100000119,2689
100000142,2690
100000214,2691
100000193,2692
100000238,2693
100000262,2694
100000126,2695
100000237,2696
100000277,2697
100000111,2698
100000171,2699
100000157,2700
100000172,2701
100000131,2702
100000148,2703
100000223,2704
100000246,2705
100000172,2706
100000145,2707
100000121,2708
100000177,2709
100000284,2710
100000174,2711
100000122,2712
100000205,2713
100000152,2714
100000118,2715
100000282,2716
100000297,2717
100000125,2718
100000171,2719
100000112,2720
100000146,2721
100000154,2722
100000150,2723
100000142,2724
100000189,2725
100000100,2726
100000221,2727
100000257,2728
100000189,2729
100000296,2730
100000221,2731
100000220,2732
100000238,2733
100000219,2734
100000178,2735
100000192,2736
100000198,2737
100000282,2738
100000125,2739
100000288,2740
100000184,2741
100000117,2742
100000156,2743
100000217,2744
100000131,2745
100000152,2746
100000113,2747
100000197,2748
100000105,2749
100000157,2750
100000136,2751
100000146,2752
100000265,2753
100000106,2754
100000265,2755
100000274,2756
100000124,2757
100000184,2758
100000216,2759
100000186,2760
100000103,2761
100000133,2762
100000113,2763
100000104,2764
100000153,2765
100000160,2766
100000215,2767
100000270,2768
100000134,2769
100000224,2770
100000235,2771
100000173,2772
100000262,2773
100000206,2774
100000176,2775
100000251,2776
100000272,2777
100000217,2778
100000212,2779
100000178,2780
100000110,2781
100000209,2782
100000159,2783
100000216,2784
100000253,2785
100000215,2786
100000193,2787
100000215,2788
100000181,2789
100000249,2790
100000143,2791
100000249,2792
100000123,2793
100000253,2794
100000162,2795
100000175,2796
100000248,2797
100000255,2798
100000102,2799
100000141,2800
100000152,2801
100000246,2802
100000112,2803
100000227,2804
100000281,2805
100000293,2806
100000267,2807
100000295,2808
100000260,2809
100000221,2810
100000170,2811
100000170,2812
100000112,2813
100000128,2814
100000194,2815
100000223,2816
100000213,2817
100000155,2818
100000105,2819
100000217,2820
100000226,2821
100000207,2822
100000267,2823
100000281,2824
100000226,2825
100000239,2826
100000281,2827
100000143,2828
100000165,2829
100000217,2830
100000279,2831
100000247,2832
100000228,2833
100000124,2834
100000197,2835
100000280,2836
100000165,2837
100000274,2838
100000232,2839
100000143,2840
100000146,2841
100000258,2842
100000236,2843
100000158,2844
100000151,2845
100000115,2846
100000131,2847
100000198,2848
100000141,2849
100000187,2850
100000120,2851
100000106,2852
100000198,2853
100000279,2854
100000294,2855
100000279,2856
100000166,2857
100000264,2858
100000103,2859
100000142,2860
100000215,2861
100000117,2862
100000102,2863
100000119,2864
100000280,2865
100000273,2866
100000174,2867
100000209,2868
100000124,2869
100000193,2870
100000260,2871
100000271,2872
100000256,2873
100000234,2874
100000142,2875
100000131,2876
100000295,2877
100000167,2878
100000295,2879
100000124,2880
100000277,2881
100000225,2882
100000114,2883
100000274,2884
100000176,2885
100000299,2886
100000138,2887
100000264,2888
100000166,2889
100000297,2890
100000268,2891
100000277,2892
100000110,2893
100000293,2894
100000236,2895
100000201,2896
100000234,2897
100000239,2898
100000113,2899
100000143,2900
100000253,2901
100000151,2902
100000293,2903
100000203,2904
100000244,2905
100000151,2906
100000244,2907
100000279,2908
100000255,2909
100000138,2910
100000173,2911
100000251,2912
100000167,2913
100000204,2914
100000127,2915
100000121,2916
100000112,2917
100000151,2918
100000120,2919
100000158,2920
100000156,2921
100000198,2922
100000158,2923
100000179,2924
100000176,2925
100000254,2926
100000137,2927
100000237,2928
100000249,2929
100000125,2930
100000201,2931
100000210,2932
100000286,2933
100000174,2934
100000165,2935
100000284,2936
100000170,2937
100000131,2938
100000260,2939
100000295,2940
100000247,2941
100000174,2942
100000205,2943
100000173,2944
100000284,2945
100000246,2946
100000102,2947
100000125,2948
100000115,2949
100000255,2950
100000199,2951
100000153,2952
100000131,2953
100000204,2954
100000207,2955
100000196,2956
100000181,2957
100000283,2958
100000133,2959
100000101,2960
100000270,2961
100000131,2962
100000138,2963
100000199,2964
100000234,2965
100000141,2966
100000210,2967
100000133,2968
100000146,2969
100000144,2970
100000206,2971
100000223,2972
100000174,2973
100000241,2974
100000138,2975
100000282,2976
100000178,2977
100000153,2978
100000113,2979
100000103,2980
100000219,2981
100000102,2982
100000159,2983
100000290,2984
100000134,2985
100000134,2986
100000154,2987
100000145,2988
100000242,2989
100000103,2990
100000201,2991
100000185,2992
100000144,2993
100000125,2994
100000138,2995
100000152,2996
100000146,2997
100000287,2998
100000225,2999
100000192,3000
100000239,3001
100000264,3002
100000225,3003
100000149,3004
100000233,3005
100000202,3006
100000136,3007
100000275,3008
100000251,3009
100000229,3010
100000242,3011
100000130,3012
100000191,3013
100000224,3014
100000209,3015
100000168,3016
100000240,3017
100000285,3018
100000188,3019
100000265,3020
100000290,3021
100000127,3022
100000139,3023
100000172,3024
100000265,3025
100000259,3026
100000234,3027
100000267,3028
100000115,3029
100000118,3030
100000220,3031
100000262,3032
100000253,3033
100000146,3034
100000247,3035
100000152,3036
100000145,3037
100000229,3038
100000169,3039
100000247,3040
100000206,3041
100000135,3042
100000116,3043
100000122,3044
100000179,3045
100000279,3046
100000148,3047
100000214,3048
100000216,3049
100000255,3050
100000233,3051
100000276,3052
100000243,3053
100000283,3054
100000232,3055
100000206,3056
100000224,3057
100000200,3058
100000174,3059
100000275,3060
100000122,3061
100000258,3062
100000234,3063
100000244,3064
100000210,3065
100000137,3066
100000198,3067
100000249,3068
100000236,3069
100000151,3070
100000264,3071
100000193,3072
100000248,3073
100000118,3074
100000276,3075
100000256,3076
100000166,3077
100000287,3078
100000276,3079
100000165,3080
100000251,3081
100000248,3082
100000250,3083
100000210,3084
100000206,3085
100000266,3086
100000225,3087
100000245,3088
100000234,3089
100000218,3090
100000230,3091
100000111,3092
100000139,3093
100000151,3094
100000220,3095
100000205,3096
100000280,3097
100000234,3098
100000249,3099
100000111,3100
100000126,3101
100000134,3102
100000179,3103
100000149,3104
100000258,3105
100000167,3106
100000159,3107
100000241,3108
100000165,3109
100000196,3110
100000251,3111
100000114,3112
100000189,3113
100000138,3114
100000207,3115
100000109,3116
100000119,3117
100000212,3118
100000233,3119
100000299,3120
100000139,3121
100000289,3122
100000152,3123
100000297,3124
100000287,3125
100000135,3126
100000285,3127
100000179,3128
100000116,3129
100000244,3130
100000253,3131
100000157,3132
100000215,3133
100000287,3134
100000285,3135
100000207,3136
100000210,3137
100000154,3138
100000268,3139
100000128,3140
100000296,3141
100000113,3142
100000198,3143
100000130,3144
100000246,3145
100000203,3146
100000251,3147
100000147,3148
100000226,3149
100000246,3150
100000218,3151
100000181,3152
100000137,3153
100000243,3154
100000145,3155
100000195,3156
100000185,3157
100000136,3158
100000253,3159
100000269,3160
100000144,3161
100000176,3162
100000104,3163
100000214,3164
100000258,3165
100000262,3166
100000156,3167
100000145,3168
100000196,3169
100000151,3170
100000160,3171
100000277,3172
100000191,3173
100000101,3174
100000202,3175
100000181,3176
100000250,3177
100000180,3178
100000189,3179
100000247,3180
100000191,3181
100000247,3182
100000251,3183
100000240,3184
100000208,3185
100000293,3186
100000181,3187
100000183,3188
100000242,3189
100000286,3190
100000210,3191
100000110,3192
100000159,3193
100000256,3194
100000156,3195
100000198,3196
100000125,3197
100000117,3198
100000172,3199
100000267,3200
100000171,3201
100000243,3202
100000234,3203
100000125,3204
100000270,3205
100000223,3206
100000254,3207
100000109,3208
100000267,3209
100000272,3210
100000160,3211
100000118,3212
100000167,3213
100000156,3214
100000216,3215
100000284,3216
100000282,3217
100000141,3218
100000227,3219
100000203,3220
100000211,3221
100000127,3222
100000201,3223
100000221,3224
100000109,3225
100000193,3226
100000247,3227
100000192,3228
100000261,3229
100000165,3230
100000296,3231
100000167,3232
100000101,3233
100000244,3234
100000289,3235
100000128,3236
100000282,3237
100000190,3238
100000278,3239
100000264,3240
100000274,3241
100000161,3242
100000200,3243
100000150,3244
100000126,3245
100000174,3246
100000102,3247
100000280,3248
100000261,3249
100000141,3250
100000244,3251
100000235,3252
100000196,3253
100000282,3254
100000280,3255
100000124,3256
100000100,3257
100000242,3258
100000198,3259
100000296,3260
100000118,3261
100000170,3262
100000263,3263
100000189,3264
100000252,3265
100000142,3266
100000290,3267
100000199,3268
100000299,3269
100000154,3270
100000271,3271
100000265,3272
100000222,3273
100000117,3274
100000187,3275
100000191,3276
100000189,3277
100000104,3278
100000287,3279
100000239,3280
100000179,3281
100000185,3282
100000133,3283
100000282,3284
100000245,3285
100000185,3286
100000211,3287
100000237,3288
100000211,3289
100000114,3290
100000116,3291
100000275,3292
100000252,3293
100000192,3294
100000179,3295
100000208,3296
100000251,3297
100000182,3298
100000214,3299
100000103,3300
100000290,3301
100000149,3302
100000249,3303
100000183,3304
100000216,3305
100000143,3306
100000220,3307
100000124,3308
100000262,3309
100000152,3310
100000126,3311
100000172,3312
100000292,3313
100000246,3314
100000237,3315
100000235,3316
100000154,3317
100000238,3318
100000283,3319
100000165,3320
100000258,3321
100000101,3322
100000140,3323
100000280,3324
100000208,3325
100000222,3326
100000219,3327
100000219,3328
100000220,3329
100000253,3330
100000191,3331
100000126,3332
100000104,3333
100000156,3334
100000146,3335
100000161,3336
100000269,3337
100000101,3338
100000200,3339
100000199,3340
100000275,3341
100000118,3342
100000106,3343
100000120,3344
100000149,3345
100000156,3346
100000236,3347
100000100,3348
100000135,3349
100000233,3350
100000253,3351
100000136,3352
100000270,3353
100000141,3354
100000137,3355
100000155,3356
100000281,3357
100000188,3358
100000152,3359
100000223,3360
100000201,3361
100000140,3362
100000201,3363
100000165,3364
100000239,3365
100000223,3366
100000163,3367
100000141,3368
100000224,3369
100000106,3370
100000248,3371
100000149,3372
100000168,3373
100000214,3374
100000166,3375
100000187,3376
100000215,3377
100000180,3378
100000267,3379
100000104,3380
100000193,3381
100000175,3382
100000299,3383
100000207,3384
100000202,3385
100000173,3386
100000147,3387
100000116,3388
100000189,3389
100000286,3390
100000165,3391
100000223,3392
100000220,3393
100000159,3394
100000160,3395
100000217,3396
100000164,3397
100000214,3398
100000192,3399
100000172,3400
100000123,3401
100000226,3402
100000204,3403
100000223,3404
100000204,3405
100000193,3406
100000120,3407
100000164,3408
100000229,3409
100000105,3410
100000178,3411
100000128,3412
100000200,3413
100000256,3414
100000117,3415
100000194,3416
100000136,3417
100000117,3418
100000174,3419
100000142,3420
100000256,3421
100000292,3422
100000285,3423
100000247,3424
100000155,3425
100000134,3426
100000154,3427
100000295,3428
100000163,3429
100000138,3430
100000141,3431
100000138,3432
100000117,3433
100000132,3434
100000173,3435
100000158,3436
100000191,3437
100000187,3438
100000294,3439
100000289,3440
100000105,3441
100000150,3442
100000152,3443
100000179,3444
100000115,3445
100000214,3446
100000281,3447
100000290,3448
100000184,3449
100000130,3450
100000244,3451
100000180,3452
100000106,3453
100000277,3454
100000136,3455
100000176,3456
100000241,3457
100000271,3458
100000285,3459
100000109,3460
100000212,3461
100000154,3462
100000127,3463
100000178,3464
100000121,3465
100000208,3466
100000215,3467
100000294,3468
100000230,3469
100000181,3470
100000256,3471
100000180,3472
100000235,3473
100000186,3474
100000243,3475
100000223,3476
100000279,3477
100000271,3478
100000294,3479
100000251,3480
100000185,3481
100000147,3482
100000120,3483
100000266,3484
100000285,3485
100000204,3486
100000142,3487
100000236,3488
100000213,3489
100000299,3490
100000148,3491
100000162,3492
100000143,3493
100000251,3494
100000194,3495
100000178,3496
100000156,3497
100000222,3498
100000291,3499
100000283,3500
100000163,3501
100000113,3502
100000195,3503
100000285,3504
100000127,3505
100000208,3506
100000267,3507
100000275,3508
100000291,3509
100000189,3510
100000175,3511
100000174,3512
100000122,3513
100000192,3514
100000290,3515
100000221,3516
100000274,3517
100000212,3518
100000229,3519
100000115,3520
100000162,3521
100000166,3522
100000100,3523
100000286,3524
100000295,3525
100000208,3526
100000231,3527
100000278,3528
100000210,3529
100000160,3530
100000120,3531
100000228,3532
100000159,3533
100000295,3534
100000162,3535
100000220,3536
100000171,3537
100000144,3538
100000115,3539
100000266,3540
100000263,3541
100000252,3542
100000141,3543
100000216,3544
100000276,3545
100000108,3546
100000121,3547
100000125,3548
100000258,3549
100000186,3550
100000186,3551
100000167,3552
100000270,3553
100000130,3554
100000220,3555
100000205,3556
100000272,3557
100000296,3558
100000130,3559
100000220,3560
100000112,3561
100000183,3562
100000247,3563
100000114,3564
100000163,3565
100000118,3566
100000267,3567
100000128,3568
100000227,3569
100000281,3570
100000113,3571
100000193,3572
100000232,3573
100000173,3574
100000234,3575
100000129,3576
100000147,3577
100000106,3578
100000141,3579
100000286,3580
100000174,3581
100000263,3582
100000127,3583
100000270,3584
100000206,3585
100000180,3586
100000108,3587
100000177,3588
100000293,3589
100000197,3590
100000167,3591
100000186,3592
100000181,3593
100000261,3594
100000177,3595
100000153,3596
100000138,3597
100000243,3598
100000200,3599
100000224,3600
100000167,3601
100000172,3602
100000219,3603
100000287,3604
100000256,3605
100000208,3606
100000284,3607
100000182,3608
100000277,3609
100000247,3610
100000112,3611
100000151,3612
100000281,3613
100000188,3614
100000111,3615
100000182,3616
100000276,3617
100000168,3618
100000129,3619
100000124,3620
100000197,3621
100000199,3622
100000262,3623
100000107,3624
100000160,3625
100000235,3626
100000108,3627
100000118,3628
100000210,3629
100000274,3630
100000179,3631
100000284,3632
100000105,3633
100000183,3634
100000166,3635
100000199,3636
100000122,3637
100000210,3638
100000106,3639
100000106,3640
100000143,3641
100000110,3642
100000180,3643
100000282,3644
100000288,3645
100000278,3646
100000181,3647
100000244,3648
100000185,3649
100000125,3650
100000181,3651
100000132,3652
100000139,3653
100000204,3654
100000221,3655
100000195,3656
100000255,3657
100000185,3658
100000156,3659
100000173,3660
100000230,3661
100000221,3662
100000107,3663
100000223,3664
100000293,3665
100000159,3666
100000261,3667
100000163,3668
100000267,3669
100000215,3670
100000137,3671
100000194,3672
100000161,3673
100000234,3674
100000219,3675
100000278,3676
100000188,3677
100000243,3678
100000174,3679
100000127,3680
100000189,3681
100000266,3682
100000109,3683
100000190,3684
100000208,3685
100000133,3686
100000287,3687
100000156,3688
100000186,3689
100000123,3690
100000120,3691
100000272,3692
100000144,3693
100000201,3694
100000211,3695
100000242,3696
100000120,3697
100000283,3698
100000178,3699
100000187,3700
100000262,3701
100000292,3702
100000121,3703
100000102,3704
100000295,3705
100000294,3706
100000182,3707
100000275,3708
100000156,3709
100000210,3710
100000236,3711
100000188,3712
100000242,3713
100000167,3714
100000195,3715
100000229,3716
100000177,3717
100000197,3718
100000172,3719
100000176,3720
100000128,3721
100000172,3722
100000105,3723
100000245,3724
100000247,3725
100000132,3726
100000122,3727
100000285,3728
100000126,3729
100000214,3730
100000185,3731
100000282,3732
100000118,3733
100000243,3734
100000175,3735
100000189,3736
100000164,3737
100000289,3738
100000203,3739
100000261,3740
100000202,3741
100000273,3742
100000199,3743
100000171,3744
100000166,3745
100000134,3746
100000141,3747
100000293,3748
100000180,3749
100000189,3750
100000174,3751
100000269,3752
100000131,3753
100000252,3754
100000269,3755
100000183,3756
100000296,3757
100000246,3758
100000163,3759
100000177,3760
100000296,3761
100000231,3762
100000156,3763
100000272,3764
100000182,3765
100000251,3766
100000134,3767
100000299,3768
100000237,3769
100000296,3770
100000291,3771
100000276,3772
100000298,3773
100000264,3774
100000121,3775
100000142,3776
100000102,3777
100000197,3778
100000291,3779
100000172,3780
100000183,3781
100000173,3782
100000170,3783
100000231,3784
100000267,3785
100000199,3786
100000259,3787
100000185,3788
100000236,3789
100000282,3790
100000166,3791
100000109,3792
100000105,3793
100000267,3794
100000163,3795
100000155,3796
100000178,3797
100000217,3798
100000151,3799
100000289,3800
100000207,3801
100000142,3802
100000173,3803
100000166,3804
100000290,3805
100000260,3806
100000178,3807
100000221,3808
100000176,3809
100000294,3810
100000225,3811
100000140,3812
100000120,3813
100000189,3814
100000226,3815
100000271,3816
100000190,3817
100000149,3818
100000282,3819
100000216,3820
100000149,3821
100000249,3822
100000195,3823
100000190,3824
100000128,3825
100000194,3826
100000252,3827
100000294,3828
100000291,3829
100000117,3830
100000179,3831
100000196,3832
100000210,3833
100000103,3834
100000186,3835
100000141,3836
100000119,3837
100000171,3838
100000111,3839
100000240,3840
100000286,3841
100000139,3842
100000157,3843
100000221,3844
100000195,3845
100000255,3846
100000184,3847
100000185,3848
100000162,3849
100000205,3850
100000238,3851
100000198,3852
100000158,3853
100000149,3854
100000226,3855
100000141,3856
100000146,3857
100000260,3858
100000286,3859
100000132,3860
100000252,3861
100000272,3862
100000190,3863
100000236,3864
100000182,3865
100000107,3866
100000289,3867
100000193,3868
100000162,3869
100000203,3870
100000231,3871
100000137,3872
100000101,3873
100000264,3874
100000193,3875
100000224,3876
100000159,3877
100000187,3878
100000279,3879
100000155,3880
100000215,3881
100000257,3882
100000103,3883
100000278,3884
100000199,3885
100000160,3886
100000162,3887
100000122,3888
100000219,3889
100000175,3890
100000200,3891
100000188,3892
100000256,3893
100000124,3894
100000271,3895
100000119,3896
100000111,3897
100000124,3898
100000207,3899
100000107,3900
100000234,3901
100000251,3902
100000148,3903
100000280,3904
100000205,3905
100000164,3906
100000256,3907
100000110,3908
100000192,3909
100000278,3910
100000285,3911
100000202,3912
100000116,3913
100000219,3914
100000274,3915
100000121,3916
100000246,3917
100000257,3918
100000141,3919
100000146,3920
100000251,3921
100000221,3922
100000211,3923
100000181,3924
100000283,3925
100000174,3926
100000162,3927
100000129,3928
100000114,3929
100000129,3930
100000104,3931
100000158,3932
100000261,3933
100000112,3934
100000232,3935
100000215,3936
100000136,3937
100000240,3938
100000248,3939
100000201,3940
100000280,3941
100000220,3942
100000286,3943
100000140,3944
100000116,3945
100000120,3946
100000129,3947
100000258,3948
100000261,3949
100000214,3950
100000125,3951
100000258,3952
100000120,3953
100000159,3954
100000155,3955
100000217,3956
100000158,3957
100000114,3958
100000107,3959
100000199,3960
100000198,3961
100000286,3962
100000140,3963
100000155,3964
100000181,3965
100000187,3966
100000136,3967
100000261,3968
100000297,3969
100000159,3970
100000114,3971
100000192,3972
100000167,3973
100000235,3974
100000203,3975
100000225,3976
100000250,3977
100000193,3978
100000213,3979
100000184,3980
100000177,3981
100000115,3982
100000170,3983
100000271,3984
100000149,3985
100000231,3986
100000184,3987
100000222,3988
100000164,3989
100000105,3990
100000282,3991
100000221,3992
100000298,3993
100000135,3994
100000169,3995
100000176,3996
100000260,3997
100000102,3998
100000249,3999
100000265,4000
100000113,4001
100000233,4002
100000218,4003
100000268,4004
100000155,4005
100000110,4006
100000173,4007
100000204,4008
100000169,4009
100000275,4010
100000299,4011
100000242,4012
100000193,4013
100000280,4014
100000182,4015
100000297,4016
100000294,4017
100000288,4018
100000278,4019
100000150,4020
100000137,4021
100000286,4022
100000223,4023
100000198,4024
100000259,4025
100000137,4026
100000124,4027
100000170,4028
100000227,4029
100000247,4030
100000159,4031
100000189,4032
100000144,4033
100000254,4034
100000193,4035
100000186,4036
100000255,4037
100000123,4038
100000100,4039
100000283,4040
100000141,4041
100000177,4042
100000198,4043
100000289,4044
100000247,4045
100000120,4046
100000106,4047
100000102,4048
100000276,4049
100000206,4050
100000271,4051
100000284,4052
100000229,4053
100000102,4054
100000185,4055
100000183,4056
100000280,4057
100000108,4058
100000222,4059
100000290,4060
100000213,4061
100000281,4062
100000222,4063
100000287,4064
100000226,4065
100000110,4066
100000253,4067
100000236,4068
100000291,4069
100000190,4070
100000268,4071
100000109,4072
100000108,4073
100000270,4074
100000205,4075
100000189,4076
100000208,4077
100000198,4078
100000142,4079
100000190,4080
100000199,4081
100000261,4082
100000144,4083
100000182,4084
100000176,4085
100000203,4086
100000255,4087
100000239,4088
100000296,4089
100000183,4090
100000183,4091
100000118,4092
100000290,4093
100000148,4094
100000255,4095
100000213,4096
100000199,4097
100000163,4098
100000274,4099
100000246,4100
100000260,4101
100000253,4102
100000198,4103
100000177,4104
100000199,4105
100000114,4106
100000181,4107
100000102,4108
100000262,4109
100000101,4110
100000275,4111
100000144,4112
100000127,4113
100000277,4114
100000229,4115
100000239,4116
100000152,4117
100000279,4118
100000196,4119
100000288,4120
100000236,4121
100000215,4122
100000181,4123
100000283,4124
100000222,4125
100000216,4126
100000275,4127
100000153,4128
100000231,4129
100000242,4130
100000288,4131
100000140,4132
100000182,4133
100000130,4134
100000240,4135
100000160,4136
100000166,4137
100000180,4138
100000117,4139
100000132,4140
100000267,4141
100000279,4142
100000119,4143
100000105,4144
100000257,4145
100000245,4146
100000287,4147
100000266,4148
100000294,4149
100000150,4150
100000146,4151
100000298,4152
100000266,4153
100000180,4154
100000199,4155
100000191,4156
100000280,4157
100000283,4158
100000174,4159
100000264,4160
100000207,4161
100000132,4162
100000122,4163
100000185,4164
100000156,4165
100000220,4166
100000193,4167
100000227,4168
100000259,4169
100000287,4170
100000226,4171
100000218,4172
100000230,4173
100000193,4174
100000248,4175
100000189,4176
100000176,4177
100000212,4178
100000105,4179
100000288,4180
100000121,4181
100000286,4182
100000119,4183
100000154,4184
100000268,4185
100000244,4186
100000113,4187
100000275,4188
100000281,4189
100000189,4190
100000285,4191
100000219,4192
100000297,4193
100000114,4194
100000195,4195
100000220,4196
100000224,4197
100000220,4198
100000245,4199
100000213,4200
100000172,4201
100000247,4202
100000238,4203
100000222,4204
100000258,4205
100000266,4206
100000143,4207
100000116,4208
100000115,4209
100000194,4210
100000122,4211
100000262,4212
100000212,4213
100000116,4214
100000156,4215
100000273,4216
100000178,4217
100000216,4218
100000221,4219
100000278,4220
100000167,4221
100000106,4222
100000151,4223
100000181,4224
100000229,4225
100000170,4226
100000135,4227
100000210,4228
100000269,4229
100000260,4230
100000198,4231
100000266,4232
100000265,4233
100000253,4234
100000114,4235
100000255,4236
100000236,4237
100000298,4238
100000180,4239
100000259,4240
100000180,4241
100000151,4242
100000275,4243
100000133,4244
100000155,4245
100000160,4246
100000113,4247
100000104,4248
100000222,4249
100000198,4250
100000229,4251
100000250,4252
100000296,4253
100000132,4254
100000179,4255
100000176,4256
100000137,4257
100000102,4258
100000221,4259
100000290,4260
100000171,4261
100000210,4262
100000176,4263
100000130,4264
100000194,4265
100000205,4266
100000168,4267
100000266,4268
100000286,4269
100000189,4270
100000155,4271
100000185,4272
100000189,4273
100000259,4274
100000277,4275
100000226,4276
100000248,4277
100000280,4278
100000131,4279
100000239,4280
100000116,4281
100000101,4282
100000202,4283
100000164,4284
100000204,4285
100000293,4286
100000184,4287
100000164,4288
100000236,4289
100000284,4290
100000208,4291
100000295,4292
100000129,4293
100000125,4294
100000169,4295
100000120,4296
100000264,4297
100000267,4298
100000239,4299
100000288,4300
100000149,4301
100000298,4302
100000111,4303
100000190,4304
100000197,4305
100000105,4306
100000179,4307
100000111,4308
100000247,4309
100000209,4310
100000153,4311
100000261,4312
100000156,4313
100000277,4314
100000282,4315
100000120,4316
100000101,4317
100000295,4318
100000276,4319
100000220,4320
100000255,4321
100000143,4322
100000285,4323
100000100,4324
100000187,4325
100000289,4326
100000163,4327
100000104,4328
100000212,4329
100000272,4330
100000138,4331
100000222,4332
100000152,4333
100000281,4334
100000139,4335
100000160,4336
100000104,4337
100000260,4338
100000196,4339
100000294,4340
100000262,4341
100000203,4342
100000135,4343
100000192,4344
100000153,4345
100000269,4346
100000268,4347
100000234,4348
100000236,4349
100000219,4350
100000228,4351
100000208,4352
100000220,4353
100000161,4354
100000294,4355
100000168,4356
100000103,4357
100000207,4358
100000210,4359
100000172,4360
100000246,4361
100000158,4362
100000167,4363
100000293,4364
100000130,4365
100000284,4366
100000278,4367
100000206,4368
100000129,4369
100000274,4370
100000270,4371
100000147,4372
100000143,4373
100000165,4374
100000247,4375
100000154,4376
100000112,4377
100000118,4378
100000114,4379
100000285,4380
100000217,4381
100000249,4382
100000138,4383
100000289,4384
100000297,4385
100000277,4386
100000207,4387
100000134,4388
100000263,4389
100000261,4390
100000190,4391
100000228,4392
100000258,4393
100000243,4394
100000103,4395
100000139,4396
100000136,4397
100000272,4398
100000152,4399
100000289,4400
100000249,4401
100000101,4402
100000101,4403
100000215,4404
100000168,4405
100000181,4406
100000265,4407
100000106,4408
100000162,4409
100000127,4410
100000275,4411
100000228,4412
100000188,4413
100000149,4414
100000152,4415
100000198,4416
100000244,4417
100000286,4418
100000150,4419
100000262,4420
100000173,4421
100000264,4422
100000172,4423
100000238,4424
100000144,4425
100000118,4426
100000262,4427
100000159,4428
100000264,4429
100000113,4430
100000140,4431
100000186,4432
100000148,4433
100000287,4434
100000268,4435
100000286,4436
100000137,4437
100000108,4438
100000111,4439
100000256,4440
100000247,4441
100000271,4442
100000188,4443
100000277,4444
100000117,4445
100000214,4446
100000154,4447
100000105,4448
100000171,4449
100000211,4450
100000273,4451
100000250,4452
100000182,4453
100000104,4454
100000182,4455
100000163,4456
100000117,4457
100000179,4458
100000172,4459
100000104,4460
100000166,4461
100000114,4462
100000231,4463
100000204,4464
100000130,4465
100000147,4466
100000233,4467
100000145,4468
100000145,4469
100000111,4470
100000297,4471
100000233,4472
100000101,4473
100000201,4474
100000226,4475
100000261,4476
100000184,4477
100000201,4478
100000164,4479
100000238,4480
100000275,4481
100000229,4482
100000201,4483
100000171,4484
100000273,4485
100000162,4486
100000220,4487
100000142,4488
100000214,4489
100000109,4490
100000234,4491
100000114,4492
100000173,4493
100000203,4494
100000212,4495
100000202,4496
100000102,4497
100000252,4498
100000152,4499
100000176,4500
100000166,4501
100000250,4502
100000294,4503
100000287,4504
100000299,4505
100000292,4506
100000165,4507
100000150,4508
100000121,4509
100000119,4510
100000132,4511
100000170,4512
100000144,4513
100000197,4514
100000170,4515
100000250,4516
100000129,4517
100000116,4518
100000139,4519
100000298,4520
100000211,4521
100000174,4522
100000186,4523
100000224,4524
100000192,4525
100000105,4526
100000296,4527
100000120,4528
100000265,4529
100000166,4530
100000243,4531
100000239,4532
100000222,4533
100000283,4534
100000108,4535
100000276,4536
100000102,4537
100000134,4538
100000296,4539
100000127,4540
100000230,4541
100000210,4542
100000142,4543
100000109,4544
100000189,4545
100000249,4546
100000159,4547
100000140,4548
100000185,4549
100000173,4550
100000235,4551
100000198,4552
100000131,4553
100000295,4554
100000166,4555
100000124,4556
100000150,4557
100000123,4558
100000238,4559
100000109,4560
100000200,4561
100000122,4562
100000269,4563
100000189,4564
100000278,4565
100000114,4566
100000185,4567
100000246,4568
100000273,4569
100000122,4570
100000155,4571
100000236,4572
100000146,4573
100000273,4574
100000184,4575
100000145,4576
100000252,4577
100000254,4578
100000254,4579
100000279,4580
100000163,4581
100000225,4582
100000256,4583
100000237,4584
100000122,4585
100000265,4586
100000199,4587
100000231,4588
100000163,4589
100000136,4590
100000100,4591
100000179,4592
100000118,4593
100000136,4594
100000174,4595
100000267,4596
100000211,4597
100000263,4598
100000159,4599
100000148,4600
100000131,4601
100000122,4602
100000136,4603
100000277,4604
100000156,4605
100000181,4606
100000103,4607
100000235,4608
100000124,4609
100000214,4610
100000184,4611
100000175,4612
100000118,4613
100000230,4614
100000100,4615
100000296,4616
100000299,4617
100000195,4618
100000160,4619
100000115,4620
100000205,4621
100000104,4622
100000294,4623
100000144,4624
100000111,4625
100000152,4626
100000175,4627
100000112,4628
100000238,4629
100000188,4630
100000144,4631
100000136,4632
100000172,4633
100000206,4634
100000166,4635
100000132,4636
100000129,4637
100000215,4638
100000262,4639
100000247,4640
100000144,4641
100000225,4642
100000161,4643
100000108,4644
100000267,4645
100000168,4646
100000152,4647
100000221,4648
100000222,4649
100000194,4650
100000255,4651
100000211,4652
100000148,4653
100000264,4654
100000242,4655
100000182,4656
100000292,4657
100000227,4658
100000135,4659
100000148,4660
100000296,4661
100000239,4662
100000108,4663
100000293,4664
100000118,4665
100000228,4666
100000183,4667
100000297,4668
100000296,4669
100000273,4670
100000288,4671
100000201,4672
100000232,4673
100000170,4674
100000288,4675
100000232,4676
100000172,4677
100000209,4678
100000267,4679
100000268,4680
100000129,4681
100000245,4682
100000245,4683
100000296,4684
100000183,4685
100000289,4686
100000256,4687
100000284,4688
100000176,4689
100000260,4690
100000227,4691
100000160,4692
100000107,4693
100000144,4694
100000241,4695
100000122,4696
100000279,4697
100000243,4698
100000174,4699
100000278,4700
100000104,4701
100000139,4702
100000297,4703
100000234,4704
100000177,4705
100000195,4706
100000126,4707
100000178,4708
100000238,4709
100000141,4710
100000177,4711
100000212,4712
100000249,4713
100000224,4714
100000120,4715
100000149,4716
100000192,4717
100000158,4718
100000262,4719
100000276,4720
100000130,4721
100000235,4722
100000102,4723
100000225,4724
100000231,4725
100000253,4726
100000209,4727
100000251,4728
100000274,4729
100000271,4730
100000111,4731
100000151,4732
100000112,4733
100000244,4734
100000177,4735
100000131,4736
100000230,4737
100000183,4738
100000212,4739
100000294,4740
100000280,4741
100000133,4742
100000128,4743
100000173,4744
100000260,4745
100000283,4746
100000138,4747
100000106,4748
100000191,4749
100000172,4750
100000230,4751
100000164,4752
100000144,4753
100000203,4754
100000298,4755
100000188,4756
100000233,4757
100000283,4758
100000201,4759
100000202,4760
100000168,4761
100000268,4762
100000125,4763
100000132,4764
100000122,4765
100000162,4766
100000187,4767
100000274,4768
100000260,4769
100000258,4770
100000154,4771
100000129,4772
100000267,4773
100000187,4774
100000150,4775
100000188,4776
100000206,4777
100000123,4778
100000107,4779
100000178,4780
100000200,4781
100000138,4782
100000147,4783
100000201,4784
100000207,4785
100000111,4786
100000125,4787
100000258,4788
100000145,4789
100000288,4790
100000135,4791
100000108,4792
100000198,4793
100000223,4794
100000141,4795
100000189,4796
100000151,4797
100000239,4798
100000208,4799
100000263,4800
100000212,4801
100000247,4802
100000110,4803
100000283,4804
100000267,4805
100000254,4806
100000168,4807
100000129,4808
100000199,4809
100000146,4810
100000178,4811
100000218,4812
100000222,4813
100000226,4814
100000293,4815
100000143,4816
100000278,4817
100000236,4818
100000235,4819
100000116,4820
100000294,4821
100000169,4822
100000183,4823
100000295,4824
100000253,4825
100000249,4826
100000119,4827
100000288,4828
100000138,4829
100000196,4830
100000136,4831
100000274,4832
100000273,4833
100000188,4834
100000146,4835
100000229,4836
100000274,4837
100000220,4838
100000112,4839
100000182,4840
100000176,4841
100000193,4842
100000265,4843
100000259,4844
100000146,4845
100000235,4846
100000206,4847
100000280,4848
100000247,4849
100000105,4850
100000135,4851
100000271,4852
100000146,4853
100000150,4854
100000138,4855
100000173,4856
100000170,4857
100000105,4858
100000199,4859
100000200,4860
100000172,4861
100000272,4862
100000279,4863
100000233,4864
100000196,4865
100000229,4866
100000148,4867
100000225,4868
100000113,4869
100000105,4870
100000265,4871
100000180,4872
100000229,4873
100000241,4874
100000119,4875
100000225,4876
100000156,4877
100000292,4878
100000178,4879
100000291,4880
100000103,4881
100000212,4882
100000118,4883
100000223,4884
100000151,4885
100000175,4886
100000252,4887
100000229,4888
100000117,4889
100000237,4890
100000120,4891
100000215,4892
100000104,4893
100000255,4894
100000294,4895
100000234,4896
100000171,4897
100000109,4898
100000293,4899
100000203,4900
100000196,4901
100000243,4902
100000130,4903
100000131,4904
100000194,4905
100000187,4906
100000266,4907
100000196,4908
100000169,4909
100000291,4910
100000112,4911
100000293,4912
100000159,4913
100000235,4914
100000137,4915
100000223,4916
100000168,4917
100000115,4918
100000217,4919
100000185,4920
100000264,4921
100000179,4922
100000275,4923
100000205,4924
100000297,4925
100000123,4926
100000264,4927
100000207,4928
100000228,4929
100000105,4930
100000155,4931
100000281,4932
100000252,4933
100000132,4934
100000175,4935
100000250,4936
100000227,4937
100000284,4938
100000123,4939
100000170,4940
100000220,4941
100000128,4942
100000137,4943
100000286,4944
100000213,4945
100000123,4946
100000266,4947
100000138,4948
100000213,4949
100000241,4950
100000203,4951
100000148,4952
100000288,4953
100000245,4954
100000145,4955
100000213,4956
100000116,4957
100000262,4958
100000170,4959
100000255,4960
100000243,4961
100000206,4962
100000154,4963
100000218,4964
100000179,4965
100000173,4966
100000140,4967
100000243,4968
100000131,4969
100000164,4970
100000176,4971
100000202,4972
100000209,4973
100000110,4974
100000149,4975
100000135,4976
100000142,4977
100000127,4978
100000244,4979
100000120,4980
100000184,4981
100000250,4982
100000187,4983
100000272,4984
100000146,4985
100000271,4986
100000137,4987
100000257,4988
100000164,4989
100000155,4990
100000175,4991
100000234,4992
100000134,4993
100000200,4994
100000166,4995
100000231,4996
100000182,4997
100000282,4998
100000228,4999
100000153,5000
100000158,5001
100000240,5002
100000109,5003
100000178,5004
100000192,5005
100000133,5006
100000220,5007
100000192,5008
100000147,5009
100000250,5010
100000137,5011
100000225,5012
100000282,5013
100000126,5014
100000166,5015
100000170,5016
100000209,5017
100000275,5018
100000124,5019
100000191,5020
100000106,5021
100000122,5022
100000201,5023
100000213,5024
100000268,5025
100000275,5026
100000236,5027
100000198,5028
100000209,5029
100000253,5030
100000139,5031
100000136,5032
100000131,5033
100000118,5034
100000199,5035
100000112,5036
100000268,5037
100000104,5038
100000215,5039
100000111,5040
100000130,5041
100000139,5042
100000163,5043
100000246,5044
100000243,5045
100000163,5046
100000260,5047
100000211,5048
100000163,5049
100000233,5050
100000285,5051
100000239,5052
100000289,5053
100000213,5054
100000131,5055
100000219,5056
100000189,5057
100000106,5058
100000112,5059
100000127,5060
100000136,5061
100000205,5062
100000199,5063
100000161,5064
100000126,5065
100000118,5066
100000183,5067
100000110,5068
100000297,5069
100000157,5070
100000273,5071
100000258,5072
100000202,5073
100000226,5074
100000174,5075
100000290,5076
100000110,5077
100000251,5078
100000173,5079
100000273,5080
100000218,5081
100000279,5082
100000251,5083
100000221,5084
100000163,5085
100000248,5086
100000253,5087
100000115,5088
100000179,5089
100000286,5090
100000246,5091
100000237,5092
100000292,5093
100000277,5094
100000169,5095
100000167,5096
100000190,5097
100000109,5098
100000287,5099
100000169,5100
100000257,5101
100000142,5102
100000201,5103
100000277,5104
100000154,5105
100000146,5106
100000275,5107
100000269,5108
100000257,5109
100000166,5110
100000276,5111
100000247,5112
100000133,5113
100000185,5114
100000268,5115
100000209,5116
100000209,5117
100000150,5118
100000209,5119
100000183,5120
100000288,5121
100000165,5122
100000215,5123
100000225,5124
100000266,5125
100000269,5126
100000181,5127
100000137,5128
100000271,5129
100000192,5130
100000259,5131
100000261,5132
100000137,5133
100000148,5134
100000237,5135
100000152,5136
100000228,5137
100000176,5138
100000131,5139
100000153,5140
100000149,5141
100000153,5142
100000120,5143
100000103,5144
100000221,5145
100000141,5146
100000155,5147
100000232,5148
100000263,5149
100000221,5150
100000149,5151
100000113,5152
100000144,5153
100000215,5154
100000234,5155
100000142,5156
100000242,5157
100000287,5158
100000241,5159
100000296,5160
100000174,5161
100000264,5162
100000234,5163
100000296,5164
100000235,5165
100000283,5166
100000206,5167
100000198,5168
100000188,5169
100000132,5170
100000231,5171
100000284,5172
100000253,5173
100000137,5174
100000237,5175
100000169,5176
100000124,5177
100000157,5178
100000141,5179
100000244,5180
100000106,5181
100000219,5182
100000137,5183
100000205,5184
100000147,5185
100000253,5186
100000227,5187
100000285,5188
100000255,5189
100000108,5190
100000127,5191
100000274,5192
100000141,5193
100000224,5194
100000227,5195
100000243,5196
100000274,5197
100000150,5198
100000139,5199
100000122,5200
100000212,5201
100000118,5202
100000266,5203
100000293,5204
100000179,5205
100000247,5206
100000230,5207
100000244,5208
100000216,5209
100000181,5210
100000205,5211
100000123,5212
100000164,5213
100000131,5214
100000184,5215
100000186,5216
100000231,5217
100000254,5218
100000236,5219
100000157,5220
100000272,5221
100000214,5222
100000169,5223
100000283,5224
100000169,5225
100000178,5226
100000244,5227
100000256,5228
100000133,5229
100000206,5230
100000178,5231
100000251,5232
100000194,5233
100000137,5234
100000125,5235
100000252,5236
100000269,5237
100000292,5238
100000208,5239
100000268,5240
100000100,5241
100000203,5242
100000231,5243
100000129,5244
100000228,5245
100000150,5246
100000210,5247
100000195,5248
100000106,5249
100000241,5250
100000278,5251
100000183,5252
100000257,5253
100000205,5254
100000208,5255
100000278,5256
100000193,5257
100000213,5258
100000110,5259
100000210,5260
100000294,5261
100000228,5262
100000120,5263
100000177,5264
100000207,5265
100000101,5266
100000189,5267
100000261,5268
100000283,5269
100000105,5270
100000217,5271
100000181,5272
100000190,5273
100000140,5274
100000174,5275
100000204,5276
100000161,5277
100000263,5278
100000247,5279
100000231,5280
100000162,5281
100000208,5282
100000135,5283
100000217,5284
100000270,5285
100000153,5286
100000162,5287
100000236,5288
100000132,5289
100000199,5290
100000299,5291
100000142,5292
100000256,5293
100000138,5294
100000145,5295
100000194,5296
100000286,5297
100000192,5298
100000283,5299
100000278,5300
100000292,5301
100000190,5302
100000276,5303
100000290,5304
100000221,5305
100000103,5306
100000204,5307
100000297,5308
100000244,5309
100000180,5310
100000190,5311
100000119,5312
100000234,5313
100000195,5314
100000172,5315
100000167,5316
100000153,5317
100000171,5318
100000143,5319
100000148,5320
100000169,5321
100000121,5322
100000194,5323
100000254,5324
100000137,5325
100000103,5326
100000260,5327
100000159,5328
100000218,5329
100000185,5330
100000224,5331
100000257,5332
100000108,5333
100000176,5334
100000294,5335
100000153,5336
100000136,5337
100000231,5338
100000120,5339
100000106,5340
100000197,5341
100000188,5342
100000120,5343
100000218,5344
100000100,5345
100000189,5346
100000261,5347
100000204,5348
100000154,5349
100000266,5350
100000280,5351
100000231,5352
100000289,5353
100000248,5354
100000119,5355
100000279,5356
100000210,5357
100000282,5358
100000181,5359
100000207,5360
100000114,5361
100000101,5362
100000132,5363
100000285,5364
100000129,5365
100000173,5366
100000284,5367
100000265,5368
100000163,5369
100000241,5370
100000242,5371
100000218,5372
100000195,5373
100000138,5374
100000231,5375
100000240,5376
100000222,5377
100000174,5378
100000282,5379
100000219,5380
100000174,5381
100000261,5382
100000299,5383
100000150,5384
100000285,5385
100000210,5386
100000236,5387
100000297,5388
100000121,5389
100000123,5390
100000151,5391
100000177,5392
100000107,5393
100000230,5394
100000270,5395
100000177,5396
100000287,5397
100000277,5398
100000192,5399
100000125,5400
100000287,5401
100000236,5402
100000139,5403
100000155,5404
100000217,5405
100000217,5406
100000201,5407
100000204,5408
100000192,5409
100000247,5410
100000204,5411
100000128,5412
100000220,5413
100000185,5414
100000268,5415
100000268,5416
100000184,5417
100000190,5418
100000180,5419
100000185,5420
100000203,5421
100000114,5422
100000121,5423
100000121,5424
100000134,5425
100000163,5426
100000153,5427
100000234,5428
100000122,5429
100000104,5430
100000141,5431
100000247,5432
100000198,5433
100000133,5434
100000283,5435
100000176,5436
100000193,5437
100000211,5438
100000170,5439
100000116,5440
100000114,5441
100000173,5442
100000180,5443
100000275,5444
100000253,5445
100000221,5446
100000261,5447
100000252,5448
100000241,5449
100000283,5450
100000145,5451
100000235,5452
100000184,5453
100000177,5454
100000154,5455
100000247,5456
100000109,5457
100000227,5458
100000161,5459
100000285,5460
100000161,5461
100000181,5462
100000130,5463
100000203,5464
100000298,5465
100000277,5466
100000299,5467
100000239,5468
100000144,5469
100000278,5470
100000183,5471
100000171,5472
100000157,5473
100000212,5474
100000278,5475
100000202,5476
100000265,5477
100000193,5478
100000225,5479
100000192,5480
100000253,5481
100000247,5482
100000147,5483
100000225,5484
100000171,5485
100000286,5486
100000109,5487
100000160,5488
100000263,5489
100000241,5490
100000136,5491
100000117,5492
100000136,5493
100000170,5494
100000108,5495
100000138,5496
100000158,5497
100000182,5498
100000118,5499
100000198,5500
100000202,5501
100000126,5502
100000231,5503
100000295,5504
100000199,5505
100000259,5506
100000262,5507
100000199,5508
100000150,5509
100000198,5510
100000194,5511
100000224,5512
100000112,5513
100000210,5514
100000274,5515
100000266,5516
100000298,5517
100000103,5518
100000237,5519
100000259,5520
100000243,5521
100000194,5522
100000129,5523
100000254,5524
100000189,5525
100000127,5526
100000286,5527
100000192,5528
100000178,5529
100000299,5530
100000242,5531
100000128,5532
100000200,5533
100000284,5534
100000261,5535
100000262,5536
100000178,5537
100000160,5538
100000109,5539
100000230,5540
100000173,5541
100000146,5542
100000247,5543
100000268,5544
100000147,5545
100000230,5546
100000151,5547
100000210,5548
100000186,5549
100000170,5550
100000182,5551
100000199,5552
100000254,5553
100000269,5554
100000266,5555
100000259,5556
100000114,5557
100000199,5558
100000282,5559
100000260,5560
100000230,5561
100000218,5562
100000112,5563
100000229,5564
100000299,5565
100000210,5566
100000116,5567
100000290,5568
100000253,5569
100000195,5570
100000145,5571
100000178,5572
100000122,5573
100000221,5574
100000104,5575
100000134,5576
100000178,5577
100000143,5578
100000265,5579
100000244,5580
100000298,5581
100000264,5582
100000178,5583
100000181,5584
100000211,5585
100000149,5586
100000191,5587
100000295,5588
100000160,5589
100000279,5590
100000206,5591
100000188,5592
100000183,5593
100000109,5594
100000170,5595
100000215,5596
100000134,5597
100000193,5598
100000294,5599
100000270,5600
100000287,5601
100000226,5602
100000234,5603
100000226,5604
100000205,5605
100000141,5606
100000278,5607
100000110,5608
100000162,5609
100000131,5610
100000288,5611
100000207,5612
100000253,5613
100000122,5614
100000233,5615
100000143,5616
100000183,5617
100000177,5618
100000261,5619
100000106,5620
100000235,5621
100000299,5622
100000128,5623
100000201,5624
100000156,5625
100000110,5626
100000203,5627
100000234,5628
100000218,5629
100000219,5630
100000131,5631
100000186,5632
100000124,5633
100000157,5634
100000179,5635
100000189,5636
100000119,5637
100000130,5638
100000290,5639
100000149,5640
100000295,5641
100000292,5642
100000194,5643
100000132,5644
100000219,5645
100000114,5646
100000278,5647
100000148,5648
100000196,5649
100000121,5650
100000217,5651
100000124,5652
100000234,5653
100000261,5654
100000272,5655
100000234,5656
100000134,5657
100000110,5658
100000165,5659
100000135,5660
100000154,5661
100000259,5662
100000247,5663
100000261,5664
100000150,5665
100000124,5666
100000156,5667
100000237,5668
100000235,5669
100000247,5670
100000165,5671
100000230,5672
100000230,5673
100000249,5674
100000210,5675
100000288,5676
100000233,5677
100000139,5678
100000261,5679
100000133,5680
100000282,5681
100000203,5682
100000167,5683
100000134,5684
100000182,5685
100000116,5686
100000152,5687
100000157,5688
100000110,5689
100000171,5690
100000156,5691
100000228,5692
100000110,5693
100000270,5694
100000205,5695
100000208,5696
100000122,5697
100000293,5698
100000140,5699
100000184,5700
100000188,5701
100000194,5702
100000242,5703
100000282,5704
100000150,5705
100000132,5706
100000240,5707
100000205,5708
100000203,5709
100000201,5710
100000123,5711
100000175,5712
100000126,5713
100000185,5714
100000145,5715
100000163,5716
100000222,5717
100000100,5718
100000168,5719
100000266,5720
100000104,5721
100000168,5722
100000128,5723
100000180,5724
100000269,5725
100000108,5726
100000248,5727
100000149,5728
100000193,5729
100000257,5730
100000258,5731
100000230,5732
100000299,5733
100000190,5734
100000283,5735
100000109,5736
100000206,5737
100000179,5738
100000290,5739
100000250,5740
100000229,5741
100000212,5742
100000114,5743
100000268,5744
100000292,5745
100000189,5746
100000163,5747
100000271,5748
100000160,5749
100000213,5750
100000103,5751
100000162,5752
100000171,5753
100000288,5754
100000216,5755
100000156,5756
100000248,5757
100000112,5758
100000297,5759
100000113,5760
100000280,5761
100000148,5762
100000197,5763
100000195,5764
100000163,5765
100000141,5766
100000146,5767
100000242,5768
100000120,5769
100000239,5770
100000180,5771
100000226,5772
100000259,5773
100000269,5774
100000295,5775
100000198,5776
100000180,5777
100000265,5778
100000213,5779
100000147,5780
100000208,5781
100000175,5782
100000297,5783
100000246,5784
100000157,5785
100000193,5786
100000194,5787
100000289,5788
100000193,5789
100000183,5790
100000127,5791
100000180,5792
100000109,5793
100000298,5794
100000161,5795
100000299,5796
100000134,5797
100000193,5798
100000139,5799
100000230,5800
100000136,5801
100000250,5802
100000127,5803
100000110,5804
100000100,5805
100000100,5806
100000182,5807
100000239,5808
100000205,5809
100000148,5810
100000154,5811
100000294,5812
100000260,5813
100000229,5814
100000263,5815
100000280,5816
100000175,5817
100000145,5818
100000147,5819
100000241,5820
100000113,5821
100000160,5822
100000218,5823
100000104,5824
100000180,5825
100000275,5826
100000196,5827
100000166,5828
100000229,5829
100000272,5830
100000220,5831
100000255,5832
100000154,5833
100000250,5834
100000191,5835
100000178,5836
100000173,5837
100000172,5838
100000102,5839
100000182,5840
100000114,5841
100000194,5842
100000221,5843
100000149,5844
100000233,5845
100000299,5846
100000138,5847
100000248,5848
100000285,5849
100000123,5850
100000139,5851
100000150,5852
100000276,5853
100000260,5854
100000176,5855
100000181,5856
100000256,5857
100000271,5858
100000234,5859
100000181,5860
100000250,5861
100000139,5862
100000128,5863
100000282,5864
100000233,5865
100000231,5866
100000190,5867
100000289,5868
100000198,5869
100000236,5870
100000107,5871
100000113,5872
100000292,5873
100000212,5874
100000109,5875
100000195,5876
100000169,5877
100000295,5878
100000161,5879
100000165,5880
100000174,5881
100000245,5882
100000138,5883
100000161,5884
100000232,5885
100000212,5886
100000121,5887
100000137,5888
100000194,5889
100000153,5890
100000149,5891
100000143,5892
100000282,5893
100000153,5894
100000235,5895
100000208,5896
100000237,5897
100000239,5898
100000253,5899
100000261,5900
100000195,5901
100000256,5902
100000267,5903
100000170,5904
100000133,5905
100000270,5906
100000124,5907
100000121,5908
100000188,5909
100000130,5910
100000152,5911
100000265,5912
100000149,5913
100000282,5914
100000158,5915
100000148,5916
100000290,5917
100000179,5918
100000278,5919
100000161,5920
100000249,5921
100000140,5922
100000241,5923
100000275,5924
100000199,5925
100000248,5926
100000242,5927
100000281,5928
100000252,5929
100000159,5930
100000240,5931
100000193,5932
100000112,5933
100000197,5934
100000290,5935
100000162,5936
100000206,5937
100000106,5938
100000145,5939
100000192,5940
100000251,5941
100000128,5942
100000279,5943
100000101,5944
100000236,5945
100000257,5946
100000113,5947
100000134,5948
100000144,5949
100000235,5950
100000141,5951
100000234,5952
100000263,5953
100000205,5954
100000180,5955
100000188,5956
100000227,5957
100000230,5958
100000123,5959
100000221,5960
100000272,5961
100000100,5962
100000174,5963
100000258,5964
100000252,5965
100000251,5966
100000137,5967
100000244,5968
100000237,5969
100000213,5970
100000175,5971
100000190,5972
100000190,5973
100000234,5974
100000260,5975
100000174,5976
100000255,5977
100000219,5978
100000275,5979
100000168,5980
100000103,5981
100000145,5982
100000111,5983
100000222,5984
100000213,5985
100000298,5986
100000254,5987
100000268,5988
100000129,5989
100000169,5990
100000251,5991
100000272,5992
100000238,5993
100000203,5994
100000190,5995
100000213,5996
100000114,5997
100000185,5998
100000172,5999
100000199,6000
100000286,6001
100000207,6002
100000134,6003
100000204,6004
100000102,6005
100000295,6006
100000243,6007
100000194,6008
100000192,6009
100000275,6010
100000297,6011
100000210,6012
100000118,6013
100000193,6014
100000260,6015
100000264,6016
100000230,6017
100000133,6018
100000102,6019
100000210,6020
100000163,6021
100000130,6022
100000130,6023
100000230,6024
100000234,6025
100000150,6026
100000156,6027
100000291,6028
100000125,6029
100000156,6030
100000145,6031
100000296,6032
100000231,6033
100000173,6034
100000144,6035
100000274,6036
100000113,6037
100000257,6038
100000258,6039
100000162,6040
100000251,6041
100000177,6042
100000275,6043
100000139,6044
100000229,6045
100000122,6046
100000109,6047
100000217,6048
100000175,6049
100000175,6050
100000249,6051
100000101,6052
100000185,6053
100000196,6054
100000183,6055
100000150,6056
100000166,6057
100000240,6058
100000125,6059
100000218,6060
100000148,6061
100000161,6062
100000258,6063
100000122,6064
100000238,6065
100000260,6066
100000170,6067
100000105,6068
100000279,6069
100000205,6070
100000206,6071
100000200,6072
100000242,6073
100000185,6074
100000194,6075
100000192,6076
100000280,6077
100000185,6078
100000137,6079
100000265,6080
100000186,6081
100000176,6082
100000173,6083
100000204,6084
100000226,6085
100000217,6086
100000120,6087
100000268,6088
100000163,6089
100000172,6090
100000152,6091
100000299,6092
100000245,6093
100000273,6094
100000273,6095
100000202,6096
100000184,6097
100000116,6098
100000212,6099
100000150,6100
100000157,6101
100000277,6102
100000101,6103
100000135,6104
100000270,6105
100000213,6106
100000148,6107
100000179,6108
100000192,6109
100000245,6110
100000265,6111
100000167,6112
100000255,6113
100000226,6114
100000102,6115
100000162,6116
100000210,6117
100000268,6118
100000275,6119
100000243,6120
100000153,6121
100000233,6122
100000183,6123
100000190,6124
100000158,6125
100000113,6126
100000199,6127
100000102,6128
100000254,6129
100000222,6130
100000186,6131
100000143,6132
100000153,6133
100000143,6134
100000221,6135
100000224,6136
100000188,6137
100000118,6138
100000194,6139
100000153,6140
100000267,6141
100000206,6142
100000174,6143
100000192,6144
100000286,6145
100000276,6146
100000162,6147
100000261,6148
100000278,6149
100000152,6150
100000234,6151
100000276,6152
100000228,6153
100000101,6154
100000177,6155
100000299,6156
100000252,6157
100000207,6158
100000263,6159
100000261,6160
100000193,6161
100000218,6162
100000227,6163
100000183,6164
100000115,6165
100000121,6166
100000198,6167
100000116,6168
100000151,6169
100000242,6170
100000192,6171
100000137,6172
100000108,6173
100000287,6174
100000291,6175
100000212,6176
100000193,6177
100000177,6178
100000244,6179
100000235,6180
100000209,6181
100000224,6182
100000218,6183
100000277,6184
100000152,6185
100000138,6186
100000236,6187
100000169,6188
100000277,6189
100000168,6190
100000107,6191
100000225,6192
100000214,6193
100000252,6194
100000226,6195
100000292,6196
100000124,6197
100000137,6198
100000113,6199
100000149,6200
100000121,6201
100000166,6202
100000281,6203
100000170,6204
100000152,6205
100000247,6206
100000279,6207
100000239,6208
100000125,6209
100000150,6210
100000149,6211
100000189,6212
100000189,6213
100000192,6214
100000265,6215
100000161,6216
100000173,6217
100000132,6218
100000292,6219
100000267,6220
100000189,6221
100000133,6222
100000207,6223
100000298,6224
100000214,6225
100000155,6226
100000233,6227
100000138,6228
100000258,6229
100000117,6230
100000202,6231
100000256,6232
100000207,6233
100000237,6234
100000106,6235
100000134,6236
100000263,6237
100000260,6238
100000218,6239
100000181,6240
100000205,6241
100000228,6242
100000158,6243
100000202,6244
100000243,6245
100000148,6246
100000262,6247
100000204,6248
100000243,6249
100000219,6250
100000218,6251
100000183,6252
100000100,6253
100000107,6254
100000226,6255
100000245,6256
100000188,6257
100000187,6258
100000243,6259
100000114,6260
100000236,6261
100000110,6262
100000294,6263
100000168,6264
100000237,6265
100000118,6266
100000119,6267
100000168,6268
100000226,6269
100000250,6270
100000125,6271
100000105,6272
100000220,6273
100000281,6274
100000135,6275
100000241,6276
100000197,6277
100000208,6278
100000152,6279
100000177,6280
100000279,6281
100000110,6282
100000207,6283
100000208,6284
100000124,6285
100000215,6286
100000253,6287
100000296,6288
100000261,6289
100000212,6290
100000162,6291
100000222,6292
100000160,6293
100000114,6294
100000131,6295
100000248,6296
100000262,6297
100000106,6298
100000167,6299
100000135,6300
100000284,6301
100000250,6302
100000235,6303
100000193,6304
100000100,6305
100000242,6306
100000207,6307
100000162,6308
100000241,6309
100000195,6310
100000249,6311
100000125,6312
100000288,6313
100000293,6314
100000123,6315
100000176,6316
100000150,6317
100000247,6318
100000130,6319
100000164,6320
100000276,6321
100000240,6322
100000122,6323
100000234,6324
100000171,6325
100000253,6326
100000214,6327
100000149,6328
100000249,6329
100000108,6330
100000233,6331
100000266,6332
100000186,6333
100000249,6334
100000234,6335
100000136,6336
100000115,6337
100000194,6338
100000249,6339
100000153,6340
100000125,6341
100000123,6342
100000281,6343
100000221,6344
100000172,6345
100000283,6346
100000107,6347
100000180,6348
100000201,6349
100000148,6350
100000179,6351
100000280,6352
100000190,6353
100000289,6354
100000174,6355
100000140,6356
100000181,6357
100000117,6358
100000275,6359
100000237,6360
100000128,6361
100000273,6362
100000108,6363
100000282,6364
100000251,6365
100000256,6366
100000258,6367
100000157,6368
100000274,6369
100000218,6370
100000113,6371
100000176,6372
100000261,6373
100000104,6374
100000117,6375
100000255,6376
100000222,6377
100000285,6378
100000199,6379
100000142,6380
100000252,6381
100000193,6382
100000132,6383
100000107,6384
100000259,6385
100000250,6386
100000272,6387
100000163,6388
100000100,6389
100000269,6390
100000187,6391
100000176,6392
100000270,6393
100000294,6394
100000222,6395
100000157,6396
100000216,6397
100000265,6398
100000187,6399
100000155,6400
100000141,6401
100000161,6402
100000259,6403
100000108,6404
100000260,6405
100000104,6406
100000111,6407
100000157,6408
100000227,6409
100000116,6410
100000156,6411
100000111,6412
100000250,6413
100000102,6414
100000209,6415
100000116,6416
100000190,6417
100000256,6418
100000267,6419
100000130,6420
100000226,6421
100000272,6422
100000156,6423
100000187,6424
100000259,6425
100000192,6426
100000253,6427
100000187,6428
100000107,6429
100000119,6430
100000162,6431
100000216,6432
100000137,6433
100000260,6434
100000266,6435
100000206,6436
100000296,6437
100000283,6438
100000205,6439
100000162,6440
100000274,6441
100000278,6442
100000178,6443
100000158,6444
100000186,6445
100000267,6446
100000229,6447
100000298,6448
100000175,6449
100000164,6450
100000287,6451
100000234,6452
100000180,6453
100000219,6454
100000222,6455
100000144,6456
100000161,6457
100000188,6458
100000205,6459
100000231,6460
100000182,6461
100000266,6462
100000284,6463
100000161,6464
100000119,6465
100000143,6466
100000260,6467
100000183,6468
100000167,6469
100000299,6470
100000241,6471
100000255,6472
100000101,6473
100000208,6474
100000160,6475
100000235,6476
100000129,6477
100000272,6478
100000221,6479
100000167,6480
100000213,6481
100000172,6482
100000254,6483
100000150,6484
100000158,6485
100000144,6486
100000131,6487
100000122,6488
100000218,6489
100000265,6490
100000292,6491
100000108,6492
100000239,6493
100000109,6494
100000150,6495
100000214,6496
100000198,6497
100000282,6498
100000209,6499
100000273,6500
100000116,6501
100000293,6502
100000168,6503
100000130,6504
100000149,6505
100000270,6506
100000113,6507
100000178,6508
100000256,6509
100000103,6510
100000205,6511
100000176,6512
100000147,6513
100000165,6514
100000226,6515
100000100,6516
100000157,6517
100000278,6518
100000200,6519
100000290,6520
100000274,6521
100000259,6522
100000219,6523
100000193,6524
100000121,6525
100000222,6526
100000210,6527
100000195,6528
100000230,6529
100000156,6530
100000226,6531
100000135,6532
100000293,6533
100000133,6534
100000201,6535
100000182,6536
100000289,6537
100000102,6538
100000168,6539
100000271,6540
100000217,6541
100000133,6542
100000298,6543
100000271,6544
100000290,6545
100000229,6546
100000245,6547
100000191,6548
100000112,6549
100000100,6550
100000240,6551
100000298,6552
100000183,6553
100000270,6554
100000267,6555
100000225,6556
100000244,6557
100000274,6558
100000165,6559
100000191,6560
100000137,6561
100000141,6562
100000241,6563
100000140,6564
100000290,6565
100000186,6566
100000229,6567
100000155,6568
100000125,6569
100000113,6570
100000215,6571
100000161,6572
100000189,6573
100000230,6574
100000156,6575
100000216,6576
100000293,6577
100000106,6578
100000251,6579
100000183,6580
100000140,6581
100000219,6582
100000143,6583
100000202,6584
100000176,6585
100000193,6586
100000231,6587
100000262,6588
100000164,6589
100000270,6590
100000204,6591
100000276,6592
100000175,6593
100000269,6594
100000289,6595
100000279,6596
100000114,6597
100000153,6598
100000209,6599
100000140,6600
100000276,6601
100000232,6602
100000256,6603
100000140,6604
100000228,6605
100000205,6606
100000138,6607
100000144,6608
100000217,6609
100000210,6610
100000208,6611
100000288,6612
100000236,6613
100000183,6614
100000288,6615
100000285,6616
100000163,6617
100000118,6618
100000251,6619
100000192,6620
100000179,6621
100000216,6622
100000149,6623
100000128,6624
100000297,6625
100000287,6626
100000155,6627
100000123,6628
100000150,6629
100000225,6630
100000275,6631
100000276,6632
100000256,6633
100000292,6634
100000181,6635
100000124,6636
100000116,6637
100000134,6638
100000205,6639
100000151,6640
100000129,6641
100000138,6642
100000114,6643
100000292,6644
100000238,6645
100000298,6646
100000221,6647
100000111,6648
100000197,6649
100000117,6650
100000237,6651
100000137,6652
100000131,6653
100000281,6654
100000147,6655
100000198,6656
100000260,6657
100000169,6658
100000158,6659
100000114,6660
100000241,6661
100000199,6662
100000112,6663
100000259,6664
100000191,6665
100000248,6666
100000195,6667
100000202,6668
100000171,6669
100000195,6670
100000182,6671
100000216,6672
100000245,6673
100000108,6674
100000112,6675
100000168,6676
100000117,6677
100000221,6678
100000176,6679
100000193,6680
100000196,6681
100000254,6682
100000206,6683
100000242,6684
100000198,6685
100000281,6686
100000182,6687
100000112,6688
100000240,6689
100000243,6690
100000156,6691
100000238,6692
100000132,6693
100000186,6694
100000279,6695
100000238,6696
100000273,6697
100000145,6698
100000112,6699
100000283,6700
100000278,6701
100000104,6702
100000101,6703
100000265,6704
100000125,6705
100000168,6706
100000178,6707
100000265,6708
100000199,6709
100000114,6710
100000227,6711
100000225,6712
100000230,6713
100000123,6714
100000140,6715
100000238,6716
100000215,6717
100000264,6718
100000128,6719
100000122,6720
100000107,6721
100000177,6722
100000114,6723
100000219,6724
100000214,6725
100000251,6726
100000136,6727
100000269,6728
100000239,6729
100000170,6730
100000144,6731
100000125,6732
100000192,6733
100000185,6734
100000112,6735
100000206,6736
100000173,6737
100000287,6738
100000283,6739
100000121,6740
100000179,6741
100000280,6742
100000193,6743
100000128,6744
100000252,6745
100000175,6746
100000134,6747
100000290,6748
100000179,6749
100000154,6750
100000277,6751
100000232,6752
100000298,6753
100000176,6754
100000116,6755
100000147,6756
100000189,6757
100000184,6758
100000294,6759
100000296,6760
100000166,6761
100000225,6762
100000208,6763
100000221,6764
100000193,6765
100000231,6766
100000129,6767
100000205,6768
100000297,6769
100000290,6770
100000298,6771
100000197,6772
100000191,6773
100000258,6774
100000222,6775
100000285,6776
100000207,6777
100000240,6778
100000158,6779
100000214,6780
100000165,6781
100000154,6782
100000251,6783
100000291,6784
100000230,6785
100000199,6786
100000281,6787
100000124,6788
100000109,6789
100000168,6790
100000287,6791
100000205,6792
100000274,6793
100000212,6794
100000165,6795
100000236,6796
100000151,6797
100000290,6798
100000100,6799
100000219,6800
100000163,6801
100000267,6802
100000228,6803
100000201,6804
100000119,6805
100000251,6806
100000109,6807
100000296,6808
100000140,6809
100000114,6810
100000294,6811
100000100,6812
100000229,6813
100000127,6814
100000267,6815
100000195,6816
100000265,6817
100000204,6818
100000279,6819
100000205,6820
100000160,6821
100000117,6822
100000280,6823
100000229,6824
100000199,6825
100000298,6826
100000146,6827
100000161,6828
100000179,6829
100000123,6830
100000275,6831
100000237,6832
100000146,6833
100000275,6834
100000150,6835
100000125,6836
100000223,6837
100000281,6838
100000285,6839
100000192,6840
100000285,6841
100000209,6842
100000247,6843
100000263,6844
100000115,6845
100000282,6846
100000164,6847
100000190,6848
100000209,6849
100000171,6850
100000131,6851
100000102,6852
100000264,6853
100000161,6854
100000262,6855
100000142,6856
100000126,6857
100000149,6858
100000233,6859
100000249,6860
100000223,6861
100000197,6862
100000141,6863
100000262,6864
100000248,6865
100000172,6866
100000246,6867
100000252,6868
100000202,6869
100000140,6870
100000138,6871
100000294,6872
100000292,6873
100000155,6874
100000158,6875
100000188,6876
100000145,6877
100000183,6878
100000210,6879
100000232,6880
100000133,6881
100000261,6882
100000291,6883
100000140,6884
100000166,6885
100000111,6886
100000257,6887
100000104,6888
100000111,6889
100000239,6890
100000139,6891
100000182,6892
100000161,6893
100000264,6894
100000199,6895
100000160,6896
100000245,6897
100000147,6898
100000232,6899
100000185,6900
100000222,6901
100000260,6902
100000246,6903
100000258,6904
100000108,6905
100000148,6906
100000260,6907
100000271,6908
100000184,6909
100000285,6910
100000156,6911
100000169,6912
100000155,6913
100000116,6914
100000169,6915
100000275,6916
100000134,6917
100000141,6918
100000258,6919
100000155,6920
100000263,6921
100000199,6922
100000221,6923
100000223,6924
100000226,6925
100000286,6926
100000231,6927
100000141,6928
100000266,6929
100000156,6930
100000156,6931
100000236,6932
100000159,6933
100000118,6934
100000275,6935
100000297,6936
100000253,6937
100000199,6938
100000225,6939
100000258,6940
100000204,6941
100000264,6942
100000257,6943
100000150,6944
100000190,6945
100000274,6946
100000189,6947
100000205,6948
100000226,6949
100000174,6950
100000204,6951
100000128,6952
100000223,6953
100000153,6954
100000126,6955
100000112,6956
100000191,6957
100000234,6958
100000267,6959
100000292,6960
100000257,6961
100000274,6962
100000116,6963
100000260,6964
100000153,6965
100000137,6966
100000200,6967
100000124,6968
100000152,6969
100000283,6970
100000108,6971
100000182,6972
100000168,6973
100000200,6974
100000178,6975
100000293,6976
100000105,6977
100000206,6978
100000241,6979
100000180,6980
100000221,6981
100000221,6982
100000238,6983
100000275,6984
100000167,6985
100000138,6986
100000278,6987
100000288,6988
100000173,6989
100000179,6990
100000249,6991
100000105,6992
100000291,6993
100000167,6994
100000191,6995
100000276,6996
100000132,6997
100000158,6998
100000106,6999
100000273,7000
100000166,7001
100000193,7002
100000236,7003
100000123,7004
100000173,7005
100000250,7006
100000180,7007
100000110,7008
100000153,7009
100000223,7010
100000271,7011
100000258,7012
100000123,7013
100000131,7014
100000272,7015
100000158,7016
100000181,7017
100000203,7018
100000235,7019
100000283,7020
100000270,7021
100000122,7022
100000219,7023
100000286,7024
100000206,7025
100000116,7026
100000153,7027
100000225,7028
100000158,7029
100000255,7030
100000266,7031
100000212,7032
100000161,7033
100000292,7034
100000227,7035
100000175,7036
100000143,7037
100000136,7038
100000116,7039
100000272,7040
100000200,7041
100000102,7042
100000265,7043
100000246,7044
100000167,7045
100000171,7046
100000276,7047
100000116,7048
100000105,7049
100000279,7050
100000147,7051
100000159,7052
100000132,7053
100000292,7054
100000233,7055
100000105,7056
100000292,7057
100000116,7058
100000200,7059
100000286,7060
100000244,7061
100000209,7062
100000249,7063
100000297,7064
100000218,7065
100000275,7066
100000174,7067
100000291,7068
100000234,7069
100000230,7070
100000221,7071
100000163,7072
100000290,7073
100000120,7074
100000203,7075
100000174,7076
100000255,7077
100000269,7078
100000289,7079
100000138,7080
100000104,7081
100000154,7082
100000167,7083
100000120,7084
100000208,7085
100000178,7086
100000248,7087
100000239,7088
100000209,7089
100000255,7090
100000122,7091
100000148,7092
100000177,7093
100000153,7094
100000174,7095
100000176,7096
100000112,7097
100000248,7098
100000282,7099
100000126,7100
100000116,7101
100000226,7102
100000174,7103
100000186,7104
100000206,7105
100000262,7106
100000242,7107
100000170,7108
100000231,7109
100000140,7110
100000122,7111
100000224,7112
100000195,7113
100000161,7114
100000162,7115
100000275,7116
100000190,7117
100000261,7118
100000261,7119
100000209,7120
100000108,7121
100000279,7122
100000178,7123
100000262,7124
100000202,7125
100000147,7126
100000159,7127
100000222,7128
100000209,7129
100000195,7130
100000192,7131
100000148,7132
100000171,7133
100000180,7134
100000190,7135
100000186,7136
100000283,7137
100000204,7138
100000238,7139
100000192,7140
100000103,7141
100000197,7142
100000152,7143
100000251,7144
100000122,7145
100000237,7146
100000171,7147
100000135,7148
100000132,7149
100000289,7150
100000204,7151
100000242,7152
100000176,7153
100000267,7154
100000270,7155
100000277,7156
100000172,7157
100000204,7158
100000289,7159
100000245,7160
100000274,7161
100000159,7162
100000285,7163
100000132,7164
100000101,7165
100000265,7166
100000210,7167
100000191,7168
100000186,7169
100000207,7170
100000184,7171
100000246,7172
100000290,7173
100000124,7174
100000176,7175
100000136,7176
100000153,7177
100000154,7178
100000256,7179
100000260,7180
100000138,7181
100000234,7182
100000108,7183
100000127,7184
100000212,7185
100000187,7186
100000263,7187
100000206,7188
100000198,7189
100000248,7190
100000215,7191
100000277,7192
100000102,7193
100000255,7194
100000126,7195
100000240,7196
100000218,7197
100000129,7198
100000149,7199
100000287,7200
100000105,7201
100000121,7202
100000285,7203
100000183,7204
100000292,7205
100000261,7206
100000191,7207
100000210,7208
100000272,7209
100000100,7210
100000213,7211
100000198,7212
100000194,7213
100000159,7214
100000218,7215
100000213,7216
100000289,7217
100000201,7218
100000158,7219
100000136,7220
100000268,7221
100000186,7222
100000292,7223
100000217,7224
100000130,7225
100000272,7226
100000268,7227
100000195,7228
100000261,7229
100000217,7230
100000225,7231
100000213,7232
100000249,7233
100000133,7234
100000274,7235
100000297,7236
100000282,7237
100000148,7238
100000174,7239
100000241,7240
100000240,7241
100000118,7242
100000134,7243
100000266,7244
100000136,7245
100000168,7246
100000163,7247
100000262,7248
100000119,7249
100000286,7250
100000119,7251
100000182,7252
100000226,7253
100000253,7254
100000215,7255
100000235,7256
100000266,7257
100000172,7258
100000198,7259
100000237,7260
100000256,7261
100000239,7262
100000112,7263
100000170,7264
100000106,7265
100000100,7266
100000100,7267
100000286,7268
100000247,7269
100000105,7270
100000208,7271
100000189,7272
100000223,7273
100000255,7274
100000247,7275
100000298,7276
100000205,7277
100000184,7278
100000263,7279
100000239,7280
100000280,7281
100000298,7282
100000281,7283
100000159,7284
100000139,7285
100000276,7286
100000160,7287
100000112,7288
100000275,7289
100000160,7290
100000211,7291
100000279,7292
100000209,7293
100000186,7294
100000213,7295
100000252,7296
100000132,7297
100000102,7298
100000115,7299
100000250,7300
100000183,7301
100000181,7302
100000152,7303
100000223,7304
100000234,7305
100000297,7306
100000228,7307
100000139,7308
100000277,7309
100000289,7310
100000112,7311
100000168,7312
100000294,7313
100000236,7314
100000269,7315
100000248,7316
100000247,7317
100000116,7318
100000186,7319
100000114,7320
100000257,7321
100000176,7322
100000237,7323
100000139,7324
100000204,7325
100000219,7326
100000240,7327
100000200,7328
100000148,7329
100000129,7330
100000182,7331
100000215,7332
100000209,7333
100000286,7334
100000143,7335
100000212,7336
100000233,7337
100000176,7338
100000141,7339
100000129,7340
100000152,7341
100000100,7342
100000260,7343
100000140,7344
100000214,7345
100000193,7346
100000270,7347
100000162,7348
100000181,7349
100000170,7350
100000221,7351
100000233,7352
100000180,7353
100000133,7354
100000203,7355
100000158,7356
100000292,7357
100000139,7358
100000123,7359
100000257,7360
100000294,7361
100000168,7362
100000177,7363
100000226,7364
100000123,7365
100000194,7366
100000154,7367
100000151,7368
100000140,7369
100000238,7370
100000294,7371
100000279,7372
100000241,7373
100000169,7374
100000253,7375
100000126,7376
100000284,7377
100000182,7378
100000117,7379
100000282,7380
100000173,7381
100000125,7382
100000238,7383
100000285,7384
100000145,7385
100000104,7386
100000125,7387
100000116,7388
100000299,7389
100000249,7390
100000298,7391
100000174,7392
100000280,7393
100000126,7394
100000247,7395
100000233,7396
100000119,7397
100000263,7398
100000145,7399
100000201,7400
100000256,7401
100000179,7402
100000230,7403
100000127,7404
100000106,7405
100000215,7406
100000160,7407
100000281,7408
100000288,7409
100000218,7410
100000144,7411
100000263,7412
100000128,7413
100000142,7414
100000189,7415
100000162,7416
100000252,7417
100000197,7418
100000209,7419
100000116,7420
100000263,7421
100000230,7422
100000127,7423
100000293,7424
100000184,7425
100000130,7426
100000218,7427
100000213,7428
100000261,7429
100000129,7430
100000272,7431
100000221,7432
100000122,7433
100000293,7434
100000185,7435
100000180,7436
100000167,7437
100000279,7438
100000215,7439
100000126,7440
100000264,7441
100000144,7442
100000174,7443
100000238,7444
100000112,7445
100000237,7446
100000229,7447
100000234,7448
100000138,7449
100000192,7450
100000128,7451
100000123,7452
100000196,7453
100000282,7454
100000193,7455
100000274,7456
100000100,7457
100000255,7458
100000209,7459
100000157,7460
100000216,7461
100000138,7462
100000291,7463
100000238,7464
100000154,7465
100000280,7466
100000144,7467
100000283,7468
100000298,7469
100000192,7470
100000188,7471
100000258,7472
100000195,7473
100000248,7474
100000126,7475
100000246,7476
100000240,7477
100000165,7478
100000285,7479
100000134,7480
100000246,7481
100000184,7482
100000102,7483
100000191,7484
100000233,7485
100000133,7486
100000179,7487
100000142,7488
100000118,7489
100000113,7490
100000239,7491
100000144,7492
100000103,7493
100000111,7494
100000163,7495
100000107,7496
100000299,7497
100000224,7498
100000163,7499
100000198,7500
100000119,7501
100000182,7502
100000263,7503
100000189,7504
100000119,7505
100000189,7506
100000145,7507
100000195,7508
100000171,7509
100000257,7510
100000297,7511
100000122,7512
100000232,7513
100000106,7514
100000173,7515
100000271,7516
100000135,7517
100000199,7518
100000255,7519
100000146,7520
100000213,7521
100000278,7522
100000241,7523
100000137,7524
100000102,7525
100000269,7526
100000224,7527
100000269,7528
100000197,7529
100000178,7530
100000299,7531
100000203,7532
100000209,7533
100000260,7534
100000140,7535
100000193,7536
100000209,7537
100000102,7538
100000101,7539
100000108,7540
100000132,7541
100000256,7542
100000186,7543
100000218,7544
100000295,7545
100000191,7546
100000228,7547
100000239,7548
100000150,7549
100000222,7550
100000215,7551
100000262,7552
100000258,7553
100000205,7554
100000270,7555
100000229,7556
100000108,7557
100000122,7558
100000229,7559
100000278,7560
100000233,7561
100000162,7562
100000290,7563
100000274,7564
100000280,7565
100000275,7566
100000272,7567
100000134,7568
100000174,7569
100000197,7570
100000147,7571
100000118,7572
100000157,7573
100000261,7574
100000169,7575
100000222,7576
100000245,7577
100000212,7578
100000186,7579
100000261,7580
100000208,7581
100000228,7582
100000258,7583
100000200,7584
100000234,7585
100000284,7586
100000225,7587
100000101,7588
100000149,7589
100000110,7590
100000164,7591
100000118,7592
100000248,7593
100000210,7594
100000230,7595
100000106,7596
100000292,7597
100000267,7598
100000243,7599
100000159,7600
100000131,7601
100000113,7602
100000243,7603
100000273,7604
100000156,7605
100000293,7606
100000226,7607
100000123,7608
100000273,7609
100000171,7610
100000139,7611
100000241,7612
100000120,7613
100000257,7614
100000212,7615
100000204,7616
100000209,7617
100000108,7618
100000197,7619
100000267,7620
100000144,7621
100000274,7622
100000200,7623
100000168,7624
100000196,7625
100000264,7626
100000273,7627
100000248,7628
100000170,7629
100000210,7630
100000261,7631
100000222,7632
100000230,7633
100000228,7634
100000130,7635
100000241,7636
100000257,7637
100000153,7638
100000183,7639
100000217,7640
100000118,7641
100000206,7642
100000226,7643
100000173,7644
100000223,7645
100000280,7646
100000276,7647
100000182,7648
100000143,7649
100000101,7650
100000290,7651
100000110,7652
100000210,7653
100000163,7654
100000132,7655
100000144,7656
100000102,7657
100000120,7658
100000273,7659
100000242,7660
100000110,7661
100000287,7662
100000111,7663
100000200,7664
100000142,7665
100000274,7666
100000172,7667
100000239,7668
100000194,7669
100000263,7670
100000161,7671
100000211,7672
100000173,7673
100000283,7674
100000215,7675
100000296,7676
100000108,7677
100000154,7678
100000162,7679
100000143,7680
100000127,7681
100000246,7682
100000137,7683
100000165,7684
100000140,7685
100000210,7686
100000273,7687
100000109,7688
100000103,7689
100000154,7690
100000197,7691
100000224,7692
100000225,7693
100000181,7694
100000239,7695
100000297,7696
100000139,7697
100000160,7698
100000142,7699
100000119,7700
100000134,7701
100000274,7702
100000223,7703
100000141,7704
100000120,7705
100000142,7706
100000135,7707
100000105,7708
100000204,7709
100000233,7710
100000217,7711
100000145,7712
100000214,7713
100000286,7714
100000222,7715
100000275,7716
100000132,7717
100000298,7718
100000136,7719
100000105,7720
100000225,7721
100000167,7722
100000274,7723
100000285,7724
100000279,7725
100000256,7726
100000213,7727
100000273,7728
100000185,7729
100000249,7730
100000143,7731
100000170,7732
100000151,7733
100000100,7734
100000112,7735
100000209,7736
100000255,7737
100000259,7738
100000241,7739
100000127,7740
100000175,7741
100000189,7742
100000153,7743
100000297,7744
100000134,7745
100000142,7746
100000275,7747
100000139,7748
100000204,7749
100000202,7750
100000100,7751
100000290,7752
100000187,7753
100000190,7754
100000122,7755
100000203,7756
100000151,7757
100000167,7758
100000149,7759
100000221,7760
100000167,7761
100000198,7762
100000170,7763
100000199,7764
100000106,7765
100000132,7766
100000160,7767
100000113,7768
100000253,7769
100000207,7770
100000142,7771
100000241,7772
100000144,7773
100000279,7774
100000170,7775
100000173,7776
100000188,7777
100000219,7778
100000134,7779
100000148,7780
100000256,7781
100000295,7782
100000210,7783
100000254,7784
100000141,7785
100000228,7786
100000191,7787
100000262,7788
100000139,7789
100000115,7790
100000138,7791
100000113,7792
100000229,7793
100000150,7794
100000122,7795
100000288,7796
100000185,7797
100000178,7798
100000112,7799
100000296,7800
100000178,7801
100000293,7802
100000188,7803
100000152,7804
100000298,7805
100000246,7806
100000276,7807
100000210,7808
100000133,7809
100000281,7810
100000196,7811
100000228,7812
100000145,7813
100000104,7814
100000113,7815
100000126,7816
100000257,7817
100000263,7818
100000183,7819
100000171,7820
100000105,7821
100000205,7822
100000174,7823
100000163,7824
100000195,7825
100000134,7826
100000166,7827
100000155,7828
100000276,7829
100000227,7830
100000163,7831
100000199,7832
100000125,7833
100000180,7834
100000235,7835
100000232,7836
100000131,7837
100000129,7838
100000279,7839
100000206,7840
100000257,7841
100000200,7842
100000114,7843
100000129,7844
100000180,7845
100000224,7846
100000289,7847
100000274,7848
100000254,7849
100000269,7850
100000232,7851
100000225,7852
100000267,7853
100000178,7854
100000190,7855
100000126,7856
100000267,7857
100000166,7858
100000161,7859
100000231,7860
100000246,7861
100000111,7862
100000177,7863
100000266,7864
100000113,7865
100000143,7866
100000284,7867
100000216,7868
100000271,7869
100000133,7870
100000285,7871
100000182,7872
100000133,7873
100000129,7874
100000157,7875
100000109,7876
100000230,7877
100000175,7878
100000243,7879
100000246,7880
100000293,7881
100000276,7882
100000129,7883
100000256,7884
100000133,7885
100000298,7886
100000151,7887
100000288,7888
100000267,7889
100000286,7890
100000299,7891
100000103,7892
100000111,7893
100000272,7894
100000278,7895
100000146,7896
100000142,7897
100000119,7898
100000158,7899
100000186,7900
100000129,7901
100000146,7902
100000264,7903
100000234,7904
100000146,7905
100000246,7906
100000139,7907
100000244,7908
100000286,7909
100000193,7910
100000253,7911
100000279,7912
100000210,7913
100000225,7914
100000146,7915
100000112,7916
100000256,7917
100000299,7918
100000119,7919
100000128,7920
100000223,7921
100000259,7922
100000139,7923
100000295,7924
100000137,7925
100000232,7926
100000138,7927
100000173,7928
100000242,7929
100000123,7930
100000102,7931
100000287,7932
100000164,7933
100000209,7934
100000258,7935
100000297,7936
100000185,7937
100000154,7938
100000244,7939
100000107,7940
100000119,7941
100000240,7942
100000271,7943
100000106,7944
100000156,7945
100000128,7946
100000141,7947
100000270,7948
100000279,7949
100000232,7950
100000141,7951
100000102,7952
100000228,7953
100000192,7954
100000146,7955
100000254,7956
100000232,7957
100000129,7958
100000236,7959
100000223,7960
100000285,7961
100000182,7962
100000261,7963
100000142,7964
100000288,7965
100000215,7966
100000263,7967
100000283,7968
100000127,7969
100000205,7970
100000109,7971
100000223,7972
100000251,7973
100000238,7974
100000279,7975
100000283,7976
100000151,7977
100000123,7978
100000288,7979
100000232,7980
100000259,7981
100000267,7982
100000209,7983
100000156,7984
100000287,7985
100000168,7986
100000288,7987
100000284,7988
100000265,7989
100000126,7990
100000223,7991
100000275,7992
100000281,7993
100000125,7994
100000106,7995
100000223,7996
100000244,7997
100000171,7998
100000229,7999
100000209,8000
100000230,8001
100000115,8002
100000196,8003
100000170,8004
100000224,8005
100000115,8006
100000186,8007
100000242,8008
100000173,8009
100000265,8010
100000275,8011
100000267,8012
100000145,8013
100000286,8014
100000219,8015
100000229,8016
100000258,8017
100000287,8018
100000139,8019
100000217,8020
100000245,8021
100000236,8022
100000202,8023
100000199,8024
100000295,8025
100000137,8026
100000208,8027
100000179,8028
100000242,8029
100000123,8030
100000233,8031
100000173,8032
100000248,8033
100000198,8034
100000133,8035
100000108,8036
100000211,8037
100000253,8038
100000174,8039
100000179,8040
100000171,8041
100000214,8042
100000107,8043
100000251,8044
100000199,8045
100000178,8046
100000106,8047
100000186,8048
100000212,8049
100000119,8050
100000289,8051
100000281,8052
100000237,8053
100000247,8054
100000197,8055
100000199,8056
100000167,8057
100000103,8058
100000227,8059
100000184,8060
100000253,8061
100000206,8062
100000274,8063
100000216,8064
100000165,8065
100000223,8066
100000122,8067
100000254,8068
100000197,8069
100000142,8070
100000162,8071
100000187,8072
100000160,8073
100000111,8074
100000161,8075
100000196,8076
100000124,8077
100000179,8078
100000254,8079
100000287,8080
100000243,8081
100000213,8082
100000165,8083
100000107,8084
100000204,8085
100000291,8086
100000105,8087
100000172,8088
100000143,8089
100000181,8090
100000120,8091
100000249,8092
100000104,8093
100000109,8094
100000171,8095
100000129,8096
100000150,8097
100000275,8098
100000267,8099
100000258,8100
100000119,8101
100000261,8102
100000250,8103
100000269,8104
100000156,8105
100000178,8106
100000284,8107
100000276,8108
100000116,8109
100000217,8110
100000279,8111
100000201,8112
100000159,8113
100000282,8114
100000232,8115
100000230,8116
100000131,8117
100000134,8118
100000265,8119
100000262,8120
100000282,8121
100000123,8122
100000193,8123
100000171,8124
100000115,8125
100000200,8126
100000102,8127
100000269,8128
100000208,8129
100000122,8130
100000153,8131
100000141,8132
100000136,8133
100000105,8134
100000130,8135
100000199,8136
100000204,8137
100000128,8138
100000268,8139
100000225,8140
100000164,8141
100000225,8142
100000211,8143
100000117,8144
100000139,8145
100000244,8146
100000262,8147
100000259,8148
100000114,8149
100000234,8150
100000116,8151
100000174,8152
100000135,8153
100000177,8154
100000209,8155
100000160,8156
100000128,8157
100000225,8158
100000187,8159
100000193,8160
100000127,8161
100000256,8162
100000228,8163
100000206,8164
100000275,8165
100000171,8166
100000141,8167
100000143,8168
100000172,8169
100000237,8170
100000241,8171
100000209,8172
100000153,8173
100000149,8174
100000151,8175
100000258,8176
100000168,8177
100000273,8178
100000268,8179
100000248,8180
100000114,8181
100000278,8182
100000271,8183
100000268,8184
100000191,8185
100000210,8186
100000183,8187
100000215,8188
100000295,8189
100000236,8190
100000297,8191
100000155,8192
100000150,8193
100000283,8194
100000114,8195
100000264,8196
100000206,8197
100000294,8198
100000168,8199
100000152,8200
100000269,8201
100000267,8202
100000196,8203
100000200,8204
100000103,8205
100000271,8206
100000276,8207
100000241,8208
100000214,8209
100000255,8210
100000269,8211
100000230,8212
100000192,8213
100000255,8214
100000116,8215
100000249,8216
100000148,8217
100000271,8218
100000155,8219
100000161,8220
100000112,8221
100000229,8222
100000287,8223
100000271,8224
100000202,8225
100000282,8226
100000105,8227
100000134,8228
100000189,8229
100000119,8230
100000268,8231
100000155,8232
100000268,8233
100000223,8234
100000198,8235
100000115,8236
100000201,8237
100000245,8238
100000276,8239
100000240,8240
100000265,8241
100000174,8242
100000207,8243
100000205,8244
100000102,8245
100000120,8246
100000284,8247
100000292,8248
100000132,8249
100000237,8250
100000223,8251
100000287,8252
100000102,8253
100000294,8254
100000285,8255
100000257,8256
100000264,8257
100000109,8258
100000295,8259
100000223,8260
100000128,8261
100000271,8262
100000178,8263
100000135,8264
100000220,8265
100000194,8266
100000141,8267
100000235,8268
100000163,8269
100000258,8270
100000295,8271
100000105,8272
100000106,8273
100000255,8274
100000235,8275
100000277,8276
100000131,8277
100000174,8278
100000179,8279
100000213,8280
100000110,8281
100000288,8282
100000226,8283
100000104,8284
100000105,8285
100000290,8286
100000292,8287
100000295,8288
100000162,8289
100000155,8290
100000211,8291
100000126,8292
100000232,8293
100000124,8294
100000110,8295
100000279,8296
100000166,8297
100000213,8298
100000226,8299
100000230,8300
100000150,8301
100000289,8302
100000288,8303
100000118,8304
100000260,8305
100000197,8306
100000132,8307
100000187,8308
100000287,8309
100000134,8310
100000115,8311
100000215,8312
100000197,8313
100000114,8314
100000190,8315
100000149,8316
100000262,8317
100000298,8318
100000215,8319
100000144,8320
100000295,8321
100000120,8322
100000212,8323
100000161,8324
100000213,8325
100000155,8326
100000106,8327
100000299,8328
100000251,8329
100000185,8330
100000235,8331
100000236,8332
100000224,8333
100000105,8334
100000276,8335
100000282,8336
100000273,8337
100000297,8338
100000203,8339
100000281,8340
100000237,8341
100000155,8342
100000188,8343
100000246,8344
100000129,8345
100000288,8346
100000127,8347
100000146,8348
100000279,8349
100000249,8350
100000181,8351
100000244,8352
100000256,8353
100000263,8354
100000233,8355
100000174,8356
100000192,8357
100000132,8358
100000238,8359
100000269,8360
100000279,8361
100000146,8362
100000252,8363
100000254,8364
100000274,8365
100000226,8366
100000225,8367
100000164,8368
100000210,8369
100000128,8370
100000170,8371
100000239,8372
100000111,8373
100000220,8374
100000202,8375
100000123,8376
100000272,8377
100000297,8378
100000121,8379
100000178,8380
100000273,8381
100000186,8382
100000132,8383
100000289,8384
100000220,8385
100000275,8386
100000186,8387
100000215,8388
100000115,8389
100000233,8390
100000137,8391
100000241,8392
100000278,8393
100000238,8394
100000127,8395
100000272,8396
100000174,8397
100000159,8398
100000113,8399
100000239,8400
100000280,8401
100000197,8402
100000192,8403
100000119,8404
100000224,8405
100000256,8406
100000175,8407
100000192,8408
100000233,8409
100000158,8410
100000188,8411
100000281,8412
100000150,8413
100000156,8414
100000229,8415
100000241,8416
100000200,8417
100000150,8418
100000177,8419
100000253,8420
100000297,8421
100000161,8422
100000168,8423
100000208,8424
100000299,8425
100000219,8426
100000212,8427
100000253,8428
100000115,8429
100000225,8430
100000141,8431
100000285,8432
100000297,8433
100000258,8434
100000146,8435
100000118,8436
100000271,8437
100000117,8438
100000118,8439
100000168,8440
100000156,8441
100000213,8442
100000279,8443
100000144,8444
100000276,8445
100000279,8446
100000264,8447
100000238,8448
100000164,8449
100000135,8450
100000101,8451
100000117,8452
100000156,8453
100000143,8454
100000197,8455
100000253,8456
100000227,8457
100000128,8458
100000290,8459
100000122,8460
100000299,8461
100000158,8462
100000290,8463
100000242,8464
100000111,8465
100000151,8466
100000224,8467
100000110,8468
100000140,8469
100000191,8470
100000247,8471
100000103,8472
100000193,8473
100000137,8474
100000253,8475
100000105,8476
100000211,8477
100000232,8478
100000120,8479
100000110,8480
100000279,8481
100000232,8482
100000287,8483
100000271,8484
100000162,8485
100000195,8486
100000225,8487
100000102,8488
100000278,8489
100000113,8490
100000179,8491
100000278,8492
100000175,8493
100000185,8494
100000140,8495
100000176,8496
100000287,8497
100000161,8498
100000102,8499
100000273,8500
100000157,8501
100000232,8502
100000223,8503
100000236,8504
100000271,8505
100000127,8506
100000236,8507
100000188,8508
100000243,8509
100000282,8510
100000112,8511
100000271,8512
100000166,8513
100000211,8514
100000113,8515
100000106,8516
100000249,8517
100000221,8518
100000192,8519
100000289,8520
100000267,8521
100000286,8522
100000246,8523
100000120,8524
100000126,8525
100000149,8526
100000298,8527
100000200,8528
100000141,8529
100000143,8530
100000160,8531
100000203,8532
100000157,8533
100000185,8534
100000158,8535
100000116,8536
100000266,8537
100000185,8538
100000142,8539
100000249,8540
100000101,8541
100000292,8542
100000244,8543
100000183,8544
100000119,8545
100000261,8546
100000245,8547
100000177,8548
100000101,8549
100000293,8550
100000143,8551
100000223,8552
100000155,8553
100000268,8554
100000243,8555
100000100,8556
100000209,8557
100000190,8558
100000235,8559
100000183,8560
100000136,8561
100000108,8562
100000125,8563
100000210,8564
100000211,8565
100000250,8566
100000261,8567
100000240,8568
100000288,8569
100000122,8570
100000164,8571
100000100,8572
100000163,8573
100000239,8574
100000259,8575
100000183,8576
100000105,8577
100000149,8578
100000128,8579
100000211,8580
100000231,8581
100000226,8582
100000110,8583
100000220,8584
100000186,8585
100000140,8586
100000194,8587
100000164,8588
100000144,8589
100000256,8590
100000241,8591
100000159,8592
100000179,8593
100000176,8594
100000213,8595
100000209,8596
100000182,8597
100000197,8598
100000175,8599
100000147,8600
100000126,8601
100000222,8602
100000174,8603
100000165,8604
100000251,8605
100000136,8606
100000236,8607
100000271,8608
100000266,8609
100000233,8610
100000245,8611
100000156,8612
100000134,8613
100000259,8614
100000175,8615
100000209,8616
100000189,8617
100000230,8618
100000114,8619
100000150,8620
100000170,8621
100000293,8622
100000259,8623
100000266,8624
100000261,8625
100000223,8626
100000136,8627
100000166,8628
100000127,8629
100000250,8630
100000221,8631
100000189,8632
100000264,8633
100000219,8634
100000299,8635
100000105,8636
100000175,8637
100000236,8638
100000157,8639
100000189,8640
100000231,8641
100000281,8642
100000111,8643
100000174,8644
100000164,8645
100000198,8646
100000160,8647
100000229,8648
100000126,8649
100000225,8650
100000245,8651
100000244,8652
100000147,8653
100000154,8654
100000298,8655
100000292,8656
100000110,8657
100000196,8658
100000171,8659
100000297,8660
100000249,8661
100000195,8662
100000138,8663
100000196,8664
100000248,8665
100000127,8666
100000260,8667
100000158,8668
100000188,8669
100000145,8670
100000235,8671
100000109,8672
100000186,8673
100000202,8674
100000227,8675
100000121,8676
100000148,8677
100000117,8678
100000282,8679
100000287,8680
100000187,8681
100000210,8682
100000179,8683
100000180,8684
100000171,8685
100000282,8686
100000153,8687
100000136,8688
100000152,8689
100000176,8690
100000134,8691
100000174,8692
100000128,8693
100000104,8694
100000191,8695
100000147,8696
100000231,8697
100000209,8698
100000104,8699
100000216,8700
100000272,8701
100000120,8702
100000299,8703
100000272,8704
100000112,8705
100000157,8706
100000193,8707
100000260,8708
100000252,8709
100000239,8710
100000233,8711
100000298,8712
100000276,8713
100000235,8714
100000228,8715
100000286,8716
100000120,8717
100000221,8718
100000243,8719
100000177,8720
100000148,8721
100000149,8722
100000260,8723
100000124,8724
100000226,8725
100000163,8726
100000118,8727
100000298,8728
100000245,8729
100000250,8730
100000226,8731
100000158,8732
100000198,8733
100000238,8734
100000191,8735
100000194,8736
100000280,8737
100000133,8738
100000252,8739
100000148,8740
100000117,8741
100000210,8742
100000251,8743
100000286,8744
100000151,8745
100000189,8746
100000225,8747
100000214,8748
100000206,8749
100000209,8750
100000148,8751
100000184,8752
100000163,8753
100000158,8754
100000108,8755
100000217,8756
100000222,8757
100000220,8758
100000179,8759
100000206,8760
100000171,8761
100000106,8762
100000124,8763
100000297,8764
100000139,8765
100000198,8766
100000179,8767
100000258,8768
100000135,8769
100000274,8770
100000157,8771
100000152,8772
100000200,8773
100000221,8774
100000149,8775
100000237,8776
100000133,8777
100000240,8778
100000213,8779
100000299,8780
100000101,8781
100000231,8782
100000172,8783
100000127,8784
100000229,8785
100000168,8786
100000115,8787
100000227,8788
100000137,8789
100000196,8790
100000132,8791
100000150,8792
100000163,8793
100000219,8794
100000208,8795
100000196,8796
100000148,8797
100000112,8798
100000275,8799
100000107,8800
100000251,8801
100000297,8802
100000284,8803
100000231,8804
100000151,8805
100000289,8806
100000114,8807
100000247,8808
100000269,8809
100000145,8810
100000139,8811
100000180,8812
100000151,8813
100000110,8814
100000286,8815
100000233,8816
100000272,8817
100000261,8818
100000155,8819
100000124,8820
100000248,8821
100000257,8822
100000122,8823
100000166,8824
100000129,8825
100000144,8826
100000203,8827
100000295,8828
100000216,8829
100000173,8830
100000141,8831
100000214,8832
100000281,8833
100000136,8834
100000139,8835
100000133,8836
100000291,8837
100000139,8838
100000237,8839
100000203,8840
100000163,8841
100000215,8842
100000256,8843
100000189,8844
100000112,8845
100000131,8846
100000298,8847
100000270,8848
100000218,8849
100000154,8850
100000289,8851
100000194,8852
100000121,8853
100000206,8854
100000222,8855
100000131,8856
100000111,8857
100000122,8858
100000228,8859
100000183,8860
100000149,8861
100000117,8862
100000168,8863
100000265,8864
100000144,8865
100000163,8866
100000294,8867
100000299,8868
100000298,8869
100000176,8870
100000189,8871
100000232,8872
100000258,8873
100000273,8874
100000128,8875
100000253,8876
100000227,8877
100000183,8878
100000132,8879
100000174,8880
100000208,8881
100000232,8882
100000291,8883
100000138,8884
100000254,8885
100000215,8886
100000296,8887
100000229,8888
100000103,8889
100000147,8890
100000184,8891
100000246,8892
100000151,8893
100000135,8894
100000120,8895
100000108,8896
100000279,8897
100000218,8898
100000114,8899
100000189,8900
100000187,8901
100000110,8902
100000194,8903
100000207,8904
100000188,8905
100000197,8906
100000263,8907
100000210,8908
100000123,8909
100000132,8910
100000192,8911
100000266,8912
100000239,8913
100000183,8914
100000130,8915
100000199,8916
100000290,8917
100000102,8918
100000151,8919
100000136,8920
100000242,8921
100000269,8922
100000263,8923
100000257,8924
100000274,8925
100000263,8926
100000119,8927
100000297,8928
100000190,8929
100000171,8930
100000267,8931
100000214,8932
100000238,8933
100000247,8934
100000108,8935
100000181,8936
100000229,8937
100000286,8938
100000101,8939
100000172,8940
100000199,8941
100000218,8942
100000188,8943
100000197,8944
100000167,8945
100000132,8946
100000266,8947
100000271,8948
100000175,8949
100000289,8950
100000294,8951
100000144,8952
100000226,8953
100000115,8954
100000256,8955
100000167,8956
100000235,8957
100000233,8958
100000126,8959
100000242,8960
100000182,8961
100000207,8962
100000297,8963
100000283,8964
100000184,8965
100000197,8966
100000141,8967
100000175,8968
100000292,8969
100000154,8970
100000197,8971
100000152,8972
100000266,8973
100000105,8974
100000197,8975
100000178,8976
100000150,8977
100000151,8978
100000176,8979
100000207,8980
100000221,8981
100000153,8982
100000254,8983
100000129,8984
100000126,8985
100000141,8986
100000284,8987
100000164,8988
100000173,8989
100000143,8990
100000281,8991
100000272,8992
100000249,8993
100000222,8994
100000298,8995
100000125,8996
100000272,8997
100000280,8998
100000120,8999
100000281,9000
100000291,9001
100000256,9002
100000124,9003
100000213,9004
100000288,9005
100000270,9006
100000258,9007
100000160,9008
100000186,9009
100000267,9010
100000128,9011
100000152,9012
100000253,9013
100000221,9014
100000215,9015
100000210,9016
100000148,9017
100000170,9018
100000249,9019
100000151,9020
100000271,9021
100000113,9022
100000225,9023
100000185,9024
100000123,9025
100000269,9026
100000124,9027
100000112,9028
100000282,9029
100000154,9030
100000263,9031
100000223,9032
100000241,9033
100000279,9034
100000244,9035
100000289,9036
100000238,9037
100000297,9038
100000174,9039
100000142,9040
100000175,9041
100000172,9042
100000241,9043
100000162,9044
100000202,9045
100000261,9046
100000270,9047
100000241,9048
100000140,9049
100000107,9050
100000161,9051
100000154,9052
100000274,9053
100000131,9054
100000217,9055
100000213,9056
100000285,9057
100000177,9058
100000155,9059
100000282,9060
100000261,9061
100000213,9062
100000202,9063
100000167,9064
100000185,9065
100000145,9066
100000225,9067
100000127,9068
100000112,9069
100000110,9070
100000127,9071
100000150,9072
100000156,9073
100000271,9074
100000133,9075
100000299,9076
100000171,9077
100000280,9078
100000161,9079
100000191,9080
100000105,9081
100000220,9082
100000164,9083
100000218,9084
100000187,9085
100000257,9086
100000295,9087
100000197,9088
100000257,9089
100000264,9090
100000149,9091
100000106,9092
100000193,9093
100000180,9094
100000297,9095
100000235,9096
100000123,9097
100000257,9098
100000132,9099
100000297,9100
100000228,9101
100000257,9102
100000246,9103
100000135,9104
100000131,9105
100000280,9106
100000269,9107
100000248,9108
100000208,9109
100000168,9110
100000135,9111
100000227,9112
100000271,9113
100000239,9114
100000239,9115
100000216,9116
100000243,9117
100000226,9118
100000124,9119
100000280,9120
100000186,9121
100000268,9122
100000167,9123
100000249,9124
100000185,9125
100000285,9126
100000266,9127
100000161,9128
100000292,9129
100000280,9130
100000147,9131
100000254,9132
100000104,9133
100000150,9134
100000202,9135
100000151,9136
100000101,9137
100000184,9138
100000142,9139
100000278,9140
100000257,9141
100000267,9142
100000248,9143
100000105,9144
100000184,9145
100000142,9146
100000204,9147
100000271,9148
100000258,9149
100000269,9150
100000221,9151
100000129,9152
100000134,9153
100000212,9154
100000212,9155
100000162,9156
100000161,9157
100000169,9158
100000167,9159
100000158,9160
100000276,9161
100000128,9162
100000224,9163
100000249,9164
100000189,9165
100000164,9166
100000296,9167
100000158,9168
100000230,9169
100000202,9170
100000246,9171
100000246,9172
100000123,9173
100000248,9174
100000125,9175
100000243,9176
100000258,9177
100000179,9178
100000210,9179
100000248,9180
100000294,9181
100000262,9182
100000246,9183
100000170,9184
100000221,9185
100000159,9186
100000257,9187
100000291,9188
100000183,9189
100000225,9190
100000238,9191
100000173,9192
100000267,9193
100000196,9194
100000237,9195
100000277,9196
100000281,9197
100000125,9198
100000114,9199
100000292,9200
100000268,9201
100000279,9202
100000285,9203
100000209,9204
100000280,9205
100000212,9206
100000214,9207
100000111,9208
100000298,9209
100000202,9210
100000138,9211
100000122,9212
100000193,9213
100000211,9214
100000209,9215
100000122,9216
100000209,9217
100000125,9218
100000213,9219
100000151,9220
100000253,9221
100000202,9222
100000292,9223
100000171,9224
100000269,9225
100000154,9226
100000236,9227
100000100,9228
100000296,9229
100000286,9230
100000153,9231
100000190,9232
100000134,9233
100000176,9234
100000266,9235
100000229,9236
100000129,9237
100000166,9238
100000191,9239
100000281,9240
100000253,9241
100000157,9242
100000298,9243
100000129,9244
100000135,9245
100000286,9246
100000218,9247
100000236,9248
100000227,9249
100000107,9250
100000223,9251
100000146,9252
100000186,9253
100000219,9254
100000270,9255
100000133,9256
100000229,9257
100000223,9258
100000292,9259
100000207,9260
100000164,9261
100000267,9262
100000132,9263
100000279,9264
100000210,9265
100000122,9266
100000229,9267
100000242,9268
100000219,9269
100000256,9270
100000299,9271
100000198,9272
100000105,9273
100000133,9274
100000148,9275
100000272,9276
100000231,9277
100000150,9278
100000258,9279
100000257,9280
100000215,9281
100000144,9282
100000102,9283
100000151,9284
100000128,9285
100000205,9286
100000126,9287
100000137,9288
100000144,9289
100000275,9290
100000163,9291
100000241,9292
100000290,9293
100000115,9294
100000292,9295
100000140,9296
100000109,9297
100000170,9298
100000157,9299
100000169,9300
100000157,9301
100000287,9302
100000206,9303
100000191,9304
100000218,9305
100000175,9306
100000221,9307
100000264,9308
100000278,9309
100000260,9310
100000170,9311
100000181,9312
100000216,9313
100000230,9314
100000232,9315
100000269,9316
100000248,9317
100000169,9318
100000220,9319
100000184,9320
100000175,9321
100000152,9322
100000182,9323
100000253,9324
100000106,9325
100000183,9326
100000148,9327
100000135,9328
100000118,9329
100000167,9330
100000146,9331
100000295,9332
100000235,9333
100000168,9334
100000255,9335
100000297,9336
100000245,9337
100000147,9338
100000261,9339
100000231,9340
100000267,9341
100000219,9342
100000221,9343
100000296,9344
100000207,9345
100000255,9346
100000299,9347
100000191,9348
100000171,9349
100000197,9350
100000228,9351
100000255,9352
100000198,9353
100000155,9354
100000170,9355
100000251,9356
100000244,9357
100000133,9358
100000159,9359
100000290,9360
100000292,9361
100000123,9362
100000223,9363
100000158,9364
100000186,9365
100000281,9366
100000291,9367
100000230,9368
100000260,9369
100000224,9370
100000278,9371
100000157,9372
100000209,9373
100000267,9374
100000240,9375
100000248,9376
100000153,9377
100000239,9378
100000157,9379
100000153,9380
100000276,9381
100000129,9382
100000269,9383
100000223,9384
100000109,9385
100000230,9386
100000201,9387
100000136,9388
100000273,9389
100000204,9390
100000210,9391
100000226,9392
100000177,9393
100000132,9394
100000280,9395
100000263,9396
100000204,9397
100000140,9398
100000258,9399
100000246,9400
100000281,9401
100000154,9402
100000185,9403
100000170,9404
100000165,9405
100000225,9406
100000290,9407
100000219,9408
100000177,9409
100000198,9410
100000213,9411
100000215,9412
100000111,9413
100000287,9414
100000238,9415
100000162,9416
100000191,9417
100000166,9418
100000149,9419
100000100,9420
100000123,9421
100000281,9422
100000264,9423
100000107,9424
100000171,9425
100000165,9426
100000217,9427
100000109,9428
100000228,9429
100000239,9430
100000103,9431
100000208,9432
100000289,9433
100000149,9434
100000255,9435
100000249,9436
100000116,9437
100000175,9438
100000127,9439
100000247,9440
100000292,9441
100000286,9442
100000122,9443
100000299,9444
100000190,9445
100000287,9446
100000200,9447
100000142,9448
100000145,9449
100000239,9450
100000287,9451
100000128,9452
100000210,9453
100000176,9454
100000122,9455
100000211,9456
100000255,9457
100000252,9458
100000159,9459
100000134,9460
100000260,9461
100000194,9462
100000165,9463
100000234,9464
100000103,9465
100000226,9466
100000263,9467
100000279,9468
100000130,9469
100000200,9470
100000291,9471
100000246,9472
100000233,9473
100000162,9474
100000280,9475
100000201,9476
100000185,9477
100000274,9478
100000197,9479
100000289,9480
100000196,9481
100000184,9482
100000213,9483
100000138,9484
100000235,9485
100000176,9486
100000218,9487
100000188,9488
100000126,9489
100000172,9490
100000140,9491
100000132,9492
100000256,9493
100000238,9494
100000238,9495
100000116,9496
100000253,9497
100000130,9498
100000277,9499
100000168,9500
100000294,9501
100000139,9502
100000292,9503
100000292,9504
100000200,9505
100000218,9506
100000261,9507
100000180,9508
100000155,9509
100000138,9510
100000203,9511
100000221,9512
100000157,9513
100000123,9514
100000279,9515
100000107,9516
100000118,9517
100000242,9518
100000235,9519
100000109,9520
100000139,9521
100000250,9522
100000257,9523
100000278,9524
100000208,9525
100000299,9526
100000238,9527
100000188,9528
100000227,9529
100000218,9530
100000233,9531
100000169,9532
100000110,9533
100000203,9534
100000130,9535
100000111,9536
100000112,9537
100000294,9538
100000167,9539
100000256,9540
100000251,9541
100000145,9542
100000158,9543
100000233,9544
100000206,9545
100000135,9546
100000130,9547
100000293,9548
100000288,9549
100000256,9550
100000275,9551
100000107,9552
100000218,9553
100000294,9554
100000134,9555
100000258,9556
100000177,9557
100000198,9558
100000154,9559
100000142,9560
100000260,9561
100000263,9562
100000267,9563
100000195,9564
100000151,9565
100000213,9566
100000223,9567
100000168,9568
100000135,9569
100000234,9570
100000222,9571
100000286,9572
100000174,9573
100000137,9574
100000172,9575
100000131,9576
100000197,9577
100000229,9578
100000247,9579
100000130,9580
100000236,9581
100000159,9582
100000288,9583
100000207,9584
100000263,9585
100000177,9586
100000179,9587
100000281,9588
100000254,9589
100000138,9590
100000215,9591
100000203,9592
100000148,9593
100000109,9594
100000243,9595
100000220,9596
100000166,9597
100000223,9598
100000195,9599
100000264,9600
100000115,9601
100000174,9602
100000129,9603
100000143,9604
100000239,9605
100000267,9606
100000223,9607
100000292,9608
100000244,9609
100000249,9610
100000118,9611
100000127,9612
100000192,9613
100000231,9614
100000111,9615
100000230,9616
100000214,9617
100000110,9618
100000252,9619
100000127,9620
100000299,9621
100000158,9622
100000217,9623
100000107,9624
100000208,9625
100000135,9626
100000197,9627
100000194,9628
100000181,9629
100000295,9630
100000233,9631
100000219,9632
100000152,9633
100000223,9634
100000253,9635
100000192,9636
100000145,9637
100000289,9638
100000249,9639
100000155,9640
100000220,9641
100000297,9642
100000299,9643
100000270,9644
100000122,9645
100000140,9646
100000248,9647
100000269,9648
100000170,9649
100000256,9650
100000244,9651
100000250,9652
100000149,9653
100000216,9654
100000106,9655
100000105,9656
100000285,9657
100000228,9658
100000250,9659
100000284,9660
100000184,9661
100000247,9662
100000239,9663
100000220,9664
100000210,9665
100000295,9666
100000219,9667
100000162,9668
100000133,9669
100000140,9670
100000114,9671
100000111,9672
100000190,9673
100000239,9674
100000276,9675
100000299,9676
100000257,9677
100000152,9678
100000280,9679
100000135,9680
100000126,9681
100000215,9682
100000112,9683
100000288,9684
100000283,9685
100000145,9686
100000213,9687
100000184,9688
100000173,9689
100000154,9690
100000116,9691
100000158,9692
100000139,9693
100000238,9694
100000261,9695
100000109,9696
100000290,9697
100000192,9698
100000173,9699
100000197,9700
100000224,9701
100000254,9702
100000188,9703
100000274,9704
100000104,9705
100000161,9706
100000227,9707
100000226,9708
100000154,9709
100000215,9710
100000196,9711
100000243,9712
100000180,9713
100000244,9714
100000260,9715
100000236,9716
100000162,9717
100000249,9718
100000144,9719
100000223,9720
100000267,9721
100000108,9722
100000172,9723
100000166,9724
100000273,9725
100000176,9726
100000220,9727
100000284,9728
100000109,9729
100000162,9730
100000112,9731
100000101,9732
100000263,9733
100000295,9734
100000286,9735
100000163,9736
100000227,9737
100000105,9738
100000298,9739
100000220,9740
100000131,9741
100000242,9742
100000166,9743
100000156,9744
100000194,9745
100000172,9746
100000251,9747
100000143,9748
100000221,9749
100000263,9750
100000188,9751
100000276,9752
100000220,9753
100000271,9754
100000278,9755
100000169,9756
100000176,9757
100000234,9758
100000104,9759
100000220,9760
100000284,9761
100000175,9762
100000167,9763
100000185,9764
100000245,9765
100000184,9766
100000259,9767
100000265,9768
100000100,9769
100000294,9770
100000227,9771
100000120,9772
100000148,9773
100000166,9774
100000119,9775
100000124,9776
100000149,9777
100000255,9778
100000174,9779
100000202,9780
100000291,9781
100000204,9782
100000130,9783
100000145,9784
100000114,9785
100000201,9786
100000111,9787
100000239,9788
100000245,9789
100000284,9790
100000173,9791
100000113,9792
100000266,9793
100000190,9794
100000107,9795
100000167,9796
100000135,9797
100000287,9798
100000271,9799
100000209,9800
100000275,9801
100000234,9802
100000230,9803
100000281,9804
100000294,9805
100000250,9806
100000176,9807
100000101,9808
100000134,9809
100000243,9810
100000154,9811
100000226,9812
100000206,9813
100000140,9814
100000211,9815
100000216,9816
100000281,9817
100000135,9818
100000219,9819
100000263,9820
100000138,9821
100000116,9822
100000208,9823
100000147,9824
100000110,9825
100000176,9826
100000229,9827
100000223,9828
100000104,9829
100000155,9830
100000132,9831
100000207,9832
100000220,9833
100000219,9834
100000161,9835
100000200,9836
100000273,9837
100000238,9838
100000211,9839
100000291,9840
100000109,9841
100000209,9842
100000263,9843
100000299,9844
100000179,9845
100000243,9846
100000242,9847
100000230,9848
100000250,9849
100000280,9850
100000136,9851
100000151,9852
100000173,9853
100000166,9854
100000124,9855
100000278,9856
100000116,9857
100000260,9858
100000156,9859
100000162,9860
100000290,9861
100000121,9862
100000161,9863
100000258,9864
100000158,9865
100000267,9866
100000237,9867
100000140,9868
100000170,9869
100000271,9870
100000180,9871
100000222,9872
100000157,9873
100000210,9874
100000111,9875
100000293,9876
100000161,9877
100000197,9878
100000182,9879
100000238,9880
100000158,9881
100000133,9882
100000241,9883
100000139,9884
100000148,9885
100000279,9886
100000250,9887
100000266,9888
100000257,9889
100000143,9890
100000171,9891
100000195,9892
100000288,9893
100000245,9894
100000246,9895
100000199,9896
100000267,9897
100000230,9898
100000209,9899
100000152,9900
100000162,9901
100000174,9902
100000115,9903
100000197,9904
100000176,9905
100000201,9906
100000286,9907
100000227,9908
100000191,9909
100000264,9910
100000298,9911
100000226,9912
100000241,9913
100000217,9914
100000256,9915
100000257,9916
100000175,9917
100000261,9918
100000213,9919
100000165,9920
100000280,9921
100000237,9922
100000107,9923
100000279,9924
100000101,9925
100000185,9926
100000248,9927
100000222,9928
100000167,9929
100000187,9930
100000288,9931
100000267,9932
100000144,9933
100000205,9934
100000299,9935
100000256,9936
100000189,9937
100000143,9938
100000117,9939
100000115,9940
100000229,9941
100000149,9942
100000151,9943
100000291,9944
100000258,9945
100000198,9946
100000140,9947
100000239,9948
100000124,9949
100000234,9950
100000187,9951
100000101,9952
100000243,9953
100000132,9954
100000148,9955
100000286,9956
100000182,9957
100000265,9958
100000228,9959
100000221,9960
100000298,9961
100000189,9962
100000178,9963
100000295,9964
100000246,9965
100000133,9966
100000293,9967
100000118,9968
100000104,9969
100000226,9970
100000281,9971
100000251,9972
100000124,9973
100000258,9974
100000114,9975
100000190,9976
100000219,9977
100000223,9978
100000172,9979
100000121,9980
100000152,9981
100000230,9982
100000233,9983
100000212,9984
100000158,9985
100000105,9986
100000201,9987
100000298,9988
100000108,9989
100000285,9990
100000242,9991
100000199,9992
100000155,9993
100000185,9994
100000197,9995
100000252,9996
100000147,9997
100000297,9998
100000135,9999
100000218,10000
