prid,issued_at,mrid
1,2020-01-01 10:45:00,2
2,2020-01-01 10:45:00,3
3,2020-01-01 12:00:00,4
4,2020-01-01 12:30:00,5
5,2020-01-01 12:45:00,7
6,2020-01-01 13:45:00,8
7,2020-01-01 15:30:00,9
8,2020-01-02 10:45:00,15
9,2020-01-02 11:45:00,16
10,2020-01-02 12:15:00,18
11,2020-01-02 15:15:00,20
12,2020-01-02 17:00:00,23
13,2020-01-02 17:15:00,24
14,2020-01-03 09:00:00,26
15,2020-01-03 10:00:00,28
16,2020-01-03 13:15:00,30
17,2020-01-03 13:45:00,31
18,2020-01-03 13:45:00,32
19,2020-01-03 14:30:00,33
20,2020-01-03 15:30:00,35
21,2020-01-03 16:45:00,37
22,2020-01-04 08:45:00,38
23,2020-01-04 10:30:00,40
24,2020-01-04 11:30:00,41
25,2020-01-04 11:30:00,42
26,2020-01-04 12:15:00,44
27,2020-01-04 14:45:00,46
28,2020-01-04 15:00:00,47
29,2020-01-04 16:15:00,50
30,2020-01-05 09:15:00,51
31,2020-01-05 11:15:00,52
32,2020-01-05 11:30:00,53
33,2020-01-05 12:30:00,55
34,2020-01-05 13:00:00,57
35,2020-01-05 16:15:00,59
36,2020-01-06 11:15:00,62
37,2020-01-06 11:45:00,64
38,2020-01-06 14:00:00,68
39,2020-01-06 16:45:00,71
40,2020-01-07 09:45:00,74
41,2020-01-07 09:45:00,75
42,2020-01-07 10:30:00,76
43,2020-01-07 11:15:00,78
44,2020-01-07 13:15:00,79
45,2020-01-07 16:45:00,82
46,2020-01-08 08:30:00,83
47,2020-01-08 09:00:00,85
48,2020-01-08 09:30:00,86
49,2020-01-08 10:30:00,88
50,2020-01-08 11:00:00,89
51,2020-01-08 14:15:00,91
52,2020-01-08 15:15:00,92
53,2020-01-08 15:15:00,93
54,2020-01-09 10:30:00,97
55,2020-01-09 10:30:00,98
56,2020-01-09 11:15:00,99
57,2020-01-09 12:00:00,100
58,2020-01-09 14:00:00,101
59,2020-01-10 09:15:00,105
60,2020-01-10 10:30:00,106
61,2020-01-10 11:15:00,107
62,2020-01-10 13:30:00,109
63,2020-01-10 13:45:00,110
64,2020-01-10 16:45:00,112
65,2020-01-11 10:30:00,113
66,2020-01-11 10:45:00,114
67,2020-01-11 13:30:00,116
68,2020-01-11 13:45:00,117
69,2020-01-11 14:30:00,118
70,2020-01-11 15:15:00,119
71,2020-01-11 16:15:00,120
72,2020-01-11 16:45:00,122
73,2020-01-12 09:45:00,124
74,2020-01-12 10:00:00,125
75,2020-01-12 11:00:00,126
76,2020-01-12 12:45:00,128
77,2020-01-12 13:45:00,129
78,2020-01-12 14:15:00,130
79,2020-01-13 09:45:00,133
80,2020-01-13 09:45:00,134
81,2020-01-13 11:15:00,135
82,2020-01-13 15:30:00,137
83,2020-01-13 16:30:00,138
84,2020-01-13 16:45:00,139
85,2020-01-14 10:00:00,144
86,2020-01-14 12:00:00,146
87,2020-01-14 12:00:00,147
88,2020-01-14 12:15:00,148
89,2020-01-14 15:15:00,150
90,2020-01-14 17:15:00,152
91,2020-01-14 17:15:00,153
92,2020-01-15 10:00:00,156
93,2020-01-15 11:30:00,157
94,2020-01-15 12:00:00,158
95,2020-01-15 12:15:00,159
96,2020-01-15 15:30:00,161
97,2020-01-15 16:00:00,162
98,2020-01-16 11:30:00,168
99,2020-01-16 12:15:00,170
100,2020-01-16 14:00:00,172
101,2020-01-16 14:45:00,173
102,2020-01-16 15:30:00,174
103,2020-01-16 17:00:00,177
104,2020-01-17 10:30:00,179
105,2020-01-17 13:45:00,184
106,2020-01-17 14:15:00,186
107,2020-01-17 16:45:00,188
108,2020-01-17 17:00:00,189
109,2020-01-18 10:15:00,192
110,2020-01-18 10:30:00,193
111,2020-01-18 11:30:00,195
112,2020-01-18 11:30:00,196
113,2020-01-18 11:45:00,197
114,2020-01-18 13:15:00,198
115,2020-01-18 15:30:00,199
116,2020-01-19 10:30:00,201
117,2020-01-19 10:45:00,202
118,2020-01-19 12:00:00,204
119,2020-01-19 12:00:00,205
120,2020-01-19 12:45:00,207
121,2020-01-19 12:45:00,208
122,2020-01-19 14:45:00,209
123,2020-01-20 10:30:00,211
124,2020-01-20 10:30:00,212
125,2020-01-20 12:15:00,213
126,2020-01-20 13:00:00,214
127,2020-01-20 13:30:00,215
128,2020-01-20 15:15:00,217
129,2020-01-20 15:45:00,218
130,2020-01-20 16:45:00,219
131,2020-01-20 17:00:00,220
132,2020-01-20 17:00:00,221
133,2020-01-21 10:30:00,224
134,2020-01-21 12:00:00,227
135,2020-01-21 13:30:00,229
136,2020-01-21 14:30:00,230
137,2020-01-21 16:00:00,232
138,2020-01-22 09:30:00,233
139,2020-01-22 11:30:00,236
140,2020-01-22 11:30:00,237
141,2020-01-23 09:00:00,242
142,2020-01-23 09:15:00,243
143,2020-01-23 11:30:00,244
144,2020-01-23 12:45:00,246
145,2020-01-23 13:00:00,247
146,2020-01-23 13:30:00,248
147,2020-01-23 15:00:00,249
148,2020-01-24 12:15:00,255
149,2020-01-24 12:15:00,256
150,2020-01-24 13:15:00,258
151,2020-01-24 13:15:00,259
152,2020-01-24 13:45:00,260
153,2020-01-24 14:15:00,261
154,2020-01-24 16:00:00,262
155,2020-01-25 10:00:00,266
156,2020-01-25 11:30:00,268
157,2020-01-25 11:30:00,269
158,2020-01-25 12:00:00,270
159,2020-01-25 15:45:00,272
160,2020-01-26 09:45:00,275
161,2020-01-26 10:30:00,276
162,2020-01-26 11:45:00,278
163,2020-01-26 12:45:00,281
164,2020-01-26 13:00:00,282
165,2020-01-26 14:15:00,283
166,2020-01-26 16:15:00,285
167,2020-01-27 08:30:00,286
168,2020-01-27 09:30:00,287
169,2020-01-27 10:30:00,288
170,2020-01-27 11:15:00,290
171,2020-01-27 15:30:00,293
172,2020-01-27 16:00:00,294
173,2020-01-28 09:00:00,295
174,2020-01-28 10:15:00,296
175,2020-01-28 10:15:00,297
176,2020-01-28 11:00:00,298
177,2020-01-28 11:45:00,299
178,2020-01-28 15:45:00,303
179,2020-01-28 16:15:00,304
180,2020-01-29 09:30:00,308
181,2020-01-29 10:30:00,309
182,2020-01-29 10:30:00,310
183,2020-01-29 10:45:00,311
184,2020-01-29 11:15:00,312
185,2020-01-29 15:15:00,316
186,2020-01-29 15:45:00,317
187,2020-01-30 09:00:00,320
188,2020-01-30 09:30:00,322
189,2020-01-30 12:15:00,323
190,2020-01-30 12:45:00,324
191,2020-01-30 14:00:00,326
192,2020-01-30 14:15:00,327
193,2020-01-31 11:45:00,334
194,2020-01-31 16:00:00,336
195,2020-01-31 17:15:00,337
196,2020-02-01 10:15:00,338
197,2020-02-01 10:30:00,339
198,2020-02-01 12:15:00,341
199,2020-02-01 15:45:00,343
200,2020-02-01 16:00:00,344
201,2020-02-02 09:45:00,348
202,2020-02-02 10:45:00,350
203,2020-02-02 11:00:00,351
204,2020-02-02 14:00:00,355
205,2020-02-02 15:45:00,356
206,2020-02-02 16:00:00,357
207,2020-02-02 16:15:00,358
208,2020-02-03 09:15:00,359
209,2020-02-03 10:00:00,360
210,2020-02-03 11:00:00,361
211,2020-02-03 11:45:00,363
212,2020-02-03 13:00:00,365
213,2020-02-03 13:30:00,366
214,2020-02-03 14:30:00,367
215,2020-02-03 17:00:00,369
216,2020-02-04 08:45:00,370
217,2020-02-04 10:45:00,371
218,2020-02-04 11:15:00,372
219,2020-02-04 11:30:00,373
220,2020-02-04 12:30:00,375
221,2020-02-04 13:15:00,377
222,2020-02-04 13:15:00,378
223,2020-02-05 09:15:00,380
224,2020-02-05 10:30:00,382
225,2020-02-05 10:30:00,383
226,2020-02-05 14:45:00,386
227,2020-02-05 15:45:00,389
228,2020-02-06 09:15:00,391
229,2020-02-06 10:00:00,392
230,2020-02-06 11:30:00,393
231,2020-02-06 12:45:00,395
232,2020-02-06 13:45:00,396
233,2020-02-06 15:30:00,399
234,2020-02-06 16:30:00,400
235,2020-02-07 09:00:00,401
236,2020-02-07 11:15:00,405
237,2020-02-07 11:30:00,406
238,2020-02-07 12:30:00,407
239,2020-02-07 16:30:00,410
240,2020-02-08 10:15:00,416
241,2020-02-08 11:45:00,418
242,2020-02-08 12:15:00,419
243,2020-02-08 12:15:00,420
244,2020-02-08 13:00:00,421
245,2020-02-08 13:30:00,422
246,2020-02-08 14:00:00,423
247,2020-02-08 14:30:00,425
248,2020-02-09 10:00:00,429
249,2020-02-09 10:45:00,430
250,2020-02-09 11:30:00,431
251,2020-02-09 12:15:00,433
252,2020-02-09 17:00:00,435
253,2020-02-10 09:15:00,436
254,2020-02-10 09:30:00,437
255,2020-02-10 09:45:00,438
256,2020-02-10 10:30:00,439
257,2020-02-10 12:30:00,442
258,2020-02-10 16:15:00,443
259,2020-02-10 17:00:00,444
260,2020-02-11 08:30:00,446
261,2020-02-11 10:30:00,447
262,2020-02-11 12:00:00,448
263,2020-02-11 12:15:00,449
264,2020-02-11 12:30:00,450
265,2020-02-11 12:30:00,451
266,2020-02-11 14:00:00,454
267,2020-02-11 14:30:00,455
268,2020-02-12 08:30:00,457
269,2020-02-12 09:30:00,459
270,2020-02-12 09:45:00,460
271,2020-02-12 10:15:00,461
272,2020-02-12 13:30:00,463
273,2020-02-12 16:00:00,465
274,2020-02-13 08:30:00,467
275,2020-02-13 09:00:00,469
276,2020-02-13 12:30:00,475
277,2020-02-13 12:45:00,476
278,2020-02-13 12:45:00,477
279,2020-02-13 14:15:00,478
280,2020-02-14 08:30:00,480
281,2020-02-14 08:30:00,481
282,2020-02-14 10:15:00,484
283,2020-02-14 10:30:00,485
284,2020-02-14 11:45:00,486
285,2020-02-14 13:45:00,487
286,2020-02-14 14:00:00,489
287,2020-02-14 14:30:00,490
288,2020-02-15 10:00:00,491
289,2020-02-15 10:00:00,492
290,2020-02-15 10:15:00,493
291,2020-02-15 10:45:00,494
292,2020-02-15 11:00:00,495
293,2020-02-15 12:15:00,496
294,2020-02-15 14:15:00,499
295,2020-02-15 15:45:00,500
296,2020-02-15 16:00:00,501
297,2020-02-15 17:15:00,502
298,2020-02-16 08:45:00,503
299,2020-02-16 09:00:00,504
300,2020-02-16 09:15:00,505
301,2020-02-16 10:00:00,506
302,2020-02-16 10:00:00,507
303,2020-02-16 11:00:00,509
304,2020-02-16 13:00:00,510
305,2020-02-16 14:15:00,511
306,2020-02-16 17:15:00,513
307,2020-02-17 08:30:00,514
308,2020-02-17 10:45:00,515
309,2020-02-17 11:45:00,518
310,2020-02-17 13:00:00,519
311,2020-02-17 13:00:00,520
312,2020-02-17 16:15:00,526
313,2020-02-18 09:00:00,527
314,2020-02-18 10:00:00,528
315,2020-02-18 13:00:00,531
316,2020-02-18 13:30:00,532
317,2020-02-18 16:15:00,535
318,2020-02-19 09:15:00,539
319,2020-02-19 14:45:00,549
320,2020-02-19 15:00:00,550
321,2020-02-20 09:00:00,551
322,2020-02-20 09:45:00,552
323,2020-02-20 11:15:00,553
324,2020-02-20 11:30:00,554
325,2020-02-20 13:45:00,557
326,2020-02-20 14:15:00,558
327,2020-02-20 14:30:00,559
328,2020-02-20 15:30:00,561
329,2020-02-20 16:15:00,562
330,2020-02-20 17:15:00,564
331,2020-02-21 10:30:00,565
332,2020-02-21 10:45:00,566
333,2020-02-21 13:15:00,568
334,2020-02-21 14:45:00,570
335,2020-02-21 15:45:00,571
336,2020-02-21 15:45:00,572
337,2020-02-22 08:45:00,574
338,2020-02-22 10:15:00,575
339,2020-02-22 10:15:00,576
340,2020-02-22 10:45:00,578
341,2020-02-22 11:00:00,579
342,2020-02-22 13:45:00,580
343,2020-02-22 13:45:00,581
344,2020-02-22 14:00:00,582
345,2020-02-22 16:30:00,583
346,2020-02-23 08:30:00,584
347,2020-02-23 08:45:00,585
348,2020-02-23 09:15:00,586
349,2020-02-23 09:45:00,587
350,2020-02-23 12:30:00,589
351,2020-02-23 12:45:00,590
352,2020-02-23 13:15:00,591
353,2020-02-23 15:45:00,593
354,2020-02-24 13:00:00,599
355,2020-02-24 15:00:00,601
356,2020-02-24 15:15:00,602
357,2020-02-24 16:45:00,603
358,2020-02-24 16:45:00,604
359,2020-02-25 08:30:00,607
360,2020-02-25 09:15:00,609
361,2020-02-25 11:00:00,611
362,2020-02-25 11:30:00,613
363,2020-02-25 11:30:00,614
364,2020-02-25 12:45:00,615
365,2020-02-25 13:30:00,617
366,2020-02-25 16:15:00,619
367,2020-02-25 16:45:00,620
368,2020-02-26 08:30:00,621
369,2020-02-26 08:45:00,622
370,2020-02-26 10:45:00,624
371,2020-02-26 12:00:00,625
372,2020-02-26 13:45:00,628
373,2020-02-27 08:30:00,630
374,2020-02-27 09:00:00,631
375,2020-02-27 09:00:00,633
376,2020-02-27 09:30:00,634
377,2020-02-27 11:30:00,636
378,2020-02-27 12:15:00,637
379,2020-02-27 15:45:00,639
380,2020-02-28 10:00:00,642
381,2020-02-28 10:00:00,643
382,2020-02-28 10:15:00,644
383,2020-02-28 11:00:00,646
384,2020-02-28 13:30:00,648
385,2020-02-28 13:45:00,649
386,2020-02-28 15:00:00,650
387,2020-02-28 15:15:00,651
388,2020-02-28 17:15:00,653
389,2020-02-29 10:00:00,654
390,2020-02-29 16:30:00,660
391,2020-02-29 16:45:00,661
392,2020-03-01 10:00:00,664
393,2020-03-01 13:45:00,665
394,2020-03-01 14:15:00,666
395,2020-03-01 14:15:00,667
396,2020-03-01 14:45:00,669
397,2020-03-01 15:45:00,672
398,2020-03-01 16:15:00,673
399,2020-03-01 16:30:00,674
400,2020-03-02 08:45:00,675
401,2020-03-02 09:30:00,677
402,2020-03-02 11:00:00,678
403,2020-03-02 12:45:00,680
404,2020-03-02 12:45:00,681
405,2020-03-02 15:15:00,683
406,2020-03-02 16:15:00,686
407,2020-03-03 08:30:00,688
408,2020-03-03 08:45:00,689
409,2020-03-03 11:45:00,691
410,2020-03-03 12:45:00,693
411,2020-03-03 14:15:00,695
412,2020-03-03 14:15:00,696
413,2020-03-03 15:00:00,699
414,2020-03-04 11:15:00,702
415,2020-03-04 12:15:00,703
416,2020-03-04 12:30:00,704
417,2020-03-04 13:00:00,705
418,2020-03-04 15:30:00,707
419,2020-03-04 16:30:00,708
420,2020-03-04 17:00:00,709
421,2020-03-05 09:00:00,710
422,2020-03-05 10:00:00,711
423,2020-03-05 12:00:00,712
424,2020-03-05 13:00:00,714
425,2020-03-05 15:30:00,715
426,2020-03-06 13:00:00,719
427,2020-03-06 13:30:00,720
428,2020-03-06 14:00:00,721
429,2020-03-06 16:30:00,723
430,2020-03-06 17:00:00,724
431,2020-03-07 08:45:00,725
432,2020-03-07 09:15:00,726
433,2020-03-07 10:00:00,727
434,2020-03-07 13:45:00,729
435,2020-03-07 15:00:00,732
436,2020-03-07 17:00:00,733
437,2020-03-08 09:45:00,734
438,2020-03-08 10:45:00,735
439,2020-03-08 14:30:00,738
440,2020-03-08 14:30:00,739
441,2020-03-08 17:15:00,743
442,2020-03-09 09:45:00,744
443,2020-03-09 12:30:00,747
444,2020-03-09 13:00:00,748
445,2020-03-09 17:00:00,751
446,2020-03-09 17:15:00,752
447,2020-03-10 09:15:00,753
448,2020-03-10 10:00:00,754
449,2020-03-10 10:00:00,755
450,2020-03-10 10:45:00,756
451,2020-03-10 11:45:00,758
452,2020-03-10 12:15:00,759
453,2020-03-10 13:15:00,760
454,2020-03-10 13:45:00,761
455,2020-03-10 13:45:00,762
456,2020-03-10 15:00:00,763
457,2020-03-11 09:15:00,767
458,2020-03-11 09:15:00,768
459,2020-03-11 09:45:00,769
460,2020-03-11 12:30:00,771
461,2020-03-11 13:15:00,773
462,2020-03-11 15:30:00,775
463,2020-03-11 16:15:00,776
464,2020-03-12 08:45:00,778
465,2020-03-12 10:00:00,779
466,2020-03-12 11:00:00,780
467,2020-03-12 14:15:00,784
468,2020-03-12 15:00:00,786
469,2020-03-13 08:30:00,788
470,2020-03-13 09:30:00,789
471,2020-03-13 11:45:00,790
472,2020-03-13 12:45:00,791
473,2020-03-13 13:00:00,792
474,2020-03-13 15:30:00,795
475,2020-03-13 16:15:00,796
476,2020-03-14 10:00:00,799
477,2020-03-14 12:15:00,801
478,2020-03-14 15:45:00,803
479,2020-03-14 16:45:00,806
480,2020-03-15 08:30:00,808
481,2020-03-15 09:45:00,809
482,2020-03-15 11:15:00,810
483,2020-03-15 12:30:00,811
484,2020-03-15 12:30:00,812
485,2020-03-15 13:00:00,814
486,2020-03-15 13:00:00,815
487,2020-03-15 13:30:00,817
488,2020-03-15 14:30:00,818
489,2020-03-15 15:45:00,820
490,2020-03-15 17:15:00,821
491,2020-03-16 08:30:00,822
492,2020-03-16 09:45:00,823
493,2020-03-16 10:30:00,824
494,2020-03-16 10:45:00,825
495,2020-03-16 11:15:00,826
496,2020-03-16 11:45:00,827
497,2020-03-16 13:30:00,829
498,2020-03-16 14:30:00,831
499,2020-03-16 16:45:00,833
500,2020-03-17 09:45:00,836
501,2020-03-17 10:15:00,837
502,2020-03-17 10:45:00,838
503,2020-03-17 12:45:00,839
504,2020-03-17 13:45:00,840
505,2020-03-17 14:30:00,841
506,2020-03-17 16:30:00,843
507,2020-03-17 16:45:00,844
508,2020-03-17 17:00:00,845
509,2020-03-18 09:00:00,846
510,2020-03-18 09:15:00,847
511,2020-03-18 09:45:00,848
512,2020-03-18 10:30:00,849
513,2020-03-18 10:45:00,850
514,2020-03-18 11:45:00,852
515,2020-03-18 14:15:00,855
516,2020-03-18 15:30:00,856
517,2020-03-18 16:00:00,857
518,2020-03-18 17:15:00,858
519,2020-03-19 08:45:00,859
520,2020-03-19 09:00:00,860
521,2020-03-19 09:45:00,862
522,2020-03-19 13:00:00,868
523,2020-03-19 14:15:00,869
524,2020-03-20 10:15:00,873
525,2020-03-20 11:00:00,874
526,2020-03-20 11:30:00,875
527,2020-03-20 14:45:00,878
528,2020-03-20 16:15:00,879
529,2020-03-20 16:45:00,880
530,2020-03-21 09:45:00,881
531,2020-03-21 10:00:00,882
532,2020-03-21 10:30:00,883
533,2020-03-21 11:00:00,884
534,2020-03-21 11:45:00,885
535,2020-03-21 13:30:00,886
536,2020-03-21 14:00:00,887
537,2020-03-21 14:45:00,888
538,2020-03-21 17:00:00,892
539,2020-03-22 10:30:00,893
540,2020-03-22 10:45:00,894
541,2020-03-22 12:15:00,895
542,2020-03-22 15:15:00,896
543,2020-03-22 15:15:00,897
544,2020-03-22 15:30:00,899
545,2020-03-22 17:00:00,901
546,2020-03-23 09:00:00,903
547,2020-03-23 09:00:00,904
548,2020-03-23 10:00:00,905
549,2020-03-23 11:00:00,906
550,2020-03-23 13:45:00,909
551,2020-03-23 16:45:00,911
552,2020-03-23 16:45:00,912
553,2020-03-23 17:00:00,913
554,2020-03-24 10:15:00,915
555,2020-03-24 11:30:00,916
556,2020-03-24 11:45:00,917
557,2020-03-24 13:30:00,918
558,2020-03-25 09:00:00,923
559,2020-03-25 09:15:00,924
560,2020-03-25 09:30:00,925
561,2020-03-25 09:45:00,926
562,2020-03-25 11:30:00,928
563,2020-03-25 11:30:00,929
564,2020-03-25 13:45:00,931
565,2020-03-25 15:30:00,932
566,2020-03-25 15:45:00,933
567,2020-03-26 10:00:00,934
568,2020-03-26 13:45:00,937
569,2020-03-26 14:15:00,938
570,2020-03-26 14:30:00,939
571,2020-03-27 10:45:00,944
572,2020-03-27 11:00:00,945
573,2020-03-27 11:30:00,946
574,2020-03-27 11:30:00,947
575,2020-03-27 11:45:00,948
576,2020-03-27 14:15:00,950
577,2020-03-27 14:45:00,951
578,2020-03-27 15:00:00,952
579,2020-03-28 09:45:00,954
580,2020-03-28 10:30:00,955
581,2020-03-28 12:30:00,958
582,2020-03-28 14:30:00,959
583,2020-03-28 16:00:00,960
584,2020-03-28 17:00:00,961
585,2020-03-28 17:15:00,962
586,2020-03-29 09:00:00,963
587,2020-03-29 11:15:00,965
588,2020-03-29 11:45:00,966
589,2020-03-29 12:15:00,967
590,2020-03-29 14:15:00,969
591,2020-03-29 15:15:00,970
592,2020-03-30 08:30:00,973
593,2020-03-30 09:30:00,974
594,2020-03-30 09:45:00,976
595,2020-03-30 10:00:00,977
596,2020-03-30 12:00:00,978
597,2020-03-30 12:30:00,980
598,2020-03-30 14:30:00,983
599,2020-03-30 16:45:00,986
600,2020-03-31 09:15:00,987
601,2020-03-31 10:30:00,990
602,2020-03-31 11:30:00,991
603,2020-03-31 11:45:00,992
604,2020-03-31 15:00:00,993
605,2020-03-31 16:00:00,995
606,2020-04-01 09:45:00,999
607,2020-04-01 11:30:00,1002
608,2020-04-01 11:45:00,1003
609,2020-04-01 13:30:00,1005
610,2020-04-01 13:45:00,1006
611,2020-04-01 14:15:00,1007
612,2020-04-01 14:30:00,1008
613,2020-04-01 15:45:00,1010
614,2020-04-01 17:15:00,1011
615,2020-04-02 09:00:00,1013
616,2020-04-02 09:15:00,1014
617,2020-04-02 12:30:00,1015
618,2020-04-02 13:30:00,1018
619,2020-04-02 14:45:00,1019
620,2020-04-02 15:30:00,1020
621,2020-04-02 15:45:00,1021
622,2020-04-03 09:00:00,1023
623,2020-04-03 09:00:00,1024
624,2020-04-03 11:00:00,1026
625,2020-04-03 11:15:00,1028
626,2020-04-03 11:45:00,1029
627,2020-04-03 12:15:00,1030
628,2020-04-03 12:30:00,1031
629,2020-04-03 15:15:00,1033
630,2020-04-03 15:45:00,1034
631,2020-04-04 09:45:00,1036
632,2020-04-04 10:15:00,1037
633,2020-04-04 12:15:00,1039
634,2020-04-04 15:00:00,1040
635,2020-04-04 16:00:00,1042
636,2020-04-05 09:45:00,1045
637,2020-04-05 10:30:00,1046
638,2020-04-05 11:00:00,1047
639,2020-04-05 12:45:00,1048
640,2020-04-05 14:15:00,1050
641,2020-04-05 15:30:00,1051
642,2020-04-05 15:45:00,1052
643,2020-04-05 17:00:00,1053
644,2020-04-05 17:15:00,1054
645,2020-04-06 09:45:00,1055
646,2020-04-06 13:30:00,1057
647,2020-04-06 14:45:00,1059
648,2020-04-06 15:15:00,1060
649,2020-04-07 09:30:00,1065
650,2020-04-07 10:00:00,1067
651,2020-04-07 12:45:00,1071
652,2020-04-07 13:00:00,1072
653,2020-04-07 17:00:00,1075
654,2020-04-08 09:00:00,1076
655,2020-04-08 11:45:00,1081
656,2020-04-08 12:00:00,1082
657,2020-04-08 12:00:00,1083
658,2020-04-08 12:45:00,1084
659,2020-04-08 17:00:00,1086
660,2020-04-09 08:45:00,1087
661,2020-04-09 10:00:00,1089
662,2020-04-09 10:15:00,1090
663,2020-04-09 15:45:00,1094
664,2020-04-10 09:15:00,1097
665,2020-04-10 10:45:00,1100
666,2020-04-10 11:15:00,1102
667,2020-04-10 16:30:00,1105
668,2020-04-11 08:30:00,1107
669,2020-04-11 09:45:00,1109
670,2020-04-11 10:00:00,1110
671,2020-04-11 11:45:00,1111
672,2020-04-11 12:15:00,1112
673,2020-04-11 14:00:00,1114
674,2020-04-11 15:15:00,1116
675,2020-04-12 10:00:00,1119
676,2020-04-12 12:00:00,1120
677,2020-04-12 12:15:00,1121
678,2020-04-12 13:45:00,1123
679,2020-04-12 14:15:00,1124
680,2020-04-12 14:45:00,1126
681,2020-04-12 15:30:00,1128
682,2020-04-12 16:30:00,1129
683,2020-04-13 13:30:00,1136
684,2020-04-13 15:30:00,1137
685,2020-04-13 16:00:00,1139
686,2020-04-14 11:45:00,1140
687,2020-04-14 13:30:00,1144
688,2020-04-14 15:15:00,1146
689,2020-04-14 15:45:00,1148
690,2020-04-14 16:30:00,1149
691,2020-04-15 12:00:00,1153
692,2020-04-15 12:30:00,1154
693,2020-04-15 14:15:00,1157
694,2020-04-15 14:45:00,1158
695,2020-04-15 14:45:00,1160
696,2020-04-15 16:30:00,1162
697,2020-04-16 08:45:00,1164
698,2020-04-16 10:45:00,1165
699,2020-04-16 11:15:00,1166
700,2020-04-16 11:15:00,1167
701,2020-04-16 11:15:00,1168
702,2020-04-16 11:45:00,1170
703,2020-04-16 13:15:00,1172
704,2020-04-16 14:00:00,1173
705,2020-04-16 14:15:00,1174
706,2020-04-16 15:30:00,1176
707,2020-04-17 08:30:00,1177
708,2020-04-17 09:00:00,1178
709,2020-04-17 10:15:00,1179
710,2020-04-17 11:15:00,1182
711,2020-04-17 13:15:00,1183
712,2020-04-17 14:15:00,1186
713,2020-04-17 17:00:00,1188
714,2020-04-17 17:00:00,1189
715,2020-04-18 09:15:00,1190
716,2020-04-18 10:15:00,1191
717,2020-04-18 12:30:00,1193
718,2020-04-18 14:30:00,1194
719,2020-04-18 15:30:00,1196
720,2020-04-18 16:00:00,1197
721,2020-04-18 16:15:00,1198
722,2020-04-18 17:15:00,1200
723,2020-04-19 08:30:00,1201
724,2020-04-19 10:15:00,1203
725,2020-04-19 11:30:00,1204
726,2020-04-19 12:30:00,1206
727,2020-04-19 12:45:00,1207
728,2020-04-19 12:45:00,1208
729,2020-04-19 14:45:00,1209
730,2020-04-19 16:45:00,1210
731,2020-04-20 10:00:00,1212
732,2020-04-20 11:15:00,1213
733,2020-04-20 14:30:00,1214
734,2020-04-20 14:30:00,1215
735,2020-04-20 16:15:00,1217
736,2020-04-20 17:15:00,1218
737,2020-04-21 09:45:00,1219
738,2020-04-21 11:00:00,1222
739,2020-04-21 12:15:00,1223
740,2020-04-21 15:45:00,1224
741,2020-04-21 17:00:00,1225
742,2020-04-22 08:45:00,1226
743,2020-04-22 10:30:00,1227
744,2020-04-22 12:00:00,1229
745,2020-04-22 13:15:00,1230
746,2020-04-22 14:00:00,1231
747,2020-04-22 14:45:00,1233
748,2020-04-22 15:30:00,1235
749,2020-04-22 16:15:00,1238
750,2020-04-23 09:00:00,1241
751,2020-04-23 10:15:00,1242
752,2020-04-23 13:00:00,1245
753,2020-04-23 13:30:00,1246
754,2020-04-23 15:15:00,1248
755,2020-04-23 16:15:00,1249
756,2020-04-24 09:00:00,1250
757,2020-04-24 09:15:00,1251
758,2020-04-24 10:30:00,1253
759,2020-04-24 12:45:00,1256
760,2020-04-24 13:30:00,1257
761,2020-04-24 16:15:00,1260
762,2020-04-25 11:15:00,1263
763,2020-04-25 11:30:00,1265
764,2020-04-25 12:00:00,1266
765,2020-04-25 13:00:00,1268
766,2020-04-25 14:00:00,1269
767,2020-04-25 16:00:00,1270
768,2020-04-26 10:30:00,1274
769,2020-04-26 10:30:00,1275
770,2020-04-26 13:30:00,1279
771,2020-04-27 10:15:00,1284
772,2020-04-27 15:15:00,1288
773,2020-04-28 14:15:00,1293
774,2020-04-28 16:00:00,1294
775,2020-04-28 16:15:00,1295
776,2020-04-29 09:00:00,1298
777,2020-04-29 10:15:00,1299
778,2020-04-29 10:45:00,1300
779,2020-04-29 15:15:00,1303
780,2020-04-29 16:45:00,1306
781,2020-04-30 08:30:00,1307
782,2020-04-30 09:30:00,1308
783,2020-04-30 09:30:00,1309
784,2020-04-30 12:45:00,1311
785,2020-04-30 16:15:00,1316
786,2020-04-30 16:15:00,1317
787,2020-04-30 16:30:00,1318
788,2020-05-01 10:15:00,1319
789,2020-05-01 12:30:00,1320
790,2020-05-01 13:30:00,1322
791,2020-05-01 15:45:00,1324
792,2020-05-01 16:30:00,1325
793,2020-05-02 09:45:00,1327
794,2020-05-02 09:45:00,1328
795,2020-05-02 12:30:00,1329
796,2020-05-02 15:30:00,1333
797,2020-05-02 16:00:00,1336
798,2020-05-02 17:15:00,1337
799,2020-05-03 08:45:00,1338
800,2020-05-03 10:00:00,1339
801,2020-05-03 10:00:00,1340
802,2020-05-03 11:15:00,1341
803,2020-05-03 11:30:00,1342
804,2020-05-03 11:45:00,1343
805,2020-05-03 13:45:00,1345
806,2020-05-04 13:30:00,1349
807,2020-05-04 14:00:00,1350
808,2020-05-04 14:15:00,1351
809,2020-05-04 14:30:00,1352
810,2020-05-04 15:45:00,1354
811,2020-05-04 16:00:00,1356
812,2020-05-04 16:30:00,1357
813,2020-05-04 17:15:00,1358
814,2020-05-05 08:45:00,1359
815,2020-05-05 09:15:00,1360
816,2020-05-05 10:45:00,1361
817,2020-05-05 11:00:00,1362
818,2020-05-05 13:15:00,1365
819,2020-05-05 14:30:00,1366
820,2020-05-05 14:45:00,1367
821,2020-05-05 16:00:00,1370
822,2020-05-06 10:30:00,1371
823,2020-05-06 11:15:00,1372
824,2020-05-06 11:45:00,1374
825,2020-05-06 13:30:00,1376
826,2020-05-06 16:45:00,1380
827,2020-05-07 08:45:00,1381
828,2020-05-07 10:15:00,1382
829,2020-05-07 10:30:00,1383
830,2020-05-07 12:00:00,1385
831,2020-05-07 13:30:00,1387
832,2020-05-07 15:30:00,1390
833,2020-05-07 15:30:00,1391
834,2020-05-07 16:45:00,1393
835,2020-05-08 08:30:00,1395
836,2020-05-08 08:45:00,1396
837,2020-05-08 09:00:00,1397
838,2020-05-08 09:15:00,1398
839,2020-05-08 14:00:00,1401
840,2020-05-08 15:45:00,1403
841,2020-05-09 08:45:00,1404
842,2020-05-09 11:00:00,1405
843,2020-05-09 12:15:00,1406
844,2020-05-09 12:30:00,1407
845,2020-05-09 14:30:00,1409
846,2020-05-10 11:00:00,1413
847,2020-05-10 11:30:00,1414
848,2020-05-10 12:45:00,1415
849,2020-05-10 13:45:00,1416
850,2020-05-10 16:15:00,1419
851,2020-05-10 16:30:00,1421
852,2020-05-11 08:30:00,1422
853,2020-05-11 09:15:00,1423
854,2020-05-11 10:00:00,1424
855,2020-05-11 11:45:00,1425
856,2020-05-11 13:15:00,1426
857,2020-05-11 15:15:00,1429
858,2020-05-11 15:30:00,1431
859,2020-05-12 09:15:00,1434
860,2020-05-12 10:15:00,1436
861,2020-05-12 10:45:00,1438
862,2020-05-12 12:00:00,1439
863,2020-05-12 12:00:00,1440
864,2020-05-12 14:15:00,1441
865,2020-05-12 15:00:00,1442
866,2020-05-12 15:00:00,1443
867,2020-05-12 16:15:00,1445
868,2020-05-13 08:45:00,1447
869,2020-05-13 10:15:00,1449
870,2020-05-13 11:15:00,1450
871,2020-05-13 15:15:00,1454
872,2020-05-13 16:30:00,1455
873,2020-05-13 17:00:00,1456
874,2020-05-13 17:15:00,1457
875,2020-05-14 09:30:00,1458
876,2020-05-14 09:45:00,1459
877,2020-05-14 09:45:00,1460
878,2020-05-14 10:00:00,1461
879,2020-05-14 10:15:00,1462
880,2020-05-14 15:15:00,1464
881,2020-05-14 16:15:00,1465
882,2020-05-14 17:15:00,1466
883,2020-05-15 08:30:00,1467
884,2020-05-15 09:15:00,1468
885,2020-05-15 09:45:00,1469
886,2020-05-15 12:00:00,1472
887,2020-05-15 12:30:00,1474
888,2020-05-15 14:30:00,1475
889,2020-05-16 09:00:00,1476
890,2020-05-16 10:30:00,1480
891,2020-05-16 10:45:00,1481
892,2020-05-16 12:45:00,1483
893,2020-05-16 15:30:00,1485
894,2020-05-16 16:15:00,1487
895,2020-05-17 09:15:00,1489
896,2020-05-17 10:45:00,1490
897,2020-05-17 10:45:00,1491
898,2020-05-17 13:45:00,1493
899,2020-05-17 14:00:00,1494
900,2020-05-17 16:30:00,1497
901,2020-05-18 08:30:00,1499
902,2020-05-18 09:30:00,1500
903,2020-05-18 10:30:00,1502
904,2020-05-18 11:00:00,1503
905,2020-05-18 14:15:00,1507
906,2020-05-18 15:30:00,1508
907,2020-05-19 10:00:00,1510
908,2020-05-19 11:30:00,1512
909,2020-05-19 11:30:00,1513
910,2020-05-19 12:30:00,1514
911,2020-05-19 12:45:00,1515
912,2020-05-19 13:00:00,1516
913,2020-05-19 13:15:00,1517
914,2020-05-19 17:00:00,1521
915,2020-05-20 09:15:00,1522
916,2020-05-20 09:15:00,1523
917,2020-05-20 09:45:00,1524
918,2020-05-20 11:30:00,1525
919,2020-05-20 11:30:00,1526
920,2020-05-20 11:45:00,1527
921,2020-05-20 12:15:00,1528
922,2020-05-20 13:15:00,1530
923,2020-05-21 12:00:00,1536
924,2020-05-21 14:30:00,1540
925,2020-05-21 16:00:00,1541
926,2020-05-22 09:30:00,1545
927,2020-05-22 11:30:00,1546
928,2020-05-22 11:30:00,1547
929,2020-05-22 14:00:00,1549
930,2020-05-22 14:30:00,1550
931,2020-05-23 08:45:00,1554
932,2020-05-23 09:15:00,1555
933,2020-05-23 10:15:00,1556
934,2020-05-23 12:00:00,1557
935,2020-05-23 12:45:00,1558
936,2020-05-23 13:00:00,1559
937,2020-05-24 10:45:00,1562
938,2020-05-24 13:15:00,1564
939,2020-05-24 14:00:00,1568
940,2020-05-25 09:00:00,1572
941,2020-05-25 09:30:00,1574
942,2020-05-25 11:45:00,1576
943,2020-05-25 13:15:00,1578
944,2020-05-25 13:45:00,1579
945,2020-05-25 14:45:00,1580
946,2020-05-26 09:15:00,1583
947,2020-05-26 10:45:00,1585
948,2020-05-26 11:30:00,1587
949,2020-05-26 13:00:00,1588
950,2020-05-26 13:15:00,1589
951,2020-05-26 13:45:00,1590
952,2020-05-27 10:45:00,1596
953,2020-05-27 13:30:00,1601
954,2020-05-27 13:30:00,1602
955,2020-05-27 14:45:00,1603
956,2020-05-27 15:00:00,1604
957,2020-05-27 15:00:00,1605
958,2020-05-27 17:15:00,1606
959,2020-05-28 08:30:00,1607
960,2020-05-28 11:45:00,1609
961,2020-05-28 13:30:00,1610
962,2020-05-28 14:45:00,1611
963,2020-05-28 15:30:00,1612
964,2020-05-28 15:45:00,1613
965,2020-05-28 16:30:00,1614
966,2020-05-28 16:45:00,1615
967,2020-05-29 09:15:00,1616
968,2020-05-29 10:15:00,1617
969,2020-05-29 10:30:00,1618
970,2020-05-29 11:30:00,1621
971,2020-05-29 16:00:00,1622
972,2020-05-29 16:30:00,1625
973,2020-05-29 17:00:00,1627
974,2020-05-30 13:15:00,1629
975,2020-05-30 14:00:00,1631
976,2020-05-30 15:45:00,1633
977,2020-05-30 16:45:00,1634
978,2020-05-31 08:30:00,1635
979,2020-05-31 09:30:00,1637
980,2020-05-31 10:00:00,1638
981,2020-05-31 11:15:00,1640
982,2020-05-31 12:00:00,1642
983,2020-05-31 17:15:00,1647
984,2020-06-01 10:15:00,1649
985,2020-06-01 13:45:00,1652
986,2020-06-01 16:00:00,1654
987,2020-06-01 16:00:00,1655
988,2020-06-02 09:00:00,1657
989,2020-06-02 12:15:00,1660
990,2020-06-02 12:30:00,1661
991,2020-06-02 13:15:00,1662
992,2020-06-02 13:45:00,1663
993,2020-06-02 15:15:00,1664
994,2020-06-02 15:15:00,1665
995,2020-06-02 16:15:00,1668
996,2020-06-02 16:30:00,1669
997,2020-06-03 11:30:00,1673
998,2020-06-03 12:00:00,1674
999,2020-06-03 13:30:00,1675
1000,2020-06-03 16:00:00,1678
1001,2020-06-03 17:00:00,1680
1002,2020-06-04 09:15:00,1681
1003,2020-06-04 10:45:00,1682
1004,2020-06-04 11:30:00,1683
1005,2020-06-04 13:00:00,1684
1006,2020-06-04 13:15:00,1685
1007,2020-06-04 13:45:00,1687
1008,2020-06-04 14:30:00,1688
1009,2020-06-04 16:45:00,1689
1010,2020-06-05 09:15:00,1691
1011,2020-06-05 10:45:00,1692
1012,2020-06-05 11:45:00,1693
1013,2020-06-05 12:45:00,1695
1014,2020-06-05 14:00:00,1696
1015,2020-06-05 16:15:00,1697
1016,2020-06-06 10:00:00,1698
1017,2020-06-06 10:45:00,1700
1018,2020-06-06 12:00:00,1703
1019,2020-06-06 12:30:00,1704
1020,2020-06-06 13:00:00,1705
1021,2020-06-06 13:15:00,1706
1022,2020-06-06 13:45:00,1707
1023,2020-06-06 16:45:00,1708
1024,2020-06-07 08:30:00,1709
1025,2020-06-07 10:30:00,1710
1026,2020-06-07 12:30:00,1712
1027,2020-06-07 13:45:00,1713
1028,2020-06-07 14:15:00,1714
1029,2020-06-07 14:30:00,1715
1030,2020-06-07 15:15:00,1716
1031,2020-06-07 15:45:00,1717
1032,2020-06-07 16:45:00,1718
1033,2020-06-07 17:00:00,1719
1034,2020-06-08 10:15:00,1721
1035,2020-06-08 10:45:00,1722
1036,2020-06-08 11:45:00,1723
1037,2020-06-08 12:45:00,1724
1038,2020-06-08 12:45:00,1725
1039,2020-06-08 16:15:00,1730
1040,2020-06-09 09:00:00,1732
1041,2020-06-09 11:45:00,1733
1042,2020-06-09 13:45:00,1735
1043,2020-06-09 14:15:00,1736
1044,2020-06-09 15:15:00,1738
1045,2020-06-09 15:15:00,1739
1046,2020-06-10 09:00:00,1742
1047,2020-06-10 09:15:00,1743
1048,2020-06-10 11:45:00,1744
1049,2020-06-10 12:45:00,1746
1050,2020-06-10 12:45:00,1747
1051,2020-06-10 13:00:00,1748
1052,2020-06-10 14:30:00,1749
1053,2020-06-10 14:45:00,1750
1054,2020-06-10 17:00:00,1752
1055,2020-06-11 08:30:00,1753
1056,2020-06-11 10:00:00,1756
1057,2020-06-11 13:15:00,1758
1058,2020-06-11 16:30:00,1760
1059,2020-06-11 16:30:00,1761
1060,2020-06-12 13:15:00,1768
1061,2020-06-12 15:30:00,1770
1062,2020-06-13 08:45:00,1772
1063,2020-06-13 10:15:00,1775
1064,2020-06-13 11:00:00,1776
1065,2020-06-13 11:45:00,1778
1066,2020-06-13 15:45:00,1781
1067,2020-06-13 15:45:00,1782
1068,2020-06-14 10:30:00,1783
1069,2020-06-14 11:00:00,1784
1070,2020-06-14 11:00:00,1785
1071,2020-06-14 11:45:00,1786
1072,2020-06-15 08:45:00,1790
1073,2020-06-15 10:00:00,1791
1074,2020-06-15 10:30:00,1792
1075,2020-06-15 12:15:00,1793
1076,2020-06-15 13:45:00,1794
1077,2020-06-15 15:00:00,1797
1078,2020-06-15 15:15:00,1798
1079,2020-06-15 15:30:00,1799
1080,2020-06-15 16:45:00,1801
1081,2020-06-16 13:15:00,1804
1082,2020-06-16 13:30:00,1805
1083,2020-06-16 16:15:00,1808
1084,2020-06-16 16:15:00,1809
1085,2020-06-17 09:00:00,1811
1086,2020-06-17 10:45:00,1813
1087,2020-06-17 10:45:00,1814
1088,2020-06-17 11:30:00,1815
1089,2020-06-17 13:15:00,1818
1090,2020-06-18 12:15:00,1824
1091,2020-06-18 13:00:00,1825
1092,2020-06-18 13:00:00,1826
1093,2020-06-18 14:00:00,1828
1094,2020-06-18 16:00:00,1829
1095,2020-06-18 16:45:00,1830
1096,2020-06-18 17:00:00,1831
1097,2020-06-19 08:30:00,1832
1098,2020-06-19 08:30:00,1833
1099,2020-06-19 12:00:00,1835
1100,2020-06-19 14:45:00,1837
1101,2020-06-19 15:45:00,1841
1102,2020-06-20 09:15:00,1844
1103,2020-06-20 11:30:00,1846
1104,2020-06-20 13:15:00,1847
1105,2020-06-20 13:45:00,1848
1106,2020-06-20 14:15:00,1849
1107,2020-06-20 14:45:00,1850
1108,2020-06-20 15:00:00,1851
1109,2020-06-21 10:45:00,1853
1110,2020-06-21 11:15:00,1854
1111,2020-06-21 11:15:00,1855
1112,2020-06-21 12:45:00,1856
1113,2020-06-21 12:45:00,1857
1114,2020-06-21 14:00:00,1858
1115,2020-06-21 14:45:00,1860
1116,2020-06-21 16:45:00,1862
1117,2020-06-21 17:15:00,1863
1118,2020-06-22 11:30:00,1864
1119,2020-06-22 11:45:00,1865
1120,2020-06-22 15:00:00,1873
1121,2020-06-22 17:00:00,1874
1122,2020-06-23 09:45:00,1876
1123,2020-06-23 13:45:00,1881
1124,2020-06-24 08:30:00,1882
1125,2020-06-24 10:00:00,1886
1126,2020-06-24 10:30:00,1887
1127,2020-06-24 12:45:00,1889
1128,2020-06-24 14:15:00,1891
1129,2020-06-24 15:30:00,1894
1130,2020-06-25 09:00:00,1898
1131,2020-06-25 09:30:00,1899
1132,2020-06-25 11:15:00,1901
1133,2020-06-25 13:15:00,1905
1134,2020-06-25 16:00:00,1907
1135,2020-06-25 16:45:00,1908
1136,2020-06-26 09:45:00,1910
1137,2020-06-26 11:30:00,1911
1138,2020-06-26 11:45:00,1912
1139,2020-06-26 15:45:00,1915
1140,2020-06-26 16:00:00,1916
1141,2020-06-26 16:00:00,1917
1142,2020-06-27 10:45:00,1921
1143,2020-06-27 10:45:00,1922
1144,2020-06-27 11:45:00,1924
1145,2020-06-27 12:15:00,1925
1146,2020-06-27 13:30:00,1927
1147,2020-06-27 14:30:00,1928
1148,2020-06-27 15:00:00,1929
1149,2020-06-27 15:30:00,1930
1150,2020-06-27 17:15:00,1931
1151,2020-06-28 09:00:00,1932
1152,2020-06-28 12:30:00,1935
1153,2020-06-28 14:00:00,1937
1154,2020-06-28 14:30:00,1938
1155,2020-06-28 15:00:00,1939
1156,2020-06-28 15:30:00,1940
1157,2020-06-28 17:15:00,1942
1158,2020-06-29 08:30:00,1943
1159,2020-06-29 09:30:00,1945
1160,2020-06-29 12:30:00,1948
1161,2020-06-29 13:30:00,1950
1162,2020-06-29 13:30:00,1951
1163,2020-06-29 14:00:00,1953
1164,2020-06-30 08:45:00,1955
1165,2020-06-30 08:45:00,1956
1166,2020-06-30 09:30:00,1958
1167,2020-06-30 11:30:00,1959
1168,2020-06-30 12:15:00,1960
1169,2020-06-30 12:45:00,1961
1170,2020-06-30 13:15:00,1962
1171,2020-06-30 14:30:00,1964
1172,2020-06-30 16:00:00,1965
1173,2020-07-01 13:00:00,1971
1174,2020-07-01 15:00:00,1973
1175,2020-07-01 16:00:00,1974
1176,2020-07-01 17:15:00,1977
1177,2020-07-02 08:30:00,1978
1178,2020-07-02 09:00:00,1980
1179,2020-07-02 09:00:00,1981
1180,2020-07-02 09:45:00,1982
1181,2020-07-02 12:00:00,1984
1182,2020-07-02 13:30:00,1986
1183,2020-07-02 16:15:00,1990
1184,2020-07-02 16:15:00,1991
1185,2020-07-03 09:15:00,1993
1186,2020-07-03 10:15:00,1994
1187,2020-07-03 10:30:00,1995
1188,2020-07-03 11:15:00,1996
1189,2020-07-03 11:45:00,1997
1190,2020-07-03 12:15:00,1998
1191,2020-07-03 12:45:00,1999
1192,2020-07-03 13:15:00,2000
1193,2020-07-04 11:15:00,2006
1194,2020-07-04 11:45:00,2007
1195,2020-07-04 13:00:00,2008
1196,2020-07-04 13:00:00,2009
1197,2020-07-04 13:30:00,2010
1198,2020-07-04 15:30:00,2011
1199,2020-07-05 08:45:00,2012
1200,2020-07-05 09:15:00,2013
1201,2020-07-05 09:45:00,2014
1202,2020-07-05 09:45:00,2015
1203,2020-07-05 10:15:00,2016
1204,2020-07-05 10:15:00,2017
1205,2020-07-05 13:15:00,2020
1206,2020-07-05 13:45:00,2021
1207,2020-07-05 15:45:00,2023
1208,2020-07-05 16:45:00,2024
1209,2020-07-06 11:00:00,2027
1210,2020-07-06 11:45:00,2028
1211,2020-07-06 13:30:00,2029
1212,2020-07-06 13:45:00,2030
1213,2020-07-06 14:45:00,2031
1214,2020-07-06 14:45:00,2032
1215,2020-07-06 16:00:00,2033
1216,2020-07-07 09:30:00,2037
1217,2020-07-07 10:00:00,2038
1218,2020-07-07 10:30:00,2039
1219,2020-07-07 10:30:00,2040
1220,2020-07-07 12:00:00,2041
1221,2020-07-07 13:30:00,2042
1222,2020-07-07 14:00:00,2043
1223,2020-07-07 14:45:00,2044
1224,2020-07-07 16:30:00,2046
1225,2020-07-08 09:30:00,2047
1226,2020-07-08 11:00:00,2049
1227,2020-07-08 11:00:00,2050
1228,2020-07-08 12:45:00,2051
1229,2020-07-08 16:00:00,2052
1230,2020-07-08 16:15:00,2053
1231,2020-07-08 16:15:00,2054
1232,2020-07-08 16:15:00,2055
1233,2020-07-08 16:45:00,2057
1234,2020-07-08 17:15:00,2058
1235,2020-07-09 12:45:00,2064
1236,2020-07-09 13:00:00,2066
1237,2020-07-09 15:30:00,2068
1238,2020-07-09 17:00:00,2070
1239,2020-07-10 10:45:00,2073
1240,2020-07-10 12:00:00,2075
1241,2020-07-10 13:45:00,2076
1242,2020-07-10 14:30:00,2078
1243,2020-07-10 16:30:00,2079
1244,2020-07-11 09:00:00,2083
1245,2020-07-11 09:30:00,2084
1246,2020-07-11 15:15:00,2086
1247,2020-07-11 15:15:00,2087
1248,2020-07-11 16:15:00,2088
1249,2020-07-11 17:00:00,2090
1250,2020-07-12 09:15:00,2091
1251,2020-07-12 09:30:00,2092
1252,2020-07-12 13:30:00,2096
1253,2020-07-12 13:45:00,2097
1254,2020-07-12 15:30:00,2098
1255,2020-07-12 17:00:00,2099
1256,2020-07-13 10:00:00,2102
1257,2020-07-13 11:15:00,2103
1258,2020-07-13 13:15:00,2106
1259,2020-07-13 14:00:00,2107
1260,2020-07-13 14:15:00,2108
1261,2020-07-13 16:30:00,2110
1262,2020-07-14 11:15:00,2112
1263,2020-07-14 14:30:00,2115
1264,2020-07-14 16:15:00,2116
1265,2020-07-14 16:45:00,2119
1266,2020-07-15 10:15:00,2121
1267,2020-07-15 11:00:00,2122
1268,2020-07-15 11:15:00,2123
1269,2020-07-15 11:45:00,2124
1270,2020-07-15 14:45:00,2125
1271,2020-07-15 15:15:00,2126
1272,2020-07-15 15:45:00,2127
1273,2020-07-15 16:45:00,2130
1274,2020-07-16 08:45:00,2131
1275,2020-07-16 09:45:00,2132
1276,2020-07-16 10:00:00,2135
1277,2020-07-16 10:45:00,2136
1278,2020-07-16 12:45:00,2137
1279,2020-07-16 14:30:00,2139
1280,2020-07-16 17:00:00,2140
1281,2020-07-17 08:30:00,2141
1282,2020-07-17 09:15:00,2142
1283,2020-07-17 11:45:00,2144
1284,2020-07-17 12:00:00,2145
1285,2020-07-17 12:15:00,2146
1286,2020-07-17 15:00:00,2148
1287,2020-07-18 11:00:00,2154
1288,2020-07-18 12:15:00,2155
1289,2020-07-18 12:45:00,2156
1290,2020-07-18 13:45:00,2157
1291,2020-07-18 14:15:00,2158
1292,2020-07-18 14:30:00,2159
1293,2020-07-18 16:30:00,2161
1294,2020-07-19 11:00:00,2162
1295,2020-07-19 14:00:00,2165
1296,2020-07-19 14:45:00,2166
1297,2020-07-19 16:15:00,2167
1298,2020-07-19 16:45:00,2169
1299,2020-07-20 11:30:00,2172
1300,2020-07-20 12:00:00,2174
1301,2020-07-20 13:30:00,2175
1302,2020-07-20 14:15:00,2177
1303,2020-07-20 16:15:00,2179
1304,2020-07-20 16:45:00,2180
1305,2020-07-21 09:00:00,2181
1306,2020-07-21 09:30:00,2184
1307,2020-07-21 12:45:00,2189
1308,2020-07-21 12:45:00,2190
1309,2020-07-21 13:45:00,2191
1310,2020-07-21 14:30:00,2192
1311,2020-07-21 16:00:00,2194
1312,2020-07-22 10:00:00,2195
1313,2020-07-22 10:00:00,2196
1314,2020-07-22 10:45:00,2199
1315,2020-07-22 11:45:00,2200
1316,2020-07-22 12:00:00,2201
1317,2020-07-22 16:00:00,2202
1318,2020-07-22 16:00:00,2203
1319,2020-07-23 09:45:00,2204
1320,2020-07-23 09:45:00,2205
1321,2020-07-23 11:15:00,2206
1322,2020-07-23 11:15:00,2207
1323,2020-07-23 13:00:00,2208
1324,2020-07-23 14:30:00,2210
1325,2020-07-23 16:30:00,2211
1326,2020-07-23 17:15:00,2212
1327,2020-07-24 10:00:00,2213
1328,2020-07-24 12:45:00,2217
1329,2020-07-24 13:15:00,2219
1330,2020-07-24 13:45:00,2221
1331,2020-07-24 13:45:00,2222
1332,2020-07-24 15:00:00,2223
1333,2020-07-24 16:00:00,2225
1334,2020-07-24 16:45:00,2226
1335,2020-07-25 11:00:00,2228
1336,2020-07-25 12:30:00,2230
1337,2020-07-25 14:30:00,2233
1338,2020-07-26 09:00:00,2238
1339,2020-07-26 12:45:00,2241
1340,2020-07-26 14:30:00,2242
1341,2020-07-26 15:00:00,2243
1342,2020-07-26 16:15:00,2245
1343,2020-07-26 17:15:00,2248
1344,2020-07-27 09:30:00,2250
1345,2020-07-27 10:30:00,2251
1346,2020-07-27 13:30:00,2255
1347,2020-07-27 15:15:00,2257
1348,2020-07-27 16:45:00,2259
1349,2020-07-28 08:30:00,2260
1350,2020-07-28 13:15:00,2261
1351,2020-07-28 13:30:00,2262
1352,2020-07-28 13:30:00,2263
1353,2020-07-28 14:30:00,2264
1354,2020-07-28 14:45:00,2265
1355,2020-07-28 16:15:00,2266
1356,2020-07-29 10:00:00,2271
1357,2020-07-29 10:45:00,2272
1358,2020-07-29 11:00:00,2273
1359,2020-07-29 11:45:00,2274
1360,2020-07-29 12:45:00,2276
1361,2020-07-29 13:45:00,2277
1362,2020-07-30 09:30:00,2280
1363,2020-07-30 11:30:00,2282
1364,2020-07-30 11:30:00,2283
1365,2020-07-30 11:45:00,2284
1366,2020-07-30 13:00:00,2286
1367,2020-07-30 15:30:00,2289
1368,2020-07-30 16:15:00,2290
1369,2020-07-30 16:45:00,2292
1370,2020-07-31 08:45:00,2295
1371,2020-07-31 10:00:00,2296
1372,2020-07-31 10:45:00,2297
1373,2020-07-31 11:30:00,2299
1374,2020-07-31 14:15:00,2303
1375,2020-07-31 15:15:00,2304
1376,2020-07-31 17:15:00,2305
1377,2020-08-01 08:30:00,2306
1378,2020-08-01 09:45:00,2307
1379,2020-08-01 10:45:00,2308
1380,2020-08-01 11:15:00,2309
1381,2020-08-01 12:15:00,2310
1382,2020-08-01 14:45:00,2312
1383,2020-08-01 15:00:00,2313
1384,2020-08-01 15:00:00,2314
1385,2020-08-01 17:00:00,2317
1386,2020-08-02 10:45:00,2319
1387,2020-08-02 11:15:00,2320
1388,2020-08-02 13:45:00,2321
1389,2020-08-02 14:00:00,2322
1390,2020-08-03 08:30:00,2327
1391,2020-08-03 09:45:00,2328
1392,2020-08-03 10:30:00,2329
1393,2020-08-03 11:45:00,2331
1394,2020-08-03 14:30:00,2334
1395,2020-08-03 15:15:00,2336
1396,2020-08-04 08:45:00,2342
1397,2020-08-04 09:30:00,2344
1398,2020-08-04 09:45:00,2345
1399,2020-08-04 10:45:00,2346
1400,2020-08-04 12:45:00,2348
1401,2020-08-04 14:00:00,2349
1402,2020-08-04 15:45:00,2351
1403,2020-08-04 16:00:00,2352
1404,2020-08-04 16:15:00,2353
1405,2020-08-05 09:30:00,2354
1406,2020-08-05 09:45:00,2355
1407,2020-08-05 15:00:00,2359
1408,2020-08-05 15:15:00,2360
1409,2020-08-05 16:00:00,2361
1410,2020-08-05 16:00:00,2363
1411,2020-08-05 17:00:00,2365
1412,2020-08-06 11:45:00,2370
1413,2020-08-06 12:30:00,2371
1414,2020-08-06 13:00:00,2372
1415,2020-08-06 13:15:00,2373
1416,2020-08-06 13:30:00,2374
1417,2020-08-06 15:30:00,2375
1418,2020-08-06 16:45:00,2377
1419,2020-08-07 09:00:00,2378
1420,2020-08-07 10:00:00,2380
1421,2020-08-07 11:00:00,2381
1422,2020-08-07 12:45:00,2382
1423,2020-08-07 13:15:00,2383
1424,2020-08-07 14:00:00,2385
1425,2020-08-07 14:45:00,2388
1426,2020-08-07 16:30:00,2390
1427,2020-08-08 09:30:00,2391
1428,2020-08-08 11:45:00,2394
1429,2020-08-08 12:30:00,2396
1430,2020-08-08 12:45:00,2397
1431,2020-08-08 14:00:00,2398
1432,2020-08-08 16:30:00,2399
1433,2020-08-09 13:45:00,2401
1434,2020-08-09 14:00:00,2402
1435,2020-08-09 14:30:00,2403
1436,2020-08-09 14:30:00,2404
1437,2020-08-09 14:45:00,2405
1438,2020-08-09 16:30:00,2408
1439,2020-08-09 16:45:00,2409
1440,2020-08-09 17:00:00,2410
1441,2020-08-09 17:00:00,2411
1442,2020-08-09 17:00:00,2412
1443,2020-08-10 09:45:00,2414
1444,2020-08-10 11:15:00,2415
1445,2020-08-10 13:00:00,2416
1446,2020-08-10 13:00:00,2417
1447,2020-08-10 14:00:00,2418
1448,2020-08-10 14:15:00,2419
1449,2020-08-10 14:30:00,2420
1450,2020-08-10 16:45:00,2422
1451,2020-08-11 10:45:00,2423
1452,2020-08-11 13:30:00,2425
1453,2020-08-12 12:00:00,2431
1454,2020-08-12 13:15:00,2433
1455,2020-08-12 13:30:00,2434
1456,2020-08-12 14:15:00,2435
1457,2020-08-12 14:45:00,2436
1458,2020-08-12 15:45:00,2438
1459,2020-08-13 08:45:00,2439
1460,2020-08-13 09:30:00,2440
1461,2020-08-13 09:30:00,2441
1462,2020-08-13 10:15:00,2443
1463,2020-08-13 10:30:00,2444
1464,2020-08-13 10:45:00,2445
1465,2020-08-13 14:45:00,2446
1466,2020-08-14 13:00:00,2453
1467,2020-08-14 14:15:00,2455
1468,2020-08-14 15:30:00,2457
1469,2020-08-15 10:00:00,2461
1470,2020-08-15 11:30:00,2463
1471,2020-08-15 12:15:00,2464
1472,2020-08-15 13:30:00,2465
1473,2020-08-15 14:00:00,2466
1474,2020-08-15 14:15:00,2467
1475,2020-08-15 14:30:00,2469
1476,2020-08-15 16:45:00,2470
1477,2020-08-16 08:45:00,2471
1478,2020-08-16 09:30:00,2473
1479,2020-08-16 09:30:00,2474
1480,2020-08-16 14:30:00,2476
1481,2020-08-16 15:00:00,2477
1482,2020-08-16 15:45:00,2478
1483,2020-08-17 08:45:00,2482
1484,2020-08-17 09:30:00,2483
1485,2020-08-17 14:30:00,2488
1486,2020-08-17 15:45:00,2490
1487,2020-08-18 08:45:00,2494
1488,2020-08-18 10:00:00,2496
1489,2020-08-18 11:00:00,2497
1490,2020-08-18 12:00:00,2499
1491,2020-08-18 13:00:00,2500
1492,2020-08-18 13:45:00,2502
1493,2020-08-18 14:00:00,2503
1494,2020-08-18 14:15:00,2504
1495,2020-08-19 10:45:00,2507
1496,2020-08-19 13:15:00,2509
1497,2020-08-19 13:30:00,2510
1498,2020-08-19 14:30:00,2511
1499,2020-08-19 15:30:00,2512
1500,2020-08-19 16:30:00,2514
1501,2020-08-20 10:30:00,2519
1502,2020-08-20 11:45:00,2522
1503,2020-08-20 13:15:00,2524
1504,2020-08-20 15:15:00,2526
1505,2020-08-21 09:00:00,2530
1506,2020-08-21 09:30:00,2531
1507,2020-08-21 10:00:00,2532
1508,2020-08-21 10:45:00,2533
1509,2020-08-21 15:15:00,2536
1510,2020-08-21 15:30:00,2537
1511,2020-08-21 15:45:00,2538
1512,2020-08-21 16:15:00,2540
1513,2020-08-22 08:45:00,2542
1514,2020-08-22 08:45:00,2543
1515,2020-08-22 09:00:00,2544
1516,2020-08-22 10:00:00,2546
1517,2020-08-22 12:45:00,2549
1518,2020-08-22 13:30:00,2551
1519,2020-08-22 15:30:00,2553
1520,2020-08-22 17:00:00,2555
1521,2020-08-23 09:15:00,2556
1522,2020-08-23 10:30:00,2557
1523,2020-08-23 13:00:00,2560
1524,2020-08-23 14:00:00,2562
1525,2020-08-23 14:30:00,2563
1526,2020-08-23 15:30:00,2564
1527,2020-08-23 16:15:00,2565
1528,2020-08-24 09:45:00,2566
1529,2020-08-24 10:00:00,2567
1530,2020-08-24 11:30:00,2568
1531,2020-08-24 12:45:00,2572
1532,2020-08-24 15:00:00,2574
1533,2020-08-25 12:30:00,2578
1534,2020-08-25 14:15:00,2579
1535,2020-08-25 14:15:00,2580
1536,2020-08-25 14:30:00,2581
1537,2020-08-25 15:45:00,2583
1538,2020-08-25 17:00:00,2586
1539,2020-08-25 17:15:00,2587
1540,2020-08-26 08:30:00,2588
1541,2020-08-26 09:15:00,2589
1542,2020-08-26 10:00:00,2590
1543,2020-08-26 11:45:00,2592
1544,2020-08-26 12:30:00,2594
1545,2020-08-27 09:30:00,2600
1546,2020-08-27 09:45:00,2601
1547,2020-08-27 11:30:00,2603
1548,2020-08-27 13:15:00,2607
1549,2020-08-27 17:00:00,2609
1550,2020-08-27 17:15:00,2610
1551,2020-08-28 08:45:00,2611
1552,2020-08-28 09:45:00,2613
1553,2020-08-28 10:45:00,2614
1554,2020-08-28 11:30:00,2615
1555,2020-08-28 13:30:00,2617
1556,2020-08-28 15:00:00,2618
1557,2020-08-28 15:00:00,2619
1558,2020-08-29 10:30:00,2621
1559,2020-08-29 13:15:00,2623
1560,2020-08-29 14:00:00,2625
1561,2020-08-30 10:00:00,2632
1562,2020-08-30 10:45:00,2633
1563,2020-08-30 12:30:00,2634
1564,2020-08-30 13:45:00,2635
1565,2020-08-30 14:00:00,2636
1566,2020-08-30 14:30:00,2637
1567,2020-08-30 14:30:00,2638
1568,2020-08-30 14:30:00,2639
1569,2020-08-30 16:45:00,2640
1570,2020-08-30 17:15:00,2641
1571,2020-08-31 10:45:00,2645
1572,2020-08-31 11:00:00,2646
1573,2020-08-31 12:00:00,2647
1574,2020-08-31 14:00:00,2648
1575,2020-08-31 16:00:00,2650
1576,2020-08-31 16:30:00,2651
1577,2020-09-01 09:00:00,2655
1578,2020-09-01 09:45:00,2657
1579,2020-09-01 11:00:00,2658
1580,2020-09-01 12:15:00,2659
1581,2020-09-01 17:15:00,2663
1582,2020-09-02 08:30:00,2664
1583,2020-09-02 13:15:00,2667
1584,2020-09-02 14:15:00,2668
1585,2020-09-02 16:00:00,2670
1586,2020-09-02 16:30:00,2672
1587,2020-09-02 16:30:00,2673
1588,2020-09-03 08:30:00,2675
1589,2020-09-03 10:00:00,2676
1590,2020-09-03 10:00:00,2677
1591,2020-09-03 11:00:00,2678
1592,2020-09-03 11:15:00,2679
1593,2020-09-03 11:30:00,2681
1594,2020-09-03 11:45:00,2682
1595,2020-09-03 15:45:00,2683
1596,2020-09-03 17:00:00,2685
1597,2020-09-04 10:00:00,2686
1598,2020-09-04 11:00:00,2687
1599,2020-09-04 11:45:00,2689
1600,2020-09-04 14:30:00,2693
1601,2020-09-04 14:45:00,2694
1602,2020-09-04 15:00:00,2695
1603,2020-09-04 16:15:00,2696
1604,2020-09-04 17:15:00,2697
1605,2020-09-04 17:15:00,2698
1606,2020-09-05 09:30:00,2699
1607,2020-09-05 09:45:00,2700
1608,2020-09-05 10:15:00,2701
1609,2020-09-05 11:00:00,2702
1610,2020-09-05 11:45:00,2703
1611,2020-09-05 13:15:00,2706
1612,2020-09-05 13:30:00,2707
1613,2020-09-05 13:45:00,2708
1614,2020-09-05 14:30:00,2710
1615,2020-09-06 08:45:00,2713
1616,2020-09-06 10:00:00,2714
1617,2020-09-06 13:00:00,2717
1618,2020-09-06 14:15:00,2718
1619,2020-09-06 16:45:00,2720
1620,2020-09-07 08:30:00,2721
1621,2020-09-07 08:45:00,2722
1622,2020-09-07 11:00:00,2723
1623,2020-09-07 12:00:00,2724
1624,2020-09-07 12:15:00,2725
1625,2020-09-07 13:30:00,2727
1626,2020-09-07 17:15:00,2731
1627,2020-09-07 17:15:00,2732
1628,2020-09-08 09:45:00,2733
1629,2020-09-08 10:00:00,2734
1630,2020-09-08 10:30:00,2735
1631,2020-09-08 11:45:00,2736
1632,2020-09-08 15:45:00,2741
1633,2020-09-08 16:00:00,2742
1634,2020-09-08 16:15:00,2743
1635,2020-09-09 09:00:00,2744
1636,2020-09-09 09:00:00,2745
1637,2020-09-09 09:45:00,2746
1638,2020-09-09 10:15:00,2747
1639,2020-09-09 13:45:00,2750
1640,2020-09-09 14:00:00,2752
1641,2020-09-09 14:00:00,2753
1642,2020-09-09 16:15:00,2755
1643,2020-09-10 10:30:00,2757
1644,2020-09-10 13:00:00,2758
1645,2020-09-10 13:30:00,2760
1646,2020-09-10 15:45:00,2762
1647,2020-09-10 16:15:00,2763
1648,2020-09-11 09:00:00,2764
1649,2020-09-11 09:45:00,2765
1650,2020-09-11 10:45:00,2766
1651,2020-09-11 11:45:00,2769
1652,2020-09-11 14:15:00,2771
1653,2020-09-12 09:15:00,2775
1654,2020-09-12 13:00:00,2777
1655,2020-09-12 13:15:00,2778
1656,2020-09-12 15:00:00,2780
1657,2020-09-12 16:00:00,2783
1658,2020-09-12 16:15:00,2784
1659,2020-09-13 09:30:00,2786
1660,2020-09-13 10:30:00,2788
1661,2020-09-13 11:30:00,2789
1662,2020-09-13 13:30:00,2790
1663,2020-09-13 14:00:00,2791
1664,2020-09-13 14:30:00,2793
1665,2020-09-13 16:15:00,2796
1666,2020-09-13 16:30:00,2797
1667,2020-09-14 11:00:00,2801
1668,2020-09-14 13:45:00,2803
1669,2020-09-14 15:00:00,2805
1670,2020-09-14 15:00:00,2806
1671,2020-09-15 09:45:00,2808
1672,2020-09-15 10:15:00,2810
1673,2020-09-15 12:15:00,2812
1674,2020-09-15 14:00:00,2814
1675,2020-09-15 14:30:00,2815
1676,2020-09-15 15:00:00,2816
1677,2020-09-15 15:30:00,2817
1678,2020-09-15 16:30:00,2818
1679,2020-09-16 11:45:00,2820
1680,2020-09-16 12:00:00,2821
1681,2020-09-16 12:00:00,2822
1682,2020-09-16 14:15:00,2825
1683,2020-09-16 15:00:00,2826
1684,2020-09-16 15:15:00,2827
1685,2020-09-16 15:30:00,2828
1686,2020-09-16 16:30:00,2829
1687,2020-09-17 13:00:00,2832
1688,2020-09-17 13:15:00,2833
1689,2020-09-17 13:45:00,2834
1690,2020-09-17 14:30:00,2835
1691,2020-09-17 16:15:00,2836
1692,2020-09-17 16:30:00,2837
1693,2020-09-17 16:45:00,2838
1694,2020-09-17 17:15:00,2839
1695,2020-09-18 08:30:00,2840
1696,2020-09-18 08:30:00,2841
1697,2020-09-18 10:00:00,2843
1698,2020-09-18 13:00:00,2845
1699,2020-09-18 13:00:00,2846
1700,2020-09-18 13:45:00,2848
1701,2020-09-18 16:00:00,2850
1702,2020-09-19 11:15:00,2853
1703,2020-09-19 13:00:00,2854
1704,2020-09-19 15:00:00,2857
1705,2020-09-19 15:00:00,2858
1706,2020-09-19 15:45:00,2859
1707,2020-09-20 10:00:00,2865
1708,2020-09-20 12:45:00,2870
1709,2020-09-20 15:45:00,2871
1710,2020-09-20 15:45:00,2872
1711,2020-09-21 08:30:00,2874
1712,2020-09-21 09:15:00,2875
1713,2020-09-21 11:15:00,2876
1714,2020-09-21 12:15:00,2877
1715,2020-09-21 14:15:00,2878
1716,2020-09-21 16:45:00,2882
1717,2020-09-22 10:00:00,2885
1718,2020-09-22 12:15:00,2887
1719,2020-09-22 14:00:00,2888
1720,2020-09-22 14:45:00,2890
1721,2020-09-22 15:00:00,2891
1722,2020-09-22 15:15:00,2892
1723,2020-09-22 16:30:00,2893
1724,2020-09-22 16:45:00,2894
1725,2020-09-23 08:45:00,2895
1726,2020-09-23 08:45:00,2896
1727,2020-09-23 10:30:00,2897
1728,2020-09-23 13:15:00,2900
1729,2020-09-23 13:15:00,2901
1730,2020-09-23 16:00:00,2905
1731,2020-09-24 08:30:00,2906
1732,2020-09-24 09:30:00,2908
1733,2020-09-24 09:45:00,2910
1734,2020-09-24 12:15:00,2912
1735,2020-09-24 12:45:00,2914
1736,2020-09-24 13:45:00,2916
1737,2020-09-24 15:30:00,2917
1738,2020-09-25 08:30:00,2919
1739,2020-09-25 12:15:00,2922
1740,2020-09-25 12:15:00,2923
1741,2020-09-25 14:45:00,2926
1742,2020-09-25 15:00:00,2927
1743,2020-09-25 17:15:00,2930
1744,2020-09-26 08:30:00,2931
1745,2020-09-26 08:45:00,2932
1746,2020-09-26 09:30:00,2933
1747,2020-09-26 10:00:00,2934
1748,2020-09-26 11:15:00,2935
1749,2020-09-26 13:00:00,2936
1750,2020-09-26 13:15:00,2938
1751,2020-09-26 13:15:00,2939
1752,2020-09-26 15:00:00,2940
1753,2020-09-27 08:30:00,2941
1754,2020-09-27 09:15:00,2942
1755,2020-09-27 10:15:00,2944
1756,2020-09-27 11:00:00,2945
1757,2020-09-27 12:30:00,2946
1758,2020-09-27 13:00:00,2947
1759,2020-09-27 14:45:00,2948
1760,2020-09-27 17:00:00,2949
1761,2020-09-28 11:00:00,2952
1762,2020-09-28 11:15:00,2953
1763,2020-09-28 11:30:00,2954
1764,2020-09-28 13:30:00,2956
1765,2020-09-28 14:15:00,2957
1766,2020-09-28 16:15:00,2959
1767,2020-09-28 17:00:00,2960
1768,2020-09-29 11:30:00,2962
1769,2020-09-29 12:45:00,2964
1770,2020-09-29 13:30:00,2965
1771,2020-09-29 13:45:00,2966
1772,2020-09-29 15:30:00,2967
1773,2020-09-29 15:45:00,2968
1774,2020-09-29 16:00:00,2969
1775,2020-09-29 16:00:00,2970
1776,2020-09-30 08:45:00,2972
1777,2020-09-30 09:45:00,2973
1778,2020-09-30 10:45:00,2974
1779,2020-09-30 12:15:00,2976
1780,2020-09-30 12:45:00,2977
1781,2020-09-30 16:45:00,2984
1782,2020-10-01 12:15:00,2989
1783,2020-10-01 13:00:00,2990
1784,2020-10-01 13:30:00,2991
1785,2020-10-02 08:45:00,2994
1786,2020-10-02 09:15:00,2996
1787,2020-10-02 09:30:00,2997
1788,2020-10-02 09:45:00,2998
1789,2020-10-02 10:00:00,2999
1790,2020-10-02 14:15:00,3002
1791,2020-10-02 16:00:00,3004
1792,2020-10-03 13:15:00,3006
1793,2020-10-03 13:30:00,3007
1794,2020-10-03 15:30:00,3010
1795,2020-10-03 16:45:00,3012
1796,2020-10-03 17:15:00,3013
1797,2020-10-04 08:30:00,3014
1798,2020-10-04 08:45:00,3015
1799,2020-10-04 10:00:00,3017
1800,2020-10-04 11:00:00,3018
1801,2020-10-04 12:15:00,3019
1802,2020-10-04 12:45:00,3020
1803,2020-10-04 16:15:00,3022
1804,2020-10-04 16:30:00,3023
1805,2020-10-05 09:45:00,3025
1806,2020-10-05 11:15:00,3026
1807,2020-10-05 11:45:00,3027
1808,2020-10-05 12:30:00,3028
1809,2020-10-05 15:15:00,3030
1810,2020-10-05 15:30:00,3031
1811,2020-10-05 17:00:00,3033
1812,2020-10-06 09:30:00,3035
1813,2020-10-06 11:45:00,3036
1814,2020-10-06 12:15:00,3037
1815,2020-10-06 13:45:00,3041
1816,2020-10-06 16:00:00,3042
1817,2020-10-06 16:00:00,3043
1818,2020-10-06 17:15:00,3045
1819,2020-10-07 09:00:00,3046
1820,2020-10-07 09:30:00,3047
1821,2020-10-07 09:30:00,3048
1822,2020-10-07 09:45:00,3049
1823,2020-10-07 10:45:00,3051
1824,2020-10-07 11:00:00,3052
1825,2020-10-07 13:45:00,3054
1826,2020-10-07 13:45:00,3055
1827,2020-10-08 09:30:00,3060
1828,2020-10-08 10:00:00,3061
1829,2020-10-08 11:15:00,3062
1830,2020-10-08 11:15:00,3063
1831,2020-10-08 13:15:00,3064
1832,2020-10-08 13:45:00,3065
1833,2020-10-09 08:30:00,3070
1834,2020-10-09 09:30:00,3071
1835,2020-10-09 10:30:00,3072
1836,2020-10-09 12:00:00,3073
1837,2020-10-09 14:15:00,3079
1838,2020-10-09 14:30:00,3080
1839,2020-10-09 16:30:00,3081
1840,2020-10-10 10:00:00,3083
1841,2020-10-10 11:15:00,3085
1842,2020-10-10 13:15:00,3088
1843,2020-10-10 13:15:00,3089
1844,2020-10-10 14:30:00,3091
1845,2020-10-10 16:00:00,3092
1846,2020-10-10 16:00:00,3093
1847,2020-10-10 17:15:00,3094
1848,2020-10-11 09:30:00,3095
1849,2020-10-11 11:00:00,3098
1850,2020-10-11 11:15:00,3100
1851,2020-10-11 13:00:00,3102
1852,2020-10-12 08:30:00,3104
1853,2020-10-12 08:45:00,3105
1854,2020-10-12 10:30:00,3106
1855,2020-10-12 10:45:00,3107
1856,2020-10-12 12:30:00,3108
1857,2020-10-12 13:15:00,3109
1858,2020-10-12 13:45:00,3110
1859,2020-10-12 14:00:00,3111
1860,2020-10-12 15:45:00,3112
1861,2020-10-12 16:30:00,3114
1862,2020-10-13 12:30:00,3118
1863,2020-10-13 12:45:00,3120
1864,2020-10-13 13:30:00,3121
1865,2020-10-13 14:00:00,3122
1866,2020-10-13 14:45:00,3123
1867,2020-10-13 15:00:00,3124
1868,2020-10-13 16:00:00,3126
1869,2020-10-14 09:45:00,3130
1870,2020-10-14 10:15:00,3131
1871,2020-10-14 10:30:00,3132
1872,2020-10-14 14:15:00,3134
1873,2020-10-14 16:45:00,3135
1874,2020-10-15 14:00:00,3141
1875,2020-10-15 15:30:00,3143
1876,2020-10-15 16:15:00,3144
1877,2020-10-15 17:00:00,3145
1878,2020-10-16 09:45:00,3147
1879,2020-10-16 11:00:00,3150
1880,2020-10-16 11:30:00,3151
1881,2020-10-16 12:00:00,3152
1882,2020-10-16 13:45:00,3153
1883,2020-10-17 09:15:00,3157
1884,2020-10-17 12:15:00,3159
1885,2020-10-17 12:45:00,3160
1886,2020-10-17 13:30:00,3162
1887,2020-10-17 15:00:00,3164
1888,2020-10-17 15:00:00,3165
1889,2020-10-18 14:00:00,3169
1890,2020-10-18 16:00:00,3171
1891,2020-10-18 16:15:00,3172
1892,2020-10-18 16:15:00,3173
1893,2020-10-18 17:00:00,3174
1894,2020-10-19 10:30:00,3177
1895,2020-10-19 10:45:00,3178
1896,2020-10-19 11:00:00,3179
1897,2020-10-19 11:30:00,3181
1898,2020-10-19 13:00:00,3184
1899,2020-10-19 14:00:00,3185
1900,2020-10-19 14:30:00,3187
1901,2020-10-19 16:30:00,3189
1902,2020-10-19 17:00:00,3190
1903,2020-10-20 11:00:00,3194
1904,2020-10-20 16:30:00,3198
1905,2020-10-20 17:15:00,3199
1906,2020-10-21 11:45:00,3201
1907,2020-10-21 12:30:00,3204
1908,2020-10-21 14:15:00,3205
1909,2020-10-21 15:15:00,3207
1910,2020-10-21 16:30:00,3209
1911,2020-10-22 09:45:00,3211
1912,2020-10-22 10:30:00,3213
1913,2020-10-22 11:30:00,3214
1914,2020-10-22 14:30:00,3217
1915,2020-10-22 17:00:00,3219
1916,2020-10-23 09:30:00,3220
1917,2020-10-23 11:00:00,3221
1918,2020-10-23 14:30:00,3225
1919,2020-10-23 14:30:00,3226
1920,2020-10-23 16:00:00,3228
1921,2020-10-23 17:00:00,3229
1922,2020-10-24 09:00:00,3233
1923,2020-10-24 12:30:00,3237
1924,2020-10-24 13:15:00,3238
1925,2020-10-24 14:30:00,3239
1926,2020-10-24 15:30:00,3240
1927,2020-10-24 16:00:00,3241
1928,2020-10-24 16:00:00,3242
1929,2020-10-25 08:45:00,3244
1930,2020-10-25 10:30:00,3246
1931,2020-10-25 11:30:00,3247
1932,2020-10-26 09:15:00,3253
1933,2020-10-26 11:30:00,3254
1934,2020-10-26 11:30:00,3255
1935,2020-10-26 13:00:00,3256
1936,2020-10-26 13:15:00,3257
1937,2020-10-26 14:15:00,3259
1938,2020-10-26 16:45:00,3261
1939,2020-10-27 08:30:00,3262
1940,2020-10-27 10:00:00,3263
1941,2020-10-27 10:15:00,3264
1942,2020-10-27 13:45:00,3266
1943,2020-10-27 16:45:00,3271
1944,2020-10-27 17:15:00,3272
1945,2020-10-28 10:45:00,3276
1946,2020-10-28 10:45:00,3277
1947,2020-10-28 11:45:00,3278
1948,2020-10-28 12:00:00,3279
1949,2020-10-28 12:45:00,3281
1950,2020-10-28 13:00:00,3282
1951,2020-10-28 15:00:00,3283
1952,2020-10-29 13:00:00,3287
1953,2020-10-29 14:15:00,3288
1954,2020-10-29 17:15:00,3293
1955,2020-10-29 17:15:00,3294
1956,2020-10-30 08:30:00,3295
1957,2020-10-30 10:45:00,3297
1958,2020-10-30 11:15:00,3299
1959,2020-10-30 13:15:00,3302
1960,2020-10-30 14:00:00,3303
1961,2020-10-30 14:30:00,3304
1962,2020-10-31 08:30:00,3306
1963,2020-10-31 10:00:00,3308
1964,2020-10-31 10:45:00,3310
1965,2020-10-31 16:15:00,3313
1966,2020-10-31 17:15:00,3315
1967,2020-11-01 09:30:00,3317
1968,2020-11-01 12:30:00,3318
1969,2020-11-01 14:15:00,3319
1970,2020-11-01 14:30:00,3320
1971,2020-11-01 14:45:00,3322
1972,2020-11-01 15:30:00,3323
1973,2020-11-01 17:15:00,3325
1974,2020-11-02 09:30:00,3329
1975,2020-11-02 11:15:00,3330
1976,2020-11-02 11:30:00,3331
1977,2020-11-02 11:45:00,3332
1978,2020-11-02 11:45:00,3333
1979,2020-11-02 17:00:00,3337
1980,2020-11-03 12:45:00,3341
1981,2020-11-03 12:45:00,3342
1982,2020-11-03 12:45:00,3343
1983,2020-11-03 14:45:00,3345
1984,2020-11-03 17:00:00,3348
1985,2020-11-04 12:00:00,3350
1986,2020-11-04 12:45:00,3351
1987,2020-11-04 14:00:00,3352
1988,2020-11-04 14:30:00,3354
1989,2020-11-04 14:30:00,3355
1990,2020-11-04 15:00:00,3356
1991,2020-11-04 15:45:00,3357
1992,2020-11-04 16:00:00,3358
1993,2020-11-04 16:15:00,3359
1994,2020-11-05 08:45:00,3363
1995,2020-11-05 09:00:00,3364
1996,2020-11-05 10:15:00,3365
1997,2020-11-05 10:15:00,3366
1998,2020-11-05 10:45:00,3367
1999,2020-11-05 11:00:00,3368
2000,2020-11-05 13:45:00,3371
2001,2020-11-06 10:30:00,3373
2002,2020-11-06 11:30:00,3374
2003,2020-11-06 12:00:00,3375
2004,2020-11-06 14:45:00,3377
2005,2020-11-06 17:15:00,3381
2006,2020-11-07 11:30:00,3385
2007,2020-11-07 13:15:00,3389
2008,2020-11-07 16:30:00,3391
2009,2020-11-08 09:45:00,3392
2010,2020-11-08 10:00:00,3394
2011,2020-11-08 11:45:00,3396
2012,2020-11-08 14:30:00,3399
2013,2020-11-08 15:30:00,3401
2014,2020-11-09 08:30:00,3404
2015,2020-11-09 10:00:00,3407
2016,2020-11-09 11:15:00,3408
2017,2020-11-09 11:30:00,3409
2018,2020-11-09 13:30:00,3410
2019,2020-11-09 14:45:00,3411
2020,2020-11-09 17:00:00,3412
2021,2020-11-10 09:15:00,3413
2022,2020-11-10 09:30:00,3414
2023,2020-11-10 11:15:00,3416
2024,2020-11-10 12:00:00,3418
2025,2020-11-10 12:30:00,3419
2026,2020-11-10 14:45:00,3421
2027,2020-11-10 16:15:00,3422
2028,2020-11-10 17:00:00,3423
2029,2020-11-10 17:15:00,3424
2030,2020-11-11 08:45:00,3425
2031,2020-11-11 10:00:00,3427
2032,2020-11-11 11:30:00,3428
2033,2020-11-11 12:00:00,3429
2034,2020-11-11 12:45:00,3431
2035,2020-11-11 12:45:00,3432
2036,2020-11-11 16:15:00,3435
2037,2020-11-12 10:00:00,3437
2038,2020-11-12 10:15:00,3439
2039,2020-11-12 11:00:00,3440
2040,2020-11-12 13:00:00,3442
2041,2020-11-12 13:00:00,3443
2042,2020-11-12 14:00:00,3444
2043,2020-11-12 14:30:00,3445
2044,2020-11-12 16:30:00,3447
2045,2020-11-12 16:45:00,3448
2046,2020-11-13 09:15:00,3449
2047,2020-11-13 09:30:00,3450
2048,2020-11-13 11:45:00,3452
2049,2020-11-13 14:00:00,3454
2050,2020-11-13 16:00:00,3455
2051,2020-11-14 10:00:00,3457
2052,2020-11-14 10:15:00,3458
2053,2020-11-14 10:45:00,3461
2054,2020-11-14 11:45:00,3462
2055,2020-11-14 12:30:00,3463
2056,2020-11-14 12:45:00,3464
2057,2020-11-14 14:00:00,3465
2058,2020-11-14 14:15:00,3466
2059,2020-11-14 14:30:00,3467
2060,2020-11-15 09:15:00,3469
2061,2020-11-15 09:30:00,3471
2062,2020-11-15 10:30:00,3473
2063,2020-11-15 12:30:00,3475
2064,2020-11-16 09:00:00,3477
2065,2020-11-16 11:15:00,3478
2066,2020-11-16 11:15:00,3480
2067,2020-11-16 11:30:00,3481
2068,2020-11-16 13:30:00,3482
2069,2020-11-16 15:00:00,3483
2070,2020-11-16 15:45:00,3484
2071,2020-11-16 16:15:00,3485
2072,2020-11-17 09:45:00,3488
2073,2020-11-17 11:15:00,3490
2074,2020-11-17 13:45:00,3492
2075,2020-11-17 14:00:00,3493
2076,2020-11-18 08:30:00,3498
2077,2020-11-18 08:30:00,3499
2078,2020-11-18 11:00:00,3500
2079,2020-11-18 12:15:00,3502
2080,2020-11-18 12:30:00,3504
2081,2020-11-18 13:00:00,3505
2082,2020-11-18 14:30:00,3507
2083,2020-11-18 14:30:00,3508
2084,2020-11-18 15:15:00,3509
2085,2020-11-18 16:15:00,3510
2086,2020-11-19 10:30:00,3511
2087,2020-11-19 11:45:00,3515
2088,2020-11-19 14:15:00,3519
2089,2020-11-19 16:00:00,3520
2090,2020-11-19 16:45:00,3521
2091,2020-11-20 09:15:00,3522
2092,2020-11-20 12:00:00,3524
2093,2020-11-20 12:15:00,3525
2094,2020-11-20 14:30:00,3528
2095,2020-11-20 14:30:00,3529
2096,2020-11-20 15:45:00,3530
2097,2020-11-20 16:45:00,3531
2098,2020-11-21 09:15:00,3532
2099,2020-11-21 10:00:00,3533
2100,2020-11-21 10:00:00,3534
2101,2020-11-21 10:15:00,3535
2102,2020-11-21 10:30:00,3536
2103,2020-11-21 11:45:00,3539
2104,2020-11-21 12:15:00,3540
2105,2020-11-21 14:00:00,3543
2106,2020-11-21 14:30:00,3544
2107,2020-11-22 14:45:00,3550
2108,2020-11-22 15:00:00,3552
2109,2020-11-22 15:15:00,3553
2110,2020-11-22 15:45:00,3554
2111,2020-11-22 17:15:00,3555
2112,2020-11-23 09:15:00,3556
2113,2020-11-23 10:30:00,3559
2114,2020-11-23 11:15:00,3560
2115,2020-11-23 11:45:00,3561
2116,2020-11-23 15:30:00,3563
2117,2020-11-23 15:30:00,3564
2118,2020-11-24 11:00:00,3566
2119,2020-11-24 14:15:00,3568
2120,2020-11-24 15:15:00,3569
2121,2020-11-24 15:45:00,3572
2122,2020-11-24 17:15:00,3574
2123,2020-11-25 10:30:00,3578
2124,2020-11-25 11:15:00,3579
2125,2020-11-25 13:30:00,3580
2126,2020-11-25 14:15:00,3582
2127,2020-11-25 15:30:00,3583
2128,2020-11-25 16:15:00,3584
2129,2020-11-25 17:15:00,3587
2130,2020-11-26 14:15:00,3592
2131,2020-11-26 15:45:00,3594
2132,2020-11-26 17:00:00,3596
2133,2020-11-27 14:00:00,3601
2134,2020-11-27 14:15:00,3602
2135,2020-11-27 14:45:00,3603
2136,2020-11-27 16:00:00,3605
2137,2020-11-28 08:45:00,3607
2138,2020-11-28 10:30:00,3609
2139,2020-11-28 11:30:00,3610
2140,2020-11-28 12:45:00,3612
2141,2020-11-28 13:30:00,3613
2142,2020-11-28 16:00:00,3615
2143,2020-11-28 16:15:00,3616
2144,2020-11-28 16:45:00,3617
2145,2020-11-29 09:30:00,3618
2146,2020-11-29 12:30:00,3623
2147,2020-11-29 13:15:00,3625
2148,2020-11-29 14:45:00,3626
2149,2020-11-29 15:15:00,3628
2150,2020-11-29 17:00:00,3630
2151,2020-11-30 08:30:00,3631
2152,2020-11-30 09:30:00,3632
2153,2020-11-30 11:15:00,3633
2154,2020-11-30 12:15:00,3635
2155,2020-11-30 14:15:00,3637
2156,2020-11-30 14:30:00,3638
2157,2020-11-30 15:30:00,3641
2158,2020-11-30 16:45:00,3642
2159,2020-12-01 11:30:00,3644
2160,2020-12-01 12:15:00,3645
2161,2020-12-01 14:30:00,3648
2162,2020-12-01 14:45:00,3649
2163,2020-12-01 15:00:00,3651
2164,2020-12-01 17:15:00,3655
2165,2020-12-02 09:45:00,3656
2166,2020-12-02 10:15:00,3657
2167,2020-12-02 11:00:00,3658
2168,2020-12-02 12:30:00,3660
2169,2020-12-02 13:45:00,3661
2170,2020-12-02 14:45:00,3664
2171,2020-12-02 15:00:00,3665
2172,2020-12-02 17:15:00,3668
2173,2020-12-03 09:00:00,3669
2174,2020-12-03 09:15:00,3670
2175,2020-12-03 09:15:00,3671
2176,2020-12-03 13:15:00,3674
2177,2020-12-03 14:15:00,3676
2178,2020-12-03 17:00:00,3678
2179,2020-12-04 08:45:00,3680
2180,2020-12-04 09:30:00,3682
2181,2020-12-04 09:30:00,3683
2182,2020-12-04 11:00:00,3684
2183,2020-12-04 14:15:00,3685
2184,2020-12-04 14:30:00,3686
2185,2020-12-04 14:45:00,3687
2186,2020-12-04 16:45:00,3690
2187,2020-12-05 09:15:00,3692
2188,2020-12-05 10:00:00,3694
2189,2020-12-05 10:00:00,3695
2190,2020-12-05 12:00:00,3696
2191,2020-12-05 12:30:00,3697
2192,2020-12-05 14:15:00,3699
2193,2020-12-05 16:00:00,3701
2194,2020-12-05 17:15:00,3703
2195,2020-12-06 08:30:00,3704
2196,2020-12-06 12:15:00,3706
2197,2020-12-06 13:15:00,3707
2198,2020-12-06 14:30:00,3708
2199,2020-12-06 15:30:00,3709
2200,2020-12-06 15:45:00,3710
2201,2020-12-06 16:30:00,3711
2202,2020-12-06 17:00:00,3712
2203,2020-12-07 11:00:00,3716
2204,2020-12-07 11:30:00,3717
2205,2020-12-07 12:00:00,3718
2206,2020-12-07 13:00:00,3719
2207,2020-12-08 10:30:00,3722
2208,2020-12-08 11:00:00,3723
2209,2020-12-08 11:15:00,3724
2210,2020-12-08 11:45:00,3725
2211,2020-12-08 12:30:00,3726
2212,2020-12-08 12:45:00,3727
2213,2020-12-08 13:30:00,3728
2214,2020-12-08 14:30:00,3730
2215,2020-12-08 14:30:00,3731
2216,2020-12-08 16:00:00,3732
2217,2020-12-09 09:00:00,3734
2218,2020-12-09 10:15:00,3735
2219,2020-12-09 10:15:00,3736
2220,2020-12-09 10:45:00,3738
2221,2020-12-09 11:15:00,3739
2222,2020-12-09 13:15:00,3741
2223,2020-12-09 15:45:00,3743
2224,2020-12-09 16:30:00,3744
2225,2020-12-10 10:15:00,3745
2226,2020-12-10 10:15:00,3746
2227,2020-12-10 10:30:00,3747
2228,2020-12-10 13:00:00,3750
2229,2020-12-10 13:45:00,3751
2230,2020-12-10 14:00:00,3752
2231,2020-12-10 14:00:00,3753
2232,2020-12-10 15:00:00,3754
2233,2020-12-11 09:00:00,3760
2234,2020-12-11 11:15:00,3763
2235,2020-12-11 11:15:00,3764
2236,2020-12-11 12:45:00,3765
2237,2020-12-11 13:00:00,3766
2238,2020-12-11 17:00:00,3768
2239,2020-12-11 17:15:00,3769
2240,2020-12-12 11:15:00,3771
2241,2020-12-12 12:45:00,3776
2242,2020-12-12 16:00:00,3779
2243,2020-12-12 16:00:00,3781
2244,2020-12-13 08:30:00,3782
2245,2020-12-13 08:45:00,3783
2246,2020-12-13 09:15:00,3785
2247,2020-12-13 10:15:00,3786
2248,2020-12-13 12:15:00,3787
2249,2020-12-13 13:00:00,3789
2250,2020-12-13 13:00:00,3790
2251,2020-12-13 16:45:00,3791
2252,2020-12-13 17:15:00,3792
2253,2020-12-14 10:00:00,3794
2254,2020-12-14 10:45:00,3795
2255,2020-12-14 11:15:00,3796
2256,2020-12-14 13:30:00,3798
2257,2020-12-14 14:00:00,3800
2258,2020-12-14 15:15:00,3801
2259,2020-12-14 15:30:00,3802
2260,2020-12-14 15:45:00,3803
2261,2020-12-15 10:00:00,3806
2262,2020-12-15 10:00:00,3807
2263,2020-12-15 10:15:00,3808
2264,2020-12-15 12:15:00,3811
2265,2020-12-15 13:45:00,3812
2266,2020-12-15 15:00:00,3814
2267,2020-12-15 15:45:00,3815
2268,2020-12-16 09:15:00,3817
2269,2020-12-16 11:45:00,3821
2270,2020-12-16 12:00:00,3822
2271,2020-12-16 14:15:00,3825
2272,2020-12-16 14:45:00,3826
2273,2020-12-16 15:00:00,3827
2274,2020-12-16 17:00:00,3828
2275,2020-12-17 08:45:00,3829
2276,2020-12-17 11:00:00,3831
2277,2020-12-17 12:45:00,3832
2278,2020-12-17 14:15:00,3833
2279,2020-12-17 14:45:00,3834
2280,2020-12-17 14:45:00,3835
2281,2020-12-17 16:15:00,3838
2282,2020-12-18 08:45:00,3840
2283,2020-12-18 09:45:00,3841
2284,2020-12-18 10:45:00,3842
2285,2020-12-18 11:00:00,3843
2286,2020-12-18 12:45:00,3844
2287,2020-12-18 14:00:00,3847
2288,2020-12-18 14:00:00,3848
2289,2020-12-18 15:00:00,3850
2290,2020-12-18 15:15:00,3851
2291,2020-12-18 16:00:00,3852
2292,2020-12-19 08:30:00,3853
2293,2020-12-19 09:30:00,3854
2294,2020-12-19 10:15:00,3855
2295,2020-12-19 12:45:00,3859
2296,2020-12-19 12:45:00,3860
2297,2020-12-19 13:00:00,3862
2298,2020-12-19 13:30:00,3863
2299,2020-12-19 15:15:00,3864
2300,2020-12-20 08:45:00,3868
2301,2020-12-20 09:00:00,3869
2302,2020-12-20 10:00:00,3870
2303,2020-12-20 12:15:00,3871
2304,2020-12-20 14:15:00,3874
2305,2020-12-20 14:30:00,3875
2306,2020-12-20 14:45:00,3876
2307,2020-12-20 17:15:00,3877
2308,2020-12-21 10:30:00,3878
2309,2020-12-21 12:30:00,3881
2310,2020-12-21 12:30:00,3882
2311,2020-12-21 13:00:00,3883
2312,2020-12-21 14:15:00,3885
2313,2020-12-21 14:45:00,3886
2314,2020-12-21 15:00:00,3888
2315,2020-12-21 16:00:00,3889
2316,2020-12-21 16:00:00,3890
2317,2020-12-22 10:15:00,3893
2318,2020-12-22 13:30:00,3896
2319,2020-12-22 14:45:00,3898
2320,2020-12-22 15:45:00,3899
2321,2020-12-22 16:45:00,3901
2322,2020-12-23 10:00:00,3903
2323,2020-12-23 10:15:00,3904
2324,2020-12-23 11:30:00,3905
2325,2020-12-23 12:45:00,3906
2326,2020-12-23 13:15:00,3908
2327,2020-12-23 14:15:00,3909
2328,2020-12-23 15:00:00,3911
2329,2020-12-23 16:30:00,3914
2330,2020-12-23 16:45:00,3915
2331,2020-12-24 10:00:00,3917
2332,2020-12-24 10:45:00,3918
2333,2020-12-24 12:15:00,3919
2334,2020-12-24 14:15:00,3921
2335,2020-12-24 14:15:00,3922
2336,2020-12-24 15:45:00,3923
2337,2020-12-24 16:30:00,3924
2338,2020-12-24 17:00:00,3925
2339,2020-12-25 09:00:00,3928
2340,2020-12-25 10:15:00,3929
2341,2020-12-25 14:00:00,3934
2342,2020-12-25 14:00:00,3935
2343,2020-12-25 14:15:00,3936
2344,2020-12-25 16:30:00,3938
2345,2020-12-26 09:00:00,3939
2346,2020-12-26 10:15:00,3941
2347,2020-12-26 12:45:00,3945
2348,2020-12-26 13:30:00,3946
2349,2020-12-27 09:15:00,3950
2350,2020-12-27 10:45:00,3951
2351,2020-12-27 13:15:00,3953
2352,2020-12-27 13:15:00,3954
2353,2020-12-27 14:00:00,3955
2354,2020-12-27 15:30:00,3956
2355,2020-12-27 16:45:00,3957
2356,2020-12-28 08:30:00,3959
2357,2020-12-28 09:00:00,3960
2358,2020-12-28 10:15:00,3962
2359,2020-12-28 10:30:00,3965
2360,2020-12-28 11:30:00,3966
2361,2020-12-28 12:15:00,3967
2362,2020-12-28 13:30:00,3968
2363,2020-12-29 09:00:00,3971
2364,2020-12-29 10:15:00,3973
2365,2020-12-29 12:30:00,3975
2366,2020-12-29 13:00:00,3977
2367,2020-12-29 13:45:00,3978
2368,2020-12-29 15:15:00,3980
2369,2020-12-29 17:00:00,3981
2370,2020-12-30 09:15:00,3982
2371,2020-12-30 12:00:00,3985
2372,2020-12-30 12:00:00,3986
2373,2020-12-30 13:15:00,3989
2374,2020-12-30 13:30:00,3990
2375,2020-12-30 16:30:00,3992
2376,2020-12-31 09:00:00,3993
2377,2020-12-31 09:30:00,3996
2378,2020-12-31 12:15:00,3997
2379,2020-12-31 12:45:00,3998
2380,2020-12-31 14:45:00,3999
2381,2020-12-31 15:00:00,4001
2382,2020-12-31 16:45:00,4002
2383,2020-12-31 16:45:00,4003
2384,2021-01-01 08:45:00,4004
2385,2021-01-01 11:00:00,4006
2386,2021-01-01 12:00:00,4007
2387,2021-01-01 12:15:00,4008
2388,2021-01-01 16:15:00,4012
2389,2021-01-01 17:15:00,4013
2390,2021-01-02 09:15:00,4016
2391,2021-01-02 09:15:00,4017
2392,2021-01-02 09:30:00,4018
2393,2021-01-02 11:15:00,4019
2394,2021-01-02 14:30:00,4021
2395,2021-01-02 15:45:00,4022
2396,2021-01-02 17:00:00,4023
2397,2021-01-03 08:45:00,4025
2398,2021-01-03 12:45:00,4029
2399,2021-01-03 13:15:00,4030
2400,2021-01-03 16:15:00,4032
2401,2021-01-04 11:00:00,4034
2402,2021-01-04 13:00:00,4035
2403,2021-01-04 13:45:00,4037
2404,2021-01-04 14:15:00,4039
2405,2021-01-04 15:45:00,4040
2406,2021-01-04 16:30:00,4041
2407,2021-01-04 16:45:00,4042
2408,2021-01-05 09:15:00,4043
2409,2021-01-05 10:15:00,4044
2410,2021-01-05 10:15:00,4045
2411,2021-01-05 10:30:00,4046
2412,2021-01-05 12:00:00,4048
2413,2021-01-05 12:15:00,4050
2414,2021-01-05 13:15:00,4052
2415,2021-01-05 15:15:00,4054
2416,2021-01-05 15:30:00,4055
2417,2021-01-06 09:30:00,4056
2418,2021-01-06 11:30:00,4057
2419,2021-01-06 12:15:00,4059
2420,2021-01-06 14:45:00,4061
2421,2021-01-06 15:15:00,4062
2422,2021-01-07 08:30:00,4064
2423,2021-01-07 08:45:00,4065
2424,2021-01-07 13:30:00,4067
2425,2021-01-07 14:30:00,4068
2426,2021-01-07 16:30:00,4070
2427,2021-01-07 17:00:00,4071
2428,2021-01-08 09:30:00,4073
2429,2021-01-08 10:15:00,4074
2430,2021-01-08 10:30:00,4076
2431,2021-01-08 13:30:00,4078
2432,2021-01-08 15:30:00,4081
2433,2021-01-08 15:45:00,4082
2434,2021-01-09 11:30:00,4084
2435,2021-01-09 11:45:00,4085
2436,2021-01-09 12:15:00,4086
2437,2021-01-09 14:15:00,4089
2438,2021-01-09 15:00:00,4090
2439,2021-01-09 15:15:00,4092
2440,2021-01-09 16:45:00,4093
2441,2021-01-10 08:45:00,4095
2442,2021-01-10 10:00:00,4096
2443,2021-01-10 10:15:00,4097
2444,2021-01-10 12:00:00,4098
2445,2021-01-10 13:45:00,4099
2446,2021-01-10 15:45:00,4101
2447,2021-01-11 11:45:00,4105
2448,2021-01-11 12:30:00,4106
2449,2021-01-11 14:00:00,4107
2450,2021-01-11 17:15:00,4111
2451,2021-01-12 09:15:00,4112
2452,2021-01-12 10:15:00,4113
2453,2021-01-12 10:15:00,4114
2454,2021-01-12 16:30:00,4118
2455,2021-01-12 16:45:00,4120
2456,2021-01-13 08:45:00,4121
2457,2021-01-13 09:30:00,4123
2458,2021-01-13 11:00:00,4124
2459,2021-01-13 12:00:00,4126
2460,2021-01-13 12:45:00,4128
2461,2021-01-13 16:15:00,4129
2462,2021-01-14 08:45:00,4131
2463,2021-01-14 11:30:00,4133
2464,2021-01-14 11:45:00,4135
2465,2021-01-14 13:45:00,4137
2466,2021-01-14 15:00:00,4138
2467,2021-01-14 16:00:00,4140
2468,2021-01-14 16:15:00,4141
2469,2021-01-15 09:00:00,4143
2470,2021-01-15 09:30:00,4144
2471,2021-01-15 13:45:00,4147
2472,2021-01-15 15:45:00,4150
2473,2021-01-15 16:00:00,4151
2474,2021-01-16 09:30:00,4153
2475,2021-01-16 11:45:00,4155
2476,2021-01-16 14:00:00,4157
2477,2021-01-16 14:15:00,4158
2478,2021-01-16 14:15:00,4159
2479,2021-01-16 16:00:00,4160
2480,2021-01-16 17:15:00,4163
2481,2021-01-17 09:15:00,4165
2482,2021-01-17 09:45:00,4166
2483,2021-01-18 08:30:00,4176
2484,2021-01-18 09:15:00,4177
2485,2021-01-18 09:30:00,4178
2486,2021-01-18 10:00:00,4179
2487,2021-01-18 10:15:00,4180
2488,2021-01-18 10:45:00,4181
2489,2021-01-18 10:45:00,4182
2490,2021-01-18 11:00:00,4183
2491,2021-01-18 13:00:00,4184
2492,2021-01-18 15:00:00,4185
2493,2021-01-18 16:45:00,4187
2494,2021-01-19 08:30:00,4188
2495,2021-01-19 08:45:00,4189
2496,2021-01-19 09:15:00,4190
2497,2021-01-19 09:45:00,4191
2498,2021-01-19 12:30:00,4195
2499,2021-01-19 15:15:00,4198
2500,2021-01-19 16:15:00,4199
2501,2021-01-20 08:45:00,4200
2502,2021-01-20 09:15:00,4202
2503,2021-01-20 09:15:00,4203
2504,2021-01-20 14:00:00,4208
2505,2021-01-20 14:30:00,4209
2506,2021-01-20 15:30:00,4210
2507,2021-01-21 08:45:00,4212
2508,2021-01-21 09:45:00,4213
2509,2021-01-21 10:30:00,4214
2510,2021-01-21 12:45:00,4216
2511,2021-01-21 13:00:00,4217
2512,2021-01-21 16:00:00,4220
2513,2021-01-21 16:00:00,4221
2514,2021-01-21 17:15:00,4222
2515,2021-01-22 08:45:00,4223
2516,2021-01-22 09:15:00,4224
2517,2021-01-22 10:45:00,4225
2518,2021-01-22 11:15:00,4226
2519,2021-01-22 12:15:00,4227
2520,2021-01-22 12:15:00,4229
2521,2021-01-22 12:45:00,4230
2522,2021-01-22 15:15:00,4231
2523,2021-01-22 15:30:00,4233
2524,2021-01-23 13:45:00,4236
2525,2021-01-23 17:00:00,4241
2526,2021-01-24 09:00:00,4242
2527,2021-01-24 10:00:00,4243
2528,2021-01-24 10:30:00,4245
2529,2021-01-24 11:00:00,4246
2530,2021-01-24 11:30:00,4247
2531,2021-01-24 11:30:00,4248
2532,2021-01-24 12:45:00,4249
2533,2021-01-24 14:15:00,4250
2534,2021-01-24 14:45:00,4251
2535,2021-01-24 16:00:00,4252
2536,2021-01-25 11:30:00,4254
2537,2021-01-25 11:30:00,4255
2538,2021-01-25 14:15:00,4259
2539,2021-01-25 15:15:00,4260
2540,2021-01-26 09:00:00,4266
2541,2021-01-26 10:15:00,4267
2542,2021-01-26 11:00:00,4268
2543,2021-01-26 11:15:00,4269
2544,2021-01-26 11:30:00,4270
2545,2021-01-26 12:30:00,4273
2546,2021-01-26 13:00:00,4274
2547,2021-01-26 17:15:00,4276
2548,2021-01-27 09:00:00,4277
2549,2021-01-27 09:15:00,4278
2550,2021-01-27 10:15:00,4279
2551,2021-01-27 10:30:00,4280
2552,2021-01-27 10:30:00,4281
2553,2021-01-27 12:30:00,4282
2554,2021-01-27 14:30:00,4285
2555,2021-01-27 16:15:00,4286
2556,2021-01-28 09:45:00,4291
2557,2021-01-28 12:30:00,4294
2558,2021-01-28 14:00:00,4296
2559,2021-01-29 09:15:00,4301
2560,2021-01-29 09:15:00,4302
2561,2021-01-29 10:00:00,4303
2562,2021-01-29 13:30:00,4304
2563,2021-01-29 14:15:00,4305
2564,2021-01-29 15:45:00,4307
2565,2021-01-29 16:15:00,4309
2566,2021-01-30 09:45:00,4311
2567,2021-01-30 11:45:00,4313
2568,2021-01-30 15:30:00,4316
2569,2021-01-30 17:00:00,4319
2570,2021-01-31 09:30:00,4320
2571,2021-01-31 09:45:00,4321
2572,2021-01-31 10:00:00,4322
2573,2021-01-31 11:15:00,4324
2574,2021-01-31 12:00:00,4325
2575,2021-01-31 12:45:00,4326
2576,2021-01-31 13:45:00,4327
2577,2021-02-01 10:45:00,4332
2578,2021-02-01 11:45:00,4336
2579,2021-02-01 12:45:00,4338
2580,2021-02-01 13:15:00,4339
2581,2021-02-01 16:00:00,4340
2582,2021-02-01 16:30:00,4342
2583,2021-02-01 17:15:00,4343
2584,2021-02-02 09:30:00,4345
2585,2021-02-02 09:45:00,4346
2586,2021-02-02 10:15:00,4348
2587,2021-02-02 11:00:00,4349
2588,2021-02-02 14:00:00,4351
2589,2021-02-02 15:15:00,4352
2590,2021-02-03 10:30:00,4356
2591,2021-02-03 12:00:00,4357
2592,2021-02-03 12:30:00,4359
2593,2021-02-03 14:15:00,4360
2594,2021-02-03 15:30:00,4362
2595,2021-02-03 15:30:00,4363
2596,2021-02-04 09:45:00,4365
2597,2021-02-04 11:30:00,4367
2598,2021-02-04 14:30:00,4369
2599,2021-02-04 14:30:00,4370
2600,2021-02-04 16:45:00,4372
2601,2021-02-05 09:15:00,4373
2602,2021-02-05 10:15:00,4375
2603,2021-02-05 13:00:00,4379
2604,2021-02-05 15:15:00,4380
2605,2021-02-05 16:30:00,4381
2606,2021-02-05 17:15:00,4383
2607,2021-02-06 11:15:00,4385
2608,2021-02-06 12:15:00,4387
2609,2021-02-06 12:15:00,4388
2610,2021-02-06 13:00:00,4389
2611,2021-02-06 15:00:00,4390
2612,2021-02-07 09:15:00,4392
2613,2021-02-07 11:30:00,4394
2614,2021-02-07 11:30:00,4395
2615,2021-02-07 12:00:00,4396
2616,2021-02-07 13:00:00,4398
2617,2021-02-07 13:30:00,4399
2618,2021-02-07 14:15:00,4400
2619,2021-02-07 14:30:00,4401
2620,2021-02-07 16:00:00,4402
2621,2021-02-07 16:00:00,4403
2622,2021-02-08 10:15:00,4405
2623,2021-02-08 10:15:00,4406
2624,2021-02-08 10:30:00,4407
2625,2021-02-08 10:45:00,4408
2626,2021-02-08 11:30:00,4410
2627,2021-02-08 11:45:00,4411
2628,2021-02-08 12:30:00,4412
2629,2021-02-08 12:45:00,4413
2630,2021-02-09 09:00:00,4415
2631,2021-02-09 09:15:00,4416
2632,2021-02-09 10:45:00,4417
2633,2021-02-09 10:45:00,4418
2634,2021-02-09 11:45:00,4420
2635,2021-02-09 13:00:00,4421
2636,2021-02-09 13:15:00,4422
2637,2021-02-09 14:15:00,4424
2638,2021-02-10 08:30:00,4426
2639,2021-02-10 10:30:00,4430
2640,2021-02-10 10:45:00,4431
2641,2021-02-10 14:45:00,4433
2642,2021-02-10 15:45:00,4434
2643,2021-02-10 16:15:00,4435
2644,2021-02-11 08:45:00,4437
2645,2021-02-11 09:45:00,4440
2646,2021-02-11 11:00:00,4441
2647,2021-02-11 14:30:00,4442
2648,2021-02-11 15:15:00,4443
2649,2021-02-12 10:30:00,4446
2650,2021-02-12 12:15:00,4447
2651,2021-02-12 12:15:00,4448
2652,2021-02-12 13:00:00,4449
2653,2021-02-12 13:00:00,4450
2654,2021-02-12 15:15:00,4452
2655,2021-02-13 09:30:00,4456
2656,2021-02-13 10:45:00,4457
2657,2021-02-13 11:45:00,4458
2658,2021-02-13 14:30:00,4460
2659,2021-02-13 16:00:00,4461
2660,2021-02-13 17:00:00,4463
2661,2021-02-14 09:15:00,4468
2662,2021-02-14 11:15:00,4470
2663,2021-02-14 12:15:00,4471
2664,2021-02-14 12:15:00,4472
2665,2021-02-14 14:00:00,4475
2666,2021-02-14 14:30:00,4476
2667,2021-02-15 11:00:00,4478
2668,2021-02-15 12:45:00,4480
2669,2021-02-15 13:00:00,4481
2670,2021-02-15 13:15:00,4482
2671,2021-02-15 13:45:00,4485
2672,2021-02-15 15:00:00,4486
2673,2021-02-15 15:30:00,4487
2674,2021-02-15 16:45:00,4488
2675,2021-02-16 09:15:00,4490
2676,2021-02-16 09:15:00,4491
2677,2021-02-16 10:15:00,4492
2678,2021-02-16 12:00:00,4493
2679,2021-02-16 12:00:00,4494
2680,2021-02-16 14:45:00,4496
2681,2021-02-17 11:15:00,4501
2682,2021-02-17 16:00:00,4507
2683,2021-02-18 10:30:00,4510
2684,2021-02-18 12:30:00,4514
2685,2021-02-18 15:15:00,4516
2686,2021-02-18 15:45:00,4517
2687,2021-02-19 09:15:00,4519
2688,2021-02-19 10:00:00,4522
2689,2021-02-19 10:15:00,4523
2690,2021-02-19 10:45:00,4524
2691,2021-02-19 10:45:00,4525
2692,2021-02-19 13:00:00,4527
2693,2021-02-19 15:45:00,4529
2694,2021-02-19 16:30:00,4530
2695,2021-02-20 09:30:00,4532
2696,2021-02-20 09:45:00,4533
2697,2021-02-20 10:45:00,4535
2698,2021-02-20 14:45:00,4538
2699,2021-02-20 16:30:00,4539
2700,2021-02-20 17:15:00,4540
2701,2021-02-20 17:15:00,4541
2702,2021-02-21 08:30:00,4542
2703,2021-02-21 10:45:00,4544
2704,2021-02-21 11:00:00,4545
2705,2021-02-21 11:15:00,4547
2706,2021-02-21 15:30:00,4550
2707,2021-02-21 16:00:00,4551
2708,2021-02-22 08:30:00,4552
2709,2021-02-22 11:15:00,4553
2710,2021-02-22 14:00:00,4557
2711,2021-02-22 15:30:00,4559
2712,2021-02-22 16:45:00,4560
2713,2021-02-23 09:15:00,4562
2714,2021-02-23 10:30:00,4563
2715,2021-02-23 12:30:00,4564
2716,2021-02-23 12:45:00,4565
2717,2021-02-23 14:15:00,4567
2718,2021-02-23 17:00:00,4573
2719,2021-02-24 11:15:00,4575
2720,2021-02-24 12:15:00,4576
2721,2021-02-24 12:15:00,4577
2722,2021-02-24 15:45:00,4581
2723,2021-02-24 16:45:00,4582
2724,2021-02-24 17:00:00,4583
2725,2021-02-25 08:45:00,4586
2726,2021-02-25 10:30:00,4590
2727,2021-02-25 12:30:00,4593
2728,2021-02-25 15:15:00,4595
2729,2021-02-25 16:00:00,4596
2730,2021-02-26 11:30:00,4599
2731,2021-02-26 12:30:00,4600
2732,2021-02-26 14:00:00,4601
2733,2021-02-26 14:15:00,4602
2734,2021-02-27 08:45:00,4604
2735,2021-02-27 09:00:00,4605
2736,2021-02-27 11:00:00,4606
2737,2021-02-27 11:15:00,4607
2738,2021-02-27 13:00:00,4609
2739,2021-02-27 14:45:00,4612
2740,2021-02-27 16:15:00,4615
2741,2021-02-27 17:00:00,4616
2742,2021-02-28 10:30:00,4617
2743,2021-02-28 11:15:00,4618
2744,2021-02-28 11:45:00,4619
2745,2021-02-28 12:30:00,4621
2746,2021-02-28 13:45:00,4623
2747,2021-02-28 14:00:00,4624
2748,2021-02-28 14:30:00,4625
2749,2021-02-28 15:45:00,4627
2750,2021-02-28 16:45:00,4629
2751,2021-03-01 09:45:00,4630
2752,2021-03-01 10:15:00,4632
2753,2021-03-01 11:30:00,4633
2754,2021-03-01 15:00:00,4636
2755,2021-03-01 16:45:00,4638
2756,2021-03-02 12:15:00,4643
2757,2021-03-02 13:00:00,4644
2758,2021-03-02 15:15:00,4646
2759,2021-03-02 16:00:00,4648
2760,2021-03-03 10:45:00,4650
2761,2021-03-03 13:00:00,4652
2762,2021-03-03 13:45:00,4654
2763,2021-03-03 14:30:00,4656
2764,2021-03-03 15:00:00,4657
2765,2021-03-04 08:30:00,4661
2766,2021-03-04 09:45:00,4663
2767,2021-03-04 12:15:00,4664
2768,2021-03-04 15:15:00,4665
2769,2021-03-04 15:15:00,4666
2770,2021-03-04 15:45:00,4668
2771,2021-03-05 11:15:00,4673
2772,2021-03-05 12:00:00,4675
2773,2021-03-05 13:30:00,4679
2774,2021-03-05 14:45:00,4680
2775,2021-03-05 17:15:00,4683
2776,2021-03-06 12:15:00,4687
2777,2021-03-06 13:15:00,4689
2778,2021-03-06 14:30:00,4690
2779,2021-03-06 14:45:00,4691
2780,2021-03-06 15:00:00,4692
2781,2021-03-07 08:30:00,4693
2782,2021-03-07 11:30:00,4696
2783,2021-03-07 12:15:00,4698
2784,2021-03-07 14:30:00,4699
2785,2021-03-07 14:45:00,4701
2786,2021-03-07 16:30:00,4702
2787,2021-03-08 09:00:00,4703
2788,2021-03-08 09:00:00,4704
2789,2021-03-08 14:00:00,4708
2790,2021-03-08 14:15:00,4709
2791,2021-03-09 09:15:00,4712
2792,2021-03-09 13:45:00,4716
2793,2021-03-09 13:45:00,4717
2794,2021-03-09 13:45:00,4718
2795,2021-03-09 15:30:00,4720
2796,2021-03-09 15:30:00,4721
2797,2021-03-10 08:30:00,4723
2798,2021-03-10 09:30:00,4724
2799,2021-03-10 12:00:00,4727
2800,2021-03-10 13:15:00,4729
2801,2021-03-10 14:30:00,4730
2802,2021-03-10 16:30:00,4732
2803,2021-03-10 16:45:00,4733
2804,2021-03-11 10:00:00,4734
2805,2021-03-11 10:45:00,4735
2806,2021-03-11 12:45:00,4738
2807,2021-03-11 14:30:00,4739
2808,2021-03-11 15:30:00,4740
2809,2021-03-11 15:30:00,4741
2810,2021-03-11 16:30:00,4742
2811,2021-03-11 16:45:00,4743
2812,2021-03-12 09:30:00,4744
2813,2021-03-12 10:00:00,4746
2814,2021-03-12 10:45:00,4747
2815,2021-03-12 11:00:00,4748
2816,2021-03-12 13:00:00,4749
2817,2021-03-12 13:30:00,4750
2818,2021-03-12 15:15:00,4753
2819,2021-03-13 08:30:00,4754
2820,2021-03-13 08:45:00,4755
2821,2021-03-13 09:00:00,4756
2822,2021-03-13 09:00:00,4757
2823,2021-03-13 09:30:00,4759
2824,2021-03-13 11:45:00,4760
2825,2021-03-13 12:45:00,4762
2826,2021-03-13 13:45:00,4763
2827,2021-03-13 14:00:00,4764
2828,2021-03-13 15:45:00,4766
2829,2021-03-14 08:45:00,4767
2830,2021-03-14 09:30:00,4768
2831,2021-03-14 10:45:00,4770
2832,2021-03-14 11:30:00,4771
2833,2021-03-14 12:00:00,4772
2834,2021-03-14 13:30:00,4773
2835,2021-03-14 13:30:00,4774
2836,2021-03-14 13:45:00,4775
2837,2021-03-14 15:00:00,4776
2838,2021-03-15 08:45:00,4779
2839,2021-03-15 09:00:00,4780
2840,2021-03-15 10:00:00,4781
2841,2021-03-15 14:15:00,4786
2842,2021-03-15 14:15:00,4787
2843,2021-03-16 09:30:00,4789
2844,2021-03-16 11:00:00,4793
2845,2021-03-16 11:15:00,4794
2846,2021-03-16 13:45:00,4797
2847,2021-03-16 15:00:00,4800
2848,2021-03-17 09:15:00,4801
2849,2021-03-17 09:30:00,4802
2850,2021-03-17 09:30:00,4803
2851,2021-03-17 10:45:00,4805
2852,2021-03-17 11:00:00,4806
2853,2021-03-17 13:45:00,4809
2854,2021-03-17 15:00:00,4810
2855,2021-03-17 16:30:00,4811
2856,2021-03-17 17:00:00,4812
2857,2021-03-18 09:15:00,4814
2858,2021-03-18 10:15:00,4815
2859,2021-03-18 12:15:00,4819
2860,2021-03-18 12:30:00,4820
2861,2021-03-18 15:45:00,4822
2862,2021-03-19 08:45:00,4825
2863,2021-03-19 11:00:00,4827
2864,2021-03-19 11:00:00,4828
2865,2021-03-19 13:15:00,4831
2866,2021-03-19 13:45:00,4832
2867,2021-03-19 14:30:00,4833
2868,2021-03-19 14:45:00,4834
2869,2021-03-20 10:15:00,4836
2870,2021-03-20 10:15:00,4837
2871,2021-03-20 11:45:00,4838
2872,2021-03-20 16:00:00,4841
2873,2021-03-20 16:15:00,4842
2874,2021-03-20 16:45:00,4844
2875,2021-03-20 16:45:00,4845
2876,2021-03-21 10:45:00,4848
2877,2021-03-21 11:15:00,4850
2878,2021-03-21 13:45:00,4852
2879,2021-03-21 14:00:00,4853
2880,2021-03-21 16:30:00,4854
2881,2021-03-22 09:00:00,4856
2882,2021-03-22 12:15:00,4859
2883,2021-03-22 12:30:00,4860
2884,2021-03-22 12:45:00,4861
2885,2021-03-22 14:45:00,4864
2886,2021-03-22 16:15:00,4866
2887,2021-03-23 08:30:00,4867
2888,2021-03-23 09:45:00,4869
2889,2021-03-23 11:45:00,4870
2890,2021-03-23 13:30:00,4871
2891,2021-03-23 15:45:00,4873
2892,2021-03-23 16:30:00,4876
2893,2021-03-24 08:30:00,4877
2894,2021-03-24 09:15:00,4878
2895,2021-03-24 10:45:00,4881
2896,2021-03-24 11:30:00,4882
2897,2021-03-24 12:00:00,4883
2898,2021-03-24 12:30:00,4884
2899,2021-03-25 10:30:00,4889
2900,2021-03-25 12:45:00,4891
2901,2021-03-25 12:45:00,4892
2902,2021-03-25 15:00:00,4893
2903,2021-03-25 15:30:00,4894
2904,2021-03-25 16:00:00,4896
2905,2021-03-26 08:30:00,4898
2906,2021-03-26 09:45:00,4900
2907,2021-03-26 09:45:00,4901
2908,2021-03-26 14:30:00,4903
2909,2021-03-27 11:15:00,4908
2910,2021-03-27 12:30:00,4910
2911,2021-03-27 15:00:00,4913
2912,2021-03-27 15:30:00,4915
2913,2021-03-27 15:45:00,4916
2914,2021-03-27 16:15:00,4917
2915,2021-03-27 16:30:00,4918
2916,2021-03-28 09:00:00,4919
2917,2021-03-28 09:00:00,4920
2918,2021-03-28 09:15:00,4921
2919,2021-03-28 09:30:00,4922
2920,2021-03-28 10:15:00,4923
2921,2021-03-28 12:00:00,4924
2922,2021-03-28 12:15:00,4925
2923,2021-03-28 13:45:00,4928
2924,2021-03-28 14:15:00,4929
2925,2021-03-28 16:30:00,4931
2926,2021-03-29 09:00:00,4933
2927,2021-03-29 09:15:00,4934
2928,2021-03-29 10:15:00,4936
2929,2021-03-29 11:00:00,4938
2930,2021-03-29 13:30:00,4940
2931,2021-03-29 15:15:00,4942
2932,2021-03-30 08:45:00,4946
2933,2021-03-30 09:15:00,4947
2934,2021-03-30 12:30:00,4948
2935,2021-03-30 13:45:00,4949
2936,2021-03-30 14:00:00,4950
2937,2021-03-30 14:15:00,4951
2938,2021-03-30 15:30:00,4954
2939,2021-03-31 08:45:00,4957
2940,2021-03-31 10:30:00,4961
2941,2021-03-31 12:45:00,4964
2942,2021-03-31 15:30:00,4965
2943,2021-03-31 17:00:00,4967
2944,2021-04-01 09:45:00,4969
2945,2021-04-01 10:30:00,4971
2946,2021-04-01 13:30:00,4973
2947,2021-04-01 14:00:00,4975
2948,2021-04-01 16:30:00,4977
2949,2021-04-02 08:30:00,4979
2950,2021-04-02 11:30:00,4982
2951,2021-04-02 14:45:00,4986
2952,2021-04-02 15:45:00,4987
2953,2021-04-02 16:00:00,4988
2954,2021-04-02 16:00:00,4989
2955,2021-04-03 08:30:00,4990
2956,2021-04-03 10:15:00,4992
2957,2021-04-03 13:45:00,4995
2958,2021-04-03 16:00:00,4996
2959,2021-04-03 17:00:00,4997
2960,2021-04-03 17:15:00,4998
2961,2021-04-04 12:15:00,5002
2962,2021-04-04 13:00:00,5004
2963,2021-04-04 14:30:00,5005
2964,2021-04-04 14:45:00,5006
2965,2021-04-04 15:00:00,5007
2966,2021-04-04 15:30:00,5008
2967,2021-04-04 16:00:00,5009
2968,2021-04-05 08:30:00,5011
2969,2021-04-05 10:30:00,5013
2970,2021-04-05 11:30:00,5015
2971,2021-04-05 11:30:00,5016
2972,2021-04-05 12:15:00,5017
2973,2021-04-05 13:00:00,5018
2974,2021-04-05 14:00:00,5020
2975,2021-04-05 14:00:00,5021
2976,2021-04-05 14:30:00,5022
2977,2021-04-05 15:30:00,5023
2978,2021-04-05 16:45:00,5024
2979,2021-04-06 09:15:00,5025
2980,2021-04-06 11:30:00,5026
2981,2021-04-06 11:45:00,5027
2982,2021-04-06 12:00:00,5029
2983,2021-04-06 13:30:00,5031
2984,2021-04-06 14:00:00,5032
2985,2021-04-06 15:15:00,5033
2986,2021-04-06 15:45:00,5035
2987,2021-04-06 16:15:00,5036
2988,2021-04-07 08:45:00,5037
2989,2021-04-07 09:15:00,5038
2990,2021-04-07 09:30:00,5039
2991,2021-04-07 11:15:00,5041
2992,2021-04-07 12:00:00,5042
2993,2021-04-07 12:15:00,5043
2994,2021-04-07 12:30:00,5044
2995,2021-04-07 14:45:00,5048
2996,2021-04-07 16:30:00,5049
2997,2021-04-08 10:00:00,5050
2998,2021-04-08 10:30:00,5052
2999,2021-04-08 11:45:00,5054
3000,2021-04-08 13:00:00,5055
3001,2021-04-08 14:00:00,5056
3002,2021-04-08 15:45:00,5057
3003,2021-04-08 15:45:00,5058
3004,2021-04-08 17:15:00,5059
3005,2021-04-09 13:30:00,5063
3006,2021-04-09 13:45:00,5064
3007,2021-04-09 14:00:00,5065
3008,2021-04-09 14:00:00,5066
3009,2021-04-09 15:30:00,5067
3010,2021-04-10 11:00:00,5070
3011,2021-04-10 12:45:00,5073
3012,2021-04-10 13:00:00,5074
3013,2021-04-10 14:45:00,5075
3014,2021-04-10 16:45:00,5077
3015,2021-04-11 09:30:00,5078
3016,2021-04-11 11:00:00,5079
3017,2021-04-11 12:30:00,5081
3018,2021-04-11 12:30:00,5082
3019,2021-04-11 13:00:00,5083
3020,2021-04-11 13:15:00,5084
3021,2021-04-11 16:15:00,5087
3022,2021-04-11 16:45:00,5088
3023,2021-04-12 10:45:00,5089
3024,2021-04-12 12:45:00,5092
3025,2021-04-12 12:45:00,5093
3026,2021-04-12 14:00:00,5094
3027,2021-04-12 15:00:00,5097
3028,2021-04-12 16:15:00,5098
3029,2021-04-13 12:00:00,5102
3030,2021-04-13 12:15:00,5103
3031,2021-04-13 13:15:00,5104
3032,2021-04-13 14:30:00,5105
3033,2021-04-13 15:45:00,5107
3034,2021-04-13 16:15:00,5108
3035,2021-04-13 16:45:00,5109
3036,2021-04-13 17:15:00,5110
3037,2021-04-13 17:15:00,5111
3038,2021-04-14 09:45:00,5112
3039,2021-04-14 11:30:00,5114
3040,2021-04-14 12:15:00,5115
3041,2021-04-14 12:15:00,5117
3042,2021-04-14 14:00:00,5119
3043,2021-04-14 14:00:00,5120
3044,2021-04-14 14:15:00,5121
3045,2021-04-14 15:30:00,5122
3046,2021-04-14 16:00:00,5123
3047,2021-04-14 17:00:00,5124
3048,2021-04-15 10:15:00,5126
3049,2021-04-15 11:00:00,5127
3050,2021-04-15 12:45:00,5128
3051,2021-04-15 13:00:00,5129
3052,2021-04-15 13:15:00,5130
3053,2021-04-15 14:00:00,5131
3054,2021-04-15 14:00:00,5132
3055,2021-04-15 14:45:00,5133
3056,2021-04-15 15:45:00,5135
3057,2021-04-16 10:15:00,5137
3058,2021-04-16 12:30:00,5139
3059,2021-04-16 14:00:00,5141
3060,2021-04-16 14:00:00,5142
3061,2021-04-16 14:45:00,5143
3062,2021-04-16 15:45:00,5145
3063,2021-04-17 09:15:00,5146
3064,2021-04-17 10:30:00,5148
3065,2021-04-17 13:15:00,5150
3066,2021-04-17 16:00:00,5153
3067,2021-04-17 16:15:00,5154
3068,2021-04-17 17:00:00,5155
3069,2021-04-18 09:15:00,5157
3070,2021-04-18 09:30:00,5159
3071,2021-04-18 10:00:00,5160
3072,2021-04-18 12:00:00,5161
3073,2021-04-18 12:15:00,5162
3074,2021-04-18 15:00:00,5163
3075,2021-04-18 16:15:00,5165
3076,2021-04-18 16:15:00,5166
3077,2021-04-19 08:45:00,5168
3078,2021-04-19 10:30:00,5170
3079,2021-04-19 12:45:00,5172
3080,2021-04-19 13:15:00,5173
3081,2021-04-19 13:45:00,5174
3082,2021-04-19 14:30:00,5175
3083,2021-04-19 15:45:00,5178
3084,2021-04-19 17:00:00,5179
3085,2021-04-19 17:15:00,5180
3086,2021-04-20 09:00:00,5182
3087,2021-04-20 09:30:00,5183
3088,2021-04-20 10:45:00,5184
3089,2021-04-20 11:15:00,5185
3090,2021-04-21 08:45:00,5192
3091,2021-04-21 11:00:00,5196
3092,2021-04-21 11:45:00,5197
3093,2021-04-21 12:00:00,5198
3094,2021-04-21 13:30:00,5200
3095,2021-04-21 17:15:00,5203
3096,2021-04-22 12:30:00,5207
3097,2021-04-22 13:15:00,5209
3098,2021-04-22 16:15:00,5212
3099,2021-04-22 17:00:00,5213
3100,2021-04-22 17:15:00,5214
3101,2021-04-23 10:15:00,5216
3102,2021-04-23 12:15:00,5217
3103,2021-04-23 12:45:00,5218
3104,2021-04-23 13:15:00,5220
3105,2021-04-23 15:00:00,5222
3106,2021-04-23 15:45:00,5223
3107,2021-04-23 16:00:00,5224
3108,2021-04-23 16:45:00,5226
3109,2021-04-23 17:00:00,5227
3110,2021-04-24 11:45:00,5232
3111,2021-04-24 17:00:00,5237
3112,2021-04-25 10:15:00,5238
3113,2021-04-25 12:00:00,5239
3114,2021-04-25 13:00:00,5240
3115,2021-04-25 13:00:00,5241
3116,2021-04-25 14:30:00,5242
3117,2021-04-25 14:30:00,5243
3118,2021-04-25 15:00:00,5244
3119,2021-04-25 16:45:00,5246
3120,2021-04-25 17:00:00,5247
3121,2021-04-26 08:30:00,5248
3122,2021-04-26 08:45:00,5249
3123,2021-04-26 09:00:00,5250
3124,2021-04-26 09:00:00,5251
3125,2021-04-26 11:00:00,5252
3126,2021-04-26 12:00:00,5254
3127,2021-04-26 14:15:00,5257
3128,2021-04-26 15:15:00,5259
3129,2021-04-26 16:15:00,5260
3130,2021-04-27 09:00:00,5261
3131,2021-04-27 09:00:00,5263
3132,2021-04-27 14:15:00,5268
3133,2021-04-27 14:45:00,5269
3134,2021-04-27 16:30:00,5271
3135,2021-04-27 16:30:00,5272
3136,2021-04-28 09:15:00,5273
3137,2021-04-28 10:15:00,5274
3138,2021-04-28 11:30:00,5275
3139,2021-04-28 12:45:00,5276
3140,2021-04-28 12:45:00,5277
3141,2021-04-28 14:45:00,5279
3142,2021-04-28 14:45:00,5280
3143,2021-04-28 15:30:00,5281
3144,2021-04-29 09:15:00,5283
3145,2021-04-29 11:15:00,5285
3146,2021-04-29 13:00:00,5287
3147,2021-04-29 13:45:00,5288
3148,2021-04-29 15:00:00,5290
3149,2021-04-29 16:45:00,5291
3150,2021-04-30 08:30:00,5293
3151,2021-04-30 08:30:00,5294
3152,2021-04-30 11:45:00,5296
3153,2021-04-30 16:30:00,5303
3154,2021-05-01 08:30:00,5304
3155,2021-05-01 09:30:00,5306
3156,2021-05-01 10:45:00,5307
3157,2021-05-01 11:00:00,5308
3158,2021-05-01 12:30:00,5309
3159,2021-05-01 14:15:00,5310
3160,2021-05-01 15:45:00,5311
3161,2021-05-01 16:45:00,5312
3162,2021-05-01 17:00:00,5314
3163,2021-05-02 09:15:00,5315
3164,2021-05-02 10:15:00,5316
3165,2021-05-02 10:45:00,5317
3166,2021-05-02 11:00:00,5319
3167,2021-05-02 13:45:00,5322
3168,2021-05-02 15:15:00,5323
3169,2021-05-02 15:45:00,5324
3170,2021-05-02 17:00:00,5325
3171,2021-05-03 10:15:00,5327
3172,2021-05-03 13:45:00,5333
3173,2021-05-03 16:30:00,5334
3174,2021-05-04 11:30:00,5336
3175,2021-05-04 12:45:00,5338
3176,2021-05-04 16:15:00,5342
3177,2021-05-04 16:30:00,5343
3178,2021-05-04 17:00:00,5344
3179,2021-05-04 17:15:00,5345
3180,2021-05-04 17:15:00,5346
3181,2021-05-05 09:15:00,5348
3182,2021-05-05 09:45:00,5349
3183,2021-05-05 11:00:00,5351
3184,2021-05-05 11:45:00,5352
3185,2021-05-05 13:15:00,5353
3186,2021-05-05 16:00:00,5355
3187,2021-05-05 16:15:00,5356
3188,2021-05-05 17:00:00,5358
3189,2021-05-06 10:30:00,5360
3190,2021-05-06 11:30:00,5361
3191,2021-05-06 12:30:00,5362
3192,2021-05-06 15:00:00,5363
3193,2021-05-06 16:15:00,5364
3194,2021-05-07 08:45:00,5365
3195,2021-05-07 10:30:00,5367
3196,2021-05-07 11:30:00,5370
3197,2021-05-07 14:45:00,5371
3198,2021-05-07 15:30:00,5373
3199,2021-05-07 15:30:00,5374
3200,2021-05-08 09:30:00,5376
3201,2021-05-08 10:45:00,5377
3202,2021-05-08 12:00:00,5379
3203,2021-05-08 12:45:00,5382
3204,2021-05-08 14:15:00,5383
3205,2021-05-08 15:00:00,5384
3206,2021-05-08 15:30:00,5385
3207,2021-05-08 17:00:00,5386
3208,2021-05-08 17:15:00,5387
3209,2021-05-08 17:15:00,5388
3210,2021-05-09 11:45:00,5391
3211,2021-05-09 13:30:00,5392
3212,2021-05-09 14:15:00,5394
3213,2021-05-09 15:15:00,5397
3214,2021-05-09 16:15:00,5399
3215,2021-05-10 08:30:00,5400
3216,2021-05-10 08:30:00,5401
3217,2021-05-10 12:15:00,5402
3218,2021-05-10 12:15:00,5403
3219,2021-05-10 12:15:00,5404
3220,2021-05-10 12:45:00,5407
3221,2021-05-10 16:45:00,5410
3222,2021-05-11 10:00:00,5411
3223,2021-05-11 10:30:00,5413
3224,2021-05-11 13:30:00,5416
3225,2021-05-11 15:00:00,5417
3226,2021-05-11 16:15:00,5419
3227,2021-05-11 16:30:00,5420
3228,2021-05-11 17:00:00,5422
3229,2021-05-11 17:00:00,5423
3230,2021-05-12 08:30:00,5424
3231,2021-05-12 08:45:00,5426
3232,2021-05-12 10:30:00,5427
3233,2021-05-12 11:45:00,5428
3234,2021-05-12 13:15:00,5432
3235,2021-05-12 16:00:00,5435
3236,2021-05-13 09:00:00,5436
3237,2021-05-13 09:30:00,5437
3238,2021-05-13 10:30:00,5440
3239,2021-05-13 10:30:00,5441
3240,2021-05-13 12:30:00,5442
3241,2021-05-13 14:30:00,5443
3242,2021-05-13 17:15:00,5444
3243,2021-05-14 10:00:00,5445
3244,2021-05-14 11:45:00,5448
3245,2021-05-14 12:45:00,5451
3246,2021-05-14 14:15:00,5452
3247,2021-05-15 08:30:00,5457
3248,2021-05-15 09:45:00,5460
3249,2021-05-15 10:30:00,5461
3250,2021-05-15 13:30:00,5462
3251,2021-05-15 15:15:00,5463
3252,2021-05-15 16:15:00,5465
3253,2021-05-15 16:30:00,5466
3254,2021-05-16 10:30:00,5469
3255,2021-05-16 12:30:00,5471
3256,2021-05-16 14:00:00,5473
3257,2021-05-16 14:30:00,5475
3258,2021-05-16 15:00:00,5476
3259,2021-05-16 16:30:00,5478
3260,2021-05-17 09:45:00,5479
3261,2021-05-17 10:15:00,5480
3262,2021-05-17 12:00:00,5484
3263,2021-05-17 13:15:00,5485
3264,2021-05-17 14:45:00,5487
3265,2021-05-17 15:30:00,5488
3266,2021-05-17 15:45:00,5489
3267,2021-05-18 10:00:00,5491
3268,2021-05-18 10:15:00,5492
3269,2021-05-18 11:30:00,5493
3270,2021-05-18 13:45:00,5494
3271,2021-05-18 14:45:00,5495
3272,2021-05-18 15:30:00,5496
3273,2021-05-18 15:45:00,5499
3274,2021-05-18 17:15:00,5500
3275,2021-05-19 08:45:00,5501
3276,2021-05-19 13:15:00,5505
3277,2021-05-19 14:00:00,5506
3278,2021-05-19 14:15:00,5507
3279,2021-05-19 14:30:00,5508
3280,2021-05-19 16:00:00,5509
3281,2021-05-19 16:45:00,5510
3282,2021-05-20 10:00:00,5513
3283,2021-05-20 10:45:00,5514
3284,2021-05-20 11:45:00,5515
3285,2021-05-20 12:15:00,5516
3286,2021-05-20 12:45:00,5517
3287,2021-05-20 15:15:00,5519
3288,2021-05-20 16:30:00,5520
3289,2021-05-20 17:00:00,5521
3290,2021-05-21 10:00:00,5524
3291,2021-05-21 11:00:00,5526
3292,2021-05-21 11:00:00,5527
3293,2021-05-21 13:30:00,5532
3294,2021-05-21 16:15:00,5534
3295,2021-05-22 09:00:00,5536
3296,2021-05-22 11:00:00,5537
3297,2021-05-22 11:15:00,5538
3298,2021-05-22 11:15:00,5539
3299,2021-05-22 11:15:00,5540
3300,2021-05-22 11:30:00,5541
3301,2021-05-22 12:15:00,5542
3302,2021-05-22 13:00:00,5543
3303,2021-05-22 14:00:00,5544
3304,2021-05-22 15:45:00,5545
3305,2021-05-23 10:00:00,5548
3306,2021-05-23 13:30:00,5552
3307,2021-05-23 14:00:00,5553
3308,2021-05-23 15:30:00,5554
3309,2021-05-24 10:15:00,5558
3310,2021-05-24 13:15:00,5560
3311,2021-05-24 15:00:00,5563
3312,2021-05-24 15:45:00,5564
3313,2021-05-24 17:15:00,5566
3314,2021-05-24 17:15:00,5567
3315,2021-05-25 08:45:00,5568
3316,2021-05-25 08:45:00,5569
3317,2021-05-25 09:30:00,5570
3318,2021-05-25 09:45:00,5572
3319,2021-05-25 13:45:00,5576
3320,2021-05-25 15:15:00,5578
3321,2021-05-26 09:00:00,5580
3322,2021-05-26 10:15:00,5581
3323,2021-05-26 10:30:00,5582
3324,2021-05-26 12:30:00,5584
3325,2021-05-26 13:00:00,5585
3326,2021-05-26 13:15:00,5587
3327,2021-05-26 15:00:00,5589
3328,2021-05-26 15:45:00,5590
3329,2021-05-26 15:45:00,5591
3330,2021-05-27 09:15:00,5592
3331,2021-05-27 10:15:00,5593
3332,2021-05-27 10:30:00,5594
3333,2021-05-27 14:30:00,5600
3334,2021-05-28 09:15:00,5602
3335,2021-05-28 11:00:00,5604
3336,2021-05-28 11:45:00,5605
3337,2021-05-28 12:30:00,5606
3338,2021-05-28 13:30:00,5607
3339,2021-05-28 14:30:00,5608
3340,2021-05-28 15:15:00,5609
3341,2021-05-28 16:30:00,5610
3342,2021-05-28 16:30:00,5611
3343,2021-05-29 10:30:00,5614
3344,2021-05-29 11:30:00,5615
3345,2021-05-29 12:30:00,5618
3346,2021-05-29 12:45:00,5619
3347,2021-05-29 16:30:00,5623
3348,2021-05-30 09:00:00,5625
3349,2021-05-30 11:45:00,5628
3350,2021-05-30 12:15:00,5629
3351,2021-05-30 15:30:00,5633
3352,2021-05-30 16:45:00,5635
3353,2021-05-30 17:15:00,5636
3354,2021-05-31 09:15:00,5637
3355,2021-05-31 11:45:00,5639
3356,2021-05-31 12:15:00,5640
3357,2021-05-31 12:15:00,5641
3358,2021-05-31 12:30:00,5642
3359,2021-05-31 14:00:00,5643
3360,2021-05-31 15:30:00,5645
3361,2021-06-01 09:30:00,5649
3362,2021-06-01 09:45:00,5650
3363,2021-06-01 10:45:00,5652
3364,2021-06-01 12:00:00,5653
3365,2021-06-01 15:30:00,5655
3366,2021-06-01 16:00:00,5656
3367,2021-06-02 08:30:00,5657
3368,2021-06-02 09:00:00,5660
3369,2021-06-02 11:30:00,5663
3370,2021-06-02 11:45:00,5664
3371,2021-06-02 12:30:00,5665
3372,2021-06-03 08:30:00,5666
3373,2021-06-03 09:00:00,5667
3374,2021-06-03 10:30:00,5669
3375,2021-06-03 11:15:00,5670
3376,2021-06-03 11:45:00,5671
3377,2021-06-03 12:00:00,5672
3378,2021-06-03 12:30:00,5673
3379,2021-06-03 14:30:00,5674
3380,2021-06-03 16:30:00,5677
3381,2021-06-03 17:15:00,5678
3382,2021-06-04 09:30:00,5679
3383,2021-06-04 12:45:00,5681
3384,2021-06-04 13:45:00,5682
3385,2021-06-04 14:15:00,5683
3386,2021-06-04 14:45:00,5684
3387,2021-06-04 15:15:00,5685
3388,2021-06-04 16:45:00,5687
3389,2021-06-05 11:00:00,5690
3390,2021-06-05 12:45:00,5692
3391,2021-06-05 12:45:00,5693
3392,2021-06-05 13:30:00,5694
3393,2021-06-05 16:00:00,5695
3394,2021-06-05 16:30:00,5698
3395,2021-06-06 08:30:00,5700
3396,2021-06-06 13:00:00,5703
3397,2021-06-06 16:00:00,5708
3398,2021-06-06 17:00:00,5710
3399,2021-06-07 10:15:00,5711
3400,2021-06-07 10:30:00,5712
3401,2021-06-07 13:15:00,5713
3402,2021-06-07 13:45:00,5714
3403,2021-06-07 16:30:00,5719
3404,2021-06-08 08:45:00,5723
3405,2021-06-08 10:30:00,5727
3406,2021-06-08 12:30:00,5729
3407,2021-06-08 12:45:00,5730
3408,2021-06-08 14:00:00,5732
3409,2021-06-08 15:00:00,5733
3410,2021-06-09 10:00:00,5734
3411,2021-06-09 11:00:00,5736
3412,2021-06-09 16:30:00,5740
3413,2021-06-09 17:15:00,5742
3414,2021-06-10 09:00:00,5743
3415,2021-06-10 10:15:00,5744
3416,2021-06-10 12:30:00,5747
3417,2021-06-10 12:45:00,5748
3418,2021-06-10 14:00:00,5750
3419,2021-06-10 14:45:00,5752
3420,2021-06-10 15:45:00,5753
3421,2021-06-11 09:30:00,5755
3422,2021-06-11 09:30:00,5756
3423,2021-06-11 11:30:00,5758
3424,2021-06-11 13:00:00,5759
3425,2021-06-11 13:30:00,5762
3426,2021-06-11 14:30:00,5763
3427,2021-06-11 15:45:00,5764
3428,2021-06-11 16:00:00,5765
3429,2021-06-12 09:00:00,5766
3430,2021-06-12 10:45:00,5768
3431,2021-06-12 11:00:00,5769
3432,2021-06-12 13:00:00,5772
3433,2021-06-12 16:45:00,5776
3434,2021-06-13 09:00:00,5777
3435,2021-06-13 10:30:00,5778
3436,2021-06-14 09:15:00,5787
3437,2021-06-14 10:30:00,5788
3438,2021-06-14 13:30:00,5790
3439,2021-06-14 13:30:00,5791
3440,2021-06-14 15:15:00,5793
3441,2021-06-15 13:15:00,5798
3442,2021-06-15 13:15:00,5799
3443,2021-06-15 17:00:00,5801
3444,2021-06-16 09:45:00,5803
3445,2021-06-16 11:45:00,5804
3446,2021-06-16 12:15:00,5806
3447,2021-06-16 12:30:00,5807
3448,2021-06-16 14:15:00,5810
3449,2021-06-16 15:45:00,5811
3450,2021-06-17 10:30:00,5813
3451,2021-06-17 11:00:00,5814
3452,2021-06-17 11:30:00,5815
3453,2021-06-17 12:30:00,5816
3454,2021-06-17 15:00:00,5817
3455,2021-06-17 16:15:00,5818
3456,2021-06-17 16:45:00,5819
3457,2021-06-18 08:45:00,5821
3458,2021-06-18 11:15:00,5823
3459,2021-06-18 13:30:00,5825
3460,2021-06-18 15:30:00,5827
3461,2021-06-19 09:15:00,5832
3462,2021-06-19 10:30:00,5834
3463,2021-06-19 11:45:00,5835
3464,2021-06-19 13:15:00,5836
3465,2021-06-19 15:15:00,5837
3466,2021-06-19 15:30:00,5838
3467,2021-06-20 10:00:00,5840
3468,2021-06-20 10:15:00,5841
3469,2021-06-20 11:15:00,5842
3470,2021-06-20 15:45:00,5848
3471,2021-06-21 08:30:00,5850
3472,2021-06-21 09:15:00,5851
3473,2021-06-21 12:30:00,5854
3474,2021-06-21 13:30:00,5855
3475,2021-06-21 14:15:00,5856
3476,2021-06-21 14:30:00,5857
3477,2021-06-21 14:45:00,5858
3478,2021-06-21 16:30:00,5860
3479,2021-06-22 10:00:00,5865
3480,2021-06-22 10:15:00,5866
3481,2021-06-22 10:45:00,5868
3482,2021-06-22 11:00:00,5869
3483,2021-06-22 11:30:00,5871
3484,2021-06-22 12:30:00,5872
3485,2021-06-22 13:00:00,5874
3486,2021-06-23 11:00:00,5875
3487,2021-06-23 12:00:00,5876
3488,2021-06-23 14:45:00,5879
3489,2021-06-23 16:00:00,5880
3490,2021-06-23 16:00:00,5881
3491,2021-06-23 17:00:00,5883
3492,2021-06-23 17:15:00,5884
3493,2021-06-23 17:15:00,5885
3494,2021-06-23 17:15:00,5886
3495,2021-06-24 08:45:00,5888
3496,2021-06-24 15:45:00,5891
3497,2021-06-24 16:15:00,5892
3498,2021-06-25 08:30:00,5893
3499,2021-06-25 10:45:00,5896
3500,2021-06-25 12:15:00,5897
3501,2021-06-25 12:15:00,5898
3502,2021-06-25 14:00:00,5899
3503,2021-06-25 14:30:00,5900
3504,2021-06-25 16:00:00,5901
3505,2021-06-25 16:30:00,5903
3506,2021-06-26 08:45:00,5905
3507,2021-06-26 10:30:00,5906
3508,2021-06-26 10:45:00,5907
3509,2021-06-26 14:00:00,5909
3510,2021-06-26 15:30:00,5911
3511,2021-06-26 16:30:00,5913
3512,2021-06-27 09:00:00,5916
3513,2021-06-27 09:30:00,5917
3514,2021-06-27 09:30:00,5918
3515,2021-06-27 11:45:00,5919
3516,2021-06-27 12:30:00,5920
3517,2021-06-27 13:45:00,5922
3518,2021-06-27 14:15:00,5923
3519,2021-06-28 10:15:00,5925
3520,2021-06-28 14:15:00,5927
3521,2021-06-28 15:15:00,5928
3522,2021-06-28 16:45:00,5931
3523,2021-06-28 16:45:00,5932
3524,2021-06-28 17:15:00,5933
3525,2021-06-28 17:15:00,5934
3526,2021-06-29 09:45:00,5935
3527,2021-06-29 10:30:00,5937
3528,2021-06-29 11:00:00,5938
3529,2021-06-29 13:00:00,5940
3530,2021-06-29 13:15:00,5941
3531,2021-06-29 13:30:00,5942
3532,2021-06-29 15:00:00,5944
3533,2021-06-29 16:00:00,5946
3534,2021-06-30 09:15:00,5949
3535,2021-06-30 09:30:00,5951
3536,2021-06-30 13:00:00,5953
3537,2021-06-30 13:15:00,5954
3538,2021-06-30 16:30:00,5957
3539,2021-07-01 09:30:00,5960
3540,2021-07-01 11:45:00,5962
3541,2021-07-01 15:15:00,5968
3542,2021-07-01 16:00:00,5969
3543,2021-07-02 09:15:00,5970
3544,2021-07-02 11:30:00,5973
3545,2021-07-02 14:00:00,5976
3546,2021-07-02 16:00:00,5978
3547,2021-07-03 11:30:00,5983
3548,2021-07-03 11:45:00,5984
3549,2021-07-03 16:30:00,5988
3550,2021-07-03 16:30:00,5989
3551,2021-07-03 16:45:00,5991
3552,2021-07-03 17:15:00,5992
3553,2021-07-04 10:45:00,5994
3554,2021-07-04 11:00:00,5995
3555,2021-07-04 13:00:00,5997
3556,2021-07-04 13:30:00,5998
3557,2021-07-04 13:30:00,5999
3558,2021-07-04 14:15:00,6000
3559,2021-07-05 09:15:00,6002
3560,2021-07-05 12:45:00,6004
3561,2021-07-05 13:45:00,6006
3562,2021-07-05 14:15:00,6007
3563,2021-07-05 15:15:00,6008
3564,2021-07-05 15:45:00,6009
3565,2021-07-06 10:15:00,6015
3566,2021-07-06 12:30:00,6016
3567,2021-07-06 14:15:00,6018
3568,2021-07-06 15:15:00,6022
3569,2021-07-07 08:45:00,6025
3570,2021-07-07 08:45:00,6026
3571,2021-07-07 09:45:00,6029
3572,2021-07-07 12:30:00,6030
3573,2021-07-07 14:45:00,6032
3574,2021-07-07 14:45:00,6033
3575,2021-07-07 16:00:00,6034
3576,2021-07-07 16:30:00,6035
3577,2021-07-08 08:30:00,6036
3578,2021-07-08 08:45:00,6037
3579,2021-07-08 12:15:00,6041
3580,2021-07-08 14:00:00,6042
3581,2021-07-08 14:15:00,6043
3582,2021-07-09 09:15:00,6047
3583,2021-07-09 11:00:00,6048
3584,2021-07-09 11:00:00,6049
3585,2021-07-09 16:15:00,6053
3586,2021-07-09 17:00:00,6054
3587,2021-07-10 10:30:00,6056
3588,2021-07-10 12:00:00,6057
3589,2021-07-10 12:30:00,6059
3590,2021-07-10 12:30:00,6060
3591,2021-07-10 13:15:00,6061
3592,2021-07-10 14:00:00,6063
3593,2021-07-11 09:45:00,6066
3594,2021-07-11 10:30:00,6067
3595,2021-07-11 11:45:00,6068
3596,2021-07-11 13:45:00,6070
3597,2021-07-11 16:00:00,6073
3598,2021-07-11 16:45:00,6075
3599,2021-07-11 17:15:00,6076
3600,2021-07-12 10:30:00,6078
3601,2021-07-12 10:30:00,6079
3602,2021-07-12 14:30:00,6082
3603,2021-07-12 16:00:00,6084
3604,2021-07-13 13:30:00,6089
3605,2021-07-13 14:30:00,6090
3606,2021-07-13 15:15:00,6092
3607,2021-07-13 15:30:00,6093
3608,2021-07-13 16:15:00,6096
3609,2021-07-13 16:30:00,6097
3610,2021-07-14 09:00:00,6098
3611,2021-07-14 09:15:00,6099
3612,2021-07-14 09:45:00,6100
3613,2021-07-14 10:00:00,6101
3614,2021-07-14 10:15:00,6102
3615,2021-07-14 10:30:00,6103
3616,2021-07-14 10:45:00,6104
3617,2021-07-14 16:00:00,6107
3618,2021-07-15 09:00:00,6109
3619,2021-07-15 09:30:00,6110
3620,2021-07-15 10:00:00,6111
3621,2021-07-15 11:30:00,6113
3622,2021-07-15 11:45:00,6114
3623,2021-07-15 14:15:00,6115
3624,2021-07-15 15:30:00,6117
3625,2021-07-16 08:45:00,6118
3626,2021-07-16 09:45:00,6119
3627,2021-07-16 11:45:00,6120
3628,2021-07-16 12:15:00,6122
3629,2021-07-16 12:45:00,6123
3630,2021-07-16 14:30:00,6125
3631,2021-07-16 15:00:00,6126
3632,2021-07-16 15:15:00,6127
3633,2021-07-16 15:15:00,6128
3634,2021-07-16 16:45:00,6129
3635,2021-07-16 17:15:00,6131
3636,2021-07-17 11:45:00,6133
3637,2021-07-17 12:00:00,6134
3638,2021-07-17 12:45:00,6135
3639,2021-07-17 17:15:00,6140
3640,2021-07-18 08:45:00,6141
3641,2021-07-18 10:45:00,6142
3642,2021-07-18 11:15:00,6144
3643,2021-07-18 12:30:00,6145
3644,2021-07-18 13:30:00,6147
3645,2021-07-18 15:15:00,6150
3646,2021-07-18 15:30:00,6151
3647,2021-07-18 16:15:00,6152
3648,2021-07-18 16:45:00,6154
3649,2021-07-19 11:15:00,6158
3650,2021-07-19 12:00:00,6159
3651,2021-07-19 14:30:00,6161
3652,2021-07-19 14:30:00,6162
3653,2021-07-19 16:30:00,6164
3654,2021-07-20 09:30:00,6167
3655,2021-07-20 09:45:00,6168
3656,2021-07-20 14:30:00,6171
3657,2021-07-20 15:15:00,6172
3658,2021-07-20 16:15:00,6174
3659,2021-07-21 09:00:00,6176
3660,2021-07-21 10:45:00,6178
3661,2021-07-21 11:45:00,6179
3662,2021-07-21 12:00:00,6180
3663,2021-07-21 12:15:00,6181
3664,2021-07-22 09:15:00,6186
3665,2021-07-22 09:30:00,6187
3666,2021-07-22 09:30:00,6188
3667,2021-07-22 11:30:00,6189
3668,2021-07-22 13:30:00,6191
3669,2021-07-22 14:45:00,6193
3670,2021-07-22 16:30:00,6194
3671,2021-07-23 09:00:00,6195
3672,2021-07-23 10:00:00,6197
3673,2021-07-23 11:15:00,6198
3674,2021-07-23 12:45:00,6199
3675,2021-07-23 14:00:00,6200
3676,2021-07-23 15:00:00,6202
3677,2021-07-23 15:00:00,6203
3678,2021-07-23 15:30:00,6204
3679,2021-07-23 16:00:00,6205
3680,2021-07-24 08:30:00,6207
3681,2021-07-24 09:15:00,6208
3682,2021-07-24 09:45:00,6209
3683,2021-07-24 11:15:00,6211
3684,2021-07-25 08:30:00,6216
3685,2021-07-25 09:45:00,6217
3686,2021-07-25 09:45:00,6218
3687,2021-07-25 11:15:00,6219
3688,2021-07-25 12:15:00,6222
3689,2021-07-25 13:15:00,6223
3690,2021-07-25 13:30:00,6224
3691,2021-07-25 14:15:00,6225
3692,2021-07-25 16:00:00,6226
3693,2021-07-25 17:00:00,6227
3694,2021-07-26 10:15:00,6230
3695,2021-07-26 12:45:00,6231
3696,2021-07-26 13:15:00,6232
3697,2021-07-26 14:00:00,6233
3698,2021-07-26 14:15:00,6234
3699,2021-07-26 15:15:00,6235
3700,2021-07-27 09:15:00,6236
3701,2021-07-27 09:30:00,6237
3702,2021-07-27 12:00:00,6241
3703,2021-07-27 16:45:00,6244
3704,2021-07-28 09:15:00,6246
3705,2021-07-28 10:30:00,6248
3706,2021-07-28 13:30:00,6249
3707,2021-07-28 15:00:00,6251
3708,2021-07-28 15:30:00,6252
3709,2021-07-28 15:30:00,6253
3710,2021-07-29 10:00:00,6256
3711,2021-07-29 10:15:00,6257
3712,2021-07-29 11:00:00,6258
3713,2021-07-29 15:00:00,6260
3714,2021-07-29 15:15:00,6261
3715,2021-07-29 16:15:00,6262
3716,2021-07-30 11:00:00,6265
3717,2021-07-30 11:15:00,6268
3718,2021-07-30 14:00:00,6270
3719,2021-07-30 14:00:00,6271
3720,2021-07-30 15:15:00,6272
3721,2021-07-30 17:00:00,6273
3722,2021-07-31 10:30:00,6275
3723,2021-07-31 12:15:00,6278
3724,2021-07-31 12:30:00,6279
3725,2021-07-31 12:45:00,6281
3726,2021-07-31 13:30:00,6283
3727,2021-07-31 14:30:00,6286
3728,2021-08-01 10:00:00,6288
3729,2021-08-01 10:15:00,6290
3730,2021-08-01 12:45:00,6291
3731,2021-08-01 14:00:00,6293
3732,2021-08-01 15:45:00,6295
3733,2021-08-01 17:00:00,6296
3734,2021-08-02 12:15:00,6298
3735,2021-08-02 12:30:00,6299
3736,2021-08-02 12:45:00,6300
3737,2021-08-02 14:00:00,6301
3738,2021-08-02 14:45:00,6302
3739,2021-08-02 14:45:00,6303
3740,2021-08-02 16:15:00,6304
3741,2021-08-02 17:15:00,6305
3742,2021-08-03 09:30:00,6307
3743,2021-08-03 10:15:00,6308
3744,2021-08-03 10:45:00,6309
3745,2021-08-03 12:30:00,6312
3746,2021-08-03 12:30:00,6313
3747,2021-08-03 14:45:00,6314
3748,2021-08-03 15:30:00,6317
3749,2021-08-03 16:15:00,6318
3750,2021-08-03 17:00:00,6319
3751,2021-08-04 08:45:00,6321
3752,2021-08-04 10:15:00,6324
3753,2021-08-04 10:30:00,6325
3754,2021-08-04 11:45:00,6326
3755,2021-08-04 16:45:00,6328
3756,2021-08-04 17:15:00,6330
3757,2021-08-05 10:00:00,6332
3758,2021-08-05 10:00:00,6333
3759,2021-08-05 10:45:00,6334
3760,2021-08-05 17:00:00,6340
3761,2021-08-05 17:00:00,6341
3762,2021-08-06 12:30:00,6345
3763,2021-08-07 08:30:00,6352
3764,2021-08-07 10:30:00,6356
3765,2021-08-07 10:45:00,6357
3766,2021-08-08 10:30:00,6363
3767,2021-08-08 11:00:00,6364
3768,2021-08-08 11:30:00,6365
3769,2021-08-08 11:45:00,6366
3770,2021-08-08 13:15:00,6367
3771,2021-08-08 14:45:00,6369
3772,2021-08-08 15:45:00,6371
3773,2021-08-09 09:15:00,6375
3774,2021-08-09 12:45:00,6379
3775,2021-08-09 13:45:00,6381
3776,2021-08-09 14:00:00,6382
3777,2021-08-09 15:30:00,6384
3778,2021-08-09 15:45:00,6385
3779,2021-08-10 11:30:00,6388
3780,2021-08-10 14:30:00,6391
3781,2021-08-10 15:00:00,6392
3782,2021-08-10 17:15:00,6394
3783,2021-08-11 08:45:00,6398
3784,2021-08-11 10:15:00,6400
3785,2021-08-11 11:00:00,6401
3786,2021-08-11 12:30:00,6402
3787,2021-08-11 12:45:00,6403
3788,2021-08-11 15:00:00,6405
3789,2021-08-11 17:15:00,6408
3790,2021-08-12 10:30:00,6410
3791,2021-08-12 13:15:00,6414
3792,2021-08-12 14:00:00,6415
3793,2021-08-12 15:00:00,6416
3794,2021-08-12 16:00:00,6417
3795,2021-08-12 16:15:00,6419
3796,2021-08-13 10:30:00,6422
3797,2021-08-13 10:30:00,6423
3798,2021-08-13 11:00:00,6424
3799,2021-08-13 12:15:00,6426
3800,2021-08-13 12:15:00,6427
3801,2021-08-13 16:15:00,6428
3802,2021-08-13 16:45:00,6431
3803,2021-08-14 08:30:00,6432
3804,2021-08-14 09:15:00,6434
3805,2021-08-14 10:15:00,6436
3806,2021-08-14 11:00:00,6437
3807,2021-08-14 13:00:00,6438
3808,2021-08-14 15:00:00,6440
3809,2021-08-15 08:30:00,6443
3810,2021-08-15 10:30:00,6445
3811,2021-08-15 10:45:00,6446
3812,2021-08-15 15:30:00,6451
3813,2021-08-15 16:30:00,6452
3814,2021-08-16 09:15:00,6453
3815,2021-08-16 09:30:00,6454
3816,2021-08-16 09:30:00,6455
3817,2021-08-16 11:15:00,6456
3818,2021-08-16 11:30:00,6457
3819,2021-08-16 12:15:00,6459
3820,2021-08-16 12:15:00,6460
3821,2021-08-16 13:30:00,6461
3822,2021-08-16 15:15:00,6463
3823,2021-08-16 16:45:00,6464
3824,2021-08-17 09:15:00,6465
3825,2021-08-17 14:15:00,6467
3826,2021-08-17 15:30:00,6468
3827,2021-08-17 16:30:00,6470
3828,2021-08-18 08:30:00,6474
3829,2021-08-18 09:30:00,6475
3830,2021-08-18 11:15:00,6477
3831,2021-08-18 11:30:00,6478
3832,2021-08-18 14:00:00,6479
3833,2021-08-18 14:45:00,6480
3834,2021-08-18 15:00:00,6481
3835,2021-08-18 17:15:00,6483
3836,2021-08-19 08:45:00,6484
3837,2021-08-19 10:45:00,6488
3838,2021-08-19 14:00:00,6492
3839,2021-08-19 15:00:00,6493
3840,2021-08-20 10:45:00,6497
3841,2021-08-20 11:30:00,6498
3842,2021-08-20 12:15:00,6499
3843,2021-08-20 12:45:00,6500
3844,2021-08-20 14:00:00,6502
3845,2021-08-21 12:30:00,6509
3846,2021-08-21 16:15:00,6512
3847,2021-08-21 17:00:00,6513
3848,2021-08-22 08:45:00,6514
3849,2021-08-22 09:00:00,6515
3850,2021-08-22 09:15:00,6516
3851,2021-08-22 11:45:00,6518
3852,2021-08-22 12:00:00,6520
3853,2021-08-22 12:00:00,6521
3854,2021-08-22 12:30:00,6522
3855,2021-08-22 12:45:00,6523
3856,2021-08-22 13:00:00,6524
3857,2021-08-23 09:15:00,6527
3858,2021-08-23 09:45:00,6528
3859,2021-08-23 13:45:00,6530
3860,2021-08-23 13:45:00,6531
3861,2021-08-23 14:00:00,6532
3862,2021-08-23 15:00:00,6533
3863,2021-08-23 16:00:00,6534
3864,2021-08-24 08:30:00,6536
3865,2021-08-24 10:15:00,6538
3866,2021-08-24 12:45:00,6540
3867,2021-08-24 14:15:00,6542
3868,2021-08-24 17:15:00,6544
3869,2021-08-25 08:45:00,6546
3870,2021-08-25 09:30:00,6548
3871,2021-08-25 09:45:00,6549
3872,2021-08-25 13:15:00,6551
3873,2021-08-25 13:30:00,6552
3874,2021-08-25 16:30:00,6557
3875,2021-08-26 09:30:00,6558
3876,2021-08-26 09:30:00,6559
3877,2021-08-26 11:15:00,6562
3878,2021-08-26 12:45:00,6563
3879,2021-08-26 14:00:00,6564
3880,2021-08-26 15:45:00,6565
3881,2021-08-26 16:30:00,6566
3882,2021-08-26 16:30:00,6567
3883,2021-08-27 09:30:00,6571
3884,2021-08-27 09:30:00,6573
3885,2021-08-27 12:15:00,6575
3886,2021-08-27 12:45:00,6576
3887,2021-08-27 13:15:00,6578
3888,2021-08-27 16:15:00,6582
3889,2021-08-27 17:15:00,6583
3890,2021-08-28 08:30:00,6584
3891,2021-08-28 10:15:00,6585
3892,2021-08-28 11:00:00,6586
3893,2021-08-28 12:15:00,6587
3894,2021-08-28 16:15:00,6590
3895,2021-08-29 11:15:00,6593
3896,2021-08-29 12:00:00,6594
3897,2021-08-29 13:45:00,6597
3898,2021-08-29 15:15:00,6599
3899,2021-08-29 15:45:00,6600
3900,2021-08-30 09:00:00,6604
3901,2021-08-30 10:15:00,6605
3902,2021-08-30 12:30:00,6607
3903,2021-08-30 12:45:00,6608
3904,2021-08-30 13:00:00,6609
3905,2021-08-30 13:00:00,6610
3906,2021-08-30 16:00:00,6611
3907,2021-08-30 16:15:00,6612
3908,2021-08-30 17:00:00,6613
3909,2021-08-31 10:00:00,6614
3910,2021-08-31 10:00:00,6615
3911,2021-09-01 09:00:00,6622
3912,2021-09-01 09:45:00,6623
3913,2021-09-01 11:30:00,6624
3914,2021-09-01 12:00:00,6625
3915,2021-09-01 13:00:00,6627
3916,2021-09-01 13:45:00,6628
3917,2021-09-01 15:15:00,6630
3918,2021-09-02 10:00:00,6632
3919,2021-09-02 11:15:00,6633
3920,2021-09-02 11:30:00,6635
3921,2021-09-02 12:15:00,6636
3922,2021-09-02 12:45:00,6637
3923,2021-09-02 14:00:00,6638
3924,2021-09-02 14:30:00,6639
3925,2021-09-02 14:45:00,6640
3926,2021-09-02 15:45:00,6642
3927,2021-09-03 12:30:00,6647
3928,2021-09-03 13:15:00,6648
3929,2021-09-03 13:30:00,6649
3930,2021-09-04 10:00:00,6656
3931,2021-09-04 12:45:00,6658
3932,2021-09-04 13:15:00,6659
3933,2021-09-04 16:30:00,6660
3934,2021-09-04 16:45:00,6661
3935,2021-09-04 17:15:00,6663
3936,2021-09-05 08:30:00,6664
3937,2021-09-05 08:45:00,6665
3938,2021-09-05 09:00:00,6666
3939,2021-09-05 09:15:00,6667
3940,2021-09-05 10:30:00,6669
3941,2021-09-05 11:15:00,6670
3942,2021-09-05 11:45:00,6672
3943,2021-09-06 09:00:00,6675
3944,2021-09-06 11:00:00,6677
3945,2021-09-06 15:15:00,6679
3946,2021-09-06 15:15:00,6680
3947,2021-09-06 17:00:00,6684
3948,2021-09-07 10:15:00,6686
3949,2021-09-07 11:00:00,6687
3950,2021-09-07 11:00:00,6688
3951,2021-09-07 12:15:00,6689
3952,2021-09-07 12:30:00,6690
3953,2021-09-07 13:00:00,6691
3954,2021-09-07 14:45:00,6692
3955,2021-09-07 16:45:00,6695
3956,2021-09-07 16:45:00,6696
3957,2021-09-08 09:00:00,6699
3958,2021-09-08 09:30:00,6700
3959,2021-09-08 09:30:00,6701
3960,2021-09-08 10:15:00,6702
3961,2021-09-08 12:45:00,6705
3962,2021-09-08 15:00:00,6707
3963,2021-09-08 15:15:00,6708
3964,2021-09-08 16:45:00,6710
3965,2021-09-09 09:00:00,6711
3966,2021-09-09 10:30:00,6714
3967,2021-09-09 12:15:00,6715
3968,2021-09-09 13:45:00,6718
3969,2021-09-09 16:45:00,6720
3970,2021-09-10 08:45:00,6723
3971,2021-09-10 09:45:00,6724
3972,2021-09-10 10:15:00,6726
3973,2021-09-10 15:45:00,6729
3974,2021-09-11 10:15:00,6732
3975,2021-09-11 10:30:00,6733
3976,2021-09-11 14:00:00,6737
3977,2021-09-11 15:45:00,6739
3978,2021-09-12 09:45:00,6741
3979,2021-09-12 10:30:00,6742
3980,2021-09-12 10:30:00,6743
3981,2021-09-12 10:45:00,6744
3982,2021-09-12 11:30:00,6745
3983,2021-09-12 14:15:00,6746
3984,2021-09-12 16:30:00,6747
3985,2021-09-13 08:45:00,6749
3986,2021-09-13 09:45:00,6750
3987,2021-09-13 10:45:00,6752
3988,2021-09-13 13:30:00,6754
3989,2021-09-13 15:15:00,6756
3990,2021-09-13 15:45:00,6758
3991,2021-09-13 16:00:00,6759
3992,2021-09-13 17:15:00,6760
3993,2021-09-14 10:30:00,6761
3994,2021-09-14 11:15:00,6763
3995,2021-09-14 11:45:00,6764
3996,2021-09-14 12:15:00,6766
3997,2021-09-14 15:15:00,6767
3998,2021-09-14 16:45:00,6769
3999,2021-09-15 09:00:00,6770
4000,2021-09-15 10:30:00,6772
4001,2021-09-15 11:15:00,6775
4002,2021-09-15 12:15:00,6776
4003,2021-09-15 13:30:00,6777
4004,2021-09-15 14:30:00,6778
4005,2021-09-16 08:45:00,6782
4006,2021-09-16 09:30:00,6783
4007,2021-09-16 10:15:00,6784
4008,2021-09-16 13:00:00,6785
4009,2021-09-16 14:00:00,6786
4010,2021-09-16 15:45:00,6790
4011,2021-09-17 09:00:00,6792
4012,2021-09-17 10:00:00,6794
4013,2021-09-17 11:30:00,6796
4014,2021-09-17 13:30:00,6797
4015,2021-09-17 15:15:00,6798
4016,2021-09-17 16:00:00,6799
4017,2021-09-17 16:45:00,6801
4018,2021-09-17 17:00:00,6802
4019,2021-09-18 10:45:00,6804
4020,2021-09-18 11:15:00,6806
4021,2021-09-18 15:45:00,6809
4022,2021-09-18 16:00:00,6810
4023,2021-09-18 17:00:00,6811
4024,2021-09-19 08:45:00,6812
4025,2021-09-19 09:00:00,6813
4026,2021-09-19 10:00:00,6814
4027,2021-09-19 10:15:00,6815
4028,2021-09-19 11:30:00,6816
4029,2021-09-19 12:45:00,6817
4030,2021-09-19 14:15:00,6818
4031,2021-09-19 16:00:00,6819
4032,2021-09-19 16:15:00,6820
4033,2021-09-20 10:30:00,6825
4034,2021-09-20 10:45:00,6826
4035,2021-09-20 12:00:00,6828
4036,2021-09-20 14:00:00,6830
4037,2021-09-20 14:15:00,6831
4038,2021-09-20 15:00:00,6832
4039,2021-09-20 16:15:00,6833
4040,2021-09-20 17:00:00,6835
4041,2021-09-21 09:45:00,6837
4042,2021-09-21 10:00:00,6838
4043,2021-09-21 10:30:00,6840
4044,2021-09-21 14:30:00,6843
4045,2021-09-21 15:15:00,6845
4046,2021-09-21 15:30:00,6846
4047,2021-09-21 16:00:00,6847
4048,2021-09-22 11:15:00,6848
4049,2021-09-22 11:30:00,6849
4050,2021-09-22 13:30:00,6850
4051,2021-09-22 15:45:00,6854
4052,2021-09-22 16:15:00,6855
4053,2021-09-22 16:30:00,6856
4054,2021-09-22 16:45:00,6857
4055,2021-09-23 08:45:00,6858
4056,2021-09-23 09:45:00,6860
4057,2021-09-23 12:00:00,6863
4058,2021-09-23 12:15:00,6864
4059,2021-09-23 17:00:00,6866
4060,2021-09-24 09:15:00,6869
4061,2021-09-24 12:45:00,6873
4062,2021-09-24 14:00:00,6874
4063,2021-09-24 14:00:00,6875
4064,2021-09-24 16:45:00,6876
4065,2021-09-25 09:45:00,6878
4066,2021-09-25 11:00:00,6880
4067,2021-09-25 11:15:00,6881
4068,2021-09-25 11:30:00,6882
4069,2021-09-25 13:15:00,6883
4070,2021-09-26 08:30:00,6887
4071,2021-09-26 09:45:00,6888
4072,2021-09-26 10:30:00,6889
4073,2021-09-26 11:45:00,6891
4074,2021-09-26 11:45:00,6892
4075,2021-09-26 12:45:00,6893
4076,2021-09-26 17:00:00,6897
4077,2021-09-27 08:30:00,6898
4078,2021-09-27 10:00:00,6900
4079,2021-09-27 11:45:00,6904
4080,2021-09-27 13:15:00,6905
4081,2021-09-27 13:30:00,6906
4082,2021-09-27 14:15:00,6907
4083,2021-09-27 14:30:00,6908
4084,2021-09-27 17:00:00,6910
4085,2021-09-28 09:00:00,6911
4086,2021-09-28 10:30:00,6913
4087,2021-09-28 11:15:00,6914
4088,2021-09-28 11:30:00,6915
4089,2021-09-28 15:15:00,6918
4090,2021-09-28 15:30:00,6919
4091,2021-09-29 09:45:00,6923
4092,2021-09-29 12:00:00,6925
4093,2021-09-29 13:00:00,6927
4094,2021-09-29 14:15:00,6929
4095,2021-09-29 14:45:00,6930
4096,2021-09-29 15:15:00,6931
4097,2021-09-29 15:30:00,6932
4098,2021-09-29 17:15:00,6933
4099,2021-09-30 09:30:00,6934
4100,2021-09-30 10:00:00,6935
4101,2021-09-30 13:00:00,6937
4102,2021-09-30 14:45:00,6939
4103,2021-09-30 15:30:00,6941
4104,2021-09-30 15:30:00,6942
4105,2021-09-30 15:45:00,6943
4106,2021-09-30 16:15:00,6945
4107,2021-10-01 08:45:00,6946
4108,2021-10-01 08:45:00,6947
4109,2021-10-01 09:00:00,6949
4110,2021-10-01 11:15:00,6952
4111,2021-10-01 11:45:00,6954
4112,2021-10-01 12:45:00,6955
4113,2021-10-01 14:00:00,6957
4114,2021-10-02 09:15:00,6959
4115,2021-10-02 10:00:00,6961
4116,2021-10-02 10:45:00,6962
4117,2021-10-02 12:45:00,6963
4118,2021-10-02 16:00:00,6966
4119,2021-10-02 16:45:00,6967
4120,2021-10-02 17:00:00,6968
4121,2021-10-03 08:45:00,6970
4122,2021-10-03 10:00:00,6971
4123,2021-10-03 10:30:00,6973
4124,2021-10-03 14:00:00,6975
4125,2021-10-03 14:30:00,6977
4126,2021-10-03 15:45:00,6978
4127,2021-10-04 08:30:00,6979
4128,2021-10-04 09:15:00,6980
4129,2021-10-04 11:30:00,6984
4130,2021-10-04 12:15:00,6985
4131,2021-10-04 15:45:00,6988
4132,2021-10-04 16:30:00,6989
4133,2021-10-05 09:15:00,6993
4134,2021-10-05 09:45:00,6994
4135,2021-10-05 10:15:00,6995
4136,2021-10-05 10:15:00,6996
4137,2021-10-05 12:00:00,6999
4138,2021-10-05 12:30:00,7000
4139,2021-10-05 12:45:00,7001
4140,2021-10-05 14:00:00,7002
4141,2021-10-06 10:00:00,7006
4142,2021-10-06 12:00:00,7008
4143,2021-10-06 13:00:00,7009
4144,2021-10-06 15:00:00,7010
4145,2021-10-07 10:30:00,7013
4146,2021-10-07 11:30:00,7015
4147,2021-10-07 12:15:00,7016
4148,2021-10-07 14:00:00,7017
4149,2021-10-07 14:15:00,7018
4150,2021-10-07 14:30:00,7019
4151,2021-10-07 15:15:00,7020
4152,2021-10-07 17:15:00,7022
4153,2021-10-08 08:30:00,7023
4154,2021-10-08 10:15:00,7025
4155,2021-10-08 11:15:00,7026
4156,2021-10-08 11:45:00,7027
4157,2021-10-08 13:00:00,7028
4158,2021-10-08 13:45:00,7029
4159,2021-10-08 15:00:00,7030
4160,2021-10-08 16:45:00,7031
4161,2021-10-08 17:15:00,7032
4162,2021-10-09 09:45:00,7034
4163,2021-10-09 10:30:00,7035
4164,2021-10-09 10:45:00,7036
4165,2021-10-09 11:15:00,7038
4166,2021-10-09 11:45:00,7040
4167,2021-10-09 15:00:00,7041
4168,2021-10-09 15:00:00,7042
4169,2021-10-09 15:30:00,7043
4170,2021-10-09 16:00:00,7044
4171,2021-10-10 08:30:00,7045
4172,2021-10-10 09:30:00,7046
4173,2021-10-10 10:30:00,7047
4174,2021-10-10 10:45:00,7048
4175,2021-10-10 14:00:00,7051
4176,2021-10-10 16:30:00,7053
4177,2021-10-10 16:45:00,7054
4178,2021-10-11 08:45:00,7055
4179,2021-10-11 10:30:00,7057
4180,2021-10-11 13:15:00,7061
4181,2021-10-11 14:00:00,7063
4182,2021-10-11 16:00:00,7064
4183,2021-10-11 16:45:00,7065
4184,2021-10-11 17:00:00,7066
4185,2021-10-11 17:15:00,7067
4186,2021-10-12 09:15:00,7068
4187,2021-10-12 11:00:00,7069
4188,2021-10-12 12:45:00,7072
4189,2021-10-12 14:45:00,7075
4190,2021-10-12 15:15:00,7076
4191,2021-10-12 15:30:00,7077
4192,2021-10-12 15:45:00,7078
4193,2021-10-13 08:30:00,7079
4194,2021-10-13 09:30:00,7080
4195,2021-10-13 10:00:00,7081
4196,2021-10-13 11:45:00,7082
4197,2021-10-13 12:15:00,7083
4198,2021-10-13 12:30:00,7084
4199,2021-10-13 14:45:00,7086
4200,2021-10-13 15:15:00,7087
4201,2021-10-14 09:45:00,7091
4202,2021-10-14 11:30:00,7092
4203,2021-10-14 12:45:00,7094
4204,2021-10-14 13:15:00,7096
4205,2021-10-14 14:45:00,7099
4206,2021-10-15 10:30:00,7100
4207,2021-10-15 11:00:00,7101
4208,2021-10-15 12:00:00,7103
4209,2021-10-15 12:00:00,7104
4210,2021-10-15 12:30:00,7105
4211,2021-10-15 13:00:00,7106
4212,2021-10-15 13:30:00,7107
4213,2021-10-15 15:00:00,7108
4214,2021-10-15 15:45:00,7109
4215,2021-10-15 16:30:00,7110
4216,2021-10-16 08:30:00,7111
4217,2021-10-16 08:30:00,7112
4218,2021-10-16 09:00:00,7114
4219,2021-10-16 12:15:00,7116
4220,2021-10-16 14:45:00,7119
4221,2021-10-16 15:30:00,7120
4222,2021-10-17 09:30:00,7122
4223,2021-10-17 12:30:00,7124
4224,2021-10-17 13:45:00,7125
4225,2021-10-17 14:45:00,7126
4226,2021-10-17 15:00:00,7127
4227,2021-10-17 16:15:00,7128
4228,2021-10-17 17:00:00,7129
4229,2021-10-17 17:15:00,7130
4230,2021-10-18 11:00:00,7134
4231,2021-10-18 11:15:00,7136
4232,2021-10-18 12:45:00,7137
4233,2021-10-18 13:45:00,7138
4234,2021-10-18 14:45:00,7141
4235,2021-10-18 15:00:00,7142
4236,2021-10-18 17:15:00,7143
4237,2021-10-19 10:15:00,7145
4238,2021-10-19 11:30:00,7147
4239,2021-10-19 14:00:00,7150
4240,2021-10-19 14:15:00,7151
4241,2021-10-19 15:15:00,7152
4242,2021-10-19 17:15:00,7155
4243,2021-10-20 09:00:00,7156
4244,2021-10-20 10:30:00,7157
4245,2021-10-20 11:15:00,7158
4246,2021-10-20 11:30:00,7159
4247,2021-10-20 16:00:00,7160
4248,2021-10-20 16:15:00,7161
4249,2021-10-20 17:00:00,7162
4250,2021-10-21 10:15:00,7164
4251,2021-10-21 10:30:00,7165
4252,2021-10-21 11:15:00,7166
4253,2021-10-21 16:15:00,7169
4254,2021-10-21 16:45:00,7170
4255,2021-10-22 09:15:00,7172
4256,2021-10-22 09:30:00,7174
4257,2021-10-22 10:15:00,7178
4258,2021-10-22 11:30:00,7179
4259,2021-10-22 13:15:00,7182
4260,2021-10-22 17:15:00,7184
4261,2021-10-23 10:15:00,7185
4262,2021-10-23 11:15:00,7187
4263,2021-10-23 13:15:00,7190
4264,2021-10-23 14:30:00,7191
4265,2021-10-23 15:30:00,7192
4266,2021-10-23 16:15:00,7193
4267,2021-10-23 16:30:00,7194
4268,2021-10-23 17:00:00,7195
4269,2021-10-24 11:00:00,7197
4270,2021-10-24 11:15:00,7199
4271,2021-10-24 12:15:00,7201
4272,2021-10-24 15:00:00,7203
4273,2021-10-24 15:15:00,7204
4274,2021-10-24 15:30:00,7205
4275,2021-10-24 16:15:00,7206
4276,2021-10-25 09:45:00,7208
4277,2021-10-25 10:45:00,7210
4278,2021-10-25 12:45:00,7211
4279,2021-10-25 13:00:00,7212
4280,2021-10-25 13:00:00,7213
4281,2021-10-26 08:30:00,7216
4282,2021-10-26 11:00:00,7217
4283,2021-10-26 12:15:00,7221
4284,2021-10-26 14:30:00,7224
4285,2021-10-26 16:00:00,7226
4286,2021-10-26 17:15:00,7227
4287,2021-10-27 08:30:00,7229
4288,2021-10-27 09:15:00,7230
4289,2021-10-27 10:30:00,7232
4290,2021-10-27 12:15:00,7233
4291,2021-10-27 13:00:00,7235
4292,2021-10-27 13:45:00,7236
4293,2021-10-27 15:00:00,7238
4294,2021-10-27 15:30:00,7239
4295,2021-10-27 16:00:00,7240
4296,2021-10-28 08:30:00,7241
4297,2021-10-28 08:30:00,7242
4298,2021-10-28 12:45:00,7246
4299,2021-10-28 14:45:00,7247
4300,2021-10-28 14:45:00,7248
4301,2021-10-28 15:45:00,7250
4302,2021-10-29 11:00:00,7252
4303,2021-10-29 11:30:00,7253
4304,2021-10-29 13:30:00,7255
4305,2021-10-29 13:30:00,7256
4306,2021-10-29 15:30:00,7258
4307,2021-10-29 15:30:00,7260
4308,2021-10-30 09:00:00,7263
4309,2021-10-30 09:00:00,7264
4310,2021-10-30 12:45:00,7266
4311,2021-10-30 13:00:00,7267
4312,2021-10-30 13:15:00,7269
4313,2021-10-30 14:00:00,7271
4314,2021-10-30 14:45:00,7272
4315,2021-10-30 15:30:00,7273
4316,2021-10-31 08:45:00,7275
4317,2021-10-31 12:15:00,7281
4318,2021-10-31 14:30:00,7282
4319,2021-10-31 14:30:00,7283
4320,2021-11-01 09:00:00,7287
4321,2021-11-01 09:30:00,7288
4322,2021-11-01 11:00:00,7289
4323,2021-11-01 11:00:00,7290
4324,2021-11-01 13:45:00,7291
4325,2021-11-01 17:00:00,7295
4326,2021-11-02 08:30:00,7296
4327,2021-11-02 08:45:00,7297
4328,2021-11-02 09:00:00,7298
4329,2021-11-02 10:00:00,7299
4330,2021-11-02 10:15:00,7300
4331,2021-11-02 10:30:00,7301
4332,2021-11-02 11:30:00,7302
4333,2021-11-02 11:45:00,7303
4334,2021-11-02 13:00:00,7305
4335,2021-11-03 08:45:00,7306
4336,2021-11-03 09:30:00,7307
4337,2021-11-03 10:15:00,7308
4338,2021-11-03 10:15:00,7310
4339,2021-11-03 12:45:00,7311
4340,2021-11-03 13:00:00,7313
4341,2021-11-04 11:00:00,7317
4342,2021-11-04 11:15:00,7318
4343,2021-11-04 11:15:00,7319
4344,2021-11-04 13:00:00,7320
4345,2021-11-04 13:30:00,7321
4346,2021-11-04 14:00:00,7323
4347,2021-11-04 15:00:00,7324
4348,2021-11-04 15:30:00,7326
4349,2021-11-04 16:00:00,7327
4350,2021-11-05 10:45:00,7329
4351,2021-11-05 11:15:00,7330
4352,2021-11-05 12:00:00,7331
4353,2021-11-05 13:00:00,7333
4354,2021-11-05 14:30:00,7336
4355,2021-11-05 14:30:00,7337
4356,2021-11-05 15:45:00,7338
4357,2021-11-06 10:45:00,7341
4358,2021-11-06 10:45:00,7342
4359,2021-11-06 12:30:00,7343
4360,2021-11-06 13:00:00,7344
4361,2021-11-06 13:30:00,7345
4362,2021-11-06 14:15:00,7346
4363,2021-11-06 15:45:00,7347
4364,2021-11-06 16:15:00,7349
4365,2021-11-06 16:15:00,7350
4366,2021-11-07 08:45:00,7353
4367,2021-11-07 10:15:00,7355
4368,2021-11-07 10:30:00,7356
4369,2021-11-07 13:30:00,7358
4370,2021-11-07 14:00:00,7359
4371,2021-11-07 15:30:00,7361
4372,2021-11-07 16:00:00,7362
4373,2021-11-08 08:45:00,7363
4374,2021-11-08 13:30:00,7369
4375,2021-11-09 10:30:00,7376
4376,2021-11-09 11:15:00,7377
4377,2021-11-09 11:30:00,7378
4378,2021-11-09 11:45:00,7379
4379,2021-11-09 12:00:00,7380
4380,2021-11-09 13:45:00,7382
4381,2021-11-09 14:30:00,7383
4382,2021-11-09 14:30:00,7384
4383,2021-11-09 15:45:00,7385
4384,2021-11-10 08:30:00,7386
4385,2021-11-10 10:30:00,7388
4386,2021-11-10 14:45:00,7390
4387,2021-11-10 15:30:00,7391
4388,2021-11-10 16:15:00,7393
4389,2021-11-11 12:30:00,7400
4390,2021-11-11 13:00:00,7402
4391,2021-11-11 13:45:00,7405
4392,2021-11-11 17:00:00,7407
4393,2021-11-12 08:45:00,7409
4394,2021-11-12 09:30:00,7410
4395,2021-11-12 09:45:00,7411
4396,2021-11-12 11:30:00,7412
4397,2021-11-12 12:15:00,7413
4398,2021-11-12 12:30:00,7414
4399,2021-11-12 15:45:00,7416
4400,2021-11-12 16:30:00,7417
4401,2021-11-12 17:00:00,7419
4402,2021-11-13 09:30:00,7421
4403,2021-11-13 10:45:00,7423
4404,2021-11-13 13:15:00,7424
4405,2021-11-13 15:00:00,7427
4406,2021-11-13 15:30:00,7428
4407,2021-11-14 11:15:00,7434
4408,2021-11-14 13:00:00,7437
4409,2021-11-14 17:15:00,7440
4410,2021-11-15 09:45:00,7442
4411,2021-11-15 14:15:00,7444
4412,2021-11-15 14:30:00,7445
4413,2021-11-15 14:30:00,7447
4414,2021-11-15 15:00:00,7448
4415,2021-11-15 16:15:00,7450
4416,2021-11-15 16:30:00,7451
4417,2021-11-16 08:30:00,7452
4418,2021-11-16 12:45:00,7455
4419,2021-11-16 13:45:00,7457
4420,2021-11-16 14:30:00,7458
4421,2021-11-16 16:00:00,7459
4422,2021-11-16 16:15:00,7461
4423,2021-11-17 10:15:00,7463
4424,2021-11-17 10:45:00,7464
4425,2021-11-17 12:00:00,7467
4426,2021-11-17 12:30:00,7468
4427,2021-11-17 13:15:00,7469
4428,2021-11-18 08:45:00,7473
4429,2021-11-18 09:15:00,7474
4430,2021-11-18 10:15:00,7475
4431,2021-11-18 11:00:00,7476
4432,2021-11-18 11:30:00,7477
4433,2021-11-18 13:30:00,7478
4434,2021-11-18 14:00:00,7479
4435,2021-11-18 14:30:00,7480
4436,2021-11-18 14:30:00,7481
4437,2021-11-18 16:00:00,7482
4438,2021-11-18 16:45:00,7483
4439,2021-11-18 17:00:00,7484
4440,2021-11-18 17:15:00,7485
4441,2021-11-19 10:45:00,7489
4442,2021-11-19 12:00:00,7492
4443,2021-11-19 13:30:00,7493
4444,2021-11-19 15:45:00,7496
4445,2021-11-20 08:45:00,7498
4446,2021-11-20 10:45:00,7499
4447,2021-11-20 11:30:00,7501
4448,2021-11-20 12:45:00,7502
4449,2021-11-20 13:00:00,7503
4450,2021-11-20 14:45:00,7506
4451,2021-11-20 16:30:00,7509
4452,2021-11-21 08:45:00,7510
4453,2021-11-21 09:00:00,7511
4454,2021-11-21 09:15:00,7513
4455,2021-11-21 11:45:00,7515
4456,2021-11-21 15:00:00,7518
4457,2021-11-22 09:00:00,7521
4458,2021-11-22 09:00:00,7522
4459,2021-11-22 13:30:00,7527
4460,2021-11-22 13:45:00,7529
4461,2021-11-22 14:30:00,7530
4462,2021-11-23 08:45:00,7532
4463,2021-11-23 09:30:00,7533
4464,2021-11-23 12:00:00,7537
4465,2021-11-23 14:00:00,7538
4466,2021-11-23 14:15:00,7539
4467,2021-11-23 14:45:00,7540
4468,2021-11-24 10:00:00,7543
4469,2021-11-24 11:45:00,7544
4470,2021-11-24 16:00:00,7548
4471,2021-11-24 16:30:00,7550
4472,2021-11-25 08:30:00,7551
4473,2021-11-25 09:45:00,7553
4474,2021-11-25 10:30:00,7556
4475,2021-11-25 12:30:00,7558
4476,2021-11-25 17:15:00,7560
4477,2021-11-26 09:15:00,7561
4478,2021-11-26 09:30:00,7563
4479,2021-11-26 11:30:00,7566
4480,2021-11-26 12:45:00,7567
4481,2021-11-26 15:00:00,7569
4482,2021-11-27 12:30:00,7573
4483,2021-11-27 13:30:00,7574
4484,2021-11-27 14:15:00,7575
4485,2021-11-27 14:45:00,7578
4486,2021-11-27 17:15:00,7580
4487,2021-11-28 10:30:00,7582
4488,2021-11-28 12:00:00,7583
4489,2021-11-28 16:45:00,7587
4490,2021-11-29 10:45:00,7592
4491,2021-11-29 11:15:00,7593
4492,2021-11-29 11:45:00,7594
4493,2021-11-29 16:15:00,7597
4494,2021-11-29 17:15:00,7600
4495,2021-11-30 09:15:00,7601
4496,2021-11-30 11:45:00,7604
4497,2021-11-30 12:00:00,7605
4498,2021-11-30 12:00:00,7606
4499,2021-11-30 15:00:00,7608
4500,2021-12-01 09:15:00,7611
4501,2021-12-01 10:15:00,7612
4502,2021-12-01 11:45:00,7613
4503,2021-12-01 12:45:00,7615
4504,2021-12-01 13:45:00,7616
4505,2021-12-01 14:15:00,7617
4506,2021-12-01 14:30:00,7618
4507,2021-12-01 15:00:00,7620
4508,2021-12-01 15:30:00,7621
4509,2021-12-02 08:30:00,7624
4510,2021-12-02 09:30:00,7625
4511,2021-12-02 11:00:00,7626
4512,2021-12-02 13:30:00,7627
4513,2021-12-02 13:45:00,7628
4514,2021-12-02 14:00:00,7630
4515,2021-12-02 16:00:00,7633
4516,2021-12-02 17:00:00,7634
4517,2021-12-02 17:00:00,7635
4518,2021-12-02 17:00:00,7636
4519,2021-12-03 08:30:00,7637
4520,2021-12-03 08:45:00,7639
4521,2021-12-03 13:15:00,7643
4522,2021-12-03 16:00:00,7645
4523,2021-12-03 16:30:00,7646
4524,2021-12-03 17:15:00,7649
4525,2021-12-04 10:45:00,7651
4526,2021-12-04 11:30:00,7653
4527,2021-12-04 11:30:00,7654
4528,2021-12-04 12:15:00,7655
4529,2021-12-04 14:30:00,7657
4530,2021-12-04 16:15:00,7658
4531,2021-12-04 16:30:00,7659
4532,2021-12-04 17:00:00,7660
4533,2021-12-04 17:00:00,7661
4534,2021-12-05 11:30:00,7665
4535,2021-12-05 13:00:00,7666
4536,2021-12-05 14:00:00,7667
4537,2021-12-05 14:30:00,7668
4538,2021-12-05 16:00:00,7669
4539,2021-12-05 17:15:00,7672
4540,2021-12-06 08:45:00,7673
4541,2021-12-06 10:00:00,7674
4542,2021-12-06 10:15:00,7675
4543,2021-12-06 10:45:00,7676
4544,2021-12-06 12:30:00,7677
4545,2021-12-06 14:30:00,7678
4546,2021-12-06 15:30:00,7680
4547,2021-12-06 15:45:00,7681
4548,2021-12-07 10:45:00,7684
4549,2021-12-07 11:15:00,7685
4550,2021-12-07 13:45:00,7688
4551,2021-12-07 14:00:00,7690
4552,2021-12-07 15:45:00,7691
4553,2021-12-07 16:30:00,7692
4554,2021-12-08 09:30:00,7695
4555,2021-12-08 10:00:00,7696
4556,2021-12-08 11:00:00,7698
4557,2021-12-08 12:00:00,7699
4558,2021-12-08 12:30:00,7700
4559,2021-12-08 13:45:00,7701
4560,2021-12-08 15:30:00,7703
4561,2021-12-09 10:15:00,7709
4562,2021-12-09 12:00:00,7711
4563,2021-12-09 12:45:00,7712
4564,2021-12-09 14:00:00,7713
4565,2021-12-09 14:00:00,7714
4566,2021-12-09 14:15:00,7715
4567,2021-12-10 08:30:00,7718
4568,2021-12-10 08:45:00,7719
4569,2021-12-10 11:45:00,7720
4570,2021-12-10 12:15:00,7721
4571,2021-12-10 12:15:00,7722
4572,2021-12-10 15:15:00,7724
4573,2021-12-10 15:45:00,7725
4574,2021-12-10 16:15:00,7727
4575,2021-12-10 17:00:00,7729
4576,2021-12-11 14:15:00,7733
4577,2021-12-11 14:15:00,7734
4578,2021-12-11 15:30:00,7736
4579,2021-12-12 09:15:00,7739
4580,2021-12-12 09:30:00,7740
4581,2021-12-12 10:45:00,7741
4582,2021-12-12 13:00:00,7743
4583,2021-12-12 13:45:00,7745
4584,2021-12-12 17:15:00,7748
4585,2021-12-13 08:45:00,7749
4586,2021-12-13 10:00:00,7752
4587,2021-12-13 10:30:00,7753
4588,2021-12-13 11:00:00,7754
4589,2021-12-13 14:15:00,7756
4590,2021-12-13 14:45:00,7757
4591,2021-12-13 15:15:00,7758
4592,2021-12-13 15:15:00,7759
4593,2021-12-14 08:30:00,7760
4594,2021-12-14 11:30:00,7763
4595,2021-12-14 12:45:00,7765
4596,2021-12-14 13:00:00,7766
4597,2021-12-14 13:30:00,7767
4598,2021-12-14 16:00:00,7771
4599,2021-12-15 08:45:00,7772
4600,2021-12-15 10:45:00,7774
4601,2021-12-15 12:45:00,7775
4602,2021-12-15 12:45:00,7776
4603,2021-12-15 13:15:00,7777
4604,2021-12-15 15:30:00,7780
4605,2021-12-16 08:45:00,7782
4606,2021-12-16 09:00:00,7783
4607,2021-12-16 11:00:00,7787
4608,2021-12-16 13:30:00,7788
4609,2021-12-16 14:30:00,7789
4610,2021-12-16 15:00:00,7790
4611,2021-12-16 15:45:00,7792
4612,2021-12-16 17:15:00,7793
4613,2021-12-17 08:30:00,7794
4614,2021-12-17 09:15:00,7795
4615,2021-12-17 10:30:00,7796
4616,2021-12-17 11:45:00,7797
4617,2021-12-17 12:00:00,7798
4618,2021-12-17 12:15:00,7799
4619,2021-12-17 15:00:00,7803
4620,2021-12-17 15:30:00,7804
4621,2021-12-17 15:45:00,7805
4622,2021-12-17 16:00:00,7806
4623,2021-12-17 17:15:00,7807
4624,2021-12-18 08:30:00,7808
4625,2021-12-18 09:15:00,7809
4626,2021-12-18 09:45:00,7811
4627,2021-12-18 13:45:00,7814
4628,2021-12-18 15:00:00,7816
4629,2021-12-19 09:00:00,7817
4630,2021-12-19 09:30:00,7818
4631,2021-12-19 09:45:00,7819
4632,2021-12-19 11:00:00,7820
4633,2021-12-19 11:15:00,7822
4634,2021-12-19 12:45:00,7824
4635,2021-12-19 14:00:00,7825
4636,2021-12-19 16:00:00,7826
4637,2021-12-20 08:30:00,7827
4638,2021-12-20 09:45:00,7828
4639,2021-12-20 13:00:00,7831
4640,2021-12-20 13:15:00,7832
4641,2021-12-20 15:00:00,7834
4642,2021-12-20 15:00:00,7835
4643,2021-12-20 16:15:00,7837
4644,2021-12-21 08:45:00,7840
4645,2021-12-21 10:00:00,7843
4646,2021-12-21 11:00:00,7844
4647,2021-12-21 12:00:00,7845
4648,2021-12-21 12:30:00,7846
4649,2021-12-21 13:45:00,7848
4650,2021-12-21 14:30:00,7849
4651,2021-12-21 16:15:00,7851
4652,2021-12-21 16:15:00,7852
4653,2021-12-22 08:45:00,7853
4654,2021-12-22 09:30:00,7854
4655,2021-12-22 10:15:00,7855
4656,2021-12-22 10:30:00,7857
4657,2021-12-22 11:15:00,7858
4658,2021-12-22 12:00:00,7859
4659,2021-12-22 14:30:00,7860
4660,2021-12-22 15:45:00,7861
4661,2021-12-23 09:00:00,7865
4662,2021-12-23 10:15:00,7867
4663,2021-12-23 11:00:00,7869
4664,2021-12-23 12:15:00,7871
4665,2021-12-23 13:15:00,7872
4666,2021-12-23 15:15:00,7873
4667,2021-12-23 16:00:00,7874
4668,2021-12-23 17:00:00,7875
4669,2021-12-23 17:00:00,7876
4670,2021-12-24 09:00:00,7877
4671,2021-12-24 09:15:00,7878
4672,2021-12-24 09:45:00,7879
4673,2021-12-24 10:45:00,7880
4674,2021-12-24 14:30:00,7883
4675,2021-12-24 15:00:00,7885
4676,2021-12-24 16:00:00,7886
4677,2021-12-24 16:15:00,7887
4678,2021-12-24 17:00:00,7888
4679,2021-12-24 17:15:00,7889
4680,2021-12-25 09:30:00,7891
4681,2021-12-25 10:15:00,7892
4682,2021-12-25 12:30:00,7894
4683,2021-12-25 13:45:00,7895
4684,2021-12-25 15:15:00,7896
4685,2021-12-25 16:30:00,7897
4686,2021-12-25 17:15:00,7898
4687,2021-12-26 08:45:00,7899
4688,2021-12-26 09:00:00,7900
4689,2021-12-26 10:45:00,7901
4690,2021-12-26 11:15:00,7903
4691,2021-12-26 11:45:00,7904
4692,2021-12-26 13:00:00,7905
4693,2021-12-26 14:15:00,7907
4694,2021-12-27 08:30:00,7908
4695,2021-12-27 08:30:00,7909
4696,2021-12-27 12:00:00,7911
4697,2021-12-27 12:30:00,7912
4698,2021-12-27 13:00:00,7914
4699,2021-12-27 15:00:00,7917
4700,2021-12-27 15:15:00,7918
4701,2021-12-27 15:45:00,7919
4702,2021-12-28 09:15:00,7920
4703,2021-12-28 10:00:00,7921
4704,2021-12-28 10:00:00,7922
4705,2021-12-28 11:00:00,7923
4706,2021-12-28 12:15:00,7925
4707,2021-12-28 12:30:00,7926
4708,2021-12-28 14:00:00,7927
4709,2021-12-28 15:15:00,7928
4710,2021-12-28 16:00:00,7929
4711,2021-12-28 16:45:00,7930
4712,2021-12-28 17:00:00,7931
4713,2021-12-29 10:45:00,7934
4714,2021-12-29 12:45:00,7938
4715,2021-12-29 16:45:00,7940
4716,2021-12-29 17:00:00,7942
4717,2021-12-30 08:45:00,7943
4718,2021-12-30 09:45:00,7944
4719,2021-12-30 10:30:00,7945
4720,2021-12-30 12:15:00,7949
4721,2021-12-30 12:15:00,7950
4722,2021-12-30 13:00:00,7951
4723,2021-12-30 16:45:00,7953
4724,2021-12-31 14:00:00,7961
4725,2021-12-31 14:15:00,7962
4726,2021-12-31 14:30:00,7963
4727,2021-12-31 15:15:00,7965
4728,2022-01-01 08:30:00,7967
4729,2022-01-01 09:00:00,7968
4730,2022-01-01 10:00:00,7969
4731,2022-01-01 10:00:00,7970
4732,2022-01-01 10:15:00,7971
4733,2022-01-01 10:30:00,7973
4734,2022-01-01 11:30:00,7974
4735,2022-01-01 12:30:00,7975
4736,2022-01-01 14:45:00,7977
4737,2022-01-01 15:15:00,7978
4738,2022-01-01 16:30:00,7979
4739,2022-01-02 09:00:00,7981
4740,2022-01-02 09:30:00,7982
4741,2022-01-02 09:30:00,7983
4742,2022-01-02 10:45:00,7985
4743,2022-01-02 13:00:00,7987
4744,2022-01-02 15:00:00,7988
4745,2022-01-02 16:30:00,7989
4746,2022-01-02 17:00:00,7991
4747,2022-01-02 17:15:00,7992
4748,2022-01-03 10:30:00,7994
4749,2022-01-03 12:30:00,7995
4750,2022-01-03 13:00:00,7996
4751,2022-01-03 13:15:00,7997
4752,2022-01-03 14:15:00,7998
4753,2022-01-03 14:30:00,7999
4754,2022-01-03 14:45:00,8000
4755,2022-01-03 16:00:00,8002
4756,2022-01-04 09:00:00,8005
4757,2022-01-04 11:15:00,8007
4758,2022-01-04 14:30:00,8009
4759,2022-01-04 14:45:00,8010
4760,2022-01-04 15:00:00,8011
4761,2022-01-04 15:30:00,8012
4762,2022-01-04 16:45:00,8013
4763,2022-01-05 09:00:00,8014
4764,2022-01-05 12:30:00,8016
4765,2022-01-05 13:30:00,8017
4766,2022-01-05 14:00:00,8019
4767,2022-01-05 14:45:00,8021
4768,2022-01-05 15:00:00,8023
4769,2022-01-06 08:30:00,8025
4770,2022-01-06 09:00:00,8026
4771,2022-01-06 09:30:00,8027
4772,2022-01-06 09:45:00,8028
4773,2022-01-06 10:00:00,8029
4774,2022-01-06 11:00:00,8030
4775,2022-01-06 12:15:00,8031
4776,2022-01-06 15:00:00,8033
4777,2022-01-06 15:15:00,8034
4778,2022-01-06 15:45:00,8035
4779,2022-01-06 16:00:00,8036
4780,2022-01-07 09:30:00,8037
4781,2022-01-07 09:45:00,8038
4782,2022-01-07 12:15:00,8040
4783,2022-01-07 13:30:00,8041
4784,2022-01-07 13:45:00,8042
4785,2022-01-07 13:45:00,8043
4786,2022-01-07 14:00:00,8044
4787,2022-01-08 08:30:00,8047
4788,2022-01-08 10:00:00,8048
4789,2022-01-08 10:45:00,8049
4790,2022-01-08 11:30:00,8051
4791,2022-01-08 12:00:00,8053
4792,2022-01-08 12:00:00,8054
4793,2022-01-08 14:15:00,8055
4794,2022-01-08 14:30:00,8056
4795,2022-01-08 15:00:00,8057
4796,2022-01-08 15:00:00,8059
4797,2022-01-09 10:15:00,8061
4798,2022-01-09 10:30:00,8063
4799,2022-01-09 10:45:00,8064
4800,2022-01-09 14:45:00,8066
4801,2022-01-09 15:00:00,8067
4802,2022-01-09 15:15:00,8068
4803,2022-01-09 16:00:00,8069
4804,2022-01-10 08:30:00,8071
4805,2022-01-10 08:45:00,8072
4806,2022-01-10 09:45:00,8073
4807,2022-01-10 10:30:00,8074
4808,2022-01-10 11:00:00,8075
4809,2022-01-10 12:30:00,8078
4810,2022-01-10 15:30:00,8079
4811,2022-01-10 16:30:00,8080
4812,2022-01-11 10:00:00,8084
4813,2022-01-11 11:00:00,8085
4814,2022-01-11 12:45:00,8087
4815,2022-01-11 14:45:00,8089
4816,2022-01-11 14:45:00,8090
4817,2022-01-11 16:00:00,8091
4818,2022-01-12 12:15:00,8096
4819,2022-01-12 12:45:00,8097
4820,2022-01-12 13:15:00,8098
4821,2022-01-12 14:15:00,8099
4822,2022-01-12 14:15:00,8100
4823,2022-01-12 14:45:00,8101
4824,2022-01-12 14:45:00,8102
4825,2022-01-12 16:15:00,8103
4826,2022-01-12 16:30:00,8104
4827,2022-01-13 08:30:00,8106
4828,2022-01-13 09:45:00,8109
4829,2022-01-13 10:15:00,8110
4830,2022-01-13 11:15:00,8113
4831,2022-01-13 13:15:00,8114
4832,2022-01-13 14:00:00,8115
4833,2022-01-13 16:45:00,8116
4834,2022-01-14 09:15:00,8120
4835,2022-01-14 09:45:00,8121
4836,2022-01-14 10:00:00,8122
4837,2022-01-14 10:30:00,8123
4838,2022-01-14 13:45:00,8125
4839,2022-01-14 13:45:00,8126
4840,2022-01-14 15:45:00,8128
4841,2022-01-14 16:15:00,8129
4842,2022-01-15 09:45:00,8131
4843,2022-01-15 13:00:00,8134
4844,2022-01-15 13:45:00,8135
4845,2022-01-15 14:30:00,8136
4846,2022-01-15 16:00:00,8137
4847,2022-01-15 16:45:00,8140
4848,2022-01-15 17:15:00,8141
4849,2022-01-15 17:15:00,8142
4850,2022-01-16 08:30:00,8143
4851,2022-01-16 10:15:00,8146
4852,2022-01-16 10:15:00,8147
4853,2022-01-16 12:45:00,8148
4854,2022-01-16 13:00:00,8149
4855,2022-01-16 14:30:00,8150
4856,2022-01-16 15:45:00,8153
4857,2022-01-16 16:45:00,8154
4858,2022-01-17 10:00:00,8155
4859,2022-01-17 10:00:00,8156
4860,2022-01-17 11:00:00,8158
4861,2022-01-17 13:15:00,8159
4862,2022-01-17 13:30:00,8160
4863,2022-01-18 09:45:00,8165
4864,2022-01-18 10:30:00,8166
4865,2022-01-18 10:30:00,8167
4866,2022-01-18 10:30:00,8168
4867,2022-01-18 13:15:00,8172
4868,2022-01-18 13:45:00,8173
4869,2022-01-18 14:15:00,8174
4870,2022-01-19 09:30:00,8176
4871,2022-01-19 10:30:00,8177
4872,2022-01-19 12:00:00,8178
4873,2022-01-19 13:00:00,8182
4874,2022-01-19 15:00:00,8185
4875,2022-01-19 16:30:00,8186
4876,2022-01-20 08:45:00,8187
4877,2022-01-20 09:00:00,8188
4878,2022-01-20 12:30:00,8191
4879,2022-01-20 13:15:00,8192
4880,2022-01-20 13:30:00,8193
4881,2022-01-20 15:45:00,8197
4882,2022-01-20 16:00:00,8198
4883,2022-01-21 10:15:00,8200
4884,2022-01-21 13:45:00,8203
4885,2022-01-21 15:15:00,8205
4886,2022-01-22 09:30:00,8208
4887,2022-01-22 12:15:00,8210
4888,2022-01-22 12:45:00,8211
4889,2022-01-22 13:00:00,8212
4890,2022-01-22 13:45:00,8213
4891,2022-01-22 14:15:00,8215
4892,2022-01-22 15:30:00,8216
4893,2022-01-23 08:45:00,8220
4894,2022-01-23 09:00:00,8221
4895,2022-01-23 09:00:00,8222
4896,2022-01-23 10:00:00,8223
4897,2022-01-23 10:00:00,8224
4898,2022-01-23 12:45:00,8226
4899,2022-01-23 12:45:00,8227
4900,2022-01-23 14:30:00,8228
4901,2022-01-23 16:00:00,8230
4902,2022-01-24 08:45:00,8231
4903,2022-01-24 09:00:00,8232
4904,2022-01-24 09:15:00,8233
4905,2022-01-24 09:15:00,8234
4906,2022-01-24 10:00:00,8235
4907,2022-01-24 17:15:00,8241
4908,2022-01-25 09:15:00,8242
4909,2022-01-25 11:15:00,8247
4910,2022-01-25 13:30:00,8248
4911,2022-01-25 14:00:00,8249
4912,2022-01-25 14:45:00,8250
4913,2022-01-25 16:45:00,8252
4914,2022-01-26 11:45:00,8254
4915,2022-01-26 12:15:00,8255
4916,2022-01-26 12:30:00,8256
4917,2022-01-26 15:00:00,8259
4918,2022-01-26 16:30:00,8262
4919,2022-01-26 17:00:00,8263
4920,2022-01-27 10:15:00,8265
4921,2022-01-27 14:30:00,8267
4922,2022-01-27 16:15:00,8269
4923,2022-01-27 17:15:00,8271
4924,2022-01-28 09:15:00,8273
4925,2022-01-28 12:45:00,8275
4926,2022-01-28 15:45:00,8280
4927,2022-01-28 16:15:00,8281
4928,2022-01-28 17:15:00,8282
4929,2022-01-29 09:45:00,8283
4930,2022-01-29 10:15:00,8284
4931,2022-01-29 11:00:00,8286
4932,2022-01-29 13:00:00,8288
4933,2022-01-29 13:15:00,8289
4934,2022-01-29 13:30:00,8290
4935,2022-01-29 16:00:00,8293
4936,2022-01-29 16:45:00,8294
4937,2022-01-29 17:15:00,8295
4938,2022-01-30 08:30:00,8296
4939,2022-01-30 08:30:00,8297
4940,2022-01-30 09:15:00,8298
4941,2022-01-30 11:15:00,8299
4942,2022-01-30 12:15:00,8300
4943,2022-01-30 12:15:00,8301
4944,2022-01-30 13:45:00,8302
4945,2022-01-30 14:00:00,8303
4946,2022-01-30 15:30:00,8304
4947,2022-01-30 17:00:00,8306
4948,2022-01-31 09:15:00,8307
4949,2022-01-31 10:00:00,8308
4950,2022-01-31 11:30:00,8309
4951,2022-01-31 14:15:00,8314
4952,2022-01-31 16:30:00,8316
4953,2022-01-31 17:15:00,8317
4954,2022-02-01 09:00:00,8318
4955,2022-02-01 09:15:00,8319
4956,2022-02-01 12:15:00,8321
4957,2022-02-01 13:45:00,8323
4958,2022-02-01 14:00:00,8324
4959,2022-02-01 16:00:00,8325
4960,2022-02-01 16:00:00,8326
4961,2022-02-01 16:45:00,8328
4962,2022-02-01 17:00:00,8329
4963,2022-02-02 09:45:00,8331
4964,2022-02-02 12:00:00,8333
4965,2022-02-02 13:45:00,8334
4966,2022-02-02 14:15:00,8335
4967,2022-02-02 16:30:00,8339
4968,2022-02-03 08:30:00,8340
4969,2022-02-03 08:45:00,8341
4970,2022-02-03 10:15:00,8342
4971,2022-02-03 10:30:00,8344
4972,2022-02-03 13:00:00,8345
4973,2022-02-03 14:30:00,8346
4974,2022-02-03 15:45:00,8348
4975,2022-02-04 11:45:00,8351
4976,2022-02-04 13:00:00,8352
4977,2022-02-04 14:15:00,8353
4978,2022-02-04 14:45:00,8356
4979,2022-02-04 17:00:00,8358
4980,2022-02-04 17:00:00,8359
4981,2022-02-05 11:15:00,8363
4982,2022-02-05 13:00:00,8365
4983,2022-02-05 13:00:00,8366
4984,2022-02-05 14:30:00,8367
4985,2022-02-05 15:45:00,8369
4986,2022-02-05 17:00:00,8370
4987,2022-02-06 10:15:00,8372
4988,2022-02-06 11:15:00,8373
4989,2022-02-06 12:30:00,8374
4990,2022-02-06 13:00:00,8375
4991,2022-02-06 14:00:00,8377
4992,2022-02-06 15:15:00,8378
4993,2022-02-07 10:30:00,8381
4994,2022-02-07 11:45:00,8383
4995,2022-02-07 11:45:00,8384
4996,2022-02-07 12:30:00,8385
4997,2022-02-07 16:15:00,8387
4998,2022-02-07 16:15:00,8388
4999,2022-02-07 16:45:00,8389
5000,2022-02-07 16:45:00,8390
5001,2022-02-07 17:00:00,8391
5002,2022-02-08 10:15:00,8394
5003,2022-02-08 11:00:00,8395
5004,2022-02-08 11:00:00,8396
5005,2022-02-08 14:45:00,8399
5006,2022-02-08 16:00:00,8400
5007,2022-02-08 16:15:00,8401
5008,2022-02-09 09:30:00,8403
5009,2022-02-09 09:45:00,8404
5010,2022-02-09 12:00:00,8406
5011,2022-02-09 13:15:00,8407
5012,2022-02-09 13:30:00,8408
5013,2022-02-09 14:45:00,8410
5014,2022-02-09 14:45:00,8411
5015,2022-02-09 15:00:00,8412
5016,2022-02-09 16:45:00,8413
5017,2022-02-10 12:00:00,8417
5018,2022-02-10 12:45:00,8419
5019,2022-02-10 13:30:00,8420
5020,2022-02-10 14:15:00,8421
5021,2022-02-10 14:45:00,8422
5022,2022-02-11 08:30:00,8425
5023,2022-02-11 09:15:00,8426
5024,2022-02-11 09:30:00,8427
5025,2022-02-11 10:15:00,8428
5026,2022-02-11 10:30:00,8429
5027,2022-02-11 13:30:00,8430
5028,2022-02-11 13:30:00,8431
5029,2022-02-11 14:00:00,8432
5030,2022-02-11 16:15:00,8435
5031,2022-02-11 16:30:00,8436
5032,2022-02-12 09:30:00,8439
5033,2022-02-12 10:15:00,8440
5034,2022-02-12 13:00:00,8443
5035,2022-02-12 14:45:00,8446
5036,2022-02-12 15:45:00,8447
5037,2022-02-12 17:00:00,8448
5038,2022-02-13 09:15:00,8449
5039,2022-02-13 09:45:00,8451
5040,2022-02-13 12:30:00,8454
5041,2022-02-13 12:45:00,8455
5042,2022-02-13 15:30:00,8457
5043,2022-02-13 16:00:00,8458
5044,2022-02-13 16:45:00,8459
5045,2022-02-14 08:30:00,8460
5046,2022-02-14 08:45:00,8461
5047,2022-02-14 09:00:00,8462
5048,2022-02-14 14:30:00,8466
5049,2022-02-14 15:15:00,8468
5050,2022-02-14 15:15:00,8469
5051,2022-02-14 15:30:00,8470
5052,2022-02-15 09:00:00,8473
5053,2022-02-15 10:15:00,8475
5054,2022-02-15 10:45:00,8476
5055,2022-02-15 11:45:00,8477
5056,2022-02-15 12:30:00,8478
5057,2022-02-15 13:00:00,8479
5058,2022-02-15 14:30:00,8480
5059,2022-02-15 16:15:00,8482
5060,2022-02-16 09:15:00,8486
5061,2022-02-16 10:15:00,8487
5062,2022-02-16 10:30:00,8488
5063,2022-02-16 17:15:00,8494
5064,2022-02-17 09:00:00,8495
5065,2022-02-17 09:45:00,8498
5066,2022-02-17 11:45:00,8499
5067,2022-02-17 12:45:00,8501
5068,2022-02-17 13:30:00,8502
5069,2022-02-17 13:45:00,8503
5070,2022-02-17 15:30:00,8504
5071,2022-02-17 17:00:00,8506
5072,2022-02-18 10:30:00,8511
5073,2022-02-18 12:30:00,8512
5074,2022-02-18 14:00:00,8513
5075,2022-02-18 14:45:00,8516
5076,2022-02-19 09:15:00,8520
5077,2022-02-19 09:30:00,8521
5078,2022-02-19 10:15:00,8522
5079,2022-02-19 10:30:00,8523
5080,2022-02-19 10:30:00,8525
5081,2022-02-19 14:00:00,8526
5082,2022-02-19 15:15:00,8527
5083,2022-02-19 15:15:00,8528
5084,2022-02-20 10:00:00,8531
5085,2022-02-20 12:45:00,8533
5086,2022-02-20 13:30:00,8534
5087,2022-02-20 13:45:00,8536
5088,2022-02-20 13:45:00,8537
5089,2022-02-20 14:15:00,8538
5090,2022-02-20 15:30:00,8539
5091,2022-02-20 15:30:00,8540
5092,2022-02-21 09:15:00,8543
5093,2022-02-21 09:15:00,8544
5094,2022-02-21 09:30:00,8545
5095,2022-02-21 10:15:00,8548
5096,2022-02-21 10:30:00,8549
5097,2022-02-21 12:45:00,8550
5098,2022-02-22 13:45:00,8556
5099,2022-02-22 14:15:00,8557
5100,2022-02-23 08:30:00,8560
5101,2022-02-23 10:00:00,8561
5102,2022-02-23 12:00:00,8564
5103,2022-02-23 14:00:00,8566
5104,2022-02-23 14:15:00,8567
5105,2022-02-23 15:00:00,8569
5106,2022-02-23 15:15:00,8570
5107,2022-02-23 16:30:00,8571
5108,2022-02-24 11:30:00,8575
5109,2022-02-24 13:45:00,8578
5110,2022-02-24 15:30:00,8579
5111,2022-02-25 09:15:00,8582
5112,2022-02-25 12:45:00,8587
5113,2022-02-25 13:00:00,8589
5114,2022-02-25 14:30:00,8591
5115,2022-02-25 16:45:00,8593
5116,2022-02-26 08:30:00,8594
5117,2022-02-26 08:45:00,8596
5118,2022-02-26 10:45:00,8599
5119,2022-02-26 14:30:00,8601
5120,2022-02-27 10:00:00,8603
5121,2022-02-27 10:15:00,8604
5122,2022-02-27 11:30:00,8606
5123,2022-02-27 13:00:00,8607
5124,2022-02-27 14:15:00,8609
5125,2022-02-27 15:30:00,8611
5126,2022-02-27 16:15:00,8612
5127,2022-02-27 17:15:00,8614
5128,2022-02-28 09:00:00,8616
5129,2022-02-28 11:15:00,8619
5130,2022-02-28 15:00:00,8622
5131,2022-02-28 16:30:00,8624
5132,2022-02-28 16:30:00,8625
5133,2022-02-28 16:45:00,8626
5134,2022-03-01 12:45:00,8628
5135,2022-03-01 13:15:00,8630
5136,2022-03-01 14:00:00,8631
5137,2022-03-01 15:00:00,8634
5138,2022-03-01 15:00:00,8635
5139,2022-03-01 16:45:00,8639
5140,2022-03-02 09:15:00,8640
5141,2022-03-02 11:30:00,8641
5142,2022-03-02 12:00:00,8642
5143,2022-03-02 12:15:00,8643
5144,2022-03-02 12:30:00,8644
5145,2022-03-02 13:30:00,8645
5146,2022-03-02 14:15:00,8646
5147,2022-03-02 14:30:00,8647
5148,2022-03-02 15:15:00,8648
5149,2022-03-02 16:00:00,8649
5150,2022-03-02 16:00:00,8650
5151,2022-03-03 09:30:00,8653
5152,2022-03-03 09:30:00,8654
5153,2022-03-03 11:45:00,8657
5154,2022-03-03 14:30:00,8659
5155,2022-03-03 15:30:00,8660
5156,2022-03-04 08:30:00,8663
5157,2022-03-04 08:30:00,8664
5158,2022-03-04 10:15:00,8665
5159,2022-03-04 11:00:00,8666
5160,2022-03-04 14:45:00,8669
5161,2022-03-04 15:15:00,8670
5162,2022-03-04 16:15:00,8671
5163,2022-03-04 16:30:00,8672
5164,2022-03-05 08:30:00,8674
5165,2022-03-05 09:30:00,8675
5166,2022-03-05 12:15:00,8676
5167,2022-03-05 13:15:00,8679
5168,2022-03-05 15:00:00,8682
5169,2022-03-05 15:30:00,8683
5170,2022-03-05 17:00:00,8684
5171,2022-03-06 09:45:00,8686
5172,2022-03-06 10:15:00,8687
5173,2022-03-06 11:15:00,8688
5174,2022-03-06 11:45:00,8689
5175,2022-03-06 12:30:00,8692
5176,2022-03-06 16:30:00,8693
5177,2022-03-06 16:45:00,8694
5178,2022-03-07 10:15:00,8697
5179,2022-03-07 10:45:00,8698
5180,2022-03-07 12:00:00,8699
5181,2022-03-07 13:00:00,8700
5182,2022-03-07 14:45:00,8701
5183,2022-03-07 15:30:00,8703
5184,2022-03-07 15:30:00,8704
5185,2022-03-07 16:00:00,8705
5186,2022-03-08 08:30:00,8707
5187,2022-03-08 15:15:00,8710
5188,2022-03-08 16:00:00,8712
5189,2022-03-08 17:15:00,8716
5190,2022-03-09 08:45:00,8717
5191,2022-03-09 11:15:00,8718
5192,2022-03-09 12:30:00,8719
5193,2022-03-09 12:45:00,8720
5194,2022-03-09 14:00:00,8722
5195,2022-03-09 15:15:00,8723
5196,2022-03-10 12:15:00,8731
5197,2022-03-10 13:15:00,8732
5198,2022-03-10 13:15:00,8733
5199,2022-03-10 13:15:00,8734
5200,2022-03-10 17:00:00,8736
5201,2022-03-11 10:30:00,8740
5202,2022-03-11 13:45:00,8742
5203,2022-03-11 14:45:00,8745
5204,2022-03-11 15:15:00,8746
5205,2022-03-12 10:45:00,8748
5206,2022-03-12 12:15:00,8749
5207,2022-03-12 12:15:00,8750
5208,2022-03-12 12:45:00,8751
5209,2022-03-12 13:00:00,8752
5210,2022-03-12 14:00:00,8754
5211,2022-03-12 14:15:00,8755
5212,2022-03-13 08:45:00,8759
5213,2022-03-13 12:30:00,8761
5214,2022-03-13 14:30:00,8763
5215,2022-03-13 15:15:00,8764
5216,2022-03-13 15:45:00,8765
5217,2022-03-14 08:45:00,8767
5218,2022-03-14 10:45:00,8768
5219,2022-03-14 10:45:00,8769
5220,2022-03-14 11:00:00,8770
5221,2022-03-14 11:45:00,8771
5222,2022-03-14 12:15:00,8772
5223,2022-03-14 13:30:00,8773
5224,2022-03-14 14:00:00,8774
5225,2022-03-14 15:00:00,8775
5226,2022-03-14 15:45:00,8777
5227,2022-03-15 09:30:00,8778
5228,2022-03-15 10:45:00,8780
5229,2022-03-15 11:00:00,8781
5230,2022-03-15 11:15:00,8782
5231,2022-03-15 15:30:00,8784
5232,2022-03-15 16:30:00,8785
5233,2022-03-15 17:00:00,8786
5234,2022-03-16 09:15:00,8787
5235,2022-03-16 10:00:00,8788
5236,2022-03-16 11:00:00,8790
5237,2022-03-16 12:30:00,8792
5238,2022-03-16 16:30:00,8794
5239,2022-03-16 17:15:00,8795
5240,2022-03-17 09:00:00,8797
5241,2022-03-17 10:30:00,8798
5242,2022-03-17 11:15:00,8799
5243,2022-03-17 16:30:00,8804
5244,2022-03-18 08:45:00,8806
5245,2022-03-18 09:45:00,8807
5246,2022-03-18 10:45:00,8809
5247,2022-03-18 11:15:00,8810
5248,2022-03-18 12:15:00,8811
5249,2022-03-18 14:45:00,8814
5250,2022-03-18 15:30:00,8815
5251,2022-03-18 17:00:00,8816
5252,2022-03-19 11:15:00,8820
5253,2022-03-19 13:15:00,8821
5254,2022-03-19 14:45:00,8822
5255,2022-03-19 16:15:00,8823
5256,2022-03-19 16:45:00,8824
5257,2022-03-20 09:45:00,8825
5258,2022-03-20 10:45:00,8828
5259,2022-03-20 11:45:00,8830
5260,2022-03-20 13:00:00,8831
5261,2022-03-20 14:30:00,8832
5262,2022-03-21 09:15:00,8837
5263,2022-03-21 10:45:00,8838
5264,2022-03-21 14:15:00,8841
5265,2022-03-21 15:15:00,8842
5266,2022-03-21 16:45:00,8844
5267,2022-03-22 10:30:00,8846
5268,2022-03-22 10:30:00,8847
5269,2022-03-22 16:00:00,8852
5270,2022-03-22 16:15:00,8853
5271,2022-03-22 17:15:00,8855
5272,2022-03-23 08:30:00,8856
5273,2022-03-23 10:00:00,8857
5274,2022-03-23 11:30:00,8858
5275,2022-03-23 12:45:00,8859
5276,2022-03-23 13:45:00,8860
5277,2022-03-23 14:00:00,8861
5278,2022-03-23 14:00:00,8862
5279,2022-03-23 14:00:00,8863
5280,2022-03-23 15:45:00,8865
5281,2022-03-24 09:30:00,8868
5282,2022-03-24 10:45:00,8870
5283,2022-03-24 10:45:00,8871
5284,2022-03-24 13:45:00,8875
5285,2022-03-24 14:45:00,8876
5286,2022-03-24 16:15:00,8877
5287,2022-03-25 08:30:00,8879
5288,2022-03-25 09:15:00,8880
5289,2022-03-25 13:00:00,8884
5290,2022-03-25 13:00:00,8885
5291,2022-03-25 15:15:00,8887
5292,2022-03-25 17:15:00,8888
5293,2022-03-26 10:30:00,8890
5294,2022-03-26 10:45:00,8891
5295,2022-03-26 11:45:00,8892
5296,2022-03-26 12:15:00,8893
5297,2022-03-26 12:15:00,8894
5298,2022-03-26 17:15:00,8897
5299,2022-03-27 11:00:00,8898
5300,2022-03-27 11:00:00,8899
5301,2022-03-27 11:15:00,8901
5302,2022-03-27 11:30:00,8902
5303,2022-03-27 11:30:00,8903
5304,2022-03-27 12:00:00,8905
5305,2022-03-27 12:45:00,8906
5306,2022-03-27 13:00:00,8907
5307,2022-03-27 16:00:00,8910
5308,2022-03-28 10:30:00,8912
5309,2022-03-28 12:00:00,8913
5310,2022-03-28 13:15:00,8918
5311,2022-03-28 15:15:00,8921
5312,2022-03-29 08:30:00,8922
5313,2022-03-29 10:00:00,8924
5314,2022-03-29 10:45:00,8925
5315,2022-03-29 12:30:00,8926
5316,2022-03-29 17:15:00,8930
5317,2022-03-30 08:45:00,8932
5318,2022-03-30 09:00:00,8933
5319,2022-03-30 11:30:00,8934
5320,2022-03-30 13:00:00,8936
5321,2022-03-30 13:30:00,8937
5322,2022-03-30 14:30:00,8939
5323,2022-03-31 12:15:00,8944
5324,2022-03-31 13:15:00,8945
5325,2022-03-31 13:30:00,8946
5326,2022-03-31 15:15:00,8949
5327,2022-03-31 16:30:00,8952
5328,2022-03-31 16:45:00,8953
5329,2022-04-01 08:30:00,8954
5330,2022-04-01 12:45:00,8958
5331,2022-04-01 14:45:00,8959
5332,2022-04-01 15:45:00,8960
5333,2022-04-02 08:30:00,8961
5334,2022-04-02 09:00:00,8962
5335,2022-04-02 09:30:00,8964
5336,2022-04-02 09:45:00,8965
5337,2022-04-02 14:45:00,8969
5338,2022-04-02 15:30:00,8971
5339,2022-04-02 17:15:00,8972
5340,2022-04-02 17:15:00,8973
5341,2022-04-03 10:15:00,8974
5342,2022-04-03 10:30:00,8975
5343,2022-04-03 11:30:00,8979
5344,2022-04-03 12:00:00,8980
5345,2022-04-03 12:15:00,8982
5346,2022-04-03 14:30:00,8983
5347,2022-04-04 08:30:00,8986
5348,2022-04-04 10:15:00,8987
5349,2022-04-04 11:45:00,8989
5350,2022-04-04 14:15:00,8991
5351,2022-04-04 15:00:00,8992
5352,2022-04-04 16:45:00,8994
5353,2022-04-05 10:00:00,8997
5354,2022-04-05 10:45:00,9000
5355,2022-04-05 11:00:00,9001
5356,2022-04-05 11:15:00,9002
5357,2022-04-05 12:15:00,9003
5358,2022-04-06 08:30:00,9006
5359,2022-04-06 09:15:00,9007
5360,2022-04-06 10:15:00,9009
5361,2022-04-06 10:45:00,9010
5362,2022-04-06 12:00:00,9011
5363,2022-04-06 14:00:00,9012
5364,2022-04-06 14:45:00,9013
5365,2022-04-06 14:45:00,9014
5366,2022-04-06 15:15:00,9015
5367,2022-04-07 11:00:00,9019
5368,2022-04-07 11:00:00,9020
5369,2022-04-07 12:15:00,9021
5370,2022-04-07 13:30:00,9023
5371,2022-04-07 13:45:00,9024
5372,2022-04-08 08:30:00,9028
5373,2022-04-08 10:45:00,9029
5374,2022-04-08 12:00:00,9031
5375,2022-04-08 12:30:00,9032
5376,2022-04-08 14:45:00,9034
5377,2022-04-08 16:00:00,9035
5378,2022-04-08 17:00:00,9036
5379,2022-04-08 17:15:00,9037
5380,2022-04-09 09:00:00,9038
5381,2022-04-09 10:00:00,9039
5382,2022-04-09 11:15:00,9041
5383,2022-04-09 12:15:00,9042
5384,2022-04-09 14:00:00,9043
5385,2022-04-09 15:30:00,9044
5386,2022-04-09 16:45:00,9046
5387,2022-04-10 09:15:00,9048
5388,2022-04-10 10:00:00,9049
5389,2022-04-10 11:15:00,9051
5390,2022-04-10 14:45:00,9054
5391,2022-04-10 15:00:00,9055
5392,2022-04-10 17:15:00,9057
5393,2022-04-11 08:45:00,9059
5394,2022-04-11 09:30:00,9060
5395,2022-04-11 13:15:00,9062
5396,2022-04-11 16:45:00,9067
5397,2022-04-12 08:45:00,9068
5398,2022-04-12 10:00:00,9070
5399,2022-04-12 13:15:00,9073
5400,2022-04-12 16:15:00,9075
5401,2022-04-13 09:30:00,9077
5402,2022-04-13 09:45:00,9078
5403,2022-04-13 13:00:00,9081
5404,2022-04-13 15:30:00,9084
5405,2022-04-13 16:30:00,9085
5406,2022-04-13 17:15:00,9087
5407,2022-04-14 09:45:00,9088
5408,2022-04-14 11:45:00,9093
5409,2022-04-15 08:45:00,9098
5410,2022-04-15 08:45:00,9099
5411,2022-04-15 11:00:00,9102
5412,2022-04-15 14:45:00,9106
5413,2022-04-15 17:15:00,9108
5414,2022-04-16 12:00:00,9111
5415,2022-04-16 12:15:00,9112
5416,2022-04-16 13:15:00,9114
5417,2022-04-16 13:45:00,9115
5418,2022-04-16 14:45:00,9116
5419,2022-04-16 14:45:00,9117
5420,2022-04-16 15:00:00,9118
5421,2022-04-16 15:45:00,9120
5422,2022-04-16 16:30:00,9121
5423,2022-04-16 17:00:00,9122
5424,2022-04-17 08:30:00,9123
5425,2022-04-17 09:15:00,9124
5426,2022-04-17 09:45:00,9125
5427,2022-04-17 11:45:00,9127
5428,2022-04-17 14:30:00,9130
5429,2022-04-17 15:15:00,9131
5430,2022-04-17 15:30:00,9132
5431,2022-04-17 16:30:00,9135
5432,2022-04-18 11:45:00,9139
5433,2022-04-18 13:30:00,9140
5434,2022-04-18 14:00:00,9141
5435,2022-04-18 14:30:00,9143
5436,2022-04-18 16:45:00,9145
5437,2022-04-18 17:15:00,9146
5438,2022-04-19 09:00:00,9148
5439,2022-04-19 10:30:00,9150
5440,2022-04-19 10:45:00,9151
5441,2022-04-19 11:30:00,9153
5442,2022-04-19 15:15:00,9154
5443,2022-04-20 10:15:00,9158
5444,2022-04-20 11:45:00,9159
5445,2022-04-20 11:45:00,9160
5446,2022-04-20 12:15:00,9161
5447,2022-04-20 12:45:00,9162
5448,2022-04-20 15:30:00,9164
5449,2022-04-20 17:00:00,9167
5450,2022-04-21 08:30:00,9168
5451,2022-04-21 08:45:00,9169
5452,2022-04-21 09:30:00,9170
5453,2022-04-21 11:00:00,9171
5454,2022-04-21 12:15:00,9173
5455,2022-04-21 12:30:00,9175
5456,2022-04-21 12:45:00,9176
5457,2022-04-21 13:00:00,9178
5458,2022-04-22 09:00:00,9180
5459,2022-04-22 10:45:00,9182
5460,2022-04-22 15:15:00,9184
5461,2022-04-22 15:30:00,9186
5462,2022-04-23 09:00:00,9191
5463,2022-04-23 10:00:00,9194
5464,2022-04-23 12:30:00,9195
5465,2022-04-23 15:15:00,9197
5466,2022-04-23 16:30:00,9198
5467,2022-04-24 09:00:00,9199
5468,2022-04-24 11:00:00,9202
5469,2022-04-24 11:45:00,9204
5470,2022-04-24 16:15:00,9210
5471,2022-04-25 10:00:00,9211
5472,2022-04-25 10:15:00,9212
5473,2022-04-25 12:00:00,9213
5474,2022-04-25 13:00:00,9214
5475,2022-04-25 13:00:00,9215
5476,2022-04-25 14:00:00,9217
5477,2022-04-25 15:30:00,9219
5478,2022-04-25 15:45:00,9220
5479,2022-04-25 16:15:00,9221
5480,2022-04-26 10:15:00,9223
5481,2022-04-26 10:45:00,9224
5482,2022-04-26 11:15:00,9225
5483,2022-04-26 11:15:00,9226
5484,2022-04-26 11:30:00,9227
5485,2022-04-26 14:15:00,9228
5486,2022-04-26 15:00:00,9229
5487,2022-04-26 15:15:00,9230
5488,2022-04-26 16:30:00,9231
5489,2022-04-26 16:45:00,9232
5490,2022-04-27 08:30:00,9233
5491,2022-04-27 09:15:00,9234
5492,2022-04-27 09:30:00,9235
5493,2022-04-27 10:00:00,9236
5494,2022-04-27 14:15:00,9237
5495,2022-04-27 15:15:00,9238
5496,2022-04-27 17:00:00,9240
5497,2022-04-27 17:15:00,9241
5498,2022-04-28 09:00:00,9243
5499,2022-04-28 12:15:00,9244
5500,2022-04-28 12:45:00,9246
5501,2022-04-28 12:45:00,9247
5502,2022-04-28 13:45:00,9249
5503,2022-04-29 08:30:00,9252
5504,2022-04-29 08:45:00,9253
5505,2022-04-29 11:15:00,9254
5506,2022-04-29 13:30:00,9255
5507,2022-04-29 13:45:00,9256
5508,2022-04-29 14:00:00,9257
5509,2022-04-29 14:00:00,9258
5510,2022-04-29 14:15:00,9259
5511,2022-04-29 14:30:00,9260
5512,2022-04-29 15:00:00,9261
5513,2022-04-29 16:00:00,9262
5514,2022-04-30 09:00:00,9265
5515,2022-04-30 11:00:00,9268
5516,2022-04-30 12:45:00,9269
5517,2022-04-30 14:00:00,9270
5518,2022-04-30 14:30:00,9271
5519,2022-05-01 08:45:00,9273
5520,2022-05-01 12:45:00,9276
5521,2022-05-01 14:30:00,9278
5522,2022-05-01 15:00:00,9280
5523,2022-05-01 15:15:00,9281
5524,2022-05-01 15:15:00,9282
5525,2022-05-01 16:30:00,9283
5526,2022-05-02 08:30:00,9285
5527,2022-05-02 09:15:00,9288
5528,2022-05-02 11:30:00,9291
5529,2022-05-02 15:15:00,9293
5530,2022-05-02 16:00:00,9294
5531,2022-05-02 16:30:00,9296
5532,2022-05-03 09:15:00,9297
5533,2022-05-03 16:45:00,9302
5534,2022-05-03 17:15:00,9304
5535,2022-05-03 17:15:00,9305
5536,2022-05-04 08:45:00,9306
5537,2022-05-04 08:45:00,9307
5538,2022-05-04 11:45:00,9308
5539,2022-05-04 12:00:00,9309
5540,2022-05-04 12:15:00,9311
5541,2022-05-04 13:30:00,9312
5542,2022-05-04 15:00:00,9313
5543,2022-05-04 16:00:00,9314
5544,2022-05-04 16:30:00,9315
5545,2022-05-04 16:30:00,9316
5546,2022-05-05 08:45:00,9318
5547,2022-05-05 08:45:00,9319
5548,2022-05-05 11:30:00,9320
5549,2022-05-05 12:45:00,9322
5550,2022-05-05 14:15:00,9325
5551,2022-05-05 14:30:00,9326
5552,2022-05-05 15:30:00,9328
5553,2022-05-06 09:30:00,9331
5554,2022-05-06 09:30:00,9332
5555,2022-05-06 10:45:00,9335
5556,2022-05-06 13:30:00,9336
5557,2022-05-06 15:00:00,9337
5558,2022-05-07 08:30:00,9338
5559,2022-05-07 09:30:00,9339
5560,2022-05-07 11:00:00,9341
5561,2022-05-07 11:45:00,9342
5562,2022-05-07 12:00:00,9343
5563,2022-05-07 12:30:00,9344
5564,2022-05-07 14:00:00,9345
5565,2022-05-07 16:15:00,9347
5566,2022-05-07 16:30:00,9348
5567,2022-05-07 16:45:00,9349
5568,2022-05-08 08:45:00,9351
5569,2022-05-08 09:30:00,9352
5570,2022-05-08 09:45:00,9353
5571,2022-05-08 12:30:00,9354
5572,2022-05-08 13:00:00,9357
5573,2022-05-08 15:30:00,9358
5574,2022-05-08 16:00:00,9359
5575,2022-05-08 17:15:00,9360
5576,2022-05-09 08:45:00,9361
5577,2022-05-09 08:45:00,9362
5578,2022-05-09 09:30:00,9363
5579,2022-05-09 09:45:00,9364
5580,2022-05-09 10:30:00,9366
5581,2022-05-09 17:00:00,9370
5582,2022-05-10 10:30:00,9375
5583,2022-05-10 14:15:00,9378
5584,2022-05-10 15:30:00,9379
5585,2022-05-11 09:15:00,9383
5586,2022-05-11 09:30:00,9384
5587,2022-05-11 10:45:00,9385
5588,2022-05-11 11:00:00,9386
5589,2022-05-11 12:15:00,9388
5590,2022-05-11 12:45:00,9389
5591,2022-05-11 13:45:00,9390
5592,2022-05-12 09:00:00,9394
5593,2022-05-12 11:00:00,9395
5594,2022-05-12 11:15:00,9396
5595,2022-05-12 12:00:00,9397
5596,2022-05-12 14:00:00,9399
5597,2022-05-12 14:30:00,9400
5598,2022-05-12 15:15:00,9401
5599,2022-05-12 15:30:00,9402
5600,2022-05-12 15:30:00,9403
5601,2022-05-12 16:15:00,9404
5602,2022-05-12 17:00:00,9405
5603,2022-05-12 17:15:00,9406
5604,2022-05-13 09:15:00,9407
5605,2022-05-13 09:45:00,9408
5606,2022-05-13 10:15:00,9409
5607,2022-05-13 10:30:00,9410
5608,2022-05-13 12:00:00,9412
5609,2022-05-13 14:00:00,9414
5610,2022-05-13 14:15:00,9415
5611,2022-05-13 15:15:00,9416
5612,2022-05-13 15:45:00,9417
5613,2022-05-14 09:15:00,9419
5614,2022-05-14 10:00:00,9420
5615,2022-05-14 11:45:00,9421
5616,2022-05-14 12:45:00,9422
5617,2022-05-14 14:00:00,9425
5618,2022-05-14 16:00:00,9428
5619,2022-05-15 09:45:00,9430
5620,2022-05-15 09:45:00,9431
5621,2022-05-15 12:00:00,9433
5622,2022-05-15 14:15:00,9437
5623,2022-05-15 15:45:00,9438
5624,2022-05-16 09:15:00,9440
5625,2022-05-16 10:45:00,9442
5626,2022-05-16 11:00:00,9443
5627,2022-05-16 13:00:00,9445
5628,2022-05-16 13:15:00,9446
5629,2022-05-16 14:45:00,9447
5630,2022-05-16 15:15:00,9448
5631,2022-05-16 16:00:00,9450
5632,2022-05-16 17:00:00,9451
5633,2022-05-17 10:45:00,9455
5634,2022-05-17 12:00:00,9457
5635,2022-05-17 17:15:00,9462
5636,2022-05-18 08:30:00,9463
5637,2022-05-18 09:00:00,9464
5638,2022-05-18 10:15:00,9466
5639,2022-05-18 10:45:00,9467
5640,2022-05-18 11:30:00,9469
5641,2022-05-18 12:45:00,9471
5642,2022-05-18 15:00:00,9472
5643,2022-05-18 16:00:00,9473
5644,2022-05-19 10:45:00,9477
5645,2022-05-19 12:30:00,9479
5646,2022-05-19 12:30:00,9480
5647,2022-05-19 13:00:00,9482
5648,2022-05-19 13:00:00,9483
5649,2022-05-19 14:15:00,9484
5650,2022-05-19 15:00:00,9485
5651,2022-05-19 16:15:00,9486
5652,2022-05-20 09:45:00,9488
5653,2022-05-20 10:30:00,9490
5654,2022-05-20 10:45:00,9491
5655,2022-05-20 13:15:00,9493
5656,2022-05-20 14:30:00,9495
5657,2022-05-20 15:15:00,9496
5658,2022-05-20 16:00:00,9497
5659,2022-05-20 16:30:00,9498
5660,2022-05-21 09:15:00,9499
5661,2022-05-21 09:30:00,9502
5662,2022-05-21 11:15:00,9503
5663,2022-05-21 11:15:00,9504
5664,2022-05-21 11:30:00,9505
5665,2022-05-21 13:00:00,9508
5666,2022-05-21 14:15:00,9509
5667,2022-05-21 16:15:00,9511
5668,2022-05-22 08:30:00,9512
5669,2022-05-22 09:15:00,9513
5670,2022-05-22 15:00:00,9519
5671,2022-05-22 15:15:00,9520
5672,2022-05-22 15:30:00,9522
5673,2022-05-23 10:00:00,9526
5674,2022-05-23 13:00:00,9531
5675,2022-05-23 13:30:00,9533
5676,2022-05-23 13:45:00,9534
5677,2022-05-23 14:15:00,9535
5678,2022-05-24 09:15:00,9538
5679,2022-05-24 09:15:00,9539
5680,2022-05-24 09:30:00,9540
5681,2022-05-24 09:45:00,9541
5682,2022-05-24 12:00:00,9543
5683,2022-05-24 13:45:00,9544
5684,2022-05-24 14:30:00,9545
5685,2022-05-24 15:45:00,9546
5686,2022-05-25 11:15:00,9550
5687,2022-05-25 11:45:00,9551
5688,2022-05-25 14:15:00,9553
5689,2022-05-25 16:15:00,9555
5690,2022-05-26 09:45:00,9557
5691,2022-05-26 14:45:00,9564
5692,2022-05-26 16:00:00,9565
5693,2022-05-26 16:30:00,9566
5694,2022-05-27 12:30:00,9569
5695,2022-05-27 13:30:00,9570
5696,2022-05-27 16:30:00,9573
5697,2022-05-27 16:45:00,9574
5698,2022-05-27 16:45:00,9575
5699,2022-05-27 17:00:00,9576
5700,2022-05-27 17:15:00,9577
5701,2022-05-27 17:15:00,9578
5702,2022-05-28 09:00:00,9579
5703,2022-05-28 09:15:00,9580
5704,2022-05-28 11:15:00,9582
5705,2022-05-28 12:00:00,9583
5706,2022-05-28 13:15:00,9586
5707,2022-05-28 16:00:00,9587
5708,2022-05-28 16:15:00,9588
5709,2022-05-29 11:15:00,9592
5710,2022-05-29 11:30:00,9593
5711,2022-05-29 13:15:00,9595
5712,2022-05-29 15:30:00,9596
5713,2022-05-30 08:45:00,9598
5714,2022-05-30 09:00:00,9599
5715,2022-05-30 11:00:00,9600
5716,2022-05-30 12:00:00,9601
5717,2022-05-30 12:00:00,9602
5718,2022-05-30 12:45:00,9604
5719,2022-05-30 13:30:00,9606
5720,2022-05-30 16:45:00,9610
5721,2022-05-31 08:45:00,9611
5722,2022-05-31 09:15:00,9612
5723,2022-05-31 13:30:00,9616
5724,2022-05-31 16:45:00,9619
5725,2022-06-01 09:30:00,9621
5726,2022-06-01 13:15:00,9623
5727,2022-06-01 13:30:00,9625
5728,2022-06-01 13:45:00,9626
5729,2022-06-02 08:45:00,9632
5730,2022-06-02 10:00:00,9633
5731,2022-06-02 11:30:00,9634
5732,2022-06-02 12:00:00,9635
5733,2022-06-02 13:15:00,9636
5734,2022-06-02 14:30:00,9637
5735,2022-06-02 15:45:00,9639
5736,2022-06-02 16:30:00,9640
5737,2022-06-02 17:15:00,9642
5738,2022-06-03 09:15:00,9643
5739,2022-06-03 10:45:00,9645
5740,2022-06-03 14:00:00,9648
5741,2022-06-03 16:15:00,9650
5742,2022-06-03 16:30:00,9651
5743,2022-06-04 09:00:00,9654
5744,2022-06-04 09:15:00,9655
5745,2022-06-04 10:45:00,9656
5746,2022-06-04 14:00:00,9659
5747,2022-06-04 14:00:00,9660
5748,2022-06-04 15:00:00,9661
5749,2022-06-04 15:15:00,9662
5750,2022-06-04 16:45:00,9663
5751,2022-06-05 08:30:00,9664
5752,2022-06-05 09:30:00,9666
5753,2022-06-05 10:30:00,9668
5754,2022-06-05 11:30:00,9669
5755,2022-06-05 13:15:00,9670
5756,2022-06-05 14:45:00,9672
5757,2022-06-05 14:45:00,9673
5758,2022-06-05 15:15:00,9674
5759,2022-06-05 15:45:00,9675
5760,2022-06-05 15:45:00,9676
5761,2022-06-06 09:45:00,9678
5762,2022-06-06 10:45:00,9680
5763,2022-06-06 11:00:00,9681
5764,2022-06-06 13:15:00,9683
5765,2022-06-06 14:30:00,9684
5766,2022-06-06 15:15:00,9685
5767,2022-06-07 09:45:00,9687
5768,2022-06-07 11:00:00,9689
5769,2022-06-07 12:00:00,9690
5770,2022-06-07 12:15:00,9691
5771,2022-06-07 13:15:00,9693
5772,2022-06-07 13:45:00,9694
5773,2022-06-07 14:45:00,9695
5774,2022-06-07 16:15:00,9697
5775,2022-06-07 16:45:00,9698
5776,2022-06-08 08:30:00,9699
5777,2022-06-08 09:15:00,9700
5778,2022-06-08 12:30:00,9706
5779,2022-06-08 13:15:00,9707
5780,2022-06-08 16:15:00,9709
5781,2022-06-08 17:00:00,9711
5782,2022-06-08 17:15:00,9712
5783,2022-06-09 09:30:00,9713
5784,2022-06-09 11:30:00,9715
5785,2022-06-09 12:45:00,9718
5786,2022-06-09 13:45:00,9719
5787,2022-06-09 14:45:00,9720
5788,2022-06-09 15:45:00,9723
5789,2022-06-09 16:15:00,9725
5790,2022-06-10 08:45:00,9727
5791,2022-06-10 13:00:00,9730
5792,2022-06-10 16:15:00,9735
5793,2022-06-10 16:15:00,9736
5794,2022-06-10 16:30:00,9737
5795,2022-06-11 08:45:00,9738
5796,2022-06-11 09:45:00,9739
5797,2022-06-11 11:45:00,9743
5798,2022-06-11 13:15:00,9745
5799,2022-06-11 13:30:00,9746
5800,2022-06-11 13:45:00,9747
5801,2022-06-11 16:15:00,9749
5802,2022-06-11 16:30:00,9750
5803,2022-06-12 08:30:00,9751
5804,2022-06-12 09:45:00,9752
5805,2022-06-12 10:00:00,9753
5806,2022-06-12 12:30:00,9755
5807,2022-06-12 12:45:00,9756
5808,2022-06-12 13:00:00,9757
5809,2022-06-12 14:00:00,9759
5810,2022-06-12 14:15:00,9760
5811,2022-06-12 16:15:00,9762
5812,2022-06-12 17:00:00,9763
5813,2022-06-13 08:30:00,9764
5814,2022-06-13 11:15:00,9766
5815,2022-06-13 11:30:00,9768
5816,2022-06-13 14:15:00,9771
5817,2022-06-13 14:30:00,9772
5818,2022-06-13 14:45:00,9773
5819,2022-06-13 16:30:00,9775
5820,2022-06-14 09:15:00,9776
5821,2022-06-14 09:15:00,9777
5822,2022-06-14 09:45:00,9778
5823,2022-06-14 12:15:00,9779
5824,2022-06-14 12:45:00,9780
5825,2022-06-14 16:00:00,9783
5826,2022-06-14 16:30:00,9784
5827,2022-06-15 08:45:00,9785
5828,2022-06-15 09:30:00,9786
5829,2022-06-15 10:15:00,9787
5830,2022-06-15 11:00:00,9789
5831,2022-06-15 13:15:00,9791
5832,2022-06-15 14:15:00,9792
5833,2022-06-16 08:45:00,9793
5834,2022-06-16 11:00:00,9794
5835,2022-06-16 11:15:00,9796
5836,2022-06-16 15:30:00,9798
5837,2022-06-16 16:00:00,9800
5838,2022-06-16 16:15:00,9801
5839,2022-06-17 08:30:00,9803
5840,2022-06-17 10:30:00,9804
5841,2022-06-17 12:00:00,9805
5842,2022-06-17 12:15:00,9806
5843,2022-06-17 12:30:00,9807
5844,2022-06-17 13:00:00,9808
5845,2022-06-17 14:30:00,9810
5846,2022-06-17 17:00:00,9812
5847,2022-06-18 09:15:00,9814
5848,2022-06-18 12:00:00,9815
5849,2022-06-18 12:15:00,9816
5850,2022-06-18 15:00:00,9818
5851,2022-06-19 09:00:00,9821
5852,2022-06-19 09:00:00,9822
5853,2022-06-19 09:45:00,9823
5854,2022-06-19 10:00:00,9824
5855,2022-06-19 11:30:00,9826
5856,2022-06-19 15:15:00,9828
5857,2022-06-20 08:45:00,9832
5858,2022-06-20 08:45:00,9833
5859,2022-06-20 11:00:00,9837
5860,2022-06-20 13:45:00,9839
5861,2022-06-20 15:45:00,9840
5862,2022-06-20 16:15:00,9841
5863,2022-06-21 09:30:00,9842
5864,2022-06-21 10:00:00,9843
5865,2022-06-21 10:45:00,9845
5866,2022-06-21 15:30:00,9851
5867,2022-06-21 16:15:00,9852
5868,2022-06-21 16:45:00,9853
5869,2022-06-22 09:45:00,9854
5870,2022-06-22 11:15:00,9856
5871,2022-06-22 14:30:00,9860
5872,2022-06-22 15:00:00,9861
5873,2022-06-22 17:00:00,9862
5874,2022-06-23 09:00:00,9863
5875,2022-06-23 10:15:00,9864
5876,2022-06-23 11:15:00,9867
5877,2022-06-23 13:30:00,9868
5878,2022-06-23 13:30:00,9869
5879,2022-06-23 16:15:00,9872
5880,2022-06-23 16:45:00,9873
5881,2022-06-24 08:30:00,9875
5882,2022-06-24 11:00:00,9877
5883,2022-06-24 11:45:00,9878
5884,2022-06-24 12:15:00,9879
5885,2022-06-24 13:15:00,9881
5886,2022-06-24 17:15:00,9883
5887,2022-06-25 11:00:00,9886
5888,2022-06-25 11:30:00,9887
5889,2022-06-25 11:30:00,9888
5890,2022-06-25 13:00:00,9890
5891,2022-06-25 14:45:00,9892
5892,2022-06-25 15:00:00,9893
5893,2022-06-25 16:15:00,9894
5894,2022-06-26 09:30:00,9896
5895,2022-06-26 10:15:00,9897
5896,2022-06-26 11:15:00,9898
5897,2022-06-26 11:45:00,9899
5898,2022-06-26 16:00:00,9903
5899,2022-06-26 17:00:00,9904
5900,2022-06-26 17:15:00,9905
5901,2022-06-27 08:45:00,9906
5902,2022-06-27 08:45:00,9907
5903,2022-06-27 09:30:00,9909
5904,2022-06-27 10:15:00,9910
5905,2022-06-27 13:30:00,9912
5906,2022-06-27 14:45:00,9913
5907,2022-06-28 09:00:00,9916
5908,2022-06-28 09:15:00,9917
5909,2022-06-28 12:30:00,9919
5910,2022-06-28 13:15:00,9920
5911,2022-06-28 14:30:00,9921
5912,2022-06-28 16:00:00,9923
5913,2022-06-28 16:45:00,9925
5914,2022-06-29 12:30:00,9930
5915,2022-06-29 12:45:00,9931
5916,2022-06-29 13:00:00,9932
5917,2022-06-29 16:00:00,9933
5918,2022-06-29 16:30:00,9934
5919,2022-06-29 16:30:00,9935
5920,2022-06-30 09:00:00,9936
5921,2022-06-30 10:00:00,9938
5922,2022-06-30 10:00:00,9939
5923,2022-06-30 10:45:00,9940
5924,2022-06-30 11:45:00,9941
5925,2022-06-30 12:45:00,9945
5926,2022-06-30 16:45:00,9947
5927,2022-07-01 10:30:00,9948
5928,2022-07-01 12:15:00,9951
5929,2022-07-01 13:45:00,9952
5930,2022-07-01 13:45:00,9953
5931,2022-07-01 15:45:00,9957
5932,2022-07-01 16:45:00,9959
5933,2022-07-02 08:45:00,9960
5934,2022-07-02 09:15:00,9961
5935,2022-07-02 09:15:00,9962
5936,2022-07-02 09:30:00,9963
5937,2022-07-02 09:30:00,9964
5938,2022-07-02 09:45:00,9965
5939,2022-07-02 12:45:00,9967
5940,2022-07-02 14:00:00,9968
5941,2022-07-02 14:30:00,9969
5942,2022-07-02 16:15:00,9971
5943,2022-07-02 16:45:00,9972
5944,2022-07-03 09:15:00,9973
5945,2022-07-03 09:15:00,9974
5946,2022-07-03 11:00:00,9977
5947,2022-07-03 12:45:00,9978
5948,2022-07-03 13:30:00,9979
5949,2022-07-03 14:15:00,9980
5950,2022-07-04 09:45:00,9982
5951,2022-07-04 10:30:00,9983
5952,2022-07-04 14:00:00,9986
5953,2022-07-04 15:00:00,9987
5954,2022-07-04 17:00:00,9990
5955,2022-07-05 08:30:00,9991
5956,2022-07-05 10:15:00,9992
5957,2022-07-05 12:45:00,9994
5958,2022-07-05 13:30:00,9996
5959,2022-07-05 14:15:00,9997
5960,2022-07-05 15:45:00,9999
5961,2022-07-05 16:45:00,10001
5962,2022-07-06 09:00:00,10002
5963,2022-07-06 09:15:00,10003
5964,2022-07-06 09:45:00,10004
5965,2022-07-06 10:00:00,10005
5966,2022-07-06 13:15:00,10006
5967,2022-07-06 15:00:00,10007
5968,2022-07-06 15:30:00,10008
5969,2022-07-07 09:00:00,10012
5970,2022-07-07 09:15:00,10013
5971,2022-07-07 09:30:00,10014
5972,2022-07-07 11:00:00,10016
5973,2022-07-07 12:00:00,10017
5974,2022-07-07 12:45:00,10018
5975,2022-07-07 13:45:00,10020
5976,2022-07-08 11:00:00,10024
5977,2022-07-08 14:30:00,10028
5978,2022-07-08 16:00:00,10030
5979,2022-07-09 09:15:00,10032
5980,2022-07-09 09:30:00,10033
5981,2022-07-09 10:45:00,10036
5982,2022-07-09 12:00:00,10037
5983,2022-07-09 12:30:00,10038
5984,2022-07-09 12:30:00,10039
5985,2022-07-09 13:15:00,10040
5986,2022-07-09 14:30:00,10041
5987,2022-07-10 08:30:00,10043
5988,2022-07-10 09:00:00,10044
5989,2022-07-10 10:45:00,10045
5990,2022-07-10 13:45:00,10048
5991,2022-07-10 17:00:00,10051
5992,2022-07-11 10:15:00,10052
5993,2022-07-11 11:00:00,10053
5994,2022-07-11 11:15:00,10054
5995,2022-07-11 13:00:00,10055
5996,2022-07-11 15:00:00,10057
5997,2022-07-11 15:30:00,10058
5998,2022-07-11 15:30:00,10059
5999,2022-07-11 16:30:00,10060
6000,2022-07-12 10:30:00,10062
6001,2022-07-12 10:30:00,10063
6002,2022-07-12 11:45:00,10064
6003,2022-07-12 13:00:00,10065
6004,2022-07-12 13:00:00,10066
6005,2022-07-12 15:15:00,10069
6006,2022-07-12 17:15:00,10070
6007,2022-07-13 09:00:00,10071
6008,2022-07-13 09:45:00,10073
6009,2022-07-13 10:30:00,10074
6010,2022-07-13 11:30:00,10075
6011,2022-07-13 14:30:00,10078
6012,2022-07-13 15:15:00,10079
6013,2022-07-13 16:15:00,10080
6014,2022-07-14 09:45:00,10082
6015,2022-07-14 10:15:00,10084
6016,2022-07-14 11:30:00,10085
6017,2022-07-14 14:45:00,10088
6018,2022-07-14 16:15:00,10090
6019,2022-07-14 16:30:00,10091
6020,2022-07-14 17:15:00,10092
6021,2022-07-14 17:15:00,10093
6022,2022-07-15 08:45:00,10094
6023,2022-07-15 10:15:00,10097
6024,2022-07-15 11:00:00,10098
6025,2022-07-15 11:00:00,10099
6026,2022-07-15 14:30:00,10102
6027,2022-07-15 14:30:00,10103
6028,2022-07-15 14:45:00,10104
6029,2022-07-15 15:15:00,10105
6030,2022-07-16 12:00:00,10111
6031,2022-07-16 12:45:00,10112
6032,2022-07-16 14:15:00,10115
6033,2022-07-16 15:15:00,10116
6034,2022-07-16 15:15:00,10117
6035,2022-07-17 08:45:00,10119
6036,2022-07-17 12:15:00,10124
6037,2022-07-17 12:30:00,10125
6038,2022-07-17 17:15:00,10128
6039,2022-07-17 17:15:00,10129
6040,2022-07-18 09:30:00,10130
6041,2022-07-18 11:00:00,10133
6042,2022-07-18 12:00:00,10134
6043,2022-07-18 12:30:00,10135
6044,2022-07-18 12:45:00,10136
6045,2022-07-18 12:45:00,10137
6046,2022-07-18 16:00:00,10139
6047,2022-07-19 10:45:00,10144
6048,2022-07-19 12:45:00,10146
6049,2022-07-19 14:00:00,10147
6050,2022-07-19 14:15:00,10148
6051,2022-07-20 09:45:00,10152
6052,2022-07-20 11:30:00,10153
6053,2022-07-20 12:45:00,10154
6054,2022-07-20 14:45:00,10155
6055,2022-07-20 15:30:00,10157
6056,2022-07-20 16:00:00,10158
6057,2022-07-20 16:15:00,10159
6058,2022-07-20 17:00:00,10160
6059,2022-07-20 17:15:00,10162
6060,2022-07-21 09:30:00,10164
6061,2022-07-21 10:15:00,10165
6062,2022-07-21 11:30:00,10166
6063,2022-07-21 12:15:00,10168
6064,2022-07-21 15:30:00,10170
6065,2022-07-21 16:30:00,10174
6066,2022-07-22 09:00:00,10176
6067,2022-07-22 09:30:00,10177
6068,2022-07-22 10:00:00,10178
6069,2022-07-22 11:00:00,10179
6070,2022-07-22 11:15:00,10180
6071,2022-07-22 12:30:00,10183
6072,2022-07-22 15:00:00,10184
6073,2022-07-22 15:30:00,10185
6074,2022-07-23 09:30:00,10187
6075,2022-07-23 09:30:00,10188
6076,2022-07-23 11:15:00,10189
6077,2022-07-23 11:30:00,10190
6078,2022-07-23 11:45:00,10192
6079,2022-07-23 12:45:00,10194
6080,2022-07-23 13:15:00,10195
6081,2022-07-23 15:15:00,10196
6082,2022-07-24 09:45:00,10199
6083,2022-07-24 10:45:00,10201
6084,2022-07-24 12:30:00,10203
6085,2022-07-24 14:00:00,10205
6086,2022-07-24 14:30:00,10206
6087,2022-07-25 09:15:00,10210
6088,2022-07-25 10:00:00,10211
6089,2022-07-25 10:30:00,10212
6090,2022-07-25 12:00:00,10214
6091,2022-07-25 14:45:00,10215
6092,2022-07-25 15:00:00,10216
6093,2022-07-25 16:30:00,10218
6094,2022-07-26 08:30:00,10220
6095,2022-07-26 10:00:00,10221
6096,2022-07-26 10:45:00,10222
6097,2022-07-26 11:45:00,10223
6098,2022-07-26 12:00:00,10224
6099,2022-07-26 13:15:00,10226
6100,2022-07-26 13:30:00,10227
6101,2022-07-26 14:15:00,10228
6102,2022-07-26 14:45:00,10229
6103,2022-07-26 15:30:00,10231
6104,2022-07-26 15:45:00,10232
6105,2022-07-27 09:45:00,10233
6106,2022-07-27 10:15:00,10234
6107,2022-07-27 11:00:00,10235
6108,2022-07-27 11:00:00,10236
6109,2022-07-27 11:15:00,10237
6110,2022-07-27 14:30:00,10241
6111,2022-07-28 08:30:00,10245
6112,2022-07-28 10:45:00,10246
6113,2022-07-28 10:45:00,10247
6114,2022-07-28 12:30:00,10250
6115,2022-07-28 13:00:00,10252
6116,2022-07-28 13:30:00,10253
6117,2022-07-29 08:30:00,10256
6118,2022-07-29 09:30:00,10258
6119,2022-07-29 12:15:00,10260
6120,2022-07-29 16:30:00,10264
6121,2022-07-29 16:30:00,10265
6122,2022-07-30 09:00:00,10267
6123,2022-07-30 09:30:00,10268
6124,2022-07-30 10:15:00,10271
6125,2022-07-30 10:15:00,10272
6126,2022-07-30 12:30:00,10274
6127,2022-07-30 16:00:00,10275
6128,2022-07-31 08:30:00,10277
6129,2022-07-31 10:15:00,10279
6130,2022-07-31 10:45:00,10280
6131,2022-07-31 11:00:00,10281
6132,2022-07-31 12:45:00,10283
6133,2022-07-31 13:15:00,10284
6134,2022-07-31 14:30:00,10285
6135,2022-07-31 15:45:00,10286
6136,2022-08-01 08:30:00,10287
6137,2022-08-01 08:45:00,10288
6138,2022-08-01 09:00:00,10289
6139,2022-08-01 15:00:00,10296
6140,2022-08-01 16:30:00,10297
6141,2022-08-01 16:30:00,10298
6142,2022-08-01 16:45:00,10299
6143,2022-08-01 16:45:00,10300
6144,2022-08-01 17:00:00,10301
6145,2022-08-02 09:30:00,10302
6146,2022-08-02 09:30:00,10303
6147,2022-08-02 10:30:00,10304
6148,2022-08-02 14:00:00,10305
6149,2022-08-02 16:00:00,10308
6150,2022-08-02 16:45:00,10311
6151,2022-08-03 09:15:00,10313
6152,2022-08-03 10:30:00,10314
6153,2022-08-03 12:45:00,10315
6154,2022-08-03 13:00:00,10316
6155,2022-08-03 14:30:00,10317
6156,2022-08-04 10:30:00,10322
6157,2022-08-04 13:45:00,10323
6158,2022-08-04 13:45:00,10324
6159,2022-08-04 14:45:00,10326
6160,2022-08-04 15:45:00,10328
6161,2022-08-04 16:30:00,10329
6162,2022-08-05 09:15:00,10331
6163,2022-08-05 13:00:00,10332
6164,2022-08-05 13:30:00,10333
6165,2022-08-05 15:30:00,10337
6166,2022-08-05 16:45:00,10339
6167,2022-08-05 17:15:00,10340
6168,2022-08-05 17:15:00,10341
6169,2022-08-06 08:30:00,10342
6170,2022-08-06 08:30:00,10343
6171,2022-08-06 08:45:00,10344
6172,2022-08-06 12:15:00,10347
6173,2022-08-06 15:30:00,10349
6174,2022-08-06 16:30:00,10350
6175,2022-08-06 16:30:00,10351
6176,2022-08-07 09:00:00,10352
6177,2022-08-07 09:00:00,10354
6178,2022-08-07 13:45:00,10357
6179,2022-08-07 14:45:00,10359
6180,2022-08-07 16:30:00,10361
6181,2022-08-07 16:45:00,10362
6182,2022-08-07 17:00:00,10363
6183,2022-08-08 08:45:00,10365
6184,2022-08-08 10:00:00,10366
6185,2022-08-08 12:00:00,10367
6186,2022-08-08 13:15:00,10368
6187,2022-08-08 13:45:00,10369
6188,2022-08-08 14:15:00,10370
6189,2022-08-08 16:15:00,10372
6190,2022-08-08 17:15:00,10374
6191,2022-08-09 10:00:00,10376
6192,2022-08-09 13:00:00,10378
6193,2022-08-09 13:15:00,10379
6194,2022-08-09 14:00:00,10380
6195,2022-08-09 14:15:00,10381
6196,2022-08-09 15:00:00,10382
6197,2022-08-09 15:00:00,10383
6198,2022-08-10 09:15:00,10385
6199,2022-08-10 12:15:00,10387
6200,2022-08-10 16:15:00,10392
6201,2022-08-10 17:00:00,10393
6202,2022-08-11 10:15:00,10394
6203,2022-08-11 13:30:00,10396
6204,2022-08-11 14:30:00,10398
6205,2022-08-11 15:15:00,10400
6206,2022-08-11 16:15:00,10402
6207,2022-08-12 08:45:00,10404
6208,2022-08-12 12:45:00,10407
6209,2022-08-12 13:15:00,10408
6210,2022-08-12 13:45:00,10409
6211,2022-08-12 14:15:00,10410
6212,2022-08-12 15:30:00,10411
6213,2022-08-12 16:15:00,10412
6214,2022-08-12 16:15:00,10413
6215,2022-08-13 10:30:00,10415
6216,2022-08-13 11:00:00,10416
6217,2022-08-13 11:00:00,10417
6218,2022-08-13 11:45:00,10419
6219,2022-08-13 13:15:00,10422
6220,2022-08-13 13:30:00,10423
6221,2022-08-13 15:45:00,10424
6222,2022-08-14 08:30:00,10425
6223,2022-08-14 09:15:00,10426
6224,2022-08-14 09:15:00,10427
6225,2022-08-14 10:00:00,10428
6226,2022-08-14 11:30:00,10429
6227,2022-08-14 13:15:00,10432
6228,2022-08-14 13:45:00,10433
6229,2022-08-14 15:45:00,10434
6230,2022-08-14 16:00:00,10435
6231,2022-08-15 08:30:00,10437
6232,2022-08-15 08:45:00,10438
6233,2022-08-15 11:30:00,10441
6234,2022-08-15 13:00:00,10443
6235,2022-08-15 13:30:00,10444
6236,2022-08-15 16:15:00,10446
6237,2022-08-15 16:30:00,10447
6238,2022-08-15 16:45:00,10448
6239,2022-08-16 10:15:00,10450
6240,2022-08-16 10:15:00,10451
6241,2022-08-16 10:45:00,10453
6242,2022-08-16 10:45:00,10454
6243,2022-08-16 11:15:00,10455
6244,2022-08-16 13:15:00,10457
6245,2022-08-17 09:15:00,10459
6246,2022-08-17 09:45:00,10461
6247,2022-08-17 11:00:00,10462
6248,2022-08-17 11:30:00,10463
6249,2022-08-17 11:45:00,10464
6250,2022-08-17 13:00:00,10465
6251,2022-08-17 15:00:00,10466
6252,2022-08-18 10:30:00,10472
6253,2022-08-18 12:00:00,10474
6254,2022-08-18 15:30:00,10478
6255,2022-08-19 09:30:00,10482
6256,2022-08-19 12:15:00,10483
6257,2022-08-19 12:30:00,10485
6258,2022-08-19 12:45:00,10486
6259,2022-08-19 13:00:00,10487
6260,2022-08-19 14:45:00,10488
6261,2022-08-19 17:00:00,10489
6262,2022-08-20 08:30:00,10490
6263,2022-08-20 09:15:00,10492
6264,2022-08-20 10:00:00,10493
6265,2022-08-20 10:30:00,10495
6266,2022-08-20 11:15:00,10496
6267,2022-08-20 12:45:00,10497
6268,2022-08-20 16:30:00,10500
6269,2022-08-21 08:45:00,10502
6270,2022-08-21 09:00:00,10503
6271,2022-08-21 09:15:00,10505
6272,2022-08-21 12:00:00,10506
6273,2022-08-21 12:30:00,10507
6274,2022-08-21 14:45:00,10511
6275,2022-08-22 12:15:00,10516
6276,2022-08-22 13:30:00,10518
6277,2022-08-22 14:00:00,10519
6278,2022-08-22 17:00:00,10521
6279,2022-08-23 10:15:00,10522
6280,2022-08-23 11:15:00,10524
6281,2022-08-23 11:30:00,10525
6282,2022-08-23 13:30:00,10526
6283,2022-08-23 14:30:00,10528
6284,2022-08-23 15:30:00,10529
6285,2022-08-23 15:30:00,10530
6286,2022-08-23 16:30:00,10531
6287,2022-08-23 16:45:00,10532
6288,2022-08-24 08:30:00,10534
6289,2022-08-24 09:15:00,10536
6290,2022-08-24 10:15:00,10537
6291,2022-08-24 11:15:00,10539
6292,2022-08-24 13:15:00,10541
6293,2022-08-25 10:30:00,10545
6294,2022-08-25 12:00:00,10546
6295,2022-08-25 13:15:00,10547
6296,2022-08-25 14:00:00,10549
6297,2022-08-25 14:00:00,10550
6298,2022-08-25 15:00:00,10551
6299,2022-08-25 16:30:00,10552
6300,2022-08-26 10:30:00,10554
6301,2022-08-26 11:45:00,10557
6302,2022-08-26 15:00:00,10559
6303,2022-08-26 15:45:00,10560
6304,2022-08-27 11:15:00,10565
6305,2022-08-27 12:15:00,10566
6306,2022-08-27 14:30:00,10568
6307,2022-08-27 14:45:00,10569
6308,2022-08-27 15:15:00,10570
6309,2022-08-27 17:15:00,10573
6310,2022-08-28 09:30:00,10575
6311,2022-08-28 10:30:00,10577
6312,2022-08-28 11:00:00,10578
6313,2022-08-28 11:15:00,10579
6314,2022-08-28 14:15:00,10582
6315,2022-08-28 15:00:00,10583
6316,2022-08-28 16:30:00,10584
6317,2022-08-28 17:15:00,10585
6318,2022-08-29 10:00:00,10586
6319,2022-08-29 11:30:00,10588
6320,2022-08-29 14:45:00,10591
6321,2022-08-29 16:45:00,10594
6322,2022-08-30 08:45:00,10596
6323,2022-08-30 10:30:00,10597
6324,2022-08-30 11:00:00,10598
6325,2022-08-30 11:15:00,10599
6326,2022-08-30 12:45:00,10601
6327,2022-08-30 13:00:00,10602
6328,2022-08-30 13:15:00,10603
6329,2022-08-30 14:30:00,10604
6330,2022-08-30 15:15:00,10605
6331,2022-08-31 08:45:00,10608
6332,2022-08-31 11:00:00,10611
6333,2022-08-31 12:15:00,10612
6334,2022-08-31 12:45:00,10613
6335,2022-08-31 16:00:00,10615
6336,2022-08-31 16:30:00,10616
6337,2022-08-31 17:00:00,10617
6338,2022-09-01 11:30:00,10621
6339,2022-09-01 12:00:00,10622
6340,2022-09-01 12:15:00,10623
6341,2022-09-01 12:45:00,10625
6342,2022-09-01 14:00:00,10626
6343,2022-09-01 16:45:00,10627
6344,2022-09-02 09:45:00,10630
6345,2022-09-02 10:30:00,10631
6346,2022-09-02 11:15:00,10632
6347,2022-09-02 12:45:00,10634
6348,2022-09-02 15:45:00,10637
6349,2022-09-02 16:45:00,10638
6350,2022-09-02 17:00:00,10639
6351,2022-09-03 08:30:00,10641
6352,2022-09-03 09:00:00,10642
6353,2022-09-03 09:15:00,10643
6354,2022-09-03 09:45:00,10644
6355,2022-09-03 11:00:00,10647
6356,2022-09-03 13:00:00,10649
6357,2022-09-03 14:30:00,10650
6358,2022-09-03 16:15:00,10651
6359,2022-09-04 09:15:00,10652
6360,2022-09-04 16:45:00,10657
6361,2022-09-05 08:45:00,10659
6362,2022-09-05 11:45:00,10662
6363,2022-09-05 12:15:00,10663
6364,2022-09-05 16:30:00,10667
6365,2022-09-06 09:30:00,10670
6366,2022-09-06 09:45:00,10671
6367,2022-09-06 10:15:00,10672
6368,2022-09-06 10:45:00,10673
6369,2022-09-06 11:30:00,10674
6370,2022-09-06 12:00:00,10675
6371,2022-09-06 15:30:00,10678
6372,2022-09-06 16:15:00,10679
6373,2022-09-07 11:45:00,10683
6374,2022-09-07 11:45:00,10684
6375,2022-09-07 12:30:00,10685
6376,2022-09-07 15:00:00,10687
6377,2022-09-08 08:30:00,10691
6378,2022-09-08 08:45:00,10692
6379,2022-09-08 11:00:00,10693
6380,2022-09-08 13:30:00,10694
6381,2022-09-08 13:30:00,10695
6382,2022-09-08 14:15:00,10696
6383,2022-09-08 15:00:00,10698
6384,2022-09-08 15:00:00,10699
6385,2022-09-08 16:15:00,10700
6386,2022-09-08 16:45:00,10701
6387,2022-09-08 17:00:00,10702
6388,2022-09-08 17:00:00,10703
6389,2022-09-08 17:15:00,10704
6390,2022-09-09 08:30:00,10705
6391,2022-09-09 08:45:00,10706
6392,2022-09-09 09:00:00,10707
6393,2022-09-09 11:30:00,10708
6394,2022-09-09 13:45:00,10709
6395,2022-09-09 16:15:00,10711
6396,2022-09-09 16:15:00,10712
6397,2022-09-10 08:45:00,10713
6398,2022-09-10 10:30:00,10715
6399,2022-09-10 14:00:00,10718
6400,2022-09-10 15:15:00,10721
6401,2022-09-10 15:30:00,10722
6402,2022-09-11 09:45:00,10724
6403,2022-09-11 09:45:00,10725
6404,2022-09-11 11:45:00,10728
6405,2022-09-11 14:00:00,10729
6406,2022-09-11 14:45:00,10730
6407,2022-09-11 15:30:00,10731
6408,2022-09-11 17:00:00,10732
6409,2022-09-11 17:15:00,10733
6410,2022-09-11 17:15:00,10734
6411,2022-09-11 17:15:00,10735
6412,2022-09-12 10:15:00,10738
6413,2022-09-12 12:00:00,10739
6414,2022-09-12 13:00:00,10741
6415,2022-09-12 13:30:00,10742
6416,2022-09-12 14:30:00,10744
6417,2022-09-13 09:30:00,10745
6418,2022-09-13 09:45:00,10746
6419,2022-09-13 11:45:00,10747
6420,2022-09-13 12:30:00,10749
6421,2022-09-13 12:30:00,10750
6422,2022-09-13 14:00:00,10753
6423,2022-09-13 15:00:00,10755
6424,2022-09-13 15:00:00,10756
6425,2022-09-13 17:15:00,10757
6426,2022-09-14 08:30:00,10759
6427,2022-09-14 09:15:00,10762
6428,2022-09-14 09:45:00,10763
6429,2022-09-14 13:00:00,10765
6430,2022-09-14 13:45:00,10766
6431,2022-09-14 14:30:00,10767
6432,2022-09-15 08:45:00,10769
6433,2022-09-15 09:30:00,10770
6434,2022-09-15 12:00:00,10772
6435,2022-09-15 12:15:00,10773
6436,2022-09-15 12:30:00,10774
6437,2022-09-15 13:45:00,10775
6438,2022-09-15 14:30:00,10777
6439,2022-09-15 15:15:00,10778
6440,2022-09-16 11:00:00,10781
6441,2022-09-16 11:00:00,10782
6442,2022-09-16 12:00:00,10784
6443,2022-09-16 12:45:00,10785
6444,2022-09-16 13:30:00,10787
6445,2022-09-16 13:45:00,10788
6446,2022-09-16 15:45:00,10790
6447,2022-09-16 16:30:00,10791
6448,2022-09-17 09:30:00,10793
6449,2022-09-17 11:30:00,10795
6450,2022-09-17 11:30:00,10796
6451,2022-09-17 12:15:00,10797
6452,2022-09-17 15:45:00,10802
6453,2022-09-18 12:45:00,10805
6454,2022-09-18 13:30:00,10806
6455,2022-09-18 14:00:00,10807
6456,2022-09-18 14:30:00,10808
6457,2022-09-18 16:45:00,10809
6458,2022-09-18 17:00:00,10810
6459,2022-09-19 09:00:00,10811
6460,2022-09-19 10:15:00,10812
6461,2022-09-19 10:15:00,10813
6462,2022-09-19 10:15:00,10814
6463,2022-09-19 10:45:00,10815
6464,2022-09-19 11:45:00,10817
6465,2022-09-19 12:15:00,10818
6466,2022-09-19 13:15:00,10820
6467,2022-09-19 16:00:00,10822
6468,2022-09-20 09:45:00,10823
6469,2022-09-20 11:00:00,10826
6470,2022-09-20 11:15:00,10827
6471,2022-09-20 13:15:00,10829
6472,2022-09-20 13:45:00,10830
6473,2022-09-20 16:45:00,10834
6474,2022-09-21 11:30:00,10839
6475,2022-09-21 17:15:00,10841
6476,2022-09-21 17:15:00,10842
6477,2022-09-22 09:45:00,10845
6478,2022-09-22 10:00:00,10846
6479,2022-09-22 12:30:00,10849
6480,2022-09-22 14:15:00,10850
6481,2022-09-23 12:15:00,10854
6482,2022-09-23 12:30:00,10855
6483,2022-09-23 12:45:00,10856
6484,2022-09-23 16:15:00,10860
6485,2022-09-24 08:30:00,10862
6486,2022-09-24 08:45:00,10863
6487,2022-09-24 10:45:00,10865
6488,2022-09-24 11:30:00,10866
6489,2022-09-24 14:00:00,10869
6490,2022-09-24 15:00:00,10870
6491,2022-09-24 15:30:00,10871
6492,2022-09-25 08:30:00,10872
6493,2022-09-25 08:45:00,10873
6494,2022-09-25 09:00:00,10874
6495,2022-09-25 09:15:00,10875
6496,2022-09-25 10:00:00,10876
6497,2022-09-25 11:30:00,10877
6498,2022-09-25 13:15:00,10879
6499,2022-09-25 13:30:00,10880
6500,2022-09-25 14:00:00,10881
6501,2022-09-25 14:30:00,10882
6502,2022-09-25 16:15:00,10884
6503,2022-09-26 09:45:00,10886
6504,2022-09-26 10:00:00,10887
6505,2022-09-26 12:30:00,10890
6506,2022-09-26 14:45:00,10892
6507,2022-09-27 09:00:00,10895
6508,2022-09-27 09:45:00,10896
6509,2022-09-27 10:15:00,10897
6510,2022-09-27 10:45:00,10899
6511,2022-09-27 11:30:00,10900
6512,2022-09-27 12:15:00,10901
6513,2022-09-27 14:30:00,10902
6514,2022-09-27 14:45:00,10903
6515,2022-09-27 17:15:00,10905
6516,2022-09-28 13:00:00,10909
6517,2022-09-28 13:45:00,10910
6518,2022-09-28 14:30:00,10911
6519,2022-09-28 15:30:00,10912
6520,2022-09-28 17:00:00,10914
6521,2022-09-29 09:45:00,10916
6522,2022-09-29 10:15:00,10917
6523,2022-09-29 12:00:00,10919
6524,2022-09-29 13:15:00,10921
6525,2022-09-29 13:45:00,10922
6526,2022-09-29 14:00:00,10923
6527,2022-09-30 09:45:00,10924
6528,2022-09-30 10:30:00,10925
6529,2022-09-30 11:15:00,10926
6530,2022-09-30 12:00:00,10927
6531,2022-09-30 14:15:00,10930
6532,2022-09-30 14:30:00,10931
6533,2022-09-30 14:45:00,10932
6534,2022-09-30 16:00:00,10933
6535,2022-09-30 16:30:00,10934
6536,2022-10-01 09:30:00,10936
6537,2022-10-01 10:00:00,10938
6538,2022-10-01 10:45:00,10940
6539,2022-10-01 11:45:00,10942
6540,2022-10-01 12:15:00,10943
6541,2022-10-01 13:15:00,10944
6542,2022-10-01 14:45:00,10945
6543,2022-10-01 16:15:00,10946
6544,2022-10-01 16:30:00,10947
6545,2022-10-02 10:30:00,10950
6546,2022-10-02 13:00:00,10951
6547,2022-10-02 13:30:00,10953
6548,2022-10-02 14:00:00,10955
6549,2022-10-02 14:30:00,10956
6550,2022-10-02 16:00:00,10959
6551,2022-10-02 17:00:00,10960
6552,2022-10-03 12:30:00,10963
6553,2022-10-03 13:15:00,10965
6554,2022-10-03 14:15:00,10966
6555,2022-10-03 17:00:00,10969
6556,2022-10-04 08:45:00,10971
6557,2022-10-04 10:15:00,10972
6558,2022-10-04 14:15:00,10975
6559,2022-10-04 15:00:00,10977
6560,2022-10-04 17:15:00,10980
6561,2022-10-04 17:15:00,10981
6562,2022-10-05 08:30:00,10982
6563,2022-10-05 09:00:00,10983
6564,2022-10-05 09:15:00,10984
6565,2022-10-05 11:00:00,10985
6566,2022-10-05 15:30:00,10987
6567,2022-10-05 16:00:00,10990
6568,2022-10-05 17:15:00,10992
6569,2022-10-06 09:30:00,10994
6570,2022-10-06 10:45:00,10995
6571,2022-10-06 13:30:00,10997
6572,2022-10-06 14:45:00,10998
6573,2022-10-06 15:15:00,10999
6574,2022-10-06 15:15:00,11000
6575,2022-10-06 16:30:00,11002
6576,2022-10-07 10:00:00,11004
6577,2022-10-07 10:00:00,11005
6578,2022-10-07 13:15:00,11007
6579,2022-10-07 14:30:00,11008
6580,2022-10-07 14:45:00,11009
6581,2022-10-07 14:45:00,11010
6582,2022-10-07 16:30:00,11012
6583,2022-10-08 09:00:00,11015
6584,2022-10-08 12:00:00,11018
6585,2022-10-08 12:45:00,11019
6586,2022-10-08 14:30:00,11020
6587,2022-10-08 15:00:00,11021
6588,2022-10-08 15:30:00,11022
6589,2022-10-08 16:45:00,11023
6590,2022-10-08 17:00:00,11025
6591,2022-10-09 09:30:00,11026
6592,2022-10-09 10:45:00,11028
6593,2022-10-09 15:45:00,11033
6594,2022-10-09 15:45:00,11034
6595,2022-10-09 17:00:00,11036
6596,2022-10-10 09:15:00,11037
6597,2022-10-10 12:15:00,11038
6598,2022-10-10 12:45:00,11039
6599,2022-10-10 12:45:00,11040
6600,2022-10-10 13:00:00,11042
6601,2022-10-10 16:15:00,11044
6602,2022-10-10 16:15:00,11045
6603,2022-10-10 16:45:00,11046
6604,2022-10-11 09:45:00,11049
6605,2022-10-11 10:15:00,11050
6606,2022-10-11 11:15:00,11051
6607,2022-10-11 11:30:00,11052
6608,2022-10-11 12:45:00,11053
6609,2022-10-11 13:45:00,11054
6610,2022-10-11 16:15:00,11056
6611,2022-10-11 17:15:00,11057
6612,2022-10-12 10:15:00,11058
6613,2022-10-12 12:30:00,11059
6614,2022-10-12 13:00:00,11060
6615,2022-10-12 13:00:00,11061
6616,2022-10-12 13:30:00,11062
6617,2022-10-12 14:30:00,11064
6618,2022-10-12 14:30:00,11065
6619,2022-10-12 17:00:00,11066
6620,2022-10-13 09:15:00,11067
6621,2022-10-13 11:45:00,11069
6622,2022-10-13 13:15:00,11070
6623,2022-10-13 14:45:00,11072
6624,2022-10-13 15:30:00,11073
6625,2022-10-13 15:45:00,11074
6626,2022-10-13 15:45:00,11075
6627,2022-10-14 08:45:00,11077
6628,2022-10-14 10:30:00,11079
6629,2022-10-14 12:00:00,11080
6630,2022-10-14 12:15:00,11081
6631,2022-10-14 13:15:00,11082
6632,2022-10-14 13:15:00,11083
6633,2022-10-14 16:30:00,11087
6634,2022-10-14 17:15:00,11088
6635,2022-10-15 09:00:00,11089
6636,2022-10-15 09:00:00,11090
6637,2022-10-15 09:30:00,11091
6638,2022-10-15 09:45:00,11093
6639,2022-10-15 11:00:00,11094
6640,2022-10-15 12:45:00,11095
6641,2022-10-15 16:00:00,11098
6642,2022-10-15 17:15:00,11100
6643,2022-10-16 09:30:00,11101
6644,2022-10-16 10:15:00,11103
6645,2022-10-16 10:30:00,11104
6646,2022-10-16 10:45:00,11105
6647,2022-10-16 11:15:00,11106
6648,2022-10-17 09:00:00,11112
6649,2022-10-17 09:30:00,11113
6650,2022-10-17 10:15:00,11116
6651,2022-10-17 12:45:00,11119
6652,2022-10-17 14:30:00,11121
6653,2022-10-18 10:30:00,11130
6654,2022-10-18 12:45:00,11132
6655,2022-10-18 15:00:00,11134
6656,2022-10-19 09:00:00,11137
6657,2022-10-19 09:45:00,11138
6658,2022-10-19 10:00:00,11139
6659,2022-10-19 13:00:00,11141
6660,2022-10-19 16:30:00,11145
6661,2022-10-19 16:45:00,11146
6662,2022-10-20 08:30:00,11148
6663,2022-10-20 08:30:00,11149
6664,2022-10-20 09:45:00,11152
6665,2022-10-20 10:15:00,11154
6666,2022-10-20 11:15:00,11155
6667,2022-10-20 17:15:00,11158
6668,2022-10-21 09:00:00,11159
6669,2022-10-21 10:45:00,11160
6670,2022-10-21 11:45:00,11161
6671,2022-10-21 14:00:00,11162
6672,2022-10-21 14:45:00,11164
6673,2022-10-21 16:15:00,11166
6674,2022-10-22 08:30:00,11168
6675,2022-10-22 10:45:00,11169
6676,2022-10-22 12:00:00,11171
6677,2022-10-22 13:00:00,11173
6678,2022-10-22 15:15:00,11176
6679,2022-10-22 15:30:00,11177
6680,2022-10-22 16:15:00,11179
6681,2022-10-22 17:00:00,11180
6682,2022-10-22 17:00:00,11181
6683,2022-10-23 10:15:00,11184
6684,2022-10-23 13:00:00,11186
6685,2022-10-23 13:00:00,11187
6686,2022-10-23 14:00:00,11188
6687,2022-10-23 14:45:00,11189
6688,2022-10-23 16:45:00,11191
6689,2022-10-24 09:30:00,11192
6690,2022-10-24 11:00:00,11196
6691,2022-10-24 11:45:00,11197
6692,2022-10-24 12:30:00,11199
6693,2022-10-24 12:45:00,11200
6694,2022-10-24 15:15:00,11201
6695,2022-10-24 16:30:00,11203
6696,2022-10-24 16:45:00,11204
6697,2022-10-25 10:15:00,11206
6698,2022-10-25 12:30:00,11211
6699,2022-10-25 15:30:00,11213
6700,2022-10-25 17:00:00,11215
6701,2022-10-25 17:15:00,11216
6702,2022-10-26 09:15:00,11218
6703,2022-10-26 09:45:00,11219
6704,2022-10-26 10:00:00,11220
6705,2022-10-26 11:00:00,11223
6706,2022-10-26 11:00:00,11224
6707,2022-10-26 12:45:00,11225
6708,2022-10-26 13:45:00,11227
6709,2022-10-26 14:00:00,11228
6710,2022-10-27 09:15:00,11233
6711,2022-10-27 10:00:00,11235
6712,2022-10-27 10:30:00,11236
6713,2022-10-27 11:00:00,11237
6714,2022-10-27 11:45:00,11238
6715,2022-10-27 12:30:00,11239
6716,2022-10-27 16:00:00,11242
6717,2022-10-28 08:30:00,11243
6718,2022-10-28 09:30:00,11244
6719,2022-10-28 09:45:00,11245
6720,2022-10-28 11:15:00,11246
6721,2022-10-28 12:15:00,11247
6722,2022-10-28 12:45:00,11248
6723,2022-10-28 14:00:00,11249
6724,2022-10-28 14:45:00,11251
6725,2022-10-29 08:30:00,11253
6726,2022-10-29 09:45:00,11254
6727,2022-10-29 12:00:00,11255
6728,2022-10-29 12:45:00,11256
6729,2022-10-29 16:00:00,11261
6730,2022-10-30 11:30:00,11264
6731,2022-10-30 13:15:00,11268
6732,2022-10-30 13:30:00,11269
6733,2022-10-30 16:00:00,11272
6734,2022-10-31 11:00:00,11277
6735,2022-10-31 11:15:00,11278
6736,2022-10-31 14:30:00,11280
6737,2022-10-31 15:00:00,11282
6738,2022-10-31 15:45:00,11283
6739,2022-10-31 17:00:00,11284
6740,2022-10-31 17:15:00,11285
6741,2022-11-01 11:00:00,11287
6742,2022-11-01 15:30:00,11291
6743,2022-11-01 16:15:00,11292
6744,2022-11-01 17:15:00,11293
6745,2022-11-01 17:15:00,11294
6746,2022-11-02 11:00:00,11297
6747,2022-11-02 11:00:00,11298
6748,2022-11-02 11:15:00,11299
6749,2022-11-02 12:30:00,11300
6750,2022-11-02 16:15:00,11306
6751,2022-11-02 16:30:00,11307
6752,2022-11-03 08:45:00,11308
6753,2022-11-03 12:30:00,11310
6754,2022-11-03 13:00:00,11311
6755,2022-11-03 14:45:00,11313
6756,2022-11-03 14:45:00,11315
6757,2022-11-04 11:00:00,11321
6758,2022-11-04 11:30:00,11322
6759,2022-11-04 11:30:00,11323
6760,2022-11-04 12:30:00,11324
6761,2022-11-04 16:30:00,11328
6762,2022-11-04 17:15:00,11329
6763,2022-11-05 09:15:00,11330
6764,2022-11-05 11:00:00,11333
6765,2022-11-05 14:00:00,11335
6766,2022-11-05 15:00:00,11337
6767,2022-11-05 15:45:00,11338
6768,2022-11-05 16:00:00,11339
6769,2022-11-06 08:30:00,11341
6770,2022-11-06 10:00:00,11343
6771,2022-11-06 13:30:00,11345
6772,2022-11-06 13:30:00,11346
6773,2022-11-06 14:45:00,11348
6774,2022-11-07 09:45:00,11351
6775,2022-11-07 10:00:00,11352
6776,2022-11-07 11:15:00,11353
6777,2022-11-07 14:00:00,11357
6778,2022-11-07 14:00:00,11358
6779,2022-11-07 14:45:00,11359
6780,2022-11-07 15:15:00,11360
6781,2022-11-07 16:00:00,11361
6782,2022-11-07 17:00:00,11362
6783,2022-11-08 11:15:00,11367
6784,2022-11-08 14:15:00,11369
6785,2022-11-08 14:30:00,11370
6786,2022-11-08 15:00:00,11371
6787,2022-11-08 15:00:00,11372
6788,2022-11-08 16:00:00,11373
6789,2022-11-09 09:00:00,11375
6790,2022-11-09 10:30:00,11378
6791,2022-11-09 11:45:00,11379
6792,2022-11-09 13:00:00,11381
6793,2022-11-09 13:00:00,11382
6794,2022-11-09 15:30:00,11384
6795,2022-11-09 17:15:00,11386
6796,2022-11-10 08:45:00,11387
6797,2022-11-10 10:30:00,11390
6798,2022-11-10 12:15:00,11391
6799,2022-11-10 12:45:00,11393
6800,2022-11-10 15:15:00,11395
6801,2022-11-10 15:15:00,11396
6802,2022-11-10 16:00:00,11397
6803,2022-11-10 16:45:00,11398
6804,2022-11-11 09:15:00,11400
6805,2022-11-11 10:30:00,11401
6806,2022-11-11 10:30:00,11402
6807,2022-11-11 11:45:00,11403
6808,2022-11-11 11:45:00,11404
6809,2022-11-11 13:15:00,11405
6810,2022-11-11 17:00:00,11407
6811,2022-11-12 09:30:00,11408
6812,2022-11-12 12:00:00,11410
6813,2022-11-12 13:00:00,11411
6814,2022-11-12 14:15:00,11412
6815,2022-11-12 14:30:00,11413
6816,2022-11-12 14:45:00,11414
6817,2022-11-12 16:00:00,11415
6818,2022-11-12 16:45:00,11416
6819,2022-11-12 16:45:00,11417
6820,2022-11-12 17:15:00,11418
6821,2022-11-13 08:30:00,11419
6822,2022-11-13 11:15:00,11422
6823,2022-11-13 14:00:00,11425
6824,2022-11-13 14:15:00,11426
6825,2022-11-13 16:00:00,11427
6826,2022-11-14 10:00:00,11429
6827,2022-11-14 11:30:00,11430
6828,2022-11-14 12:30:00,11433
6829,2022-11-14 12:45:00,11434
6830,2022-11-14 13:15:00,11435
6831,2022-11-14 14:15:00,11436
6832,2022-11-14 14:45:00,11437
6833,2022-11-14 17:15:00,11439
6834,2022-11-15 09:15:00,11440
6835,2022-11-15 09:15:00,11441
6836,2022-11-15 10:15:00,11443
6837,2022-11-15 10:45:00,11444
6838,2022-11-15 13:00:00,11446
6839,2022-11-15 14:45:00,11449
6840,2022-11-15 15:00:00,11451
6841,2022-11-16 08:45:00,11452
6842,2022-11-16 09:15:00,11454
6843,2022-11-16 10:00:00,11455
6844,2022-11-16 16:30:00,11458
6845,2022-11-16 16:45:00,11459
6846,2022-11-17 08:45:00,11460
6847,2022-11-17 09:45:00,11461
6848,2022-11-17 09:45:00,11462
6849,2022-11-17 10:15:00,11463
6850,2022-11-17 12:00:00,11465
6851,2022-11-17 13:00:00,11466
6852,2022-11-17 13:30:00,11467
6853,2022-11-17 14:00:00,11468
6854,2022-11-17 15:00:00,11469
6855,2022-11-18 10:45:00,11471
6856,2022-11-18 13:00:00,11472
6857,2022-11-18 13:45:00,11473
6858,2022-11-18 15:00:00,11476
6859,2022-11-18 16:00:00,11478
6860,2022-11-18 16:30:00,11479
6861,2022-11-18 17:15:00,11480
6862,2022-11-19 09:00:00,11481
6863,2022-11-19 09:15:00,11482
6864,2022-11-19 11:45:00,11484
6865,2022-11-19 12:15:00,11485
6866,2022-11-19 13:15:00,11487
6867,2022-11-19 13:15:00,11488
6868,2022-11-19 14:45:00,11490
6869,2022-11-20 11:30:00,11495
6870,2022-11-20 12:00:00,11496
6871,2022-11-20 12:15:00,11497
6872,2022-11-20 15:30:00,11501
6873,2022-11-20 17:00:00,11503
6874,2022-11-21 08:30:00,11506
6875,2022-11-21 09:00:00,11507
6876,2022-11-21 09:45:00,11508
6877,2022-11-21 10:00:00,11509
6878,2022-11-21 11:00:00,11510
6879,2022-11-21 12:45:00,11511
6880,2022-11-21 13:45:00,11512
6881,2022-11-21 15:00:00,11514
6882,2022-11-21 15:15:00,11515
6883,2022-11-21 16:00:00,11516
6884,2022-11-22 10:15:00,11517
6885,2022-11-22 10:15:00,11518
6886,2022-11-22 11:15:00,11519
6887,2022-11-22 12:00:00,11520
6888,2022-11-22 14:00:00,11524
6889,2022-11-22 14:30:00,11526
6890,2022-11-23 11:45:00,11530
6891,2022-11-23 12:30:00,11531
6892,2022-11-23 13:00:00,11532
6893,2022-11-23 13:30:00,11533
6894,2022-11-23 13:45:00,11534
6895,2022-11-23 14:00:00,11535
6896,2022-11-23 14:30:00,11537
6897,2022-11-23 14:30:00,11538
6898,2022-11-23 16:00:00,11540
6899,2022-11-24 11:00:00,11542
6900,2022-11-24 11:45:00,11543
6901,2022-11-24 12:00:00,11544
6902,2022-11-24 14:30:00,11546
6903,2022-11-24 16:15:00,11549
6904,2022-11-25 11:15:00,11552
6905,2022-11-25 12:30:00,11554
6906,2022-11-25 12:45:00,11555
6907,2022-11-25 13:00:00,11556
6908,2022-11-25 13:15:00,11557
6909,2022-11-25 16:15:00,11561
6910,2022-11-25 16:30:00,11562
6911,2022-11-26 10:45:00,11567
6912,2022-11-26 11:15:00,11568
6913,2022-11-26 13:00:00,11569
6914,2022-11-26 16:00:00,11572
6915,2022-11-26 16:00:00,11573
6916,2022-11-27 09:15:00,11575
6917,2022-11-27 09:30:00,11576
6918,2022-11-27 12:00:00,11578
6919,2022-11-27 12:30:00,11579
6920,2022-11-27 13:00:00,11580
6921,2022-11-27 17:15:00,11585
6922,2022-11-28 09:15:00,11586
6923,2022-11-28 10:00:00,11588
6924,2022-11-28 11:30:00,11590
6925,2022-11-28 12:15:00,11592
6926,2022-11-28 14:15:00,11593
6927,2022-11-28 14:15:00,11594
6928,2022-11-28 16:15:00,11595
6929,2022-11-28 17:15:00,11596
6930,2022-11-29 08:45:00,11597
6931,2022-11-29 10:45:00,11599
6932,2022-11-29 12:15:00,11600
6933,2022-11-29 13:45:00,11601
6934,2022-11-29 14:00:00,11602
6935,2022-11-29 14:15:00,11603
6936,2022-11-29 16:30:00,11605
6937,2022-11-30 09:45:00,11609
6938,2022-11-30 11:15:00,11611
6939,2022-11-30 14:15:00,11615
6940,2022-12-01 09:45:00,11617
6941,2022-12-01 12:45:00,11620
6942,2022-12-01 13:45:00,11621
6943,2022-12-01 15:15:00,11622
6944,2022-12-01 15:45:00,11623
6945,2022-12-01 16:15:00,11624
6946,2022-12-01 16:30:00,11625
6947,2022-12-01 17:00:00,11627
6948,2022-12-02 08:30:00,11628
6949,2022-12-02 09:30:00,11630
6950,2022-12-02 14:45:00,11633
6951,2022-12-02 16:15:00,11636
6952,2022-12-03 09:00:00,11638
6953,2022-12-03 10:30:00,11640
6954,2022-12-03 10:45:00,11641
6955,2022-12-03 11:45:00,11642
6956,2022-12-03 15:30:00,11646
6957,2022-12-03 15:45:00,11647
6958,2022-12-03 16:15:00,11648
6959,2022-12-03 16:15:00,11649
6960,2022-12-04 09:15:00,11652
6961,2022-12-04 10:45:00,11653
6962,2022-12-04 11:15:00,11654
6963,2022-12-04 14:15:00,11656
6964,2022-12-04 15:45:00,11658
6965,2022-12-04 16:45:00,11659
6966,2022-12-04 17:00:00,11660
6967,2022-12-05 10:30:00,11662
6968,2022-12-05 12:15:00,11665
6969,2022-12-05 12:30:00,11666
6970,2022-12-05 14:30:00,11669
6971,2022-12-05 14:45:00,11670
6972,2022-12-05 15:45:00,11671
6973,2022-12-06 10:45:00,11672
6974,2022-12-06 11:00:00,11673
6975,2022-12-06 11:30:00,11674
6976,2022-12-06 12:45:00,11675
6977,2022-12-06 14:15:00,11676
6978,2022-12-06 16:30:00,11679
6979,2022-12-07 08:45:00,11681
6980,2022-12-07 08:45:00,11683
6981,2022-12-07 09:00:00,11684
6982,2022-12-07 09:45:00,11685
6983,2022-12-07 10:15:00,11686
6984,2022-12-07 12:15:00,11687
6985,2022-12-07 13:30:00,11691
6986,2022-12-07 14:45:00,11693
6987,2022-12-08 10:00:00,11698
6988,2022-12-08 10:00:00,11699
6989,2022-12-08 12:00:00,11701
6990,2022-12-08 12:30:00,11702
6991,2022-12-08 15:30:00,11703
6992,2022-12-08 16:00:00,11704
6993,2022-12-08 16:45:00,11705
6994,2022-12-08 17:15:00,11706
6995,2022-12-09 09:00:00,11708
6996,2022-12-09 09:30:00,11709
6997,2022-12-09 10:15:00,11710
6998,2022-12-09 11:30:00,11712
6999,2022-12-09 12:00:00,11713
7000,2022-12-09 14:15:00,11716
7001,2022-12-09 15:45:00,11718
7002,2022-12-10 09:15:00,11720
7003,2022-12-10 09:45:00,11721
7004,2022-12-10 10:15:00,11722
7005,2022-12-10 13:30:00,11724
7006,2022-12-10 14:45:00,11725
7007,2022-12-11 10:00:00,11729
7008,2022-12-11 11:45:00,11731
7009,2022-12-11 11:45:00,11732
7010,2022-12-11 12:00:00,11733
7011,2022-12-11 12:00:00,11734
7012,2022-12-11 13:30:00,11736
7013,2022-12-11 14:45:00,11738
7014,2022-12-12 10:30:00,11742
7015,2022-12-12 10:45:00,11743
7016,2022-12-12 15:00:00,11747
7017,2022-12-12 15:15:00,11748
7018,2022-12-13 09:00:00,11750
7019,2022-12-13 10:30:00,11751
7020,2022-12-13 11:00:00,11752
7021,2022-12-13 11:00:00,11753
7022,2022-12-13 11:15:00,11754
7023,2022-12-13 12:45:00,11755
7024,2022-12-13 12:45:00,11756
7025,2022-12-13 13:45:00,11757
7026,2022-12-13 14:15:00,11758
7027,2022-12-13 14:30:00,11759
7028,2022-12-14 08:45:00,11763
7029,2022-12-14 09:45:00,11764
7030,2022-12-14 10:15:00,11765
7031,2022-12-14 13:30:00,11768
7032,2022-12-14 14:00:00,11769
7033,2022-12-15 08:45:00,11771
7034,2022-12-15 08:45:00,11772
7035,2022-12-15 14:15:00,11774
7036,2022-12-15 14:30:00,11777
7037,2022-12-15 16:30:00,11778
7038,2022-12-15 16:45:00,11780
7039,2022-12-16 13:00:00,11783
7040,2022-12-16 13:00:00,11784
7041,2022-12-16 13:00:00,11785
7042,2022-12-16 14:15:00,11786
7043,2022-12-16 16:15:00,11790
7044,2022-12-16 16:15:00,11791
7045,2022-12-16 16:30:00,11792
7046,2022-12-16 16:45:00,11793
7047,2022-12-17 10:00:00,11795
7048,2022-12-17 13:15:00,11799
7049,2022-12-17 17:00:00,11804
7050,2022-12-18 11:15:00,11807
7051,2022-12-18 11:15:00,11808
7052,2022-12-18 11:45:00,11810
7053,2022-12-18 12:00:00,11811
7054,2022-12-18 14:00:00,11812
7055,2022-12-18 14:45:00,11814
7056,2022-12-18 15:45:00,11815
7057,2022-12-19 09:30:00,11816
7058,2022-12-19 10:00:00,11817
7059,2022-12-19 10:45:00,11818
7060,2022-12-19 10:45:00,11819
7061,2022-12-19 11:45:00,11820
7062,2022-12-19 12:30:00,11822
7063,2022-12-19 14:00:00,11823
7064,2022-12-19 15:30:00,11824
7065,2022-12-19 15:30:00,11825
7066,2022-12-19 17:15:00,11827
7067,2022-12-20 12:00:00,11830
7068,2022-12-20 13:00:00,11831
7069,2022-12-20 13:15:00,11832
7070,2022-12-20 13:30:00,11833
7071,2022-12-20 15:15:00,11836
7072,2022-12-21 10:00:00,11839
7073,2022-12-21 10:00:00,11840
7074,2022-12-21 10:45:00,11842
7075,2022-12-21 12:15:00,11843
7076,2022-12-21 12:15:00,11844
7077,2022-12-21 12:45:00,11846
7078,2022-12-21 16:15:00,11848
7079,2022-12-22 10:15:00,11849
7080,2022-12-22 11:30:00,11850
7081,2022-12-22 14:00:00,11853
7082,2022-12-22 17:00:00,11856
7083,2022-12-22 17:15:00,11857
7084,2022-12-23 10:00:00,11859
7085,2022-12-23 10:15:00,11860
7086,2022-12-23 10:30:00,11861
7087,2022-12-23 13:00:00,11863
7088,2022-12-23 15:30:00,11865
7089,2022-12-23 15:45:00,11866
7090,2022-12-24 09:00:00,11869
7091,2022-12-24 10:30:00,11870
7092,2022-12-24 10:45:00,11871
7093,2022-12-24 11:00:00,11872
7094,2022-12-24 12:30:00,11874
7095,2022-12-24 12:30:00,11875
7096,2022-12-24 13:00:00,11876
7097,2022-12-24 13:45:00,11877
7098,2022-12-24 15:00:00,11880
7099,2022-12-25 09:30:00,11882
7100,2022-12-25 09:30:00,11883
7101,2022-12-25 11:00:00,11884
7102,2022-12-25 14:45:00,11888
7103,2022-12-25 16:15:00,11889
7104,2022-12-25 16:45:00,11890
7105,2022-12-26 08:30:00,11891
7106,2022-12-26 08:30:00,11892
7107,2022-12-26 09:30:00,11894
7108,2022-12-26 12:30:00,11895
7109,2022-12-26 14:00:00,11897
7110,2022-12-26 14:45:00,11898
7111,2022-12-26 15:30:00,11899
7112,2022-12-26 16:30:00,11900
7113,2022-12-26 16:30:00,11901
7114,2022-12-27 09:00:00,11902
7115,2022-12-27 09:45:00,11903
7116,2022-12-27 10:45:00,11907
7117,2022-12-27 10:45:00,11908
7118,2022-12-27 10:45:00,11909
7119,2022-12-27 13:15:00,11911
7120,2022-12-27 15:00:00,11912
7121,2022-12-27 17:15:00,11913
7122,2022-12-28 09:30:00,11915
7123,2022-12-28 11:15:00,11917
7124,2022-12-28 13:00:00,11918
7125,2022-12-28 13:30:00,11920
7126,2022-12-28 13:30:00,11921
7127,2022-12-28 17:15:00,11925
7128,2022-12-29 08:45:00,11926
7129,2022-12-29 09:30:00,11928
7130,2022-12-29 11:30:00,11930
7131,2022-12-29 12:00:00,11931
7132,2022-12-29 15:15:00,11932
7133,2022-12-29 15:15:00,11933
7134,2022-12-29 15:30:00,11934
7135,2022-12-30 11:30:00,11936
7136,2022-12-30 12:30:00,11937
7137,2022-12-30 13:30:00,11939
7138,2022-12-30 14:00:00,11940
7139,2022-12-30 15:00:00,11941
7140,2022-12-30 15:30:00,11943
7141,2022-12-31 09:00:00,11944
7142,2022-12-31 09:00:00,11945
7143,2022-12-31 09:30:00,11946
7144,2022-12-31 11:15:00,11947
7145,2022-12-31 13:00:00,11949
7146,2022-12-31 14:00:00,11951
7147,2022-12-31 14:30:00,11952
7148,2023-01-01 10:30:00,11958
7149,2023-01-01 12:00:00,11960
7150,2023-01-01 12:30:00,11961
7151,2023-01-01 13:45:00,11962
7152,2023-01-01 15:15:00,11965
7153,2023-01-01 15:15:00,11966
7154,2023-01-01 15:30:00,11967
7155,2023-01-02 09:45:00,11970
7156,2023-01-02 13:15:00,11972
7157,2023-01-02 13:30:00,11973
7158,2023-01-02 13:45:00,11974
7159,2023-01-02 14:45:00,11976
7160,2023-01-02 15:30:00,11977
7161,2023-01-02 15:45:00,11978
7162,2023-01-03 08:45:00,11981
7163,2023-01-03 10:45:00,11983
7164,2023-01-03 12:15:00,11985
7165,2023-01-03 13:00:00,11986
7166,2023-01-03 15:30:00,11990
7167,2023-01-03 16:00:00,11991
7168,2023-01-04 09:15:00,11993
7169,2023-01-04 11:00:00,11994
7170,2023-01-04 11:15:00,11995
7171,2023-01-04 11:30:00,11996
7172,2023-01-04 15:00:00,12000
7173,2023-01-04 16:15:00,12001
7174,2023-01-04 16:30:00,12003
7175,2023-01-04 17:15:00,12004
7176,2023-01-05 08:45:00,12006
7177,2023-01-05 10:00:00,12007
7178,2023-01-05 10:15:00,12008
7179,2023-01-05 10:45:00,12009
7180,2023-01-05 10:45:00,12010
7181,2023-01-05 11:15:00,12011
7182,2023-01-05 11:30:00,12012
7183,2023-01-05 12:00:00,12013
7184,2023-01-05 13:15:00,12014
7185,2023-01-05 17:00:00,12018
7186,2023-01-06 09:30:00,12019
7187,2023-01-06 09:45:00,12020
7188,2023-01-06 11:00:00,12021
7189,2023-01-06 12:15:00,12023
7190,2023-01-06 12:30:00,12024
7191,2023-01-06 13:30:00,12025
7192,2023-01-06 14:00:00,12026
7193,2023-01-06 14:45:00,12027
7194,2023-01-06 15:00:00,12028
7195,2023-01-06 16:45:00,12029
7196,2023-01-06 17:00:00,12030
7197,2023-01-07 09:30:00,12032
7198,2023-01-07 11:15:00,12033
7199,2023-01-07 11:45:00,12034
7200,2023-01-07 15:30:00,12036
7201,2023-01-08 09:30:00,12040
7202,2023-01-08 10:45:00,12042
7203,2023-01-08 12:30:00,12043
7204,2023-01-08 15:45:00,12046
7205,2023-01-08 15:45:00,12047
7206,2023-01-08 16:00:00,12048
7207,2023-01-08 16:15:00,12049
7208,2023-01-08 16:30:00,12050
7209,2023-01-09 09:15:00,12053
7210,2023-01-09 10:15:00,12054
7211,2023-01-09 12:30:00,12059
7212,2023-01-10 09:15:00,12064
7213,2023-01-10 09:45:00,12066
7214,2023-01-10 12:15:00,12067
7215,2023-01-10 13:45:00,12069
7216,2023-01-10 14:00:00,12070
7217,2023-01-10 14:45:00,12071
7218,2023-01-10 15:45:00,12072
7219,2023-01-10 16:30:00,12073
7220,2023-01-11 08:45:00,12074
7221,2023-01-11 09:45:00,12076
7222,2023-01-11 10:00:00,12077
7223,2023-01-11 10:00:00,12078
7224,2023-01-11 11:45:00,12080
7225,2023-01-11 13:15:00,12081
7226,2023-01-11 14:00:00,12082
7227,2023-01-11 15:45:00,12085
7228,2023-01-11 16:45:00,12086
7229,2023-01-12 08:45:00,12088
7230,2023-01-12 09:15:00,12089
7231,2023-01-12 10:15:00,12091
7232,2023-01-12 11:00:00,12093
7233,2023-01-12 11:45:00,12094
7234,2023-01-12 14:30:00,12096
7235,2023-01-12 16:45:00,12097
7236,2023-01-13 09:00:00,12098
7237,2023-01-13 10:45:00,12101
7238,2023-01-13 11:00:00,12102
7239,2023-01-13 13:45:00,12103
7240,2023-01-13 15:15:00,12106
7241,2023-01-13 16:30:00,12107
7242,2023-01-14 09:45:00,12110
7243,2023-01-14 11:30:00,12114
7244,2023-01-14 12:00:00,12115
7245,2023-01-14 15:45:00,12118
7246,2023-01-14 17:15:00,12122
7247,2023-01-15 09:00:00,12123
7248,2023-01-15 09:30:00,12124
7249,2023-01-15 11:15:00,12125
7250,2023-01-15 11:30:00,12126
7251,2023-01-15 12:30:00,12128
7252,2023-01-15 15:30:00,12131
7253,2023-01-16 10:00:00,12133
7254,2023-01-16 11:00:00,12134
7255,2023-01-16 11:15:00,12135
7256,2023-01-16 13:15:00,12137
7257,2023-01-16 13:45:00,12139
7258,2023-01-16 17:15:00,12142
7259,2023-01-17 09:30:00,12143
7260,2023-01-17 09:45:00,12144
7261,2023-01-17 10:30:00,12145
7262,2023-01-17 10:45:00,12146
7263,2023-01-17 12:30:00,12148
7264,2023-01-17 12:45:00,12149
7265,2023-01-18 08:45:00,12154
7266,2023-01-18 10:15:00,12155
7267,2023-01-18 10:45:00,12157
7268,2023-01-18 10:45:00,12158
7269,2023-01-18 11:00:00,12159
7270,2023-01-18 12:15:00,12160
7271,2023-01-18 12:30:00,12161
7272,2023-01-18 16:00:00,12162
7273,2023-01-18 16:45:00,12163
7274,2023-01-18 16:45:00,12164
7275,2023-01-19 08:45:00,12165
7276,2023-01-19 09:15:00,12166
7277,2023-01-19 10:45:00,12168
7278,2023-01-19 11:15:00,12169
7279,2023-01-19 12:15:00,12170
7280,2023-01-19 14:15:00,12171
7281,2023-01-19 14:45:00,12173
7282,2023-01-19 15:45:00,12174
7283,2023-01-19 16:15:00,12175
7284,2023-01-20 08:30:00,12176
7285,2023-01-20 12:15:00,12179
7286,2023-01-20 12:30:00,12180
7287,2023-01-20 12:30:00,12181
7288,2023-01-20 15:30:00,12183
7289,2023-01-20 16:15:00,12185
7290,2023-01-20 16:30:00,12186
7291,2023-01-20 16:30:00,12187
7292,2023-01-21 09:30:00,12189
7293,2023-01-21 09:45:00,12190
7294,2023-01-21 10:00:00,12191
7295,2023-01-21 10:30:00,12192
7296,2023-01-21 10:30:00,12193
7297,2023-01-21 13:15:00,12194
7298,2023-01-21 14:15:00,12195
7299,2023-01-21 15:00:00,12196
7300,2023-01-21 15:15:00,12197
7301,2023-01-21 15:45:00,12198
7302,2023-01-22 10:15:00,12199
7303,2023-01-22 10:15:00,12200
7304,2023-01-22 10:45:00,12201
7305,2023-01-22 10:45:00,12202
7306,2023-01-22 11:45:00,12203
7307,2023-01-22 12:15:00,12204
7308,2023-01-22 13:30:00,12205
7309,2023-01-22 13:30:00,12206
7310,2023-01-22 14:45:00,12207
7311,2023-01-22 15:00:00,12208
7312,2023-01-23 10:15:00,12210
7313,2023-01-23 10:30:00,12212
7314,2023-01-23 13:15:00,12216
7315,2023-01-23 14:30:00,12217
7316,2023-01-23 15:45:00,12218
7317,2023-01-23 16:00:00,12219
7318,2023-01-24 08:30:00,12220
7319,2023-01-24 10:00:00,12222
7320,2023-01-24 13:00:00,12224
7321,2023-01-24 13:30:00,12226
7322,2023-01-24 15:30:00,12229
7323,2023-01-24 16:15:00,12230
7324,2023-01-25 08:45:00,12232
7325,2023-01-25 09:45:00,12233
7326,2023-01-25 10:45:00,12235
7327,2023-01-25 11:15:00,12236
7328,2023-01-25 13:00:00,12237
7329,2023-01-25 15:15:00,12239
7330,2023-01-25 15:30:00,12240
7331,2023-01-25 16:30:00,12241
7332,2023-01-25 16:30:00,12242
7333,2023-01-25 17:00:00,12243
7334,2023-01-26 09:15:00,12244
7335,2023-01-26 09:30:00,12245
7336,2023-01-26 10:00:00,12246
7337,2023-01-26 10:00:00,12247
7338,2023-01-26 12:15:00,12250
7339,2023-01-26 16:00:00,12254
7340,2023-01-27 12:45:00,12259
7341,2023-01-27 13:00:00,12260
7342,2023-01-27 15:45:00,12263
7343,2023-01-27 16:30:00,12264
7344,2023-01-27 16:45:00,12265
7345,2023-01-28 11:15:00,12269
7346,2023-01-28 11:15:00,12270
7347,2023-01-28 11:45:00,12271
7348,2023-01-28 13:45:00,12272
7349,2023-01-28 13:45:00,12273
7350,2023-01-28 15:15:00,12276
7351,2023-01-29 08:30:00,12279
7352,2023-01-29 09:00:00,12281
7353,2023-01-29 10:00:00,12282
7354,2023-01-29 10:30:00,12284
7355,2023-01-29 11:15:00,12285
7356,2023-01-29 12:30:00,12286
7357,2023-01-29 15:15:00,12287
7358,2023-01-29 17:15:00,12290
7359,2023-01-29 17:15:00,12291
7360,2023-01-30 11:15:00,12294
7361,2023-01-30 11:45:00,12295
7362,2023-01-30 12:30:00,12296
7363,2023-01-30 13:30:00,12297
7364,2023-01-31 09:00:00,12301
7365,2023-01-31 09:15:00,12302
7366,2023-01-31 09:30:00,12303
7367,2023-01-31 10:30:00,12305
7368,2023-01-31 13:00:00,12306
7369,2023-01-31 15:00:00,12309
7370,2023-02-01 10:30:00,12312
7371,2023-02-01 11:00:00,12313
7372,2023-02-01 13:45:00,12316
7373,2023-02-01 16:45:00,12318
7374,2023-02-01 16:45:00,12319
7375,2023-02-01 17:00:00,12320
7376,2023-02-02 09:00:00,12321
7377,2023-02-02 09:00:00,12322
7378,2023-02-02 10:00:00,12323
7379,2023-02-02 10:15:00,12324
7380,2023-02-02 11:45:00,12325
7381,2023-02-02 12:15:00,12327
7382,2023-02-02 14:45:00,12328
7383,2023-02-02 15:00:00,12329
7384,2023-02-02 15:15:00,12330
7385,2023-02-03 10:00:00,12333
7386,2023-02-03 10:30:00,12334
7387,2023-02-03 11:30:00,12335
7388,2023-02-03 15:00:00,12338
7389,2023-02-04 11:00:00,12340
7390,2023-02-04 11:45:00,12341
7391,2023-02-04 11:45:00,12342
7392,2023-02-04 14:15:00,12344
7393,2023-02-04 16:00:00,12346
7394,2023-02-04 17:00:00,12348
7395,2023-02-05 09:00:00,12350
7396,2023-02-05 12:00:00,12353
7397,2023-02-05 16:00:00,12358
7398,2023-02-05 17:00:00,12359
7399,2023-02-06 09:15:00,12361
7400,2023-02-06 09:15:00,12362
7401,2023-02-06 12:15:00,12367
7402,2023-02-06 12:45:00,12368
7403,2023-02-06 14:00:00,12369
7404,2023-02-06 14:15:00,12370
7405,2023-02-06 15:45:00,12373
7406,2023-02-07 08:30:00,12374
7407,2023-02-07 09:15:00,12375
7408,2023-02-07 10:30:00,12376
7409,2023-02-07 15:45:00,12380
7410,2023-02-07 16:45:00,12381
7411,2023-02-07 17:15:00,12383
7412,2023-02-08 13:00:00,12386
7413,2023-02-08 13:00:00,12387
7414,2023-02-08 13:15:00,12389
7415,2023-02-08 15:15:00,12392
7416,2023-02-08 15:45:00,12393
7417,2023-02-09 11:45:00,12400
7418,2023-02-09 14:30:00,12403
7419,2023-02-09 15:45:00,12404
7420,2023-02-10 08:45:00,12407
7421,2023-02-10 11:30:00,12408
7422,2023-02-10 13:15:00,12409
7423,2023-02-10 15:45:00,12414
7424,2023-02-10 17:00:00,12416
7425,2023-02-11 12:15:00,12417
7426,2023-02-11 16:15:00,12420
7427,2023-02-12 08:30:00,12425
7428,2023-02-12 12:15:00,12428
7429,2023-02-12 13:00:00,12430
7430,2023-02-12 13:15:00,12431
7431,2023-02-13 08:45:00,12435
7432,2023-02-13 09:30:00,12437
7433,2023-02-13 11:15:00,12438
7434,2023-02-13 11:30:00,12439
7435,2023-02-13 12:15:00,12440
7436,2023-02-13 13:30:00,12441
7437,2023-02-13 14:30:00,12442
7438,2023-02-13 16:00:00,12443
7439,2023-02-14 08:45:00,12444
7440,2023-02-14 09:15:00,12445
7441,2023-02-14 09:30:00,12446
7442,2023-02-14 10:30:00,12449
7443,2023-02-14 11:45:00,12450
7444,2023-02-14 12:30:00,12452
7445,2023-02-14 12:45:00,12454
7446,2023-02-14 13:15:00,12455
7447,2023-02-15 10:00:00,12458
7448,2023-02-15 11:15:00,12461
7449,2023-02-15 11:45:00,12462
7450,2023-02-15 12:15:00,12463
7451,2023-02-15 13:00:00,12464
7452,2023-02-15 13:00:00,12465
7453,2023-02-15 13:30:00,12466
7454,2023-02-15 14:00:00,12467
7455,2023-02-16 08:45:00,12470
7456,2023-02-16 11:15:00,12476
7457,2023-02-16 14:00:00,12478
7458,2023-02-16 14:15:00,12479
7459,2023-02-17 10:00:00,12482
7460,2023-02-17 11:45:00,12484
7461,2023-02-17 13:45:00,12487
7462,2023-02-17 14:00:00,12488
7463,2023-02-17 14:30:00,12490
7464,2023-02-17 17:00:00,12492
7465,2023-02-18 10:30:00,12493
7466,2023-02-18 15:15:00,12498
7467,2023-02-18 16:30:00,12499
7468,2023-02-19 10:30:00,12503
7469,2023-02-19 11:30:00,12506
7470,2023-02-19 12:15:00,12507
7471,2023-02-19 12:45:00,12508
7472,2023-02-19 12:45:00,12509
7473,2023-02-19 15:15:00,12512
7474,2023-02-19 16:15:00,12513
7475,2023-02-20 08:30:00,12515
7476,2023-02-20 11:30:00,12518
7477,2023-02-20 12:00:00,12520
7478,2023-02-20 13:15:00,12521
7479,2023-02-20 14:00:00,12522
7480,2023-02-20 16:15:00,12523
7481,2023-02-21 08:30:00,12526
7482,2023-02-21 11:30:00,12528
7483,2023-02-21 12:30:00,12529
7484,2023-02-22 09:15:00,12532
7485,2023-02-22 09:15:00,12533
7486,2023-02-22 11:45:00,12535
7487,2023-02-22 12:45:00,12536
7488,2023-02-22 13:45:00,12537
7489,2023-02-22 16:30:00,12538
7490,2023-02-22 17:15:00,12539
7491,2023-02-23 08:45:00,12540
7492,2023-02-23 09:30:00,12541
7493,2023-02-23 09:30:00,12542
7494,2023-02-23 10:15:00,12543
7495,2023-02-23 14:30:00,12545
7496,2023-02-23 15:00:00,12546
7497,2023-02-23 15:30:00,12547
7498,2023-02-23 16:30:00,12548
7499,2023-02-23 16:45:00,12549
7500,2023-02-23 17:15:00,12550
7501,2023-02-23 17:15:00,12551
7502,2023-02-24 08:30:00,12552
7503,2023-02-24 10:45:00,12553
7504,2023-02-24 11:00:00,12554
7505,2023-02-24 11:00:00,12555
7506,2023-02-24 11:15:00,12556
7507,2023-02-24 12:30:00,12557
7508,2023-02-24 14:30:00,12561
7509,2023-02-24 14:45:00,12562
7510,2023-02-24 16:45:00,12563
7511,2023-02-25 08:45:00,12564
7512,2023-02-25 09:30:00,12566
7513,2023-02-25 12:30:00,12568
7514,2023-02-25 13:45:00,12570
7515,2023-02-25 14:00:00,12571
7516,2023-02-25 17:15:00,12572
7517,2023-02-26 09:00:00,12573
7518,2023-02-26 09:30:00,12574
7519,2023-02-26 10:15:00,12575
7520,2023-02-26 14:00:00,12577
7521,2023-02-26 15:15:00,12579
7522,2023-02-26 16:30:00,12583
7523,2023-02-27 09:00:00,12584
7524,2023-02-27 10:00:00,12586
7525,2023-02-27 15:45:00,12591
7526,2023-02-27 16:30:00,12593
7527,2023-02-27 16:45:00,12594
7528,2023-02-28 11:15:00,12598
7529,2023-02-28 13:00:00,12599
7530,2023-02-28 14:00:00,12600
7531,2023-02-28 15:00:00,12602
7532,2023-02-28 16:30:00,12604
7533,2023-02-28 17:15:00,12606
7534,2023-03-01 11:00:00,12607
7535,2023-03-01 11:15:00,12608
7536,2023-03-01 12:00:00,12609
7537,2023-03-01 12:45:00,12610
7538,2023-03-01 13:30:00,12612
7539,2023-03-01 15:30:00,12613
7540,2023-03-01 15:30:00,12614
7541,2023-03-01 16:15:00,12615
7542,2023-03-01 16:15:00,12616
7543,2023-03-02 08:30:00,12617
7544,2023-03-02 09:00:00,12619
7545,2023-03-02 09:15:00,12620
7546,2023-03-02 10:45:00,12622
7547,2023-03-02 12:00:00,12623
7548,2023-03-02 15:45:00,12625
7549,2023-03-02 16:30:00,12626
7550,2023-03-03 08:45:00,12628
7551,2023-03-03 11:45:00,12631
7552,2023-03-03 12:45:00,12632
7553,2023-03-03 15:00:00,12636
7554,2023-03-03 15:00:00,12637
7555,2023-03-03 15:15:00,12638
7556,2023-03-03 16:00:00,12639
7557,2023-03-04 08:30:00,12640
7558,2023-03-04 08:30:00,12641
7559,2023-03-04 10:45:00,12643
7560,2023-03-04 11:30:00,12645
7561,2023-03-04 11:45:00,12646
7562,2023-03-04 12:00:00,12647
7563,2023-03-04 13:30:00,12648
7564,2023-03-04 13:45:00,12650
7565,2023-03-04 13:45:00,12651
7566,2023-03-04 16:15:00,12652
7567,2023-03-04 16:45:00,12653
7568,2023-03-05 09:00:00,12654
7569,2023-03-05 09:30:00,12655
7570,2023-03-05 13:00:00,12656
7571,2023-03-05 13:45:00,12657
7572,2023-03-05 13:45:00,12658
7573,2023-03-05 14:15:00,12659
7574,2023-03-05 15:15:00,12660
7575,2023-03-05 16:15:00,12662
7576,2023-03-05 16:15:00,12663
7577,2023-03-05 16:30:00,12664
7578,2023-03-05 16:30:00,12665
7579,2023-03-06 09:45:00,12667
7580,2023-03-06 10:30:00,12670
7581,2023-03-06 11:15:00,12672
7582,2023-03-06 13:00:00,12673
7583,2023-03-06 17:00:00,12676
7584,2023-03-06 17:15:00,12678
7585,2023-03-07 09:15:00,12679
7586,2023-03-07 11:00:00,12682
7587,2023-03-07 12:45:00,12685
7588,2023-03-07 16:30:00,12687
7589,2023-03-07 16:45:00,12688
7590,2023-03-07 17:00:00,12689
7591,2023-03-08 08:30:00,12691
7592,2023-03-08 08:30:00,12692
7593,2023-03-08 09:00:00,12693
7594,2023-03-08 10:00:00,12694
7595,2023-03-08 12:30:00,12697
7596,2023-03-08 13:00:00,12698
7597,2023-03-08 16:15:00,12699
7598,2023-03-08 16:45:00,12700
7599,2023-03-08 17:15:00,12701
7600,2023-03-09 08:45:00,12703
7601,2023-03-09 09:00:00,12704
7602,2023-03-09 13:00:00,12707
7603,2023-03-10 09:30:00,12714
7604,2023-03-10 14:00:00,12715
7605,2023-03-10 15:30:00,12716
7606,2023-03-10 15:45:00,12717
7607,2023-03-10 17:00:00,12720
7608,2023-03-10 17:00:00,12721
7609,2023-03-11 08:30:00,12722
7610,2023-03-11 08:45:00,12724
7611,2023-03-11 12:15:00,12726
7612,2023-03-11 13:30:00,12727
7613,2023-03-11 14:30:00,12728
7614,2023-03-11 14:30:00,12729
7615,2023-03-11 16:00:00,12730
7616,2023-03-11 16:15:00,12731
7617,2023-03-11 16:30:00,12732
7618,2023-03-12 08:30:00,12733
7619,2023-03-12 08:45:00,12734
7620,2023-03-12 10:30:00,12737
7621,2023-03-12 11:00:00,12738
7622,2023-03-12 16:45:00,12742
7623,2023-03-12 16:45:00,12743
7624,2023-03-12 17:15:00,12745
7625,2023-03-13 12:45:00,12746
7626,2023-03-13 13:00:00,12747
7627,2023-03-13 14:00:00,12748
7628,2023-03-13 14:15:00,12749
7629,2023-03-13 14:45:00,12751
7630,2023-03-13 16:15:00,12754
7631,2023-03-13 16:30:00,12755
7632,2023-03-13 16:45:00,12756
7633,2023-03-13 17:15:00,12757
7634,2023-03-14 09:00:00,12759
7635,2023-03-14 09:15:00,12760
7636,2023-03-14 10:45:00,12761
7637,2023-03-14 11:00:00,12762
7638,2023-03-14 11:15:00,12763
7639,2023-03-14 12:00:00,12764
7640,2023-03-14 14:00:00,12765
7641,2023-03-14 16:15:00,12766
7642,2023-03-14 17:00:00,12767
7643,2023-03-15 09:30:00,12769
7644,2023-03-15 10:00:00,12770
7645,2023-03-15 11:30:00,12771
7646,2023-03-15 15:15:00,12775
7647,2023-03-16 08:30:00,12779
7648,2023-03-16 08:30:00,12780
7649,2023-03-16 10:15:00,12782
7650,2023-03-16 10:15:00,12784
7651,2023-03-16 12:30:00,12788
7652,2023-03-16 16:00:00,12792
7653,2023-03-17 09:00:00,12794
7654,2023-03-17 10:00:00,12795
7655,2023-03-17 10:45:00,12796
7656,2023-03-17 11:00:00,12797
7657,2023-03-17 11:30:00,12798
7658,2023-03-17 11:45:00,12799
7659,2023-03-17 12:15:00,12800
7660,2023-03-17 14:15:00,12801
7661,2023-03-17 17:00:00,12804
7662,2023-03-18 11:45:00,12807
7663,2023-03-18 12:30:00,12808
7664,2023-03-18 14:45:00,12811
7665,2023-03-18 16:15:00,12812
7666,2023-03-19 10:30:00,12815
7667,2023-03-19 11:00:00,12817
7668,2023-03-19 13:30:00,12818
7669,2023-03-19 15:00:00,12819
7670,2023-03-19 15:00:00,12820
7671,2023-03-20 10:15:00,12822
7672,2023-03-20 10:15:00,12823
7673,2023-03-20 13:30:00,12826
7674,2023-03-20 14:15:00,12828
7675,2023-03-20 16:15:00,12830
7676,2023-03-20 16:30:00,12831
7677,2023-03-21 09:00:00,12833
7678,2023-03-21 09:30:00,12834
7679,2023-03-21 11:30:00,12836
7680,2023-03-21 12:45:00,12837
7681,2023-03-21 14:00:00,12838
7682,2023-03-21 14:30:00,12839
7683,2023-03-21 16:00:00,12840
7684,2023-03-21 16:45:00,12841
7685,2023-03-21 17:00:00,12842
7686,2023-03-21 17:00:00,12843
7687,2023-03-22 08:45:00,12844
7688,2023-03-22 10:15:00,12845
7689,2023-03-22 11:00:00,12847
7690,2023-03-22 12:00:00,12848
7691,2023-03-22 14:15:00,12849
7692,2023-03-22 14:15:00,12850
7693,2023-03-22 15:15:00,12851
7694,2023-03-22 15:30:00,12852
7695,2023-03-22 16:45:00,12853
7696,2023-03-23 10:45:00,12857
7697,2023-03-23 11:45:00,12861
7698,2023-03-23 13:00:00,12862
7699,2023-03-23 13:45:00,12863
7700,2023-03-23 14:15:00,12864
7701,2023-03-23 15:45:00,12866
7702,2023-03-23 16:45:00,12867
7703,2023-03-24 09:15:00,12868
7704,2023-03-24 09:15:00,12869
7705,2023-03-24 10:45:00,12870
7706,2023-03-24 10:45:00,12871
7707,2023-03-24 11:00:00,12872
7708,2023-03-24 11:00:00,12873
7709,2023-03-24 13:30:00,12874
7710,2023-03-24 15:15:00,12876
7711,2023-03-24 15:15:00,12877
7712,2023-03-24 15:30:00,12878
7713,2023-03-24 16:00:00,12879
7714,2023-03-25 09:45:00,12880
7715,2023-03-25 11:00:00,12883
7716,2023-03-25 12:00:00,12884
7717,2023-03-25 12:45:00,12885
7718,2023-03-25 13:00:00,12887
7719,2023-03-25 13:30:00,12889
7720,2023-03-26 08:45:00,12891
7721,2023-03-26 12:00:00,12892
7722,2023-03-26 12:30:00,12893
7723,2023-03-26 13:00:00,12895
7724,2023-03-26 16:15:00,12897
7725,2023-03-26 16:45:00,12899
7726,2023-03-27 10:15:00,12901
7727,2023-03-27 10:45:00,12902
7728,2023-03-27 13:45:00,12903
7729,2023-03-27 14:00:00,12904
7730,2023-03-27 14:15:00,12905
7731,2023-03-27 15:00:00,12906
7732,2023-03-27 16:45:00,12907
7733,2023-03-27 17:00:00,12908
7734,2023-03-28 08:30:00,12910
7735,2023-03-28 09:00:00,12911
7736,2023-03-28 10:45:00,12912
7737,2023-03-28 11:00:00,12913
7738,2023-03-28 12:00:00,12916
7739,2023-03-28 14:15:00,12919
7740,2023-03-28 15:00:00,12920
7741,2023-03-28 17:15:00,12921
7742,2023-03-29 13:30:00,12926
7743,2023-03-29 14:30:00,12927
7744,2023-03-29 14:30:00,12928
7745,2023-03-29 16:30:00,12930
7746,2023-03-30 08:45:00,12931
7747,2023-03-30 10:00:00,12934
7748,2023-03-30 12:15:00,12936
7749,2023-03-30 12:45:00,12937
7750,2023-03-30 13:45:00,12939
7751,2023-03-30 17:15:00,12940
7752,2023-03-31 08:45:00,12941
7753,2023-03-31 12:15:00,12942
7754,2023-03-31 13:15:00,12943
7755,2023-03-31 13:45:00,12945
7756,2023-03-31 14:15:00,12946
7757,2023-03-31 15:15:00,12947
7758,2023-03-31 16:15:00,12948
7759,2023-04-01 09:45:00,12951
7760,2023-04-01 09:45:00,12952
7761,2023-04-01 14:00:00,12956
7762,2023-04-01 16:30:00,12958
7763,2023-04-02 09:00:00,12961
7764,2023-04-02 09:30:00,12962
7765,2023-04-02 10:00:00,12963
7766,2023-04-02 12:00:00,12964
7767,2023-04-02 12:30:00,12965
7768,2023-04-02 15:00:00,12967
7769,2023-04-02 15:30:00,12969
7770,2023-04-02 16:30:00,12970
7771,2023-04-03 10:00:00,12972
7772,2023-04-03 11:15:00,12975
7773,2023-04-03 11:45:00,12976
7774,2023-04-03 12:00:00,12977
7775,2023-04-04 08:45:00,12982
7776,2023-04-04 09:30:00,12983
7777,2023-04-04 09:30:00,12984
7778,2023-04-04 10:30:00,12985
7779,2023-04-04 11:15:00,12986
7780,2023-04-04 12:30:00,12988
7781,2023-04-04 13:30:00,12989
7782,2023-04-04 15:15:00,12990
7783,2023-04-04 15:30:00,12991
7784,2023-04-05 11:15:00,12995
7785,2023-04-05 12:30:00,12996
7786,2023-04-05 14:00:00,12998
7787,2023-04-05 14:00:00,12999
7788,2023-04-05 15:30:00,13000
7789,2023-04-05 16:00:00,13001
7790,2023-04-06 09:45:00,13002
7791,2023-04-06 09:45:00,13003
7792,2023-04-06 11:30:00,13004
7793,2023-04-06 11:30:00,13005
7794,2023-04-06 12:30:00,13006
7795,2023-04-06 13:30:00,13008
7796,2023-04-06 15:15:00,13010
7797,2023-04-06 15:30:00,13011
7798,2023-04-07 08:45:00,13012
7799,2023-04-07 16:45:00,13016
7800,2023-04-08 08:30:00,13017
7801,2023-04-08 14:45:00,13023
7802,2023-04-08 16:15:00,13024
7803,2023-04-08 16:30:00,13025
7804,2023-04-09 09:15:00,13027
7805,2023-04-09 10:00:00,13029
7806,2023-04-09 10:30:00,13030
7807,2023-04-09 11:15:00,13031
7808,2023-04-09 14:00:00,13034
7809,2023-04-09 16:45:00,13036
7810,2023-04-09 17:15:00,13038
7811,2023-04-10 10:15:00,13040
7812,2023-04-10 10:30:00,13041
7813,2023-04-10 10:45:00,13043
7814,2023-04-10 12:00:00,13044
7815,2023-04-10 15:00:00,13048
7816,2023-04-10 15:45:00,13049
7817,2023-04-11 09:15:00,13051
7818,2023-04-11 13:00:00,13052
7819,2023-04-11 13:00:00,13053
7820,2023-04-11 13:00:00,13054
7821,2023-04-11 13:30:00,13055
7822,2023-04-11 13:45:00,13056
7823,2023-04-11 13:45:00,13057
7824,2023-04-11 15:15:00,13058
7825,2023-04-11 17:00:00,13060
7826,2023-04-12 09:15:00,13061
7827,2023-04-12 10:15:00,13062
7828,2023-04-12 12:00:00,13065
7829,2023-04-12 14:15:00,13067
7830,2023-04-13 09:15:00,13068
7831,2023-04-13 09:45:00,13069
7832,2023-04-13 10:00:00,13070
7833,2023-04-13 11:30:00,13071
7834,2023-04-13 15:00:00,13074
7835,2023-04-13 16:15:00,13077
7836,2023-04-13 16:45:00,13078
7837,2023-04-14 09:45:00,13081
7838,2023-04-14 11:30:00,13083
7839,2023-04-14 13:45:00,13085
7840,2023-04-14 14:00:00,13086
7841,2023-04-14 14:30:00,13087
7842,2023-04-14 14:45:00,13088
7843,2023-04-14 15:15:00,13089
7844,2023-04-14 16:00:00,13090
7845,2023-04-14 16:30:00,13091
7846,2023-04-15 08:45:00,13092
7847,2023-04-15 10:00:00,13093
7848,2023-04-15 10:15:00,13094
7849,2023-04-15 11:30:00,13095
7850,2023-04-15 13:30:00,13096
7851,2023-04-15 16:15:00,13098
7852,2023-04-15 16:30:00,13099
7853,2023-04-16 10:45:00,13102
7854,2023-04-16 11:45:00,13103
7855,2023-04-16 13:15:00,13105
7856,2023-04-16 13:30:00,13107
7857,2023-04-16 13:45:00,13108
7858,2023-04-16 17:15:00,13112
7859,2023-04-17 12:15:00,13117
7860,2023-04-17 12:30:00,13118
7861,2023-04-17 13:15:00,13119
7862,2023-04-17 14:30:00,13120
7863,2023-04-17 14:30:00,13121
7864,2023-04-17 15:45:00,13124
7865,2023-04-18 10:00:00,13126
7866,2023-04-18 10:00:00,13127
7867,2023-04-18 10:00:00,13128
7868,2023-04-18 10:15:00,13129
7869,2023-04-18 10:30:00,13130
7870,2023-04-18 12:45:00,13132
7871,2023-04-18 17:15:00,13136
7872,2023-04-19 08:30:00,13137
7873,2023-04-19 10:45:00,13139
7874,2023-04-19 12:30:00,13141
7875,2023-04-19 14:45:00,13146
7876,2023-04-19 15:15:00,13147
7877,2023-04-20 08:30:00,13150
7878,2023-04-20 08:30:00,13151
7879,2023-04-20 12:30:00,13154
7880,2023-04-20 13:45:00,13156
7881,2023-04-20 14:00:00,13157
7882,2023-04-20 15:30:00,13158
7883,2023-04-20 15:45:00,13159
7884,2023-04-20 17:15:00,13160
7885,2023-04-21 09:00:00,13162
7886,2023-04-21 10:15:00,13164
7887,2023-04-21 11:30:00,13167
7888,2023-04-21 12:15:00,13169
7889,2023-04-21 14:00:00,13171
7890,2023-04-21 16:15:00,13173
7891,2023-04-22 10:30:00,13174
7892,2023-04-22 10:30:00,13175
7893,2023-04-22 12:45:00,13178
7894,2023-04-22 13:30:00,13179
7895,2023-04-22 13:45:00,13180
7896,2023-04-22 14:00:00,13181
7897,2023-04-22 14:00:00,13183
7898,2023-04-23 08:30:00,13186
7899,2023-04-23 09:15:00,13187
7900,2023-04-23 09:45:00,13189
7901,2023-04-23 10:30:00,13190
7902,2023-04-23 11:15:00,13191
7903,2023-04-23 12:00:00,13192
7904,2023-04-23 16:45:00,13196
7905,2023-04-24 09:30:00,13197
7906,2023-04-24 10:30:00,13198
7907,2023-04-24 10:30:00,13199
7908,2023-04-24 11:00:00,13200
7909,2023-04-24 12:30:00,13204
7910,2023-04-24 13:30:00,13207
7911,2023-04-24 16:45:00,13208
7912,2023-04-25 10:15:00,13211
7913,2023-04-25 11:00:00,13212
7914,2023-04-25 11:15:00,13213
7915,2023-04-25 11:30:00,13214
7916,2023-04-25 12:00:00,13215
7917,2023-04-25 12:15:00,13216
7918,2023-04-25 12:45:00,13217
7919,2023-04-25 13:00:00,13218
7920,2023-04-25 13:00:00,13219
7921,2023-04-25 14:15:00,13220
7922,2023-04-26 08:30:00,13223
7923,2023-04-26 11:30:00,13226
7924,2023-04-26 11:45:00,13227
7925,2023-04-26 14:30:00,13229
7926,2023-04-26 17:15:00,13231
7927,2023-04-26 17:15:00,13232
7928,2023-04-27 09:00:00,13233
7929,2023-04-27 12:30:00,13236
7930,2023-04-27 13:45:00,13239
7931,2023-04-27 16:00:00,13241
7932,2023-04-27 16:15:00,13242
7933,2023-04-28 09:00:00,13244
7934,2023-04-28 09:30:00,13245
7935,2023-04-28 13:00:00,13246
7936,2023-04-28 13:00:00,13247
7937,2023-04-28 13:45:00,13249
7938,2023-04-28 14:30:00,13250
7939,2023-04-28 14:45:00,13251
7940,2023-04-28 15:00:00,13252
7941,2023-04-28 15:15:00,13253
7942,2023-04-29 08:30:00,13256
7943,2023-04-29 10:30:00,13257
7944,2023-04-29 11:15:00,13258
7945,2023-04-29 12:45:00,13259
7946,2023-04-29 14:45:00,13263
7947,2023-04-30 08:30:00,13265
7948,2023-04-30 09:45:00,13266
7949,2023-04-30 12:30:00,13271
7950,2023-04-30 13:45:00,13273
7951,2023-04-30 16:00:00,13276
7952,2023-05-01 09:30:00,13278
7953,2023-05-01 11:00:00,13280
7954,2023-05-01 13:45:00,13281
7955,2023-05-01 16:00:00,13284
7956,2023-05-01 17:15:00,13286
7957,2023-05-02 09:30:00,13287
7958,2023-05-02 12:30:00,13291
7959,2023-05-02 13:15:00,13292
7960,2023-05-02 14:00:00,13293
7961,2023-05-02 14:30:00,13294
7962,2023-05-02 14:30:00,13295
7963,2023-05-02 16:15:00,13297
7964,2023-05-03 08:45:00,13298
7965,2023-05-03 09:00:00,13299
7966,2023-05-03 09:15:00,13300
7967,2023-05-03 09:30:00,13301
7968,2023-05-03 10:15:00,13302
7969,2023-05-03 14:15:00,13305
7970,2023-05-03 15:00:00,13307
7971,2023-05-04 08:45:00,13310
7972,2023-05-04 11:00:00,13312
7973,2023-05-04 12:30:00,13314
7974,2023-05-04 13:45:00,13316
7975,2023-05-05 08:45:00,13321
7976,2023-05-05 10:00:00,13323
7977,2023-05-05 10:15:00,13324
7978,2023-05-05 12:15:00,13325
7979,2023-05-05 13:15:00,13327
7980,2023-05-05 16:00:00,13329
7981,2023-05-05 16:45:00,13330
7982,2023-05-06 09:00:00,13331
7983,2023-05-06 09:15:00,13332
7984,2023-05-06 12:30:00,13333
7985,2023-05-06 12:45:00,13334
7986,2023-05-06 13:30:00,13335
7987,2023-05-06 14:45:00,13336
7988,2023-05-06 15:00:00,13337
7989,2023-05-06 15:00:00,13338
7990,2023-05-06 16:45:00,13340
7991,2023-05-07 08:45:00,13341
7992,2023-05-07 09:30:00,13343
7993,2023-05-07 14:15:00,13347
7994,2023-05-07 16:00:00,13348
7995,2023-05-07 17:15:00,13349
7996,2023-05-08 11:45:00,13352
7997,2023-05-08 14:30:00,13355
7998,2023-05-08 14:45:00,13356
7999,2023-05-08 15:30:00,13358
8000,2023-05-08 15:30:00,13359
8001,2023-05-09 08:45:00,13360
8002,2023-05-09 12:30:00,13364
8003,2023-05-09 14:15:00,13365
8004,2023-05-09 14:15:00,13366
8005,2023-05-09 14:15:00,13367
8006,2023-05-09 17:15:00,13370
8007,2023-05-09 17:15:00,13371
8008,2023-05-10 08:30:00,13372
8009,2023-05-10 08:45:00,13374
8010,2023-05-10 10:45:00,13376
8011,2023-05-10 11:00:00,13377
8012,2023-05-10 11:45:00,13378
8013,2023-05-10 11:45:00,13379
8014,2023-05-10 13:30:00,13380
8015,2023-05-10 15:00:00,13381
8016,2023-05-11 10:00:00,13386
8017,2023-05-11 11:30:00,13387
8018,2023-05-11 11:30:00,13388
8019,2023-05-11 12:45:00,13390
8020,2023-05-11 13:45:00,13392
8021,2023-05-11 15:15:00,13393
8022,2023-05-11 16:00:00,13394
8023,2023-05-12 11:00:00,13396
8024,2023-05-12 13:30:00,13400
8025,2023-05-12 14:00:00,13401
8026,2023-05-12 15:15:00,13402
8027,2023-05-12 16:30:00,13403
8028,2023-05-13 09:00:00,13404
8029,2023-05-13 09:15:00,13405
8030,2023-05-13 09:15:00,13406
8031,2023-05-13 09:45:00,13407
8032,2023-05-13 12:15:00,13408
8033,2023-05-13 13:30:00,13410
8034,2023-05-13 16:00:00,13412
8035,2023-05-13 16:30:00,13414
8036,2023-05-14 08:30:00,13416
8037,2023-05-14 09:45:00,13418
8038,2023-05-14 11:45:00,13421
8039,2023-05-14 12:00:00,13422
8040,2023-05-14 17:15:00,13426
8041,2023-05-15 16:15:00,13432
8042,2023-05-15 17:00:00,13433
8043,2023-05-15 17:00:00,13434
8044,2023-05-15 17:15:00,13435
8045,2023-05-16 08:45:00,13436
8046,2023-05-16 10:15:00,13437
8047,2023-05-16 12:45:00,13439
8048,2023-05-16 13:15:00,13440
8049,2023-05-16 15:00:00,13443
8050,2023-05-16 15:45:00,13444
8051,2023-05-16 16:45:00,13445
8052,2023-05-17 08:30:00,13447
8053,2023-05-17 10:30:00,13448
8054,2023-05-17 15:45:00,13452
8055,2023-05-17 16:15:00,13453
8056,2023-05-17 16:45:00,13454
8057,2023-05-17 17:00:00,13455
8058,2023-05-18 08:30:00,13457
8059,2023-05-18 09:15:00,13459
8060,2023-05-18 11:00:00,13461
8061,2023-05-18 11:15:00,13462
8062,2023-05-18 11:30:00,13463
8063,2023-05-18 12:30:00,13464
8064,2023-05-19 12:15:00,13468
8065,2023-05-19 12:30:00,13469
8066,2023-05-19 14:45:00,13473
8067,2023-05-19 16:15:00,13475
8068,2023-05-19 16:30:00,13476
8069,2023-05-19 17:00:00,13477
8070,2023-05-20 09:45:00,13478
8071,2023-05-20 10:45:00,13480
8072,2023-05-20 12:00:00,13481
8073,2023-05-20 13:00:00,13482
8074,2023-05-20 14:00:00,13483
8075,2023-05-20 15:00:00,13484
8076,2023-05-20 16:00:00,13487
8077,2023-05-21 10:00:00,13489
8078,2023-05-21 11:30:00,13490
8079,2023-05-21 12:00:00,13492
8080,2023-05-21 12:15:00,13493
8081,2023-05-21 12:30:00,13494
8082,2023-05-21 13:15:00,13496
8083,2023-05-21 14:30:00,13497
8084,2023-05-21 14:30:00,13498
8085,2023-05-22 08:45:00,13500
8086,2023-05-22 12:15:00,13502
8087,2023-05-22 15:30:00,13507
8088,2023-05-22 16:45:00,13508
8089,2023-05-23 10:00:00,13511
8090,2023-05-23 12:45:00,13512
8091,2023-05-23 12:45:00,13513
8092,2023-05-23 13:15:00,13514
8093,2023-05-23 14:00:00,13515
8094,2023-05-23 17:00:00,13517
8095,2023-05-24 09:30:00,13520
8096,2023-05-24 10:00:00,13522
8097,2023-05-24 10:30:00,13524
8098,2023-05-24 12:30:00,13525
8099,2023-05-24 12:45:00,13526
8100,2023-05-24 13:15:00,13528
8101,2023-05-24 13:45:00,13529
8102,2023-05-24 15:00:00,13530
8103,2023-05-25 10:15:00,13531
8104,2023-05-25 10:15:00,13532
8105,2023-05-25 12:45:00,13537
8106,2023-05-25 13:15:00,13538
8107,2023-05-25 13:30:00,13539
8108,2023-05-25 15:00:00,13541
8109,2023-05-26 08:30:00,13543
8110,2023-05-26 12:30:00,13547
8111,2023-05-26 13:00:00,13548
8112,2023-05-26 16:30:00,13551
8113,2023-05-27 10:45:00,13555
8114,2023-05-27 12:00:00,13556
8115,2023-05-27 12:00:00,13557
8116,2023-05-27 13:15:00,13558
8117,2023-05-27 14:00:00,13560
8118,2023-05-27 15:45:00,13562
8119,2023-05-27 17:00:00,13564
8120,2023-05-28 09:15:00,13565
8121,2023-05-28 10:15:00,13567
8122,2023-05-28 11:45:00,13568
8123,2023-05-28 13:15:00,13569
8124,2023-05-28 14:45:00,13571
8125,2023-05-28 15:15:00,13573
8126,2023-05-28 15:30:00,13575
8127,2023-05-28 16:15:00,13576
8128,2023-05-29 08:30:00,13577
8129,2023-05-29 10:30:00,13579
8130,2023-05-29 11:45:00,13580
8131,2023-05-29 12:00:00,13581
8132,2023-05-29 12:00:00,13582
8133,2023-05-29 15:00:00,13585
8134,2023-05-29 15:15:00,13587
8135,2023-05-30 09:45:00,13589
8136,2023-05-30 10:30:00,13590
8137,2023-05-30 10:30:00,13591
8138,2023-05-30 11:00:00,13592
8139,2023-05-30 12:15:00,13594
8140,2023-05-30 13:15:00,13596
8141,2023-05-30 15:00:00,13597
8142,2023-05-30 15:15:00,13599
8143,2023-05-30 15:45:00,13600
8144,2023-05-30 16:00:00,13601
8145,2023-05-31 10:45:00,13604
8146,2023-05-31 12:45:00,13606
8147,2023-05-31 13:45:00,13607
8148,2023-05-31 14:45:00,13609
8149,2023-05-31 15:15:00,13610
8150,2023-05-31 15:45:00,13612
8151,2023-05-31 17:00:00,13613
8152,2023-06-01 14:45:00,13618
8153,2023-06-01 16:15:00,13619
8154,2023-06-01 16:30:00,13621
8155,2023-06-02 08:45:00,13623
8156,2023-06-02 10:00:00,13624
8157,2023-06-02 10:30:00,13626
8158,2023-06-02 11:45:00,13627
8159,2023-06-02 12:15:00,13628
8160,2023-06-02 13:30:00,13629
8161,2023-06-02 13:30:00,13630
8162,2023-06-02 16:45:00,13631
8163,2023-06-02 17:00:00,13632
8164,2023-06-03 09:15:00,13633
8165,2023-06-03 10:00:00,13634
8166,2023-06-03 10:15:00,13635
8167,2023-06-03 13:30:00,13637
8168,2023-06-03 13:45:00,13639
8169,2023-06-03 13:45:00,13640
8170,2023-06-03 14:00:00,13641
8171,2023-06-04 10:15:00,13647
8172,2023-06-04 10:45:00,13648
8173,2023-06-04 12:00:00,13650
8174,2023-06-04 12:15:00,13651
8175,2023-06-04 15:00:00,13652
8176,2023-06-04 16:00:00,13654
8177,2023-06-05 11:15:00,13658
8178,2023-06-05 13:45:00,13662
8179,2023-06-05 15:30:00,13664
8180,2023-06-05 16:00:00,13665
8181,2023-06-05 16:15:00,13666
8182,2023-06-06 10:15:00,13669
8183,2023-06-06 11:00:00,13671
8184,2023-06-06 15:45:00,13676
8185,2023-06-06 16:00:00,13677
8186,2023-06-06 16:00:00,13678
8187,2023-06-06 16:30:00,13679
8188,2023-06-07 08:30:00,13680
8189,2023-06-07 08:45:00,13681
8190,2023-06-07 11:15:00,13683
8191,2023-06-07 16:30:00,13688
8192,2023-06-07 16:45:00,13689
8193,2023-06-07 17:00:00,13691
8194,2023-06-08 08:45:00,13692
8195,2023-06-08 09:30:00,13693
8196,2023-06-08 10:15:00,13694
8197,2023-06-08 11:45:00,13695
8198,2023-06-08 12:15:00,13697
8199,2023-06-08 13:45:00,13699
8200,2023-06-08 14:15:00,13700
8201,2023-06-08 15:00:00,13701
8202,2023-06-09 11:15:00,13706
8203,2023-06-09 12:15:00,13707
8204,2023-06-09 17:00:00,13710
8205,2023-06-09 17:15:00,13711
8206,2023-06-10 10:00:00,13718
8207,2023-06-10 11:00:00,13719
8208,2023-06-10 13:00:00,13721
8209,2023-06-10 13:30:00,13722
8210,2023-06-11 08:45:00,13724
8211,2023-06-11 10:15:00,13725
8212,2023-06-11 13:30:00,13727
8213,2023-06-11 15:30:00,13729
8214,2023-06-11 16:00:00,13730
8215,2023-06-11 16:30:00,13731
8216,2023-06-11 16:45:00,13732
8217,2023-06-12 09:15:00,13734
8218,2023-06-12 09:30:00,13735
8219,2023-06-12 13:45:00,13739
8220,2023-06-12 13:45:00,13740
8221,2023-06-12 14:15:00,13741
8222,2023-06-12 14:30:00,13743
8223,2023-06-12 15:45:00,13745
8224,2023-06-12 16:15:00,13746
8225,2023-06-13 08:45:00,13750
8226,2023-06-13 10:00:00,13751
8227,2023-06-14 08:45:00,13758
8228,2023-06-14 09:00:00,13759
8229,2023-06-14 09:15:00,13760
8230,2023-06-14 10:30:00,13761
8231,2023-06-14 12:15:00,13764
8232,2023-06-14 13:00:00,13765
8233,2023-06-14 13:00:00,13766
8234,2023-06-14 17:00:00,13769
8235,2023-06-15 08:30:00,13770
8236,2023-06-15 08:45:00,13771
8237,2023-06-15 11:15:00,13773
8238,2023-06-15 11:15:00,13774
8239,2023-06-15 12:00:00,13775
8240,2023-06-15 13:00:00,13776
8241,2023-06-15 13:00:00,13777
8242,2023-06-15 14:30:00,13778
8243,2023-06-15 16:00:00,13779
8244,2023-06-16 12:30:00,13781
8245,2023-06-16 14:45:00,13783
8246,2023-06-16 15:15:00,13785
8247,2023-06-16 15:45:00,13787
8248,2023-06-16 17:00:00,13788
8249,2023-06-16 17:00:00,13789
8250,2023-06-16 17:15:00,13790
8251,2023-06-17 09:30:00,13794
8252,2023-06-17 10:45:00,13796
8253,2023-06-17 10:45:00,13797
8254,2023-06-17 11:00:00,13798
8255,2023-06-17 12:30:00,13800
8256,2023-06-17 13:00:00,13801
8257,2023-06-17 13:15:00,13802
8258,2023-06-17 13:30:00,13803
8259,2023-06-17 15:45:00,13804
8260,2023-06-17 16:30:00,13805
8261,2023-06-18 08:30:00,13806
8262,2023-06-18 11:30:00,13808
8263,2023-06-18 11:45:00,13810
8264,2023-06-18 13:30:00,13812
8265,2023-06-18 14:30:00,13813
8266,2023-06-18 14:45:00,13814
8267,2023-06-19 08:45:00,13816
8268,2023-06-19 09:45:00,13817
8269,2023-06-19 11:15:00,13820
8270,2023-06-19 11:45:00,13821
8271,2023-06-19 13:00:00,13822
8272,2023-06-19 13:15:00,13824
8273,2023-06-19 14:30:00,13826
8274,2023-06-19 15:00:00,13827
8275,2023-06-19 17:00:00,13829
8276,2023-06-20 09:15:00,13830
8277,2023-06-20 09:15:00,13831
8278,2023-06-20 11:30:00,13832
8279,2023-06-20 13:45:00,13833
8280,2023-06-20 14:30:00,13834
8281,2023-06-20 15:45:00,13836
8282,2023-06-20 16:30:00,13838
8283,2023-06-20 17:15:00,13839
8284,2023-06-21 08:30:00,13840
8285,2023-06-21 09:00:00,13841
8286,2023-06-21 09:00:00,13842
8287,2023-06-21 12:15:00,13847
8288,2023-06-21 13:15:00,13848
8289,2023-06-22 10:30:00,13854
8290,2023-06-22 11:15:00,13855
8291,2023-06-22 12:45:00,13857
8292,2023-06-22 13:00:00,13858
8293,2023-06-22 13:00:00,13859
8294,2023-06-23 08:30:00,13863
8295,2023-06-23 08:45:00,13864
8296,2023-06-23 09:30:00,13865
8297,2023-06-23 10:00:00,13866
8298,2023-06-23 15:00:00,13870
8299,2023-06-24 10:00:00,13873
8300,2023-06-24 12:30:00,13875
8301,2023-06-24 12:45:00,13876
8302,2023-06-24 14:30:00,13877
8303,2023-06-24 14:45:00,13878
8304,2023-06-24 15:15:00,13879
8305,2023-06-24 15:45:00,13880
8306,2023-06-24 16:45:00,13882
8307,2023-06-24 17:00:00,13883
8308,2023-06-25 10:00:00,13885
8309,2023-06-25 11:45:00,13886
8310,2023-06-25 13:30:00,13888
8311,2023-06-25 13:45:00,13889
8312,2023-06-25 14:30:00,13890
8313,2023-06-25 17:15:00,13894
8314,2023-06-26 08:30:00,13896
8315,2023-06-26 08:45:00,13897
8316,2023-06-26 10:00:00,13898
8317,2023-06-26 10:00:00,13899
8318,2023-06-26 10:30:00,13900
8319,2023-06-26 10:45:00,13901
8320,2023-06-26 12:00:00,13903
8321,2023-06-26 13:30:00,13906
8322,2023-06-26 15:30:00,13907
8323,2023-06-27 10:15:00,13909
8324,2023-06-27 13:00:00,13912
8325,2023-06-27 13:15:00,13913
8326,2023-06-27 13:30:00,13914
8327,2023-06-27 16:00:00,13917
8328,2023-06-28 09:30:00,13919
8329,2023-06-28 10:30:00,13920
8330,2023-06-28 11:00:00,13921
8331,2023-06-28 11:30:00,13922
8332,2023-06-28 11:45:00,13923
8333,2023-06-28 12:00:00,13924
8334,2023-06-28 12:45:00,13925
8335,2023-06-28 13:00:00,13926
8336,2023-06-28 14:30:00,13927
8337,2023-06-28 14:30:00,13929
8338,2023-06-29 08:45:00,13932
8339,2023-06-29 10:45:00,13933
8340,2023-06-29 13:00:00,13936
8341,2023-06-29 14:15:00,13937
8342,2023-06-29 15:15:00,13938
8343,2023-06-29 15:30:00,13939
8344,2023-06-30 10:45:00,13941
8345,2023-06-30 11:00:00,13942
8346,2023-06-30 12:30:00,13945
8347,2023-07-01 08:30:00,13949
8348,2023-07-01 09:30:00,13950
8349,2021-11-13 09:17:14,13951
8350,2020-10-15 10:58:52,13952
8351,2021-06-22 12:32:06,13953
8353,2021-10-10 10:53:21,13955
8354,2021-03-17 15:54:10,13956
8356,2023-07-02 13:26:09,13958
8357,2023-01-28 15:07:46,13959
8358,2022-11-02 10:33:42,13960
8359,2023-10-23 11:50:20,13961
8360,2022-01-07 14:43:47,13962
8362,2023-11-03 14:30:06,13964
8363,2022-08-16 08:46:35,13965
8365,2023-04-02 15:07:01,13967
8366,2022-01-10 12:54:55,13968
8367,2021-06-06 14:11:19,13969
8369,2022-08-18 10:12:34,13971
8370,2023-12-20 12:58:29,13972
8371,2023-12-06 15:20:04,13973
8373,2021-12-23 11:38:57,13975
8374,2020-12-10 11:11:34,13976
8375,2020-12-02 10:54:28,13977
8377,2020-07-16 11:26:26,13979
8378,2022-10-17 10:08:23,13980
8379,2022-02-25 17:35:33,13981
8382,2022-11-10 12:29:54,13984
8383,2021-12-10 13:45:31,13985
8385,2022-12-22 18:14:24,13987
8386,2022-01-17 15:46:27,13988
8387,2020-06-25 15:50:25,13989
8389,2023-05-22 14:02:07,13991
8390,2020-04-06 08:59:29,13992
8391,2020-07-25 12:20:41,13993
8393,2022-02-11 17:59:38,13995
8394,2020-11-24 11:53:46,13996
8396,2021-01-21 12:13:36,13998
8399,2023-09-16 17:52:39,14001
8400,2022-07-03 10:54:24,14002
8402,2023-12-28 08:44:53,14004
8403,2023-07-11 11:31:28,14005
8404,2022-09-08 16:31:09,14006
8405,2023-02-08 11:13:57,14007
8406,2021-10-09 14:57:13,14008
8407,2022-07-03 09:24:18,14009
8408,2020-03-05 13:02:14,14010
8410,2020-09-17 13:18:29,14012
8411,2020-01-12 16:14:36,14013
8412,2023-11-10 11:43:04,14014
8413,2023-12-03 16:34:30,14015
8417,2021-07-25 14:52:46,14019
8419,2022-02-02 15:38:24,14021
8421,2020-08-26 10:57:58,14023
8422,2023-03-15 12:52:04,14024
8423,2023-07-10 09:31:50,14025
8424,2020-12-05 09:15:22,14026
8425,2020-03-03 16:40:22,14027
8426,2021-09-17 15:19:56,14028
8427,2020-04-13 13:48:39,14029
8428,2022-06-22 13:34:59,14030
8429,2020-01-27 09:25:04,14031
8430,2021-04-06 09:30:06,14032
8431,2023-12-22 10:00:50,14033
8433,2021-08-11 16:48:45,14035
8435,2021-10-15 18:38:47,14037
8436,2022-08-02 14:20:04,14038
8437,2022-09-14 15:41:35,14039
8438,2020-01-28 15:34:41,14040
8440,2023-10-18 18:15:50,14042
8441,2022-03-27 17:37:26,14043
8442,2022-12-19 18:36:02,14044
8443,2020-10-08 12:04:24,14045
8445,2020-12-21 11:51:41,14047
8446,2022-01-12 17:00:01,14048
8447,2022-06-03 10:16:26,14049
8450,2023-06-20 14:58:56,14052
8451,2022-07-04 14:11:43,14053
8452,2023-01-24 12:19:58,14054
8453,2023-01-27 13:20:31,14055
8454,2020-09-24 11:15:44,14056
8456,2020-02-11 11:29:00,14058
8459,2020-01-04 15:38:57,14061
8460,2021-12-25 10:11:01,14062
8461,2021-12-23 17:54:28,14063
8462,2021-12-24 13:48:34,14064
8463,2023-02-08 09:53:54,14065
8464,2021-04-24 13:49:57,14066
8465,2021-10-10 14:28:10,14067
8467,2020-04-17 10:10:55,14069
8468,2023-10-03 18:20:28,14070
8470,2020-04-20 10:13:24,14072
8472,2023-11-22 14:01:28,14074
8475,2020-05-26 09:52:46,14077
8478,2023-11-28 11:53:13,14080
8479,2023-09-28 13:55:09,14081
8480,2022-09-24 17:58:26,14082
8483,2020-08-28 17:42:35,14085
8484,2021-02-24 16:15:26,14086
8485,2023-02-10 13:03:58,14087
8487,2021-06-28 17:28:15,14089
8488,2022-04-03 16:40:58,14090
8489,2023-05-07 17:26:26,14091
8490,2023-06-10 14:42:25,14092
8492,2022-12-18 11:45:04,14094
8494,2021-05-27 10:07:59,14096
8495,2020-11-12 11:25:24,14097
8496,2022-11-11 16:16:22,14098
8497,2021-04-17 14:08:04,14099
8498,2021-05-18 17:11:32,14100
8499,2023-02-26 17:04:57,14101
8500,2021-03-08 15:42:55,14102
8504,2023-06-05 15:07:45,14106
8505,2021-10-20 14:07:13,14107
8507,2020-08-23 13:52:13,14109
8508,2023-10-19 10:31:01,14110
8509,2020-01-03 08:44:53,14111
8510,2022-05-21 13:58:17,14112
8511,2023-04-15 15:10:04,14113
8512,2020-08-28 18:55:19,14114
8514,2020-01-10 12:34:37,14116
8515,2020-03-04 10:07:02,14117
8516,2020-04-18 17:14:01,14118
8517,2023-07-01 15:44:08,14119
8520,2023-08-15 16:18:15,14122
8521,2022-09-21 09:28:45,14123
8522,2023-04-15 15:49:14,14124
8523,2020-04-19 15:52:53,14125
8525,2022-11-09 13:21:38,14127
8526,2020-11-12 16:47:04,14128
8528,2022-05-02 13:37:25,14130
8529,2020-12-03 10:36:40,14131
8531,2023-11-02 15:24:22,14133
8532,2021-10-11 17:37:14,14134
8534,2022-06-28 11:39:31,14136
8535,2023-01-14 10:31:43,14137
8536,2020-12-23 16:34:19,14138
8537,2023-01-07 10:33:20,14139
8539,2020-09-23 11:47:10,14141
8540,2022-07-12 14:16:22,14142
8541,2021-03-04 12:33:45,14143
8542,2022-06-28 13:11:47,14144
8543,2023-05-05 16:28:03,14145
8544,2021-03-05 13:31:54,14146
8545,2022-12-13 09:14:51,14147
8546,2023-04-24 16:04:50,14148
8547,2022-06-22 09:28:20,14149
8549,2023-09-03 16:22:44,14151
8550,2022-06-28 12:45:13,14152
8551,2020-03-04 11:25:59,14153
8553,2022-09-06 11:00:55,14155
8554,2022-08-13 16:32:12,14156
8557,2020-07-09 13:59:00,14159
8561,2022-06-02 09:41:36,14163
8562,2023-02-09 15:23:06,14164
8566,2023-11-02 13:34:45,14168
8567,2022-04-22 17:26:42,14169
8568,2020-02-24 08:28:07,14170
8569,2020-06-09 10:57:42,14171
8571,2022-04-13 12:58:20,14173
8574,2023-09-04 11:04:26,14176
8576,2020-01-10 18:34:15,14178
8578,2020-07-07 12:29:43,14180
8579,2021-01-05 15:56:43,14181
8580,2023-03-01 09:35:42,14182
8582,2022-09-22 14:48:19,14184
8585,2023-02-09 15:35:00,14187
8588,2023-01-14 10:50:19,14190
8591,2023-10-22 18:29:44,14193
8592,2022-01-05 15:40:51,14194
8593,2021-11-19 17:49:18,14195
8594,2021-04-19 10:54:48,14196
8595,2023-09-03 14:43:17,14197
8597,2023-02-04 12:37:46,14199
8598,2021-09-28 14:28:30,14200
8599,2022-06-05 17:15:59,14201
8600,2020-12-05 15:01:35,14202
8601,2023-10-01 18:00:50,14203
8602,2022-05-27 17:33:48,14204
8604,2022-12-24 12:10:52,14206
8606,2020-12-06 17:32:33,14208
8607,2021-09-10 16:45:00,14209
8608,2023-07-26 13:56:45,14210
8609,2020-04-26 12:53:57,14211
8610,2022-10-05 15:46:08,14212
8612,2020-09-15 11:28:47,14214
8614,2021-03-01 12:29:13,14216
8615,2022-02-16 13:05:56,14217
8616,2022-04-16 17:55:31,14218
8617,2021-04-21 12:25:46,14219
8619,2022-04-14 14:03:16,14221
8620,2022-04-12 09:47:33,14222
8621,2022-06-19 13:23:51,14223
8622,2020-01-14 09:30:20,14224
8623,2020-07-09 11:00:35,14225
8625,2021-12-17 16:18:23,14227
8626,2021-05-16 14:54:54,14228
8628,2021-02-22 14:04:35,14230
8629,2022-06-05 09:53:23,14231
8630,2022-03-24 15:58:24,14232
8631,2022-08-23 16:10:13,14233
8632,2021-04-23 09:09:58,14234
8633,2021-02-27 13:34:15,14235
8635,2020-11-27 10:31:34,14237
8637,2023-04-03 11:12:48,14239
8639,2021-05-04 17:21:46,14241
8640,2020-05-14 09:19:03,14242
8641,2020-04-22 14:07:56,14243
8642,2021-11-04 16:08:29,14244
8643,2020-04-11 17:11:01,14245
8645,2022-05-26 09:13:25,14247
8646,2021-04-01 10:24:57,14248
8647,2020-10-03 18:15:02,14249
8649,2022-01-15 12:32:42,14251
8650,2022-03-08 16:39:36,14252
8651,2020-09-12 16:20:00,14253
8652,2023-10-17 17:51:41,14254
8654,2021-08-12 09:43:01,14256
8655,2022-04-11 09:49:18,14257
8656,2023-11-26 16:39:44,14258
8657,2021-08-11 14:19:25,14259
8658,2022-04-27 16:03:45,14260
8660,2021-11-23 16:59:58,14262
8661,2023-04-12 18:03:48,14263
8662,2023-11-06 18:20:56,14264
8663,2022-04-09 18:25:32,14265
8665,2022-05-25 09:19:16,14267
8666,2020-08-10 16:21:15,14268
8667,2020-04-11 12:51:18,14269
8668,2023-07-28 12:57:25,14270
8669,2021-03-25 15:48:02,14271
8670,2022-07-27 16:51:26,14272
8672,2021-06-19 14:18:36,14274
8673,2020-06-03 15:09:10,14275
8674,2020-11-13 15:35:40,14276
8676,2023-12-26 13:09:12,14278
8677,2020-02-15 10:27:40,14279
8679,2023-10-03 09:00:02,14281
8680,2020-10-19 11:49:48,14282
8682,2021-04-24 11:21:03,14284
8683,2022-10-18 12:45:11,14285
8684,2023-10-28 12:15:17,14286
8686,2023-12-11 16:53:37,14288
8687,2022-01-24 08:42:12,14289
8688,2022-04-13 10:31:12,14290
8689,2021-04-15 11:06:41,14291
8690,2020-01-18 17:12:03,14292
8691,2023-08-08 10:02:45,14293
8693,2021-02-16 16:10:59,14295
8694,2023-09-01 10:50:32,14296
8695,2021-02-12 11:24:58,14297
8696,2020-08-24 12:31:52,14298
8697,2022-08-20 10:42:12,14299
8698,2021-09-20 11:21:59,14300
8699,2022-03-27 17:29:52,14301
8703,2022-12-28 09:45:09,14305
8704,2020-03-22 09:52:30,14306
8705,2023-01-12 09:20:57,14307
8706,2022-07-08 08:40:28,14308
8709,2022-12-16 17:37:10,14311
8711,2023-03-14 12:04:08,14313
8713,2020-02-15 15:43:40,14315
8714,2020-04-23 17:36:43,14316
8715,2020-04-16 16:08:16,14317
8716,2021-07-06 12:15:10,14318
8717,2021-11-26 18:06:34,14319
8718,2022-10-19 16:34:19,14320
8721,2021-04-12 15:42:44,14323
8722,2021-05-14 17:03:01,14324
8724,2021-09-10 08:33:26,14326
8725,2023-06-01 17:44:34,14327
8726,2022-10-25 14:12:35,14328
8727,2021-10-02 16:44:18,14329
8732,2020-07-13 19:03:06,14334
8734,2021-11-01 11:55:49,14336
8735,2022-09-15 11:19:16,14337
8737,2023-04-17 13:47:51,14339
8739,2023-03-23 13:08:00,14341
8740,2020-06-20 10:55:40,14342
8741,2023-08-01 13:06:47,14343
8742,2021-11-09 15:50:28,14344
8743,2022-06-09 09:09:58,14345
8744,2021-09-21 09:10:29,14346
8745,2021-08-12 13:07:40,14347
8748,2020-05-21 13:30:09,14350
8749,2023-05-08 15:44:30,14351
8750,2020-05-22 18:27:26,14352
8752,2020-07-18 14:12:52,14354
8754,2022-05-04 16:15:37,14356
8755,2021-07-15 09:55:15,14357
8756,2022-05-16 16:56:25,14358
8757,2023-08-12 13:15:40,14359
8758,2020-02-28 11:29:29,14360
8759,2020-08-25 13:56:54,14361
8760,2021-03-05 16:52:48,14362
8761,2020-02-22 12:11:37,14363
8764,2023-01-25 14:30:04,14366
8765,2021-07-20 11:10:22,14367
8770,2021-07-25 10:12:19,14372
8772,2021-04-09 16:40:43,14374
8773,2022-03-06 16:58:50,14375
8774,2022-03-27 15:01:20,14376
8776,2023-02-02 09:06:16,14378
8777,2021-10-07 14:13:56,14379
8779,2021-06-13 09:00:01,14381
8780,2023-10-15 13:33:45,14382
8781,2020-06-21 11:56:27,14383
8783,2023-04-28 15:07:08,14385
8784,2023-01-21 11:15:24,14386
8786,2023-12-04 14:17:21,14388
8788,2021-09-21 14:17:02,14390
8790,2020-05-10 08:50:45,14392
8792,2021-03-12 09:51:56,14394
8795,2022-02-18 11:29:08,14397
8796,2020-09-27 16:51:21,14398
8797,2020-09-05 10:10:45,14399
8798,2021-06-10 16:25:00,14400
8799,2023-02-27 13:24:58,14401
8800,2022-09-05 14:30:31,14402
8801,2021-07-12 18:20:41,14403
8802,2021-12-26 13:18:35,14404
8803,2020-09-07 17:37:43,14405
8806,2020-06-26 08:48:49,14408
8807,2020-06-24 08:18:39,14409
8808,2022-01-04 12:42:00,14410
8810,2021-02-26 16:26:31,14412
8812,2020-06-07 10:12:36,14414
8813,2021-06-25 09:59:39,14415
8815,2021-10-01 13:31:46,14417
8816,2022-11-20 13:58:03,14418
8817,2022-02-06 13:08:15,14419
8820,2022-10-18 09:40:23,14422
8822,2021-07-03 12:39:02,14424
8824,2023-01-28 11:20:03,14426
8827,2022-10-24 15:52:37,14429
8829,2021-10-23 14:01:51,14431
8831,2020-04-15 12:09:39,14433
8833,2021-02-25 12:24:21,14435
8836,2023-09-18 09:57:46,14438
8837,2021-09-24 09:14:29,14439
8839,2023-02-26 10:51:44,14441
8840,2023-09-01 13:59:29,14442
8841,2020-12-27 18:05:54,14443
8844,2021-01-20 08:45:44,14446
8845,2020-11-07 10:27:52,14447
8846,2022-09-22 16:58:38,14448
8847,2020-06-02 15:54:27,14449
8848,2020-10-19 09:31:10,14450
8849,2020-10-09 15:10:26,14451
8850,2020-11-16 17:26:45,14452
8851,2021-12-24 12:38:35,14453
8852,2021-07-05 13:06:46,14454
8854,2021-02-20 17:03:07,14456
8855,2023-08-16 10:38:06,14457
8856,2021-03-15 14:08:44,14458
8857,2022-07-09 11:47:00,14459
8858,2022-02-06 14:36:02,14460
8859,2020-04-19 08:36:36,14461
8860,2022-03-12 09:35:15,14462
8861,2023-04-18 18:20:23,14463
8862,2023-12-16 15:16:38,14464
8863,2020-12-19 17:46:36,14465
8864,2022-10-21 14:50:15,14466
8865,2023-05-17 14:35:44,14467
8866,2020-07-28 12:05:27,14468
8868,2023-08-09 14:55:02,14470
8869,2021-12-02 14:30:44,14471
8872,2020-11-08 14:29:05,14474
8874,2020-08-13 15:39:05,14476
8875,2023-10-13 14:32:46,14477
8879,2022-11-04 17:23:08,14481
8880,2020-01-15 12:21:36,14482
8883,2023-06-26 09:29:49,14485
8884,2022-05-21 17:34:43,14486
8885,2020-10-23 14:12:08,14487
8886,2022-09-27 15:13:42,14488
8887,2021-08-28 13:36:03,14489
8888,2021-11-10 17:54:03,14490
8889,2022-05-03 14:54:49,14491
8890,2022-02-13 13:02:09,14492
8891,2020-10-06 13:45:22,14493
8892,2020-07-25 08:49:29,14494
8893,2022-07-27 17:04:39,14495
8894,2022-05-10 14:11:25,14496
8896,2022-10-15 10:41:21,14498
8897,2023-06-03 10:29:58,14499
8898,2020-02-19 08:52:33,14500
8899,2020-03-08 15:47:32,14501
8901,2020-02-21 17:52:43,14503
8904,2021-04-06 15:55:22,14506
8905,2023-07-12 18:39:54,14507
8906,2020-10-07 16:37:36,14508
8907,2020-07-09 10:54:29,14509
8908,2022-10-10 09:50:50,14510
8911,2022-05-18 14:09:14,14513
8912,2023-03-09 08:50:08,14514
8913,2020-08-27 13:24:05,14515
8914,2022-10-12 09:29:01,14516
8915,2023-08-07 13:47:10,14517
8917,2020-02-06 08:42:58,14519
8918,2020-04-23 17:35:06,14520
8920,2021-01-26 13:19:29,14522
8924,2021-07-17 14:00:20,14526
8925,2023-10-01 18:39:23,14527
8926,2022-07-16 16:14:44,14528
8927,2023-01-01 09:06:06,14529
8929,2022-05-10 15:11:05,14531
8930,2021-04-25 17:40:12,14532
8931,2020-12-18 13:59:09,14533
8933,2023-07-14 16:42:32,14535
8934,2020-11-02 09:46:48,14536
8935,2021-04-27 13:44:40,14537
8937,2020-03-13 13:22:49,14539
8938,2023-07-10 17:28:19,14540
8939,2023-09-18 18:54:54,14541
8940,2020-06-11 09:18:28,14542
8941,2022-11-14 15:00:30,14543
8943,2023-05-28 08:58:21,14545
8944,2022-04-19 12:26:19,14546
8945,2022-09-04 14:26:49,14547
8947,2020-06-17 08:55:06,14549
8948,2023-08-02 12:09:02,14550
8949,2020-08-03 11:16:12,14551
8951,2022-08-11 12:10:46,14553
8952,2021-03-27 10:34:07,14554
8954,2022-11-11 12:58:52,14556
8955,2022-06-04 17:02:19,14557
8956,2022-09-07 15:57:04,14558
8957,2022-11-12 17:26:58,14559
8958,2023-03-25 11:46:00,14560
8960,2020-09-08 09:50:34,14562
8961,2020-05-28 11:13:34,14563
8965,2021-07-17 14:57:27,14567
8968,2021-11-23 09:46:20,14570
8969,2023-10-19 16:19:40,14571
8970,2023-01-20 13:10:00,14572
8971,2021-10-09 15:48:02,14573
8972,2020-12-14 13:59:27,14574
8973,2021-08-16 11:30:38,14575
8974,2022-04-15 17:52:44,14576
8975,2023-09-02 10:54:01,14577
8977,2020-05-02 17:59:04,14579
8978,2021-08-15 08:36:20,14580
8979,2022-10-08 16:59:30,14581
8980,2022-05-18 10:20:20,14582
8982,2021-10-28 09:05:20,14584
8983,2020-04-22 10:40:39,14585
8985,2022-07-09 12:13:58,14587
8986,2020-05-27 12:49:01,14588
8987,2021-04-14 18:15:17,14589
8988,2021-04-04 16:41:03,14590
8989,2023-09-05 11:29:04,14591
8991,2020-03-07 13:03:35,14593
8993,2021-09-13 08:59:39,14595
8995,2023-09-24 08:44:46,14597
8997,2023-03-25 11:40:45,14599
8998,2021-01-24 12:01:32,14600
8999,2023-09-18 09:28:40,14601
9000,2023-07-23 10:50:09,14602
9002,2023-12-19 15:31:21,14604
9003,2023-07-18 13:24:05,14605
9006,2020-12-08 09:30:11,14608
9007,2020-10-17 17:23:52,14609
9008,2022-05-16 09:50:42,14610
9010,2020-07-28 12:30:13,14612
9011,2022-12-03 08:54:17,14613
9013,2022-05-01 14:38:47,14615
9014,2020-04-26 11:29:31,14616
9015,2020-05-06 09:55:40,14617
9017,2023-06-22 09:20:33,14619
9018,2021-04-12 15:58:01,14620
9019,2021-12-27 16:24:48,14621
9020,2021-05-12 08:21:02,14622
9021,2022-05-26 10:36:55,14623
9023,2021-08-22 14:17:56,14625
9024,2020-04-19 17:07:21,14626
9025,2021-01-22 11:52:15,14627
9026,2023-07-04 16:24:18,14628
9027,2020-11-17 15:02:41,14629
9030,2023-02-25 16:39:36,14632
9031,2023-08-11 11:19:32,14633
9032,2021-10-24 13:44:50,14634
9033,2021-09-07 13:52:58,14635
9037,2022-07-14 13:16:37,14639
9038,2022-11-28 13:08:32,14640
9040,2023-11-24 17:20:43,14642
9041,2022-10-01 14:51:09,14643
9042,2022-05-07 11:28:59,14644
9043,2023-02-01 08:59:09,14645
9045,2020-10-03 11:01:44,14647
9046,2021-05-18 12:13:42,14648
9047,2022-03-22 14:02:58,14649
9048,2021-07-09 12:19:28,14650
9049,2020-08-15 13:02:28,14651
9052,2021-05-14 16:53:44,14654
9053,2020-11-13 11:01:57,14655
9056,2022-03-13 17:11:58,14658
9057,2022-05-21 18:16:19,14659
9058,2023-03-20 11:32:05,14660
9059,2020-07-03 10:53:55,14661
9061,2020-12-16 10:42:15,14663
9062,2021-02-17 17:07:39,14664
9063,2023-02-15 11:51:07,14665
9064,2020-06-17 17:17:53,14666
9065,2023-11-05 17:11:31,14667
9067,2021-11-09 14:36:46,14669
9069,2023-11-16 13:20:37,14671
9073,2020-05-25 10:34:53,14675
9074,2020-08-02 09:44:48,14676
9075,2022-11-02 12:20:21,14677
9076,2020-11-22 10:11:04,14678
9078,2023-08-19 09:56:20,14680
9080,2020-04-24 15:18:24,14682
9081,2023-02-08 12:34:31,14683
9083,2023-11-11 13:15:31,14685
9084,2021-03-10 14:57:01,14686
9085,2021-11-07 17:35:32,14687
9086,2023-04-28 09:33:53,14688
9087,2023-12-09 12:10:15,14689
9089,2022-07-13 11:12:12,14691
9090,2021-03-24 12:02:04,14692
9091,2023-02-23 13:06:59,14693
9092,2022-06-08 14:40:15,14694
9093,2023-06-17 17:00:26,14695
9094,2020-07-06 12:22:49,14696
9098,2022-03-14 16:31:58,14700
9100,2022-05-14 14:36:50,14702
9102,2020-04-12 12:48:22,14704
9104,2023-03-08 14:59:54,14706
9105,2022-06-20 17:37:50,14707
9106,2021-04-06 14:55:43,14708
9110,2022-12-10 12:48:29,14712
9111,2023-08-21 10:37:24,14713
9112,2022-03-03 11:04:24,14714
9114,2020-06-15 11:32:51,14716
9115,2020-09-04 09:28:59,14717
9116,2023-09-02 12:33:12,14718
9117,2023-02-15 10:46:11,14719
9118,2021-04-01 09:37:45,14720
9119,2023-05-17 11:08:38,14721
9121,2023-05-02 11:18:58,14723
9122,2021-01-06 13:56:02,14724
9123,2022-09-04 13:03:06,14725
9125,2023-08-24 09:19:25,14727
9126,2021-07-27 17:31:02,14728
9130,2022-01-13 14:44:43,14732
9132,2023-01-11 13:50:21,14734
9133,2021-03-09 10:54:27,14735
9135,2023-12-22 18:11:47,14737
9136,2021-08-16 15:20:33,14738
9137,2020-11-14 15:00:49,14739
9138,2021-03-17 12:10:01,14740
9142,2022-10-06 11:07:37,14744
9143,2021-06-14 10:42:27,14745
9144,2022-09-23 11:45:08,14746
9146,2021-09-05 09:41:48,14748
9148,2020-05-18 10:12:30,14750
9149,2020-08-11 11:57:56,14751
9150,2023-06-15 15:11:43,14752
9151,2021-04-23 11:53:19,14753
9152,2021-07-04 08:31:01,14754
9156,2023-02-05 14:23:54,14758
9157,2020-09-14 14:09:43,14759
9159,2022-10-15 11:54:33,14761
9161,2021-05-17 15:07:20,14763
9163,2020-02-02 09:58:17,14765
9164,2023-11-08 09:58:07,14766
9166,2021-10-04 16:01:36,14768
9167,2020-08-06 09:41:49,14769
9168,2021-03-01 17:40:57,14770
9169,2020-10-01 10:10:08,14771
9172,2023-04-13 18:01:19,14774
9173,2022-05-05 15:09:11,14775
9174,2020-05-20 09:48:29,14776
9178,2020-12-24 16:44:01,14780
9179,2022-05-26 16:33:22,14781
9180,2022-04-26 12:55:55,14782
9181,2022-01-01 16:45:53,14783
9182,2021-06-25 18:21:57,14784
9183,2023-04-18 12:20:38,14785
9184,2021-09-22 14:53:39,14786
9186,2022-03-21 16:45:47,14788
9188,2023-02-03 16:06:27,14790
9189,2022-06-16 17:34:11,14791
9192,2020-12-23 15:00:48,14794
9193,2022-07-23 14:42:39,14795
9195,2023-04-28 08:47:44,14797
9196,2023-01-09 17:31:42,14798
9197,2021-01-06 12:12:08,14799
9198,2023-06-08 09:19:26,14800
9200,2022-12-06 08:53:08,14802
9201,2022-01-24 13:52:41,14803
9202,2023-12-27 11:59:24,14804
9203,2022-02-14 14:34:46,14805
9204,2020-09-13 10:58:47,14806
9206,2021-09-13 13:15:43,14808
9207,2023-06-02 12:57:18,14809
9208,2023-12-02 13:18:38,14810
9212,2020-09-06 10:00:26,14814
9213,2021-07-27 11:33:50,14815
9215,2021-05-12 08:41:07,14817
9216,2021-06-10 15:33:47,14818
9218,2021-12-06 17:54:21,14820
9219,2022-07-11 14:50:00,14821
9220,2021-12-25 10:14:14,14822
9221,2022-06-19 11:40:22,14823
9222,2020-12-06 13:39:06,14824
9225,2023-06-21 17:50:24,14827
9226,2023-07-26 13:15:13,14828
9229,2023-06-19 15:53:28,14831
9231,2022-06-03 11:01:56,14833
9232,2023-07-28 16:13:53,14834
9233,2020-05-14 13:57:29,14835
9234,2021-04-03 09:38:19,14836
9236,2020-12-07 11:57:53,14838
9237,2022-09-20 14:38:24,14839
9239,2020-08-08 16:31:48,14841
9242,2023-05-09 18:33:01,14844
9247,2022-05-13 15:56:06,14849
9248,2023-12-17 13:45:42,14850
9249,2023-07-11 08:33:42,14851
9250,2021-02-09 10:29:56,14852
9251,2023-08-28 16:58:54,14853
9252,2023-03-27 17:18:49,14854
9253,2021-02-07 09:47:59,14855
9255,2021-08-20 11:41:13,14857
9256,2020-03-06 15:35:21,14858
9257,2022-11-20 14:17:51,14859
9260,2020-07-27 13:16:40,14862
9261,2022-07-07 10:28:28,14863
9266,2020-01-01 16:06:20,14868
9267,2022-12-11 12:04:44,14869
9268,2022-11-25 09:15:11,14870
9269,2022-10-16 09:31:28,14871
9270,2020-10-08 18:21:42,14872
9271,2023-01-09 14:13:11,14873
9272,2020-02-18 18:23:08,14874
9274,2021-12-02 15:59:40,14876
9275,2021-02-04 12:06:23,14877
9276,2023-11-27 11:17:03,14878
9277,2021-09-11 12:15:38,14879
9278,2022-06-02 09:59:44,14880
9280,2023-07-24 11:59:28,14882
9281,2021-11-25 11:41:40,14883
9282,2021-04-11 14:38:51,14884
9283,2021-11-11 17:13:24,14885
9284,2022-12-10 12:30:18,14886
9285,2022-03-18 13:53:23,14887
9286,2021-12-22 18:16:00,14888
9287,2022-05-03 13:09:14,14889
9288,2021-09-14 09:37:06,14890
9290,2021-10-17 17:12:53,14892
9291,2022-10-02 12:39:07,14893
9293,2020-09-06 12:38:45,14895
9295,2022-07-10 08:58:15,14897
9296,2021-11-10 11:59:44,14898
9301,2020-12-14 15:35:15,14903
9302,2022-10-22 15:37:58,14904
9303,2022-09-06 17:02:58,14905
9304,2020-11-01 17:26:05,14906
9308,2020-06-08 14:42:23,14910
9310,2021-04-03 16:21:01,14912
9311,2020-11-24 19:02:27,14913
9313,2021-05-21 08:59:54,14915
9314,2023-03-28 15:56:32,14916
9315,2022-12-15 17:50:19,14917
9316,2020-07-06 15:20:08,14918
9317,2020-04-09 10:21:58,14919
9318,2021-04-15 15:55:51,14920
9319,2021-05-27 11:03:36,14921
9322,2023-08-10 14:44:22,14924
9323,2022-01-19 16:13:36,14925
9324,2021-03-25 18:31:40,14926
9325,2023-12-22 16:11:16,14927
9326,2020-09-20 09:34:00,14928
9328,2022-08-15 17:08:17,14930
9329,2020-11-13 15:10:12,14931
9331,2022-12-07 11:38:07,14933
9332,2020-06-23 11:32:35,14934
9333,2020-12-14 18:10:35,14935
9334,2020-01-02 16:44:57,14936
9337,2022-08-27 15:04:44,14939
9338,2022-07-03 15:18:07,14940
9339,2021-05-09 13:25:57,14941
9340,2023-06-21 09:23:03,14942
9341,2020-09-17 15:44:07,14943
9342,2023-07-10 16:38:22,14944
9343,2020-12-08 12:18:45,14945
9344,2021-12-24 08:51:28,14946
9345,2022-04-11 14:02:32,14947
9346,2021-07-19 18:35:58,14948
9347,2022-01-14 14:13:56,14949
9348,2023-11-17 13:15:34,14950
9350,2022-09-09 15:04:42,14952
9353,2021-10-15 09:01:11,14955
9357,2021-06-27 13:33:32,14959
9358,2023-12-06 10:42:30,14960
9359,2021-04-09 12:31:21,14961
9360,2020-10-17 10:26:46,14962
9363,2020-05-24 17:50:39,14965
9364,2021-01-03 09:29:16,14966
9365,2021-08-08 14:25:14,14967
9366,2020-11-10 16:05:42,14968
9367,2023-10-18 10:57:03,14969
9369,2023-08-24 14:22:47,14971
9371,2023-09-03 09:22:10,14973
9372,2021-12-17 10:56:58,14974
9374,2021-06-18 08:33:42,14976
9375,2021-07-25 18:16:17,14977
9378,2020-12-05 14:27:41,14980
9379,2022-12-28 12:17:01,14981
9380,2021-09-17 14:56:08,14982
9382,2020-11-01 14:26:08,14984
9383,2020-12-20 13:21:02,14985
9384,2020-11-14 13:16:23,14986
9385,2023-08-15 13:32:41,14987
9388,2020-06-12 17:49:24,14990
9392,2023-11-13 10:12:13,14994
9393,2020-08-06 12:11:43,14995
9394,2023-05-03 11:40:26,14996
9395,2023-02-08 08:55:17,14997
9397,2022-01-17 11:53:55,14999
9398,2021-05-06 15:54:26,15000
9403,2020-10-28 18:01:47,15005
9404,2023-07-22 17:59:31,15006
9405,2023-04-03 15:36:15,15007
9406,2020-09-21 13:08:30,15008
9407,2020-07-03 14:56:04,15009
9408,2021-10-17 15:45:19,15010
9410,2022-03-15 12:21:09,15012
9413,2020-04-07 13:43:43,15015
9414,2023-08-02 11:54:22,15016
9415,2021-10-11 09:25:52,15017
9417,2022-04-21 14:51:05,15019
9418,2023-05-24 09:23:42,15020
9419,2021-06-05 13:23:56,15021
9420,2021-08-06 11:14:48,15022
9421,2020-04-03 18:31:22,15023
9422,2021-10-21 12:06:05,15024
9423,2022-11-16 09:39:19,15025
9424,2020-04-21 09:12:11,15026
9426,2022-11-13 15:51:48,15028
9427,2021-01-19 12:27:50,15029
9429,2023-06-15 15:21:59,15031
9430,2022-11-05 18:43:09,15032
9431,2023-06-18 18:05:54,15033
9433,2021-10-27 14:02:00,15035
9434,2023-05-19 12:41:33,15036
9435,2023-03-03 13:16:44,15037
9436,2022-11-26 16:20:50,15038
9437,2020-06-17 15:56:41,15039
9438,2023-03-06 12:01:13,15040
9439,2021-09-16 14:32:38,15041
9440,2021-06-25 13:01:13,15042
9441,2022-07-22 11:18:49,15043
9442,2022-12-10 13:42:48,15044
9443,2022-05-19 10:00:33,15045
9444,2020-04-11 17:05:54,15046
9447,2023-06-01 13:37:28,15049
9448,2020-06-03 09:02:43,15050
9449,2022-11-28 14:57:01,15051
9450,2021-01-24 14:15:24,15052
9451,2020-01-10 16:03:13,15053
9452,2022-08-15 08:57:19,15054
9453,2023-05-01 16:11:17,15055
9454,2020-05-12 17:16:24,15056
9456,2020-08-04 16:36:19,15058
9457,2021-06-06 13:34:58,15059
9458,2022-02-04 11:41:01,15060
9459,2022-04-18 10:46:56,15061
9460,2023-02-06 18:10:44,15062
9462,2022-09-26 09:33:47,15064
9463,2023-12-14 13:17:30,15065
9465,2020-11-24 12:29:05,15067
9466,2020-02-09 11:05:06,15068
9468,2021-04-19 08:31:15,15070
9469,2023-01-06 11:12:17,15071
9471,2022-04-13 15:08:07,15073
9472,2023-06-03 13:42:15,15074
9473,2022-12-06 18:48:37,15075
9475,2023-04-12 09:16:15,15077
9476,2023-09-13 11:44:43,15078
9477,2023-02-05 18:36:00,15079
9478,2022-03-21 15:45:20,15080
9482,2021-11-23 09:22:16,15084
9483,2023-09-01 13:50:57,15085
9485,2022-07-16 12:43:30,15087
9488,2023-05-28 11:07:43,15090
9490,2020-05-11 17:58:28,15092
9492,2021-07-13 15:54:45,15094
9493,2021-01-06 16:19:12,15095
9494,2022-07-24 17:14:24,15096
9496,2023-03-01 15:29:38,15098
9498,2022-04-07 12:55:18,15100
9499,2021-01-02 17:36:09,15101
9500,2021-03-27 17:47:43,15102
9501,2020-09-13 16:50:26,15103
9502,2022-03-14 16:33:22,15104
9503,2022-12-16 18:27:56,15105
9504,2022-08-20 13:42:24,15106
9505,2021-08-20 08:42:25,15107
9506,2021-07-26 14:02:40,15108
9507,2020-08-09 09:57:07,15109
9510,2020-11-04 09:49:49,15112
9511,2021-01-26 09:56:09,15113
9513,2021-01-21 11:22:41,15115
9514,2023-03-13 14:15:36,15116
9515,2021-02-03 14:48:29,15117
9516,2021-09-26 11:13:53,15118
9517,2020-09-27 15:10:05,15119
9518,2021-12-09 15:32:20,15120
9519,2020-11-22 12:24:17,15121
9520,2022-08-10 09:15:19,15122
9521,2023-06-07 09:44:22,15123
9522,2021-08-27 16:09:58,15124
9524,2022-02-12 17:06:34,15126
9526,2020-01-01 17:23:27,15128
9527,2020-03-03 17:04:41,15129
9528,2023-01-05 14:04:14,15130
9529,2021-09-20 17:43:07,15131
9530,2023-01-15 17:52:48,15132
9532,2021-12-26 16:46:44,15134
9533,2023-08-01 08:32:02,15135
9534,2022-12-18 16:23:27,15136
9535,2023-03-06 18:02:14,15137
9537,2023-12-04 11:08:22,15139
9538,2020-02-04 12:21:43,15140
9543,2021-02-27 12:14:19,15145
9545,2020-10-25 10:42:57,15147
9548,2020-05-17 10:29:06,15150
9550,2023-12-16 10:49:11,15152
9551,2022-07-26 18:10:02,15153
9552,2023-01-05 11:09:11,15154
9553,2022-09-14 12:20:37,15155
9557,2022-11-07 09:27:06,15159
9559,2021-07-18 16:31:12,15161
9560,2020-08-01 09:44:48,15162
9563,2020-10-21 15:11:49,15165
9565,2023-08-14 14:28:22,15167
9566,2020-12-08 09:06:37,15168
9567,2021-01-24 12:24:54,15169
9568,2023-05-13 18:17:10,15170
9570,2020-08-11 13:12:32,15172
9571,2022-11-22 18:06:19,15173
9573,2023-05-05 11:20:37,15175
9575,2020-04-05 08:55:42,15177
9576,2020-07-20 12:38:16,15178
9577,2022-11-20 08:39:54,15179
9578,2022-10-26 18:01:37,15180
9579,2020-06-25 11:39:28,15181
9580,2021-09-28 11:03:09,15182
9581,2022-04-16 12:45:32,15183
9582,2022-08-19 13:10:10,15184
9584,2020-11-23 13:03:46,15186
9585,2020-01-06 11:30:10,15187
9586,2020-11-26 17:45:56,15188
9587,2022-01-20 16:51:29,15189
9588,2020-09-02 14:38:54,15190
9589,2022-09-07 10:31:17,15191
9590,2022-07-26 14:39:03,15192
9592,2020-08-11 18:18:57,15194
9597,2020-01-22 11:38:01,15199
9598,2023-04-04 10:44:24,15200
9599,2020-05-22 14:34:10,15201
9601,2023-11-24 13:54:06,15203
9604,2021-01-04 15:32:27,15206
9606,2022-09-09 08:56:02,15208
9609,2022-09-09 13:42:27,15211
9610,2020-02-06 16:42:53,15212
9611,2023-01-13 09:21:33,15213
9613,2022-10-21 12:28:47,15215
9614,2023-06-23 15:44:12,15216
9615,2021-08-03 08:20:56,15217
9616,2023-04-09 11:09:51,15218
9617,2021-11-22 14:44:36,15219
9619,2022-06-12 09:02:13,15221
9621,2021-05-26 09:13:10,15223
9622,2021-05-27 14:03:30,15224
9623,2023-12-23 17:22:30,15225
9627,2022-08-17 15:37:55,15229
9628,2022-05-16 15:14:29,15230
9629,2022-08-05 10:57:58,15231
9630,2021-10-16 13:19:35,15232
9633,2023-06-01 09:48:55,15235
9634,2022-08-19 11:20:22,15236
9635,2023-05-17 17:34:06,15237
9639,2022-03-07 12:25:56,15241
9640,2021-03-02 13:30:37,15242
9641,2021-10-16 16:56:44,15243
9643,2020-07-11 15:40:46,15245
9644,2020-04-04 13:39:01,15246
9645,2023-05-16 09:32:05,15247
9646,2023-07-20 11:58:16,15248
9649,2023-05-11 16:50:35,15251
9650,2020-11-20 10:24:12,15252
9651,2023-06-15 15:36:05,15253
9653,2023-06-14 13:45:31,15255
9654,2021-11-07 18:03:51,15256
9656,2021-01-02 13:09:46,15258
9658,2020-04-14 16:56:12,15260
9659,2023-05-05 09:25:29,15261
9660,2023-06-14 09:33:50,15262
9661,2022-08-12 12:59:13,15263
9662,2022-10-02 18:26:32,15264
9663,2023-05-03 15:25:39,15265
9666,2021-04-21 18:00:45,15268
9667,2022-02-01 12:31:50,15269
9668,2022-02-14 09:44:12,15270
9669,2022-05-03 08:58:04,15271
9670,2023-04-19 17:11:00,15272
9671,2020-11-01 17:45:20,15273
9672,2022-09-09 09:55:51,15274
9673,2020-03-21 14:37:37,15275
9674,2021-06-03 15:37:47,15276
9676,2020-02-03 18:25:04,15278
9678,2020-04-17 18:23:14,15280
9679,2023-08-12 13:05:07,15281
9680,2022-03-26 14:11:06,15282
9681,2020-12-19 14:11:27,15283
9684,2022-02-19 17:01:13,15286
9685,2023-05-19 12:49:02,15287
9686,2023-10-22 12:09:41,15288
9688,2022-12-25 10:46:39,15290
9689,2022-06-22 14:25:11,15291
9690,2022-08-07 15:14:38,15292
9691,2022-12-09 11:24:36,15293
9692,2023-11-08 14:50:47,15294
9693,2021-07-28 14:43:49,15295
9695,2020-01-16 15:20:32,15297
9697,2020-08-11 15:46:26,15299
9698,2020-10-11 09:09:03,15300
9699,2022-06-16 08:24:19,15301
9702,2022-08-21 17:32:30,15304
9703,2020-12-01 13:31:46,15305
9704,2020-12-05 09:30:42,15306
9705,2022-05-18 11:52:23,15307
9706,2023-11-14 09:41:14,15308
9707,2023-08-17 13:34:05,15309
9708,2020-10-08 16:46:19,15310
9709,2023-12-14 11:37:35,15311
9710,2023-09-20 13:11:51,15312
9711,2020-08-01 09:03:57,15313
9713,2023-02-09 11:55:53,15315
9714,2020-08-26 17:16:35,15316
9715,2020-07-18 15:02:03,15317
9716,2023-10-14 15:03:03,15318
9718,2023-02-22 11:33:29,15320
9719,2023-01-27 14:50:02,15321
9720,2020-11-13 09:32:42,15322
9722,2023-06-25 10:32:59,15324
9723,2022-09-13 11:43:35,15325
9724,2021-03-04 12:20:30,15326
9726,2020-04-21 08:54:29,15328
9728,2021-12-01 16:46:46,15330
9729,2023-07-27 13:32:39,15331
9730,2020-08-17 09:23:02,15332
9731,2020-01-01 09:26:22,15333
9732,2022-08-22 13:54:09,15334
9733,2023-05-12 16:55:36,15335
9735,2021-02-17 17:33:51,15337
9736,2023-02-19 12:57:33,15338
9737,2021-11-11 13:37:19,15339
9738,2020-12-28 14:17:23,15340
9740,2022-07-20 18:12:04,15342
9741,2021-11-25 18:09:07,15343
9742,2022-10-13 12:56:21,15344
9743,2022-09-14 11:39:00,15345
9744,2021-09-15 14:45:21,15346
9748,2022-04-12 11:14:15,15350
9749,2021-11-01 14:51:32,15351
9750,2022-01-06 13:08:14,15352
9751,2021-05-22 17:54:29,15353
9752,2022-01-21 17:34:50,15354
9754,2023-04-17 18:14:03,15356
9756,2021-01-05 10:51:35,15358
9757,2023-02-14 15:35:23,15359
9758,2023-05-25 16:26:14,15360
9760,2023-05-19 14:20:19,15362
9761,2021-09-07 14:56:30,15363
9762,2021-07-06 17:11:53,15364
9763,2022-09-06 10:11:55,15365
9764,2023-10-06 17:36:54,15366
9767,2021-05-25 10:05:47,15369
9768,2022-10-05 16:22:21,15370
9769,2021-03-13 09:42:33,15371
9770,2021-12-18 12:59:54,15372
9771,2022-01-21 08:59:53,15373
9772,2021-03-13 15:33:48,15374
9773,2020-12-26 13:24:06,15375
9774,2020-02-08 15:12:20,15376
9776,2021-11-12 15:03:02,15378
9777,2020-07-10 09:19:44,15379
9778,2020-10-28 13:01:49,15380
9779,2022-07-07 10:43:07,15381
9780,2021-10-03 12:26:18,15382
9781,2021-12-18 17:09:52,15383
9782,2020-12-14 18:12:54,15384
9785,2020-07-02 10:22:44,15387
9786,2021-06-16 15:52:11,15388
9787,2020-06-26 12:05:22,15389
9789,2022-08-20 16:09:11,15391
9790,2020-08-23 10:38:04,15392
9791,2023-05-24 10:52:36,15393
9792,2020-11-08 13:20:24,15394
9795,2020-06-24 10:29:48,15397
9797,2023-10-10 14:11:27,15399
9799,2023-03-27 14:25:43,15401
9801,2021-07-08 12:52:41,15403
9802,2020-07-15 13:54:16,15404
9803,2020-09-19 18:12:57,15405
9804,2023-12-23 10:16:46,15406
9805,2021-05-13 18:13:24,15407
9806,2022-12-08 13:02:08,15408
9807,2022-04-08 11:01:12,15409
9808,2022-06-05 10:02:07,15410
9809,2021-07-18 16:24:47,15411
9810,2021-12-03 17:37:58,15412
9811,2022-11-09 11:28:58,15413
9812,2020-12-15 08:58:33,15414
9813,2022-07-25 11:57:48,15415
9814,2020-12-05 13:48:25,15416
9815,2023-05-26 13:09:21,15417
9816,2022-09-22 15:54:17,15418
9818,2021-05-06 18:08:19,15420
9819,2020-04-22 14:18:26,15421
9820,2021-03-27 15:46:00,15422
9822,2022-12-03 17:30:21,15424
9823,2023-11-27 10:25:26,15425
9828,2022-09-27 12:58:47,15430
9829,2020-11-17 11:51:13,15431
9831,2023-07-05 17:15:48,15433
9832,2022-04-09 09:40:57,15434
9833,2021-07-22 12:10:24,15435
9836,2023-05-07 09:55:30,15438
9837,2020-12-11 14:43:55,15439
9841,2022-03-23 18:15:52,15443
9842,2020-05-07 08:22:37,15444
9848,2023-11-14 13:54:04,15450
9849,2022-06-10 15:56:25,15451
9851,2020-05-22 15:56:15,15453
9852,2022-02-12 18:23:18,15454
9853,2022-03-08 08:38:21,15455
9854,2023-06-14 11:10:29,15456
9855,2021-05-18 08:57:49,15457
9856,2023-05-07 15:56:52,15458
9857,2021-06-24 18:18:54,15459
9858,2020-11-23 09:11:36,15460
9859,2020-02-20 13:50:21,15461
9860,2023-03-02 18:50:52,15462
9861,2023-05-15 10:25:32,15463
9862,2022-03-26 11:18:49,15464
9863,2021-06-26 10:57:45,15465
9865,2022-07-17 16:44:50,15467
9866,2021-03-01 10:24:32,15468
9867,2022-03-24 11:24:52,15469
9868,2023-09-15 08:59:29,15470
9870,2022-03-26 13:02:38,15472
9871,2022-04-06 08:51:04,15473
9872,2021-09-25 09:33:58,15474
9874,2020-10-27 08:44:37,15476
9875,2022-09-20 18:19:28,15477
9876,2022-12-19 18:55:27,15478
9877,2023-12-19 15:08:26,15479
9878,2023-01-17 16:10:20,15480
9879,2023-11-24 15:58:55,15481
9880,2020-12-01 10:14:56,15482
9882,2022-11-23 09:19:12,15484
9883,2021-05-14 18:21:33,15485
9884,2022-09-08 16:21:24,15486
9885,2022-03-15 13:17:19,15487
9886,2022-01-08 09:36:41,15488
9887,2020-10-10 16:57:24,15489
9888,2022-04-08 10:55:37,15490
9889,2020-06-01 14:58:16,15491
9890,2023-08-04 16:06:36,15492
9891,2022-04-27 11:58:55,15493
9892,2021-04-23 09:52:04,15494
9893,2021-07-24 14:44:11,15495
9897,2021-12-13 09:35:35,15499
9898,2023-09-17 15:04:00,15500
9899,2021-01-06 18:35:04,15501
9900,2020-06-15 15:23:41,15502
9902,2021-02-25 10:47:23,15504
9904,2020-04-05 16:31:09,15506
9906,2023-06-09 13:25:59,15508
9907,2020-11-03 11:54:25,15509
9908,2022-09-08 11:57:46,15510
9909,2023-11-03 17:17:51,15511
9910,2021-02-15 16:08:29,15512
9911,2022-08-15 11:04:14,15513
9912,2022-04-17 17:05:52,15514
9913,2021-07-03 14:37:32,15515
9914,2023-01-25 16:05:58,15516
9915,2023-11-24 13:53:07,15517
9917,2022-09-24 17:25:42,15519
9918,2021-08-13 17:06:52,15520
9919,2021-12-18 12:04:55,15521
9920,2021-09-24 15:12:07,15522
9921,2021-01-22 11:32:18,15523
9923,2022-07-10 08:46:25,15525
9924,2022-02-09 15:11:10,15526
9925,2023-10-03 13:13:08,15527
9926,2021-12-05 13:37:34,15528
9927,2020-03-25 16:56:37,15529
9929,2021-07-21 09:34:36,15531
9930,2021-04-11 16:10:53,15532
9931,2022-12-21 17:23:41,15533
9934,2020-02-22 09:10:04,15536
9936,2020-09-01 15:52:19,15538
9937,2022-09-07 11:36:28,15539
9940,2020-05-11 14:45:12,15542
9942,2021-11-14 13:10:30,15544
9943,2020-04-04 12:58:09,15545
9944,2022-03-02 15:27:04,15546
9945,2021-03-02 11:35:11,15547
9946,2021-04-26 17:00:30,15548
9947,2022-04-23 16:52:24,15549
9948,2022-11-28 17:24:35,15550
9950,2022-02-12 17:39:51,15552
9951,2022-10-25 10:04:07,15553
9952,2020-11-14 12:03:05,15554
9954,2022-05-18 12:06:32,15556
9955,2021-05-18 15:24:49,15557
9956,2022-01-12 11:00:28,15558
9957,2021-02-08 15:40:16,15559
9958,2020-02-25 11:26:51,15560
9959,2022-02-07 12:35:38,15561
9960,2023-09-28 17:37:40,15562
9961,2022-01-18 12:41:31,15563
9963,2020-12-27 11:33:26,15565
9966,2023-02-26 15:46:10,15568
9970,2022-05-26 15:17:45,15572
9971,2020-05-02 15:21:06,15573
9973,2023-07-11 16:47:28,15575
9974,2023-10-03 15:45:16,15576
9975,2020-05-22 15:58:54,15577
9977,2022-08-03 12:18:04,15579
9979,2023-04-16 18:42:17,15581
9980,2022-07-12 10:50:56,15582
9981,2021-12-17 13:04:04,15583
9982,2020-02-16 17:42:05,15584
9983,2022-02-20 12:25:09,15585
9984,2023-01-25 09:15:52,15586
9985,2020-04-26 18:42:15,15587
9986,2022-05-09 17:07:51,15588
9987,2023-03-09 13:09:27,15589
9988,2021-08-11 11:55:47,15590
9989,2022-10-18 15:35:36,15591
9990,2023-02-26 15:01:33,15592
9992,2020-04-20 18:40:32,15594
9993,2021-02-08 12:16:50,15595
9994,2021-12-09 13:01:11,15596
9996,2022-05-11 17:00:40,15598
9997,2020-12-09 09:33:07,15599
9998,2021-02-03 16:01:03,15600
10000,2020-08-05 14:22:35,15602
10001,2021-09-03 12:54:30,15603
10002,2022-04-06 14:03:32,15604
10004,2020-06-05 10:57:32,15606
10005,2023-01-01 08:45:39,15607
10007,2022-04-24 18:20:16,15609
10008,2020-08-17 15:23:20,15610
10009,2021-09-11 18:17:00,15611
10010,2022-01-01 11:58:39,15612
10012,2023-04-01 17:39:30,15614
10013,2020-06-11 14:31:41,15615
10016,2020-03-17 08:46:46,15618
10018,2020-06-07 11:40:45,15620
10020,2020-11-13 14:11:29,15622
10022,2021-11-06 16:47:59,15624
10023,2021-08-22 11:15:10,15625
10024,2023-07-01 09:39:09,15626
10026,2023-07-04 14:59:44,15628
10027,2020-04-16 13:02:46,15629
10028,2021-03-21 18:40:51,15630
10032,2022-05-06 10:53:04,15634
10035,2022-03-16 13:23:57,15637
10040,2021-12-20 09:04:41,15642
10041,2023-06-05 15:58:40,15643
10042,2022-04-25 08:59:34,15644
10043,2021-05-17 13:51:23,15645
10044,2021-01-10 14:29:49,15646
10046,2021-06-22 11:21:36,15648
10048,2022-09-19 09:23:25,15650
10049,2023-03-27 14:41:07,15651
10050,2022-08-22 12:33:09,15652
10051,2020-02-15 14:11:50,15653
10052,2022-10-09 18:06:18,15654
10053,2021-12-24 10:45:06,15655
10054,2021-04-17 09:44:43,15656
10055,2021-10-16 13:18:55,15657
10056,2023-07-06 15:57:58,15658
10057,2023-06-20 17:47:13,15659
10058,2023-12-21 16:51:57,15660
10059,2022-08-20 10:41:01,15661
10060,2022-03-17 18:40:31,15662
10061,2020-04-06 12:13:45,15663
10062,2020-12-10 11:22:05,15664
10065,2023-01-23 18:44:10,15667
10067,2020-01-02 11:25:32,15669
10068,2022-05-01 10:28:12,15670
10070,2021-11-08 14:52:42,15672
10071,2020-09-23 13:46:44,15673
10072,2022-10-23 11:14:35,15674
10073,2021-03-19 15:02:51,15675
10075,2022-05-19 16:21:57,15677
10076,2022-11-15 15:34:03,15678
10078,2022-09-06 13:42:46,15680
10079,2020-07-10 16:37:19,15681
10081,2021-05-13 14:09:42,15683
10083,2022-03-21 15:03:16,15685
10084,2022-07-01 10:35:01,15686
10085,2022-01-02 10:02:18,15687
10086,2023-12-21 09:21:14,15688
10088,2022-03-18 12:12:26,15690
10090,2022-09-14 09:51:23,15692
10093,2023-11-16 18:26:29,15695
10094,2023-07-17 15:57:12,15696
10095,2023-10-19 16:50:07,15697
10097,2020-12-19 16:51:32,15699
10098,2023-12-13 15:27:39,15700
10099,2020-09-24 09:44:58,15701
10100,2023-10-15 15:34:03,15702
10101,2020-01-07 09:55:10,15703
10102,2022-10-02 11:19:13,15704
10104,2023-12-23 13:32:25,15706
10105,2023-10-06 09:34:37,15707
10106,2023-02-07 09:58:58,15708
10107,2020-03-13 16:21:43,15709
10108,2020-06-04 15:43:09,15710
10109,2022-02-02 18:13:09,15711
10110,2023-11-15 10:56:40,15712
10111,2022-03-18 12:47:53,15713
10112,2022-11-17 18:00:34,15714
10114,2022-12-27 15:33:53,15716
10115,2023-01-24 17:57:08,15717
10121,2021-02-16 16:42:07,15723
10122,2022-10-01 16:32:36,15724
10124,2022-09-21 18:21:37,15726
10125,2020-07-21 17:49:31,15727
10126,2020-09-08 15:46:24,15728
10127,2023-12-28 10:07:31,15729
10128,2020-09-13 14:11:51,15730
10129,2020-06-24 10:39:59,15731
10132,2021-02-26 12:44:54,15734
10135,2021-09-23 13:41:27,15737
10136,2021-09-07 16:53:57,15738
10137,2020-03-21 12:07:23,15739
10138,2023-03-13 13:53:27,15740
10139,2021-09-21 09:40:03,15741
10140,2022-02-01 15:54:26,15742
10141,2022-10-11 16:19:50,15743
10143,2021-02-20 11:54:08,15745
10144,2021-05-17 14:46:40,15746
10145,2022-06-14 17:28:17,15747
10146,2023-11-20 18:08:40,15748
10149,2022-02-27 15:20:42,15751
10151,2022-11-07 10:33:57,15753
10152,2023-11-05 12:33:04,15754
10153,2023-07-06 16:36:34,15755
10156,2023-06-12 09:45:08,15758
10157,2023-11-11 13:02:26,15759
10158,2022-10-03 12:11:00,15760
10160,2020-09-23 10:42:27,15762
10161,2022-01-17 11:51:10,15763
10164,2020-07-18 13:48:55,15766
10165,2022-09-12 10:31:49,15767
10166,2020-03-16 10:14:44,15768
10167,2020-12-28 15:17:37,15769
10169,2023-03-01 12:29:49,15771
10171,2022-08-25 16:57:49,15773
10172,2021-07-26 09:13:41,15774
10176,2022-11-22 14:54:25,15778
10177,2021-11-22 13:36:39,15779
10180,2021-04-24 16:07:21,15782
10181,2022-04-19 14:29:39,15783
10182,2023-04-10 14:14:03,15784
10184,2021-10-13 16:17:20,15786
10185,2020-03-15 14:21:34,15787
10186,2021-12-17 16:28:20,15788
10187,2022-09-13 11:10:35,15789
10189,2020-01-08 14:41:01,15791
10190,2021-09-15 09:58:21,15792
10192,2020-07-28 16:57:22,15794
10193,2023-11-12 16:02:59,15795
10194,2021-11-05 18:08:08,15796
10195,2023-07-03 17:12:47,15797
10196,2021-11-20 18:13:58,15798
10197,2022-06-22 09:51:10,15799
10198,2023-05-19 15:24:19,15800
10200,2022-06-20 08:18:34,15802
10201,2020-06-21 13:41:27,15803
10202,2022-10-06 12:51:28,15804
10204,2022-01-20 16:38:43,15806
10205,2020-07-24 16:14:18,15807
10206,2020-05-03 10:17:40,15808
10207,2022-03-15 11:29:46,15809
10210,2023-10-02 10:17:01,15812
10212,2022-10-09 11:53:36,15814
10213,2023-05-22 12:19:57,15815
10214,2022-10-28 16:02:11,15816
10216,2023-02-18 18:38:12,15818
10217,2021-06-03 14:21:29,15819
10218,2023-05-13 18:28:26,15820
10221,2021-12-28 17:44:19,15823
10223,2021-12-15 09:06:04,15825
10224,2023-01-07 15:12:43,15826
10225,2022-08-09 09:08:09,15827
10226,2020-05-12 09:52:28,15828
10227,2023-10-12 17:27:51,15829
10230,2023-05-03 08:34:35,15832
10231,2020-03-20 09:03:17,15833
10232,2022-07-28 12:16:46,15834
10233,2021-01-06 13:08:17,15835
10234,2021-07-01 09:35:29,15836
10235,2023-10-01 10:34:14,15837
10236,2023-09-13 13:12:41,15838
10240,2022-06-25 11:43:23,15842
10242,2023-06-22 17:45:29,15844
10243,2023-07-04 10:34:29,15845
10244,2023-09-08 09:08:26,15846
10245,2020-08-23 12:58:16,15847
10246,2022-05-04 09:19:29,15848
10247,2022-10-11 16:26:23,15849
10248,2020-09-06 15:09:41,15850
10251,2023-08-26 11:49:11,15853
10252,2022-10-27 08:57:31,15854
10253,2020-05-26 12:00:00,15855
10254,2023-09-27 16:40:52,15856
10255,2021-12-09 14:56:44,15857
10256,2020-07-13 10:22:33,15858
10258,2020-01-22 16:19:38,15860
10259,2021-02-07 18:02:45,15861
10261,2021-09-02 10:30:11,15863
10262,2020-09-25 08:31:11,15864
10263,2021-11-10 12:37:33,15865
10264,2021-05-02 10:13:28,15866
10265,2020-01-01 10:15:50,15867
10267,2020-12-20 17:31:28,15869
10268,2023-06-22 16:09:25,15870
10269,2020-07-25 12:21:54,15871
10272,2021-10-08 15:15:43,15874
10273,2020-09-02 13:47:16,15875
10274,2023-05-26 14:50:42,15876
10275,2020-05-21 17:04:57,15877
10276,2020-01-27 15:09:03,15878
10277,2020-10-22 13:38:00,15879
10278,2022-12-05 15:35:03,15880
10279,2023-08-10 12:24:39,15881
10280,2022-12-20 10:46:31,15882
10281,2023-09-07 09:04:36,15883
10283,2021-05-13 13:25:50,15885
10285,2023-10-09 08:47:18,15887
10287,2020-01-17 09:09:34,15889
10288,2021-12-04 14:14:21,15890
10289,2020-08-13 18:16:46,15891
10290,2023-11-09 13:59:47,15892
10291,2020-12-19 09:51:11,15893
10292,2022-10-15 17:47:49,15894
10293,2023-11-01 12:59:40,15895
10294,2021-07-16 10:21:09,15896
10295,2020-08-17 13:32:09,15897
10296,2022-01-05 10:43:26,15898
10297,2023-09-28 10:26:30,15899
10298,2021-08-06 14:06:11,15900
10299,2021-12-24 10:13:02,15901
10300,2022-09-08 16:23:26,15902
10301,2021-02-14 09:05:55,15903
10303,2023-07-14 17:21:30,15905
10305,2020-10-27 13:37:05,15907
10308,2020-01-26 09:00:20,15910
10309,2023-04-13 18:16:26,15911
10310,2023-11-11 17:51:27,15912
10311,2020-10-27 10:46:33,15913
10312,2023-10-20 12:54:58,15914
10313,2021-04-20 17:29:23,15915
10314,2021-11-28 13:01:25,15916
10315,2020-01-26 10:07:39,15917
10316,2020-03-11 14:25:26,15918
10317,2021-12-06 16:47:22,15919
10318,2020-08-05 13:29:23,15920
10319,2022-12-19 11:32:54,15921
10320,2020-11-28 11:32:33,15922
10324,2023-03-09 17:05:37,15926
10325,2021-10-25 13:01:21,15927
10326,2023-11-01 09:11:36,15928
10327,2023-07-08 09:18:46,15929
10329,2020-03-21 12:07:00,15931
10331,2022-10-18 13:56:45,15933
10333,2022-02-24 17:45:58,15935
10334,2020-04-23 14:28:06,15936
10335,2023-02-15 11:25:00,15937
10336,2023-12-26 09:33:03,15938
10337,2021-09-28 11:14:15,15939
10339,2020-04-16 12:34:54,15941
10340,2023-08-23 11:08:00,15942
10341,2023-11-04 17:04:18,15943
10342,2023-03-27 14:46:19,15944
10343,2021-04-22 12:19:59,15945
10344,2021-04-09 10:32:47,15946
10345,2021-09-16 12:43:46,15947
10347,2020-08-16 09:38:25,15949
10348,2022-11-15 13:00:19,15950
10349,2023-09-01 15:05:35,15951
10351,2023-05-19 10:45:15,15953
10352,2021-09-07 15:38:04,15954
10353,2023-07-06 08:36:46,15955
10355,2020-09-09 15:49:38,15957
10356,2020-08-08 16:20:26,15958
10357,2022-06-25 18:35:34,15959
10359,2022-12-03 13:58:34,15961
10360,2023-05-13 10:12:52,15962
10361,2022-11-27 15:40:49,15963
10362,2021-11-04 12:29:57,15964
10363,2022-01-03 10:02:40,15965
10364,2023-06-20 15:10:36,15966
10365,2023-08-07 09:30:17,15967
10366,2021-12-19 15:10:56,15968
10368,2020-08-22 09:16:40,15970
10369,2020-03-24 11:11:06,15971
10370,2022-05-23 16:58:15,15972
10371,2021-04-28 11:18:40,15973
10374,2022-04-21 17:43:08,15976
10377,2022-04-17 15:47:58,15979
10379,2023-07-21 12:15:04,15981
10380,2021-10-19 13:41:06,15982
10382,2023-09-26 13:16:34,15984
10384,2022-06-27 09:16:51,15986
10386,2022-03-18 12:07:45,15988
10387,2021-06-12 18:15:35,15989
10389,2023-09-02 14:00:55,15991
10390,2022-12-19 15:22:25,15992
10392,2022-03-01 14:59:33,15994
10393,2022-08-06 14:55:20,15995
10394,2022-10-01 17:18:55,15996
10395,2021-11-16 09:59:58,15997
10397,2023-02-12 13:22:56,15999
10398,2022-07-02 16:45:48,16000
10402,2022-07-07 13:53:14,16004
10404,2021-12-15 15:24:44,16006
10406,2020-10-18 12:42:04,16008
10407,2023-04-16 12:55:03,16009
10413,2023-06-19 18:18:03,16015
10414,2023-12-19 11:12:43,16016
10415,2023-03-22 08:41:07,16017
10416,2020-10-09 13:32:33,16018
10421,2022-01-15 12:50:05,16023
10423,2021-11-10 08:19:46,16025
10424,2020-05-04 17:27:11,16026
10426,2021-11-04 13:37:24,16028
10427,2021-09-27 09:52:25,16029
10429,2022-03-10 13:17:29,16031
10430,2023-01-03 14:42:26,16032
10431,2020-04-11 08:57:14,16033
10432,2022-10-28 15:33:56,16034
10433,2021-06-21 18:08:54,16035
10434,2023-09-10 12:37:59,16036
10435,2021-05-17 13:07:41,16037
10438,2022-12-09 16:26:15,16040
10439,2023-11-08 09:56:42,16041
10440,2020-02-24 13:40:35,16042
10441,2022-05-02 14:55:34,16043
10442,2020-12-18 12:59:47,16044
10444,2021-10-03 15:51:08,16046
10445,2022-10-22 11:29:39,16047
10446,2021-07-08 12:16:20,16048
10448,2021-05-09 14:58:04,16050
10449,2023-11-23 13:02:02,16051
10450,2021-09-02 12:42:20,16052
10451,2023-01-14 08:36:20,16053
10453,2021-02-11 13:19:47,16055
10454,2021-12-14 09:42:50,16056
10456,2021-10-25 15:28:35,16058
10458,2022-04-09 17:38:51,16060
10460,2022-03-06 09:53:57,16062
10461,2023-02-12 15:03:59,16063
10462,2021-05-24 14:07:08,16064
10463,2020-08-26 14:27:27,16065
10464,2021-09-15 08:36:35,16066
10466,2021-05-16 09:37:52,16068
10468,2021-12-12 09:47:40,16070
10469,2020-11-25 16:44:03,16071
10472,2023-02-16 09:59:06,16074
10474,2022-01-17 15:38:15,16076
10476,2022-05-06 16:29:18,16078
10478,2021-10-05 09:50:21,16080
10479,2021-06-22 18:44:49,16081
10481,2021-09-18 18:21:37,16083
10483,2021-03-13 14:21:00,16085
10485,2022-08-07 09:10:18,16087
10486,2020-08-28 18:42:20,16088
10488,2020-04-06 15:00:39,16090
10490,2022-03-09 09:32:25,16092
10493,2023-09-14 15:29:15,16095
10494,2020-07-20 10:46:56,16096
10496,2020-02-06 11:15:50,16098
10497,2020-10-25 17:41:26,16099
10498,2022-04-22 09:39:55,16100
10499,2023-07-10 13:48:39,16101
10500,2023-09-27 11:10:24,16102
10502,2022-02-14 14:37:40,16104
10503,2022-10-28 15:24:28,16105
10504,2023-03-07 14:08:23,16106
10508,2022-07-13 15:25:11,16110
10511,2022-02-17 18:03:00,16113
10512,2023-06-25 10:18:33,16114
10513,2022-08-23 10:41:23,16115
10518,2021-07-05 09:21:18,16120
10519,2021-03-17 09:18:08,16121
10521,2022-08-02 10:51:55,16123
10522,2021-06-17 13:08:45,16124
10523,2023-06-02 14:00:39,16125
10525,2022-08-07 16:16:15,16127
10526,2020-11-08 11:44:37,16128
10527,2022-06-18 16:28:03,16129
10530,2020-12-11 15:39:12,16132
10532,2022-03-06 18:10:14,16134
10533,2023-03-28 10:30:55,16135
10534,2023-08-21 09:49:49,16136
10535,2022-11-11 10:26:55,16137
10536,2022-03-24 17:47:51,16138
10537,2020-12-04 18:20:07,16139
10538,2023-07-04 16:42:16,16140
10540,2022-09-21 17:24:54,16142
10543,2021-10-02 13:53:49,16145
10544,2022-10-26 09:20:18,16146
10546,2021-05-16 08:13:35,16148
10547,2021-06-23 15:52:40,16149
10549,2023-09-19 17:29:41,16151
10550,2022-06-15 09:09:18,16152
10551,2020-01-08 11:19:53,16153
10552,2020-06-19 14:13:19,16154
10553,2023-02-05 13:45:01,16155
10554,2021-05-22 17:49:28,16156
10556,2022-10-23 10:49:48,16158
10557,2020-06-26 08:53:30,16159
10558,2022-04-17 10:32:26,16160
10559,2021-05-12 18:08:00,16161
10561,2020-12-14 16:35:13,16163
10562,2020-02-12 10:09:54,16164
10563,2022-11-24 09:48:39,16165
10565,2022-06-20 09:32:38,16167
10566,2022-05-25 10:47:35,16168
10567,2022-04-06 12:57:31,16169
10568,2021-07-09 16:15:02,16170
10570,2021-10-05 13:40:49,16172
10571,2021-01-19 14:03:38,16173
10573,2020-08-17 17:14:14,16175
10576,2021-08-15 08:38:43,16178
10577,2021-08-16 10:11:20,16179
10578,2023-06-05 17:51:15,16180
10579,2021-04-16 17:59:39,16181
10580,2022-03-09 16:33:38,16182
10581,2022-01-27 14:23:13,16183
10582,2021-06-20 17:28:24,16184
10584,2022-05-01 17:52:15,16186
10585,2022-04-10 13:34:57,16187
10586,2021-11-10 09:53:29,16188
10587,2022-04-18 17:48:12,16189
10589,2020-06-10 11:04:55,16191
10591,2022-09-23 13:20:42,16193
10593,2021-01-04 17:17:53,16195
10594,2020-04-14 16:19:10,16196
10595,2021-10-08 11:16:24,16197
10596,2022-12-13 11:18:09,16198
10597,2022-01-19 08:36:59,16199
10598,2021-11-26 17:01:06,16200
10600,2021-10-04 12:57:17,16202
10601,2020-05-17 15:11:38,16203
10602,2023-10-04 13:24:40,16204
10604,2022-07-08 10:23:24,16206
10605,2021-07-25 12:29:38,16207
10606,2023-01-09 12:33:40,16208
10609,2021-10-12 18:39:07,16211
10610,2021-01-25 14:34:06,16212
10611,2022-10-07 12:21:52,16213
10612,2020-08-16 08:42:06,16214
10616,2023-11-06 16:28:55,16218
10618,2022-08-20 11:14:56,16220
10619,2021-01-10 10:06:41,16221
10620,2021-02-01 11:25:57,16222
10622,2020-08-22 15:51:20,16224
10623,2022-08-13 10:21:08,16225
10624,2021-05-24 17:35:20,16226
10626,2022-11-13 13:24:34,16228
10628,2023-06-11 17:39:02,16230
10629,2021-06-10 12:45:33,16231
10632,2023-05-14 10:05:37,16234
10633,2020-05-25 14:15:43,16235
10635,2020-04-24 16:11:23,16237
10636,2021-06-24 10:48:43,16238
10637,2022-08-12 15:50:54,16239
10638,2022-10-22 14:40:49,16240
10639,2023-12-19 13:31:31,16241
10641,2023-10-22 12:22:40,16243
10642,2021-01-20 17:28:50,16244
10643,2020-12-09 13:10:34,16245
10644,2020-07-07 12:53:52,16246
10645,2021-10-20 09:07:48,16247
10647,2020-08-08 13:35:05,16249
10648,2021-07-04 12:02:08,16250
10649,2020-08-22 09:10:48,16251
10650,2021-12-20 13:40:01,16252
10651,2021-04-16 15:20:16,16253
10652,2023-03-17 10:26:10,16254
10653,2022-02-10 15:21:42,16255
10655,2022-01-15 09:34:57,16257
10656,2022-07-11 13:32:01,16258
10657,2023-12-18 14:11:02,16259
10658,2020-01-02 11:20:38,16260
10660,2020-05-06 10:24:33,16262
10664,2020-06-11 09:18:33,16266
10665,2020-05-05 10:46:20,16267
10666,2021-02-17 10:49:43,16268
10667,2021-11-11 13:52:24,16269
10669,2021-04-03 12:05:36,16271
10670,2023-11-22 15:26:01,16272
10671,2022-10-28 10:34:59,16273
10672,2022-05-20 14:50:43,16274
10674,2022-09-23 13:54:32,16276
10675,2023-07-04 10:11:24,16277
10676,2020-02-01 15:50:49,16278
10677,2020-04-24 12:24:11,16279
10678,2020-02-01 13:42:57,16280
10679,2020-01-07 14:58:25,16281
10680,2021-12-10 16:17:07,16282
10681,2021-06-04 13:40:14,16283
10682,2021-08-14 17:39:07,16284
10687,2021-03-12 08:28:57,16289
10688,2021-06-05 13:12:03,16290
10691,2022-10-09 18:20:06,16293
10692,2023-06-11 15:07:33,16294
10693,2022-11-05 17:48:13,16295
10694,2022-09-11 18:11:29,16296
10695,2022-03-01 11:16:19,16297
10699,2020-09-12 12:47:36,16301
10701,2023-08-18 16:15:08,16303
10703,2022-05-06 14:55:25,16305
10704,2022-10-16 14:18:40,16306
10706,2023-11-03 11:28:48,16308
10707,2023-08-03 18:40:09,16309
10708,2023-10-18 14:47:10,16310
10709,2021-09-08 14:44:14,16311
10710,2022-09-01 18:08:26,16312
10711,2021-04-28 12:43:35,16313
10712,2022-04-01 11:11:58,16314
10713,2023-07-15 15:31:37,16315
10716,2021-05-16 16:10:02,16318
10718,2023-09-19 12:34:45,16320
10720,2022-02-02 14:57:33,16322
10721,2020-04-10 12:49:11,16323
10722,2021-06-16 11:19:52,16324
10723,2021-03-24 18:56:21,16325
10724,2023-12-21 17:54:13,16326
10725,2020-04-25 16:21:51,16327
10726,2023-01-16 10:23:04,16328
10727,2023-10-21 16:57:50,16329
10728,2020-08-20 10:19:52,16330
10729,2022-02-16 12:32:25,16331
10730,2021-07-23 16:31:34,16332
10731,2020-12-04 09:50:52,16333
10733,2021-12-03 11:55:01,16335
10734,2020-02-05 14:02:10,16336
10735,2023-07-20 14:37:43,16337
10736,2021-03-12 18:04:28,16338
10737,2020-01-16 16:35:38,16339
10738,2022-06-13 16:18:24,16340
10739,2020-04-10 14:48:53,16341
10740,2023-03-27 08:59:27,16342
10742,2021-03-11 10:09:13,16344
10743,2022-12-01 12:43:39,16345
10746,2022-08-23 16:08:09,16348
10747,2021-04-04 09:50:29,16349
10748,2020-12-23 15:19:22,16350
10749,2023-11-04 18:49:21,16351
10750,2020-05-26 17:26:14,16352
10751,2020-06-03 11:57:23,16353
10752,2022-02-19 17:32:57,16354
10753,2023-09-22 14:05:27,16355
10754,2022-10-24 10:44:16,16356
10755,2022-06-05 18:12:38,16357
10756,2020-12-11 13:03:27,16358
10759,2020-06-23 17:46:55,16361
10760,2021-09-10 09:47:57,16362
10762,2020-06-02 11:34:32,16364
10763,2023-01-12 14:18:05,16365
10764,2022-03-20 15:26:01,16366
10765,2023-03-17 12:40:23,16367
10769,2021-05-07 16:18:37,16371
10770,2020-02-18 18:01:28,16372
10771,2022-04-14 15:19:33,16373
10772,2023-10-21 14:26:59,16374
10773,2022-01-08 17:42:17,16375
10774,2021-05-16 09:02:48,16376
10775,2023-09-17 12:22:34,16377
10778,2023-09-27 17:29:13,16380
10781,2021-01-05 10:40:51,16383
10782,2023-12-21 13:22:26,16384
10783,2020-10-11 16:03:53,16385
10784,2022-01-11 12:39:23,16386
10785,2022-12-25 12:01:12,16387
10786,2023-05-27 13:20:49,16388
10787,2022-12-23 16:46:36,16389
10788,2021-05-15 14:41:07,16390
10791,2020-06-03 14:56:35,16393
10792,2020-01-25 18:02:01,16394
10793,2021-02-15 16:18:07,16395
10796,2020-08-23 12:03:00,16398
10798,2020-04-15 11:18:31,16400
10801,2021-07-07 16:18:33,16403
10802,2022-12-17 13:26:53,16404
10803,2021-03-27 17:35:30,16405
10804,2020-03-08 11:29:17,16406
10805,2022-01-16 09:24:14,16407
10807,2021-07-01 10:23:53,16409
10808,2023-03-13 13:29:47,16410
10809,2023-09-16 11:15:37,16411
10810,2020-07-14 16:44:11,16412
10811,2021-03-19 14:38:42,16413
10813,2022-06-17 17:28:12,16415
10814,2021-12-23 17:52:30,16416
10816,2023-05-27 09:03:21,16418
10817,2020-07-21 16:35:04,16419
10819,2021-04-06 08:47:05,16421
10820,2023-11-11 16:04:07,16422
10821,2020-03-16 09:05:57,16423
10822,2020-11-17 09:28:26,16424
10823,2020-09-19 17:02:40,16425
10824,2022-06-08 16:08:41,16426
10825,2023-01-14 09:43:58,16427
10826,2020-05-02 12:36:58,16428
10827,2023-05-15 09:33:54,16429
10828,2023-03-06 15:05:53,16430
10829,2021-10-23 10:49:02,16431
10830,2021-11-20 15:23:47,16432
10831,2020-09-18 17:39:36,16433
10833,2023-02-02 08:56:16,16435
10836,2021-09-24 13:54:36,16438
10837,2020-11-21 09:43:53,16439
10838,2021-01-08 11:29:01,16440
10839,2023-03-02 13:45:30,16441
10840,2022-11-20 12:19:21,16442
10841,2022-12-11 09:02:04,16443
10842,2020-01-25 14:44:14,16444
10843,2022-05-01 17:44:23,16445
10845,2021-05-22 15:44:11,16447
10846,2021-08-11 11:18:50,16448
10847,2021-10-24 16:43:10,16449
10848,2022-04-04 16:39:13,16450
10851,2021-02-11 18:41:27,16453
10852,2023-06-04 08:58:51,16454
10853,2022-06-19 15:31:17,16455
10854,2020-09-02 11:09:40,16456
10856,2020-06-12 16:22:03,16458
10857,2023-10-26 16:35:25,16459
10858,2023-03-13 14:57:52,16460
10859,2023-05-12 09:21:53,16461
10860,2023-04-27 16:16:30,16462
10862,2022-10-24 14:23:47,16464
10863,2021-12-06 13:05:31,16465
10864,2020-04-09 16:16:09,16466
10867,2020-03-15 15:43:10,16469
10868,2023-03-02 14:19:07,16470
10869,2021-03-10 08:54:22,16471
10870,2023-06-08 15:46:12,16472
10871,2023-02-21 09:16:35,16473
10872,2020-02-14 16:12:48,16474
10873,2020-05-17 17:59:03,16475
10874,2023-10-05 10:23:49,16476
10876,2021-06-24 17:12:55,16478
10878,2021-04-08 15:14:30,16480
10879,2023-05-10 11:39:27,16481
10881,2023-01-03 16:11:52,16483
10882,2021-08-02 13:19:06,16484
10883,2021-05-02 15:50:17,16485
10884,2021-01-23 15:16:38,16486
10885,2020-03-18 17:26:49,16487
10886,2021-01-04 09:05:42,16488
10888,2020-12-17 09:32:44,16490
10889,2022-07-04 10:41:31,16491
10890,2020-01-12 08:49:27,16492
10891,2020-11-11 13:12:13,16493
10893,2023-07-14 17:02:36,16495
10894,2021-10-18 16:38:19,16496
10895,2022-02-24 09:47:07,16497
10896,2022-04-23 14:44:40,16498
10897,2023-07-09 17:19:13,16499
10899,2022-12-27 11:36:08,16501
10901,2022-04-17 11:53:12,16503
10902,2023-03-13 15:21:29,16504
10904,2020-10-28 17:42:11,16506
10905,2021-08-18 13:16:03,16507
10906,2022-10-16 16:31:34,16508
10909,2020-03-12 16:30:24,16511
10910,2023-01-12 13:54:12,16512
10911,2021-04-11 10:26:22,16513
10913,2021-03-10 11:44:48,16515
10914,2020-04-13 10:57:25,16516
10916,2021-06-16 12:38:07,16518
10919,2022-04-02 19:05:46,16521
10920,2023-02-02 16:10:21,16522
10921,2021-07-04 09:25:00,16523
10922,2022-12-17 11:40:07,16524
10923,2023-11-10 11:27:43,16525
10925,2021-08-04 09:48:40,16527
10926,2020-09-06 17:53:40,16528
10927,2023-03-27 14:30:31,16529
10928,2023-11-22 12:51:06,16530
10929,2023-02-27 17:36:45,16531
10931,2020-08-03 10:40:10,16533
10932,2023-06-25 11:29:52,16534
10933,2020-05-09 17:29:46,16535
10934,2020-07-13 18:01:24,16536
10935,2020-06-28 18:07:02,16537
10936,2020-04-15 09:03:56,16538
10938,2020-09-03 12:21:17,16540
10939,2023-06-04 10:24:52,16541
10940,2023-10-16 11:44:13,16542
10943,2020-01-07 12:42:50,16545
10944,2022-08-05 10:18:02,16546
10945,2022-11-14 17:00:06,16547
10946,2023-03-24 15:29:10,16548
10947,2022-07-01 13:31:36,16549
10949,2022-03-18 16:50:51,16551
10951,2021-10-02 09:45:41,16553
10954,2023-01-28 14:31:52,16556
10956,2022-07-20 14:44:13,16558
10957,2020-11-07 15:55:21,16559
10958,2023-02-24 17:15:42,16560
10959,2021-01-18 11:38:28,16561
10960,2022-01-27 14:14:04,16562
10965,2020-07-21 18:05:14,16567
10966,2021-08-03 14:07:53,16568
10967,2020-04-23 11:53:57,16569
10968,2023-12-18 09:58:59,16570
10969,2022-05-18 12:29:02,16571
10970,2023-09-10 11:04:19,16572
10971,2022-04-24 14:26:48,16573
10972,2020-04-06 14:41:29,16574
10974,2023-08-15 16:20:38,16576
10976,2022-01-09 12:37:12,16578
10977,2022-01-15 15:21:15,16579
10978,2020-03-06 18:46:02,16580
10979,2022-10-26 10:31:15,16581
10980,2021-06-26 16:04:51,16582
10981,2020-08-20 15:29:30,16583
10982,2021-10-09 12:36:39,16584
10984,2022-06-20 12:11:48,16586
10985,2021-12-17 16:39:31,16587
10986,2020-08-19 10:30:20,16588
10987,2023-12-04 18:34:16,16589
10988,2021-08-19 12:57:22,16590
10989,2023-05-01 13:33:36,16591
10990,2021-04-02 17:51:43,16592
10991,2022-06-10 17:28:21,16593
10992,2021-10-16 09:53:20,16594
10993,2022-02-11 11:31:28,16595
10994,2023-01-21 13:52:04,16596
10995,2022-11-18 09:02:06,16597
10996,2022-04-04 12:39:16,16598
10998,2022-02-16 10:35:04,16600
10999,2023-02-24 18:02:52,16601
11000,2023-03-28 12:47:31,16602
11002,2023-03-09 17:30:52,16604
11004,2023-02-12 15:08:42,16606
11006,2020-09-03 14:22:30,16608
11007,2021-07-06 13:50:06,16609
11009,2022-04-02 17:15:55,16611
11010,2023-12-21 09:35:51,16612
11011,2022-06-23 09:29:23,16613
11012,2022-08-09 13:10:30,16614
11013,2021-04-01 17:06:55,16615
11015,2021-11-02 11:12:06,16617
11016,2022-10-05 16:43:21,16618
11017,2022-10-14 09:38:52,16619
11018,2021-09-11 12:03:58,16620
11021,2023-02-15 18:05:13,16623
11022,2021-05-14 14:56:46,16624
11024,2023-10-04 08:48:41,16626
11026,2021-06-15 12:59:49,16628
11027,2020-05-26 18:12:10,16629
11029,2022-12-12 10:30:24,16631
11030,2023-09-14 16:34:41,16632
11032,2021-11-18 09:17:08,16634
11035,2020-07-08 10:09:01,16637
11038,2020-07-12 10:03:58,16640
11040,2021-09-01 10:04:30,16642
11041,2023-01-23 15:31:23,16643
11042,2020-04-03 14:51:37,16644
11043,2022-04-02 10:39:02,16645
11044,2023-04-24 10:54:21,16646
11045,2020-12-27 10:22:23,16647
11046,2022-10-27 16:49:29,16648
11048,2023-10-26 08:55:43,16650
11049,2021-11-21 09:09:58,16651
11050,2022-01-10 09:03:12,16652
11051,2020-12-23 10:38:12,16653
11052,2022-09-12 09:00:23,16654
11053,2023-01-08 09:50:03,16655
11054,2020-05-06 09:48:05,16656
11055,2020-01-14 17:59:26,16657
11056,2020-06-27 17:32:22,16658
11057,2023-08-12 17:00:35,16659
11061,2022-07-26 16:28:24,16663
11062,2020-05-20 10:52:47,16664
11063,2022-02-15 10:24:10,16665
11065,2020-06-14 16:25:57,16667
11066,2021-07-24 16:22:19,16668
11067,2022-10-02 09:22:08,16669
11068,2020-06-13 18:43:24,16670
11069,2022-01-11 13:56:19,16671
11071,2022-09-10 15:19:55,16673
11072,2023-09-22 17:06:16,16674
11073,2021-02-17 10:43:35,16675
11074,2021-08-18 08:46:14,16676
11075,2021-09-23 11:07:29,16677
11076,2020-04-07 12:11:17,16678
11077,2023-04-26 08:46:11,16679
11078,2021-12-28 10:09:43,16680
11079,2020-06-26 10:18:43,16681
11081,2020-05-23 16:43:52,16683
11082,2023-02-12 17:58:26,16684
11083,2021-12-07 10:23:06,16685
11085,2021-07-07 17:20:08,16687
11086,2020-12-23 16:31:59,16688
11087,2023-12-22 17:11:36,16689
11088,2022-09-27 08:35:59,16690
11089,2021-11-05 14:58:15,16691
11090,2020-10-03 08:58:30,16692
11092,2021-07-25 11:46:29,16694
11095,2023-10-18 17:49:17,16697
11096,2021-07-04 08:37:02,16698
11098,2023-08-17 14:27:29,16700
11100,2021-09-24 10:58:11,16702
11102,2021-02-01 14:05:45,16704
11106,2020-06-21 15:24:28,16708
11107,2022-07-24 08:34:31,16709
11108,2021-07-19 09:28:26,16710
11111,2022-11-14 13:30:16,16713
11113,2021-01-06 14:37:03,16715
11114,2020-08-14 12:51:50,16716
11115,2023-07-06 15:09:08,16717
11116,2021-12-20 16:59:08,16718
11117,2021-08-04 14:14:54,16719
11119,2020-09-26 16:05:39,16721
11122,2022-07-15 11:34:21,16724
11123,2021-03-27 11:07:03,16725
11124,2022-03-07 15:38:58,16726
11125,2020-11-14 10:22:29,16727
11126,2021-08-01 11:10:32,16728
11127,2022-12-03 17:59:48,16729
11128,2021-02-16 14:56:42,16730
11129,2021-11-15 17:49:58,16731
11130,2022-12-19 16:24:57,16732
11131,2023-08-02 12:30:46,16733
11133,2020-09-18 12:16:52,16735
11134,2020-10-13 14:32:53,16736
11135,2023-08-03 13:36:19,16737
11136,2020-09-10 15:44:58,16738
11137,2021-02-20 14:28:20,16739
11138,2023-11-26 15:49:48,16740
11142,2022-05-18 14:09:09,16744
11143,2023-04-20 16:31:40,16745
11144,2020-08-22 16:33:34,16746
11145,2020-07-20 11:04:23,16747
11146,2020-05-02 13:43:08,16748
11150,2022-10-25 11:23:14,16752
11151,2022-07-09 09:55:28,16753
11154,2021-05-03 14:25:54,16756
11155,2021-07-11 15:53:53,16757
11157,2021-12-24 11:19:22,16759
11158,2023-06-19 12:47:49,16760
11159,2022-02-15 16:47:26,16761
11160,2023-04-23 10:15:31,16762
11162,2021-03-17 16:12:37,16764
11163,2022-12-22 10:09:42,16765
11165,2021-12-07 08:27:50,16767
11166,2023-06-06 13:20:08,16768
11168,2023-08-09 16:25:20,16770
11169,2023-05-20 14:28:21,16771
11172,2020-12-08 14:25:45,16774
11173,2021-08-26 11:49:48,16775
11174,2023-12-06 12:21:29,16776
11175,2022-07-28 12:24:42,16777
11176,2021-05-06 10:10:58,16778
11177,2021-07-28 17:47:44,16779
11180,2022-02-16 17:55:50,16782
11182,2021-11-20 16:41:25,16784
11183,2020-08-02 09:20:19,16785
11184,2020-09-23 16:37:08,16786
11185,2021-10-13 09:23:48,16787
11187,2022-01-27 18:12:52,16789
11188,2021-01-20 12:30:34,16790
11191,2022-02-12 17:50:44,16793
11193,2020-12-20 11:32:36,16795
11194,2020-04-10 12:16:06,16796
11195,2021-07-12 14:57:05,16797
11197,2021-07-15 11:38:35,16799
11198,2022-03-22 18:38:39,16800
11199,2023-07-20 08:54:50,16801
11200,2023-08-19 17:44:48,16802
11201,2021-04-25 09:21:31,16803
11204,2021-03-23 10:11:11,16806
11205,2022-09-27 10:42:29,16807
11206,2023-12-04 14:48:32,16808
11208,2022-05-24 13:27:51,16810
11209,2021-09-04 11:46:08,16811
11210,2023-10-05 18:09:22,16812
11211,2022-08-15 13:37:31,16813
11212,2023-07-18 11:13:35,16814
11213,2020-12-22 13:07:50,16815
11214,2020-02-24 10:46:36,16816
11216,2021-08-19 14:51:37,16818
11217,2022-07-25 16:12:04,16819
11220,2023-04-12 15:58:30,16822
11222,2020-05-23 17:04:42,16824
11224,2021-07-08 14:51:49,16826
11226,2021-08-06 09:47:45,16828
11227,2021-03-25 18:05:07,16829
11228,2020-04-09 10:59:00,16830
11229,2021-07-27 16:59:18,16831
11231,2022-02-19 18:43:27,16833
11234,2022-03-20 13:47:13,16836
11235,2020-03-05 18:57:52,16837
11236,2022-02-23 16:18:31,16838
11237,2020-07-03 10:16:37,16839
11239,2022-01-19 09:53:31,16841
11240,2023-07-06 08:36:34,16842
11241,2021-12-22 10:09:21,16843
11243,2021-12-28 13:01:53,16845
11244,2022-11-02 13:02:51,16846
11245,2020-05-14 12:56:12,16847
11247,2022-01-01 14:48:41,16849
11248,2020-04-04 10:58:51,16850
11252,2020-04-21 11:27:11,16854
11253,2020-11-21 11:14:46,16855
11254,2021-10-01 17:22:21,16856
11256,2023-12-25 15:34:55,16858
11257,2022-03-12 18:13:53,16859
11258,2020-11-20 12:17:31,16860
11259,2021-05-21 12:35:05,16861
11260,2020-05-09 13:54:18,16862
11262,2023-02-14 14:57:26,16864
11264,2020-03-08 12:08:16,16866
11266,2023-02-21 16:24:47,16868
11268,2023-01-13 13:16:55,16870
11269,2022-07-05 17:57:42,16871
11270,2021-03-04 11:21:02,16872
11271,2020-08-06 10:25:17,16873
11272,2021-08-15 09:25:16,16874
11273,2022-02-16 18:11:47,16875
11278,2023-03-06 10:21:17,16880
11280,2021-05-20 10:59:16,16882
11282,2021-09-18 14:37:08,16884
11283,2023-08-28 18:12:41,16885
11284,2023-07-28 13:07:43,16886
11285,2022-12-23 11:00:07,16887
11288,2021-11-21 18:02:30,16890
11289,2023-06-09 18:35:23,16891
11293,2022-01-20 14:55:03,16895
11294,2021-08-19 16:44:55,16896
11295,2020-12-07 09:16:22,16897
11296,2020-10-17 13:35:15,16898
11297,2022-04-01 12:05:21,16899
11301,2022-06-07 11:55:04,16903
11303,2020-08-10 12:20:06,16905
11304,2022-02-23 13:07:40,16906
11305,2022-04-05 13:42:22,16907
11307,2020-03-04 08:54:30,16909
11308,2021-12-27 17:22:29,16910
11310,2021-01-08 08:42:14,16912
11313,2023-05-08 14:20:17,16915
11314,2023-12-19 17:42:28,16916
11315,2021-08-21 18:22:01,16917
11317,2022-07-16 18:05:55,16919
11318,2021-06-24 09:51:58,16920
11321,2020-07-26 16:12:50,16923
11322,2023-09-10 16:51:12,16924
11324,2023-01-24 17:54:04,16926
11326,2023-12-15 12:51:40,16928
11328,2020-07-18 15:40:04,16930
11331,2022-11-14 11:41:16,16933
11332,2021-08-04 12:25:24,16934
11333,2023-03-17 14:54:09,16935
11334,2020-11-02 13:23:43,16936
11336,2020-09-09 08:49:45,16938
11338,2020-11-20 08:29:13,16940
11341,2021-06-25 15:28:23,16943
11342,2023-05-12 16:35:56,16944
11347,2022-12-15 16:55:05,16949
11349,2021-10-22 17:37:44,16951
11351,2020-01-09 13:33:44,16953
11352,2023-11-17 12:56:32,16954
11354,2022-08-11 11:56:43,16956
11355,2023-06-03 10:20:58,16957
11357,2023-01-08 10:11:46,16959
11359,2023-02-09 15:58:34,16961
11361,2023-12-12 15:11:37,16963
11362,2021-01-26 16:13:58,16964
11363,2020-01-02 11:26:10,16965
11364,2021-05-28 16:24:18,16966
11365,2022-04-05 14:11:25,16967
11368,2021-05-21 09:53:03,16970
11370,2021-01-11 16:57:24,16972
11371,2022-08-14 17:35:28,16973
11374,2021-02-04 17:57:27,16976
11375,2022-09-21 18:18:51,16977
11376,2022-02-13 10:37:18,16978
11377,2021-08-20 10:39:38,16979
11378,2023-12-20 15:32:16,16980
11380,2022-01-22 13:50:34,16982
11381,2022-07-24 10:58:06,16983
11382,2021-01-19 09:02:17,16984
11383,2022-04-28 16:08:21,16985
11386,2021-10-01 10:48:03,16988
11387,2020-08-23 09:18:33,16989
11388,2021-01-16 08:07:55,16990
11389,2020-11-22 16:04:22,16991
11390,2020-02-06 11:59:20,16992
11391,2023-02-13 15:02:46,16993
11392,2022-02-28 10:53:54,16994
11393,2023-12-27 15:48:54,16995
11396,2023-11-09 08:56:21,16998
11397,2023-05-09 09:51:53,16999
11398,2020-01-11 14:12:45,17000
11399,2021-10-17 08:42:01,17001
11401,2022-07-09 15:58:41,17003
11402,2022-01-25 16:26:58,17004
11403,2021-03-07 14:22:11,17005
11405,2020-01-25 19:01:54,17007
11406,2020-07-25 11:08:58,17008
11407,2021-06-19 18:11:26,17009
11408,2022-08-25 11:47:10,17010
11409,2020-08-12 15:54:35,17011
11410,2023-02-20 12:24:45,17012
11411,2023-04-19 15:08:59,17013
11412,2022-06-25 14:53:39,17014
11413,2022-07-24 11:12:05,17015
11415,2022-07-07 16:59:05,17017
11416,2022-08-25 14:11:25,17018
11418,2021-10-22 14:32:19,17020
11419,2021-07-07 09:20:31,17021
11420,2022-10-04 15:47:19,17022
11421,2021-02-18 14:28:51,17023
11423,2021-06-13 09:05:57,17025
11425,2021-07-02 09:59:13,17027
11426,2023-08-22 13:00:01,17028
11428,2023-01-17 15:02:59,17030
11429,2020-05-04 15:39:32,17031
11431,2021-01-20 10:40:46,17033
11432,2020-07-13 14:35:45,17034
11433,2020-11-17 17:49:26,17035
11435,2022-09-18 14:42:40,17037
11436,2021-03-25 14:31:53,17038
11438,2022-06-20 09:48:10,17040
11440,2021-12-16 09:30:26,17042
11441,2022-04-28 11:03:27,17043
11442,2020-10-21 14:22:48,17044
11443,2022-03-08 09:16:19,17045
11444,2023-02-26 08:51:25,17046
11445,2023-05-06 18:36:36,17047
11446,2021-09-03 17:47:29,17048
11447,2020-10-03 13:55:05,17049
11448,2021-09-28 15:54:17,17050
11449,2023-12-21 09:00:41,17051
11450,2020-01-07 17:20:41,17052
11451,2021-07-27 09:48:16,17053
11452,2020-01-26 10:03:00,17054
11453,2020-10-20 17:42:21,17055
11454,2020-02-01 13:13:32,17056
11455,2022-09-08 11:24:23,17057
11457,2021-04-06 15:57:53,17059
11459,2021-04-21 09:55:28,17061
11460,2022-03-15 09:16:08,17062
11461,2020-09-19 09:49:56,17063
11462,2021-03-17 15:30:47,17064
11464,2023-08-03 13:50:01,17066
11467,2021-03-21 15:48:40,17069
11468,2022-04-08 13:03:57,17070
11469,2021-11-06 12:15:40,17071
11472,2021-04-17 15:58:05,17074
11475,2022-09-25 11:52:29,17077
11477,2020-10-04 16:15:35,17079
11478,2023-02-21 11:44:37,17080
11479,2022-05-21 17:33:47,17081
11481,2022-03-10 17:32:50,17083
11482,2022-11-03 12:52:19,17084
11483,2021-12-01 16:29:12,17085
11484,2022-02-01 16:12:47,17086
11485,2020-04-10 18:36:31,17087
11486,2023-06-01 15:30:55,17088
11487,2021-03-28 11:00:17,17089
11491,2020-02-24 13:01:36,17093
11492,2021-04-23 16:47:02,17094
11493,2020-03-11 16:00:29,17095
11494,2023-07-17 10:25:45,17096
11495,2023-01-06 16:46:37,17097
11499,2020-06-27 15:52:58,17101
11500,2023-09-12 16:18:44,17102
11501,2021-04-11 16:18:50,17103
11502,2022-05-24 15:23:38,17104
11503,2020-10-11 18:50:54,17105
11505,2022-03-27 18:32:28,17107
11506,2021-08-08 15:18:38,17108
11507,2021-01-24 17:05:01,17109
11508,2022-08-26 12:18:15,17110
11509,2022-07-06 14:17:32,17111
11512,2020-11-11 12:55:10,17114
11513,2020-05-10 13:49:08,17115
11514,2022-10-05 14:06:02,17116
11515,2023-03-22 16:23:04,17117
11516,2020-11-14 08:31:15,17118
11517,2020-04-06 13:05:04,17119
11518,2022-06-21 14:42:39,17120
11519,2022-02-11 10:57:02,17121
11520,2022-11-23 10:38:33,17122
11526,2022-03-25 14:31:47,17128
11528,2022-07-19 13:17:30,17130
11531,2021-12-13 12:49:26,17133
11532,2023-01-06 15:32:11,17134
11533,2022-06-12 11:59:15,17135
11535,2023-08-02 17:05:10,17137
11537,2022-02-08 12:50:27,17139
11538,2022-08-05 10:38:02,17140
11543,2023-06-14 18:07:48,17145
11545,2023-10-20 16:37:14,17147
11546,2021-09-19 14:19:40,17148
11549,2021-12-09 09:42:07,17151
11551,2023-06-27 16:01:01,17153
11552,2022-01-14 17:22:33,17154
11554,2022-02-19 16:55:40,17156
11555,2023-01-07 14:48:45,17157
11556,2023-08-05 11:50:14,17158
11558,2022-04-02 15:07:49,17160
11560,2021-02-08 18:43:59,17162
11561,2021-12-01 12:26:19,17163
11562,2020-10-15 12:36:33,17164
11563,2022-11-08 16:17:09,17165
11564,2021-11-12 09:07:51,17166
11569,2020-04-19 09:55:17,17171
11570,2020-06-03 13:02:19,17172
11571,2020-09-09 08:57:30,17173
11572,2021-09-17 10:24:26,17174
11573,2022-12-12 14:21:45,17175
11574,2023-01-16 09:43:00,17176
11575,2022-11-24 17:31:48,17177
11576,2022-04-04 09:48:38,17178
11577,2023-12-23 15:38:33,17179
11578,2020-05-02 09:48:11,17180
11579,2021-07-01 15:58:29,17181
11580,2020-02-12 09:07:10,17182
11584,2020-04-03 16:15:07,17186
11585,2023-06-27 16:57:54,17187
11586,2022-11-13 11:54:57,17188
11587,2021-11-24 12:54:36,17189
11588,2020-02-08 09:20:18,17190
11589,2022-01-04 16:49:49,17191
11590,2021-04-13 11:00:31,17192
11591,2021-08-27 13:22:57,17193
11592,2021-06-25 11:14:38,17194
11593,2020-01-13 10:27:22,17195
11594,2022-06-07 09:04:11,17196
11595,2023-06-01 17:16:49,17197
11596,2023-06-25 18:00:39,17198
11598,2020-10-16 16:06:41,17200
11600,2022-11-02 16:38:49,17202
11602,2020-05-18 10:24:05,17204
11603,2020-07-22 13:33:18,17205
11604,2021-10-13 17:52:40,17206
11605,2023-11-03 15:14:26,17207
11607,2020-05-24 12:08:05,17209
11609,2023-08-09 12:35:41,17211
11610,2020-03-23 14:00:15,17212
11611,2023-03-01 15:27:25,17213
11613,2022-01-08 17:55:56,17215
11614,2020-12-21 10:01:38,17216
11615,2020-01-18 15:56:15,17217
11616,2023-02-25 15:00:17,17218
11618,2021-10-05 11:14:34,17220
11619,2023-02-06 16:39:35,17221
11620,2023-04-01 13:07:52,17222
11621,2021-10-16 14:41:12,17223
11622,2022-12-02 16:52:04,17224
11623,2021-06-04 15:26:46,17225
11624,2020-09-10 10:55:33,17226
11625,2022-08-12 14:41:34,17227
11626,2020-03-14 10:11:59,17228
11628,2021-01-15 13:36:08,17230
11630,2021-03-15 13:41:46,17232
11631,2021-10-05 18:33:47,17233
11633,2020-09-18 13:57:11,17235
11635,2023-07-28 10:52:40,17237
11636,2022-05-27 15:45:46,17238
11637,2023-09-15 17:36:26,17239
11638,2023-06-18 08:38:33,17240
11639,2022-01-01 09:29:04,17241
11640,2023-09-14 12:49:19,17242
11641,2020-02-03 13:57:30,17243
11643,2021-06-12 17:40:15,17245
11644,2021-08-21 08:49:42,17246
11645,2020-03-28 08:42:28,17247
11647,2022-12-15 08:54:17,17249
11648,2023-06-09 17:59:24,17250
11649,2022-09-26 12:05:26,17251
11650,2020-09-03 12:39:39,17252
11652,2021-08-27 09:44:35,17254
11653,2023-12-12 15:14:49,17255
11655,2020-04-20 13:45:07,17257
11656,2022-03-26 09:36:08,17258
11657,2022-09-08 09:16:07,17259
11658,2022-02-24 18:17:35,17260
11659,2020-10-07 12:33:33,17261
11660,2022-06-06 10:43:13,17262
11662,2021-02-17 16:06:07,17264
11663,2022-11-09 09:27:26,17265
11664,2020-11-25 13:55:43,17266
11666,2023-11-09 08:51:08,17268
11667,2023-10-05 14:40:12,17269
11668,2020-12-21 12:36:18,17270
11672,2022-12-28 10:01:05,17274
11673,2023-07-28 08:51:39,17275
11674,2022-03-22 12:24:25,17276
11675,2022-04-17 18:02:07,17277
11676,2023-08-06 13:06:58,17278
11677,2022-01-24 17:19:01,17279
11678,2020-11-09 15:52:07,17280
11679,2023-08-12 09:36:19,17281
11680,2023-09-28 11:09:03,17282
11681,2021-06-21 11:30:19,17283
11682,2022-06-01 09:46:19,17284
11684,2023-02-22 08:45:03,17286
11690,2023-06-01 10:13:51,17292
11691,2023-12-02 11:04:59,17293
11693,2022-09-21 13:40:17,17295
11697,2023-02-27 18:02:42,17299
11698,2022-06-20 15:04:32,17300
11701,2020-10-21 14:52:28,17303
11703,2021-05-10 12:29:36,17305
11705,2023-07-26 16:11:31,17307
11706,2020-05-15 16:21:12,17308
11707,2022-07-03 14:04:02,17309
11709,2020-04-24 12:48:41,17311
11710,2023-03-04 14:37:59,17312
11711,2020-06-13 10:09:38,17313
11713,2023-05-11 10:11:17,17315
11714,2021-02-27 09:09:41,17316
11715,2021-12-26 17:00:54,17317
11716,2023-12-27 14:20:20,17318
11717,2023-09-02 11:47:24,17319
11719,2023-03-16 17:52:42,17321
11720,2022-10-05 15:58:27,17322
11721,2022-08-20 16:55:54,17323
11722,2020-07-01 15:35:41,17324
11723,2020-02-28 12:59:03,17325
11726,2021-08-22 16:52:35,17328
11731,2022-05-13 16:13:32,17333
11732,2023-05-12 12:11:25,17334
11733,2021-10-23 18:00:42,17335
11734,2021-02-28 15:03:51,17336
11735,2020-11-27 18:21:11,17337
11737,2020-03-23 10:27:50,17339
11739,2022-01-07 17:55:16,17341
11741,2022-12-22 09:32:37,17343
11742,2020-12-08 16:13:47,17344
11743,2023-01-12 11:09:35,17345
11744,2022-03-11 17:04:13,17346
11745,2020-08-02 18:40:44,17347
11746,2020-09-13 15:18:32,17348
11747,2023-01-13 15:27:35,17349
11750,2021-05-11 12:15:09,17352
11751,2022-06-12 11:08:41,17353
11753,2021-02-24 16:47:07,17355
11755,2022-08-07 17:48:59,17357
11756,2022-08-07 09:05:51,17358
11758,2020-06-03 16:56:19,17360
11759,2020-04-07 10:29:07,17361
11760,2021-02-06 14:28:53,17362
11762,2020-04-14 11:00:21,17364
11763,2023-06-10 17:18:22,17365
11764,2023-11-18 16:53:04,17366
11765,2022-02-22 11:41:00,17367
11767,2021-10-22 16:33:58,17369
11768,2020-01-23 14:25:48,17370
11769,2021-04-25 17:09:13,17371
11771,2023-10-08 10:26:44,17373
11772,2020-07-18 18:16:31,17374
11773,2020-08-06 17:04:18,17375
11774,2022-10-15 08:35:25,17376
11776,2020-09-19 10:29:16,17378
11778,2023-06-17 15:08:44,17380
11779,2022-10-18 12:05:42,17381
11782,2023-05-10 13:06:55,17384
11784,2022-08-26 12:24:24,17386
11785,2021-09-02 16:09:51,17387
11786,2022-10-13 11:32:07,17388
11787,2023-10-24 13:00:31,17389
11788,2021-01-15 08:32:08,17390
11789,2021-12-04 12:11:55,17391
11790,2021-04-17 14:30:17,17392
11792,2021-11-14 16:10:19,17394
11793,2022-07-18 13:38:47,17395
11794,2023-04-14 14:10:46,17396
11795,2023-04-24 12:55:00,17397
11796,2020-03-21 08:53:45,17398
11797,2020-02-16 17:58:00,17399
11798,2023-02-09 18:40:35,17400
11799,2022-05-19 11:14:41,17401
11801,2021-10-01 13:46:01,17403
11803,2021-01-05 10:34:29,17405
11804,2023-07-25 15:54:19,17406
11805,2022-03-28 17:58:34,17407
11806,2023-04-24 18:04:04,17408
11807,2021-12-26 17:29:32,17409
11809,2021-09-17 16:39:23,17411
11811,2020-04-15 08:56:10,17413
11813,2020-03-02 09:23:26,17415
11814,2022-09-05 16:53:05,17416
11816,2023-11-07 11:16:36,17418
11818,2023-12-17 14:26:34,17420
11819,2020-08-23 16:07:14,17421
11820,2023-07-17 18:21:59,17422
11821,2023-01-06 17:42:48,17423
11822,2022-01-06 15:11:58,17424
11823,2023-03-21 08:56:29,17425
11827,2022-07-14 11:18:25,17429
11828,2021-02-23 09:31:43,17430
11829,2022-05-02 15:06:45,17431
11830,2022-10-13 09:28:43,17432
11831,2023-10-25 12:39:52,17433
11832,2022-12-01 13:42:50,17434
11833,2022-03-19 11:37:35,17435
11834,2023-03-08 15:23:37,17436
11835,2021-08-11 12:14:20,17437
11836,2021-11-02 16:21:14,17438
11838,2020-09-27 10:56:01,17440
11839,2020-10-24 17:10:14,17441
11840,2020-01-09 13:59:27,17442
11843,2021-04-15 15:12:05,17445
11844,2022-07-21 14:43:53,17446
11845,2022-08-16 10:22:56,17447
11846,2020-02-06 08:43:57,17448
11847,2021-09-05 11:17:23,17449
11848,2020-01-11 14:52:09,17450
11849,2020-08-21 18:51:07,17451
11850,2022-11-23 14:17:59,17452
11851,2022-09-17 13:15:38,17453
11853,2023-12-09 11:15:55,17455
11854,2020-11-25 14:32:37,17456
11855,2023-09-26 18:10:58,17457
11857,2021-07-10 13:29:27,17459
11858,2023-07-24 12:02:57,17460
11860,2021-07-10 10:30:53,17462
11862,2020-06-12 15:19:52,17464
11863,2022-01-20 14:51:03,17465
11864,2022-12-21 16:16:39,17466
11865,2021-05-07 14:41:24,17467
11867,2021-05-13 14:59:42,17469
11868,2021-03-25 09:21:35,17470
11870,2022-08-07 12:56:36,17472
11872,2020-02-06 17:50:55,17474
11874,2020-12-25 17:52:51,17476
11875,2020-10-19 10:33:53,17477
11876,2020-11-27 09:25:09,17478
11877,2021-01-19 13:54:46,17479
11878,2023-09-09 13:39:18,17480
11880,2020-08-23 17:42:30,17482
11881,2022-02-03 11:44:19,17483
11883,2020-08-13 14:41:43,17485
11884,2020-11-27 13:33:02,17486
11885,2020-11-06 15:44:37,17487
11887,2022-01-04 11:26:45,17489
11889,2023-01-15 17:08:01,17491
11890,2020-02-02 10:15:05,17492
11892,2022-06-27 10:18:35,17494
11893,2021-12-07 12:08:09,17495
11895,2020-10-25 17:11:07,17497
11898,2021-12-21 16:34:00,17500
11899,2023-03-26 12:35:45,17501
11900,2021-01-10 12:12:12,17502
11901,2021-08-26 15:25:35,17503
11903,2021-05-06 14:04:16,17505
11904,2021-05-13 12:26:57,17506
11905,2023-07-01 15:34:15,17507
11906,2020-08-28 16:51:34,17508
11907,2020-11-09 13:34:19,17509
11908,2022-07-23 17:11:25,17510
11909,2020-12-11 10:25:22,17511
11910,2023-08-02 10:11:19,17512
11911,2020-01-16 15:03:41,17513
11913,2023-09-18 10:39:31,17515
11914,2021-11-18 13:24:02,17516
11915,2021-03-07 08:46:35,17517
11916,2021-12-06 16:08:42,17518
11919,2020-07-26 17:06:25,17521
11921,2023-08-12 13:13:02,17523
11923,2020-03-10 09:13:14,17525
11924,2023-04-17 11:05:52,17526
11926,2022-08-20 12:02:41,17528
11927,2023-07-11 12:55:56,17529
11928,2023-04-19 11:55:05,17530
11929,2023-05-22 13:20:18,17531
11930,2020-02-12 16:04:21,17532
11932,2023-04-25 12:56:43,17534
11933,2021-06-22 10:59:02,17535
11934,2023-09-05 11:33:22,17536
11935,2021-12-14 10:55:03,17537
11936,2021-12-01 10:47:43,17538
11939,2020-07-17 12:31:50,17541
11942,2022-03-02 15:37:15,17544
11944,2020-04-27 11:06:03,17546
11946,2021-03-06 14:57:41,17548
11947,2022-12-13 10:16:19,17549
11948,2022-11-07 16:54:10,17550
11949,2020-03-10 14:40:09,17551
11950,2020-12-17 12:01:57,17552
11951,2021-12-27 11:04:37,17553
11952,2021-08-24 16:58:35,17554
11954,2023-04-20 10:00:53,17556
11957,2023-02-20 17:52:21,17559
11958,2023-10-08 13:18:25,17560
11959,2022-09-03 16:00:53,17561
11962,2021-01-09 16:36:04,17564
11964,2020-01-09 14:45:33,17566
11965,2022-01-23 13:22:38,17567
11966,2022-06-07 16:37:27,17568
11967,2022-02-11 16:45:28,17569
11969,2020-02-18 10:28:16,17571
11970,2020-09-20 09:42:24,17572
11971,2021-04-01 17:03:04,17573
11972,2021-06-27 15:53:32,17574
11973,2023-03-04 18:09:39,17575
11974,2021-08-06 16:17:35,17576
11976,2022-02-13 17:40:19,17578
11978,2021-12-10 11:31:29,17580
11979,2022-02-08 18:01:22,17581
11980,2023-01-19 17:07:56,17582
11981,2020-07-25 15:23:51,17583
11982,2022-04-13 15:02:30,17584
11983,2021-11-21 10:59:36,17585
11985,2021-04-16 15:48:18,17587
11986,2021-07-04 11:46:59,17588
11987,2020-04-03 13:07:44,17589
11988,2021-06-14 17:19:29,17590
11992,2020-02-23 10:42:49,17594
11993,2023-09-06 14:12:04,17595
11994,2020-09-05 18:08:48,17596
11995,2020-12-03 15:06:23,17597
11998,2021-10-15 18:22:23,17600
12000,2021-03-27 11:43:47,17602
12001,2023-04-26 14:36:42,17603
12002,2020-06-17 16:35:53,17604
12003,2023-10-06 14:08:16,17605
12004,2020-10-06 16:55:55,17606
12005,2021-09-13 10:57:39,17607
12007,2020-06-23 16:32:59,17609
12008,2020-10-20 11:04:15,17610
12009,2022-01-18 18:36:04,17611
12010,2023-07-03 15:09:02,17612
12011,2023-10-08 13:33:56,17613
12012,2021-10-23 10:55:06,17614
12013,2023-05-13 16:28:24,17615
12014,2023-07-13 08:55:08,17616
12015,2023-12-15 11:13:00,17617
12018,2020-12-28 16:44:03,17620
12022,2022-03-02 11:50:58,17624
12024,2020-02-17 13:58:04,17626
12025,2020-11-21 17:36:57,17627
12027,2021-09-14 10:49:26,17629
12029,2023-10-02 15:29:52,17631
12030,2022-11-03 09:14:29,17632
12033,2021-02-09 13:56:22,17635
12036,2022-08-02 16:14:59,17638
12037,2023-02-17 08:48:18,17639
12038,2020-07-11 17:15:53,17640
12039,2021-05-20 16:12:59,17641
12040,2021-08-19 17:57:11,17642
12042,2020-12-03 12:40:15,17644
12044,2023-12-16 18:07:30,17646
12045,2022-04-18 13:22:18,17647
12046,2021-08-27 10:31:24,17648
12047,2023-01-28 17:05:56,17649
12049,2023-07-04 17:07:51,17651
12050,2023-02-12 11:21:10,17652
12051,2020-01-26 09:37:36,17653
12052,2020-03-11 08:58:41,17654
12053,2022-10-23 11:13:37,17655
12055,2020-05-22 13:21:21,17657
12056,2020-12-14 15:07:43,17658
12057,2021-11-20 16:21:08,17659
12059,2021-10-09 14:51:02,17661
12061,2023-06-04 18:36:48,17663
12062,2020-03-03 10:42:07,17664
12063,2021-06-18 09:09:07,17665
12064,2021-05-21 15:04:59,17666
12065,2021-02-28 15:19:47,17667
12068,2020-08-12 14:10:55,17670
12072,2023-01-19 16:31:48,17674
12073,2023-02-28 14:14:33,17675
12076,2023-03-09 17:22:38,17678
12077,2020-11-19 08:49:47,17679
12079,2022-08-15 15:35:36,17681
12080,2020-08-06 17:17:37,17682
12081,2023-06-19 18:02:23,17683
12082,2020-04-06 13:47:16,17684
12083,2020-12-02 18:34:29,17685
12084,2020-09-18 18:07:29,17686
12085,2021-11-07 10:15:43,17687
12086,2020-06-08 10:02:32,17688
12087,2020-05-25 15:50:17,17689
12088,2022-05-07 08:39:25,17690
12089,2021-11-05 17:22:04,17691
12090,2023-05-06 18:17:22,17692
12092,2023-11-07 17:04:58,17694
12093,2020-11-23 12:13:23,17695
12095,2022-09-25 09:45:29,17697
12098,2021-02-02 16:49:01,17700
12099,2022-04-14 13:55:34,17701
12103,2022-09-10 10:50:34,17705
12105,2020-02-19 11:44:45,17707
12106,2020-03-06 16:46:43,17708
12109,2021-06-02 15:12:58,17711
12110,2022-05-02 12:43:04,17712
12111,2023-02-22 17:42:41,17713
12114,2023-12-11 11:09:26,17716
12115,2020-02-26 15:14:21,17717
12116,2020-06-05 14:35:57,17718
12117,2020-12-05 14:24:52,17719
12119,2021-03-27 12:13:38,17721
12121,2023-09-14 18:01:28,17723
12123,2021-12-26 13:03:58,17725
12125,2023-01-07 11:27:13,17727
12126,2023-05-23 13:25:46,17728
12127,2021-02-13 14:46:36,17729
12128,2021-04-26 17:54:30,17730
12129,2020-03-18 10:29:35,17731
12132,2022-08-08 12:56:37,17734
12133,2021-12-16 15:08:25,17735
12136,2021-12-08 10:42:44,17738
12137,2023-05-20 13:07:19,17739
12138,2022-08-05 11:25:39,17740
12142,2023-02-02 11:33:08,17744
12144,2020-12-15 13:31:30,17746
12145,2022-07-14 12:47:49,17747
12146,2020-07-26 09:25:17,17748
12148,2022-09-13 18:41:31,17750
12149,2020-09-16 13:18:58,17751
12150,2023-01-20 14:55:56,17752
12151,2023-12-05 10:19:11,17753
12152,2021-07-08 12:52:42,17754
12153,2020-07-15 15:54:59,17755
12157,2021-11-22 12:29:06,17759
12159,2022-11-16 17:42:49,17761
12160,2023-11-26 15:11:20,17762
12161,2021-12-08 14:03:16,17763
12162,2022-01-26 08:54:25,17764
12165,2020-08-09 13:58:20,17767
12166,2023-02-01 12:49:09,17768
12167,2020-04-03 11:29:59,17769
12169,2021-03-13 17:51:45,17771
12170,2022-12-17 16:47:29,17772
12171,2020-10-21 10:06:30,17773
12172,2020-12-18 11:07:14,17774
12173,2022-12-25 17:38:08,17775
12174,2023-12-16 17:10:55,17776
12176,2020-08-18 15:30:42,17778
12178,2020-11-23 10:13:01,17780
12180,2022-12-23 14:41:52,17782
12182,2021-03-19 15:59:21,17784
12183,2023-02-06 16:47:41,17785
12186,2020-08-25 13:09:08,17788
12188,2021-12-07 09:49:31,17790
12189,2020-12-09 17:55:46,17791
12190,2021-08-16 13:40:24,17792
12191,2023-07-02 18:04:05,17793
12192,2020-09-27 10:40:43,17794
12193,2022-03-24 09:45:31,17795
12194,2022-01-03 09:12:24,17796
12195,2021-09-17 12:33:28,17797
12196,2020-01-18 15:48:44,17798
12197,2023-08-05 12:00:32,17799
12199,2022-07-22 11:09:23,17801
12202,2023-11-19 13:16:44,17804
12203,2020-04-21 15:38:38,17805
12204,2020-02-26 18:07:49,17806
12205,2020-08-20 17:54:26,17807
12206,2020-07-01 12:41:27,17808
12207,2021-05-14 12:58:38,17809
12208,2021-03-27 09:47:23,17810
12210,2023-07-27 11:04:23,17812
12212,2020-02-05 15:46:36,17814
12213,2022-10-21 11:53:45,17815
12214,2022-09-06 16:50:56,17816
12215,2021-01-24 09:21:12,17817
12216,2022-07-17 17:09:17,17818
12217,2020-09-04 08:39:05,17819
12219,2022-02-27 18:09:42,17821
12220,2021-01-26 14:30:14,17822
12221,2022-01-15 17:35:34,17823
12224,2020-07-08 10:53:36,17826
12226,2021-03-11 12:21:59,17828
12227,2023-02-18 09:51:06,17829
12228,2021-11-03 15:29:31,17830
12229,2021-04-04 10:31:41,17831
12231,2022-09-10 10:39:43,17833
12235,2022-07-23 10:28:25,17837
12236,2022-09-28 14:54:33,17838
12237,2021-04-23 12:04:50,17839
12238,2021-05-09 11:00:31,17840
12240,2023-05-02 14:25:52,17842
12241,2022-09-02 12:06:40,17843
12242,2021-10-11 18:23:13,17844
12243,2023-10-14 15:56:39,17845
12244,2022-11-04 10:22:19,17846
12245,2021-08-05 09:00:50,17847
12248,2023-02-16 16:17:55,17850
12250,2020-05-17 10:10:35,17852
12251,2022-09-14 14:21:42,17853
12252,2023-08-24 12:41:05,17854
12253,2022-02-25 18:07:34,17855
12254,2022-03-09 17:03:28,17856
12257,2021-06-06 13:15:24,17859
12258,2021-06-07 12:19:05,17860
12261,2022-02-05 15:17:29,17863
12263,2022-12-26 14:16:31,17865
12264,2020-11-13 15:57:25,17866
12265,2021-03-12 14:32:21,17867
12266,2021-10-06 09:55:09,17868
12268,2020-11-06 10:03:16,17870
12269,2020-04-17 10:53:11,17871
12270,2022-08-05 18:00:06,17872
12271,2022-02-10 12:49:18,17873
12272,2020-05-20 12:21:28,17874
12273,2021-10-21 15:25:57,17875
12277,2021-12-13 16:54:43,17879
12279,2023-12-23 17:59:43,17881
12281,2022-08-03 12:01:45,17883
12284,2020-11-10 15:00:14,17886
12286,2022-12-24 15:22:32,17888
12287,2023-10-01 15:43:10,17889
12289,2023-03-03 17:27:35,17891
12292,2022-06-14 10:43:54,17894
12293,2023-04-23 16:02:27,17895
12294,2022-12-26 18:36:09,17896
12295,2021-12-17 15:32:33,17897
12297,2023-05-16 17:31:43,17899
12298,2023-12-25 11:30:01,17900
12299,2023-04-16 17:09:27,17901
12300,2023-04-06 11:46:36,17902
12301,2023-02-11 17:42:16,17903
12302,2021-12-23 10:37:14,17904
12304,2021-09-10 15:55:51,17906
12305,2023-06-02 14:09:22,17907
12306,2022-04-22 14:38:05,17908
12307,2022-08-21 16:13:26,17909
12308,2023-05-16 11:30:22,17910
12311,2023-03-28 12:27:43,17913
12312,2022-11-01 18:14:23,17914
12313,2023-04-13 15:02:07,17915
12314,2021-05-12 15:23:38,17916
12315,2021-01-07 13:09:42,17917
12317,2021-08-09 11:00:55,17919
12318,2022-06-10 14:39:30,17920
12319,2020-01-07 09:13:33,17921
12320,2022-11-10 14:24:09,17922
12321,2021-11-04 14:53:19,17923
12322,2021-02-05 09:36:20,17924
12323,2021-09-22 17:20:01,17925
12325,2020-01-18 10:38:01,17927
12326,2020-05-27 11:18:53,17928
12327,2021-07-15 11:04:46,17929
12328,2023-01-03 13:39:19,17930
12329,2021-08-16 08:52:07,17931
12330,2020-03-22 14:19:57,17932
12332,2022-03-20 13:37:24,17934
12333,2021-02-14 16:40:40,17935
12334,2022-06-25 08:55:40,17936
12335,2020-06-06 14:58:51,17937
12336,2022-08-07 10:45:41,17938
12337,2022-04-16 12:23:00,17939
12338,2022-08-09 09:26:54,17940
12342,2022-10-13 18:52:13,17944
12343,2021-07-26 15:37:42,17945
12345,2020-11-20 10:17:03,17947
12346,2023-07-03 08:56:35,17948
12348,2022-04-06 08:59:51,17950
12349,2020-09-16 08:31:39,17951
12350,2020-08-18 16:04:30,17952
12351,2021-01-15 12:26:25,17953
12352,2021-12-02 14:26:35,17954
12353,2022-05-03 15:55:06,17955
12354,2023-02-04 13:05:16,17956
12356,2021-12-24 13:01:10,17958
12357,2021-03-27 17:26:37,17959
12359,2021-03-14 17:20:15,17961
12360,2020-01-14 17:16:23,17962
12361,2022-01-07 08:56:12,17963
12363,2023-05-07 12:50:50,17965
12364,2023-12-05 10:00:45,17966
12367,2021-12-07 12:45:08,17969
12369,2020-07-20 08:52:41,17971
12371,2020-12-07 16:23:42,17973
12372,2021-04-17 11:55:07,17974
12373,2022-07-19 17:59:33,17975
12376,2023-02-24 14:17:22,17978
12377,2022-10-05 09:14:21,17979
12378,2020-12-04 14:49:09,17980
12380,2021-12-15 16:00:11,17982
12381,2020-09-20 09:04:16,17983
12382,2021-05-15 10:03:10,17984
12383,2022-01-03 14:55:35,17985
12384,2022-10-03 17:28:43,17986
12385,2022-08-24 12:41:17,17987
12386,2022-01-06 11:34:05,17988
12387,2020-06-02 17:06:10,17989
12388,2022-03-09 09:44:15,17990
12390,2021-09-11 16:18:07,17992
12392,2023-10-15 09:55:04,17994
12393,2020-04-02 11:59:45,17995
12394,2021-01-19 11:22:19,17996
12395,2023-06-18 09:13:22,17997
12396,2020-09-15 12:47:18,17998
12397,2021-12-09 15:58:24,17999
12400,2023-11-09 09:12:55,18002
12401,2023-03-02 18:59:27,18003
12402,2021-02-18 09:37:57,18004
12403,2022-10-22 14:05:17,18005
12405,2023-07-01 10:34:55,18007
12406,2022-11-10 18:06:14,18008
12409,2020-12-03 13:02:04,18011
12410,2023-07-26 16:36:15,18012
12411,2022-02-03 09:10:12,18013
12413,2022-05-24 10:39:53,18015
12415,2020-09-05 10:48:46,18017
12416,2022-03-20 09:32:29,18018
12417,2023-11-21 09:37:52,18019
12420,2022-12-24 17:52:30,18022
12421,2023-08-05 12:19:31,18023
12422,2021-09-14 14:04:08,18024
12425,2021-10-23 18:04:24,18027
12426,2022-10-01 16:07:01,18028
12427,2022-05-23 15:13:26,18029
12429,2021-05-13 15:29:26,18031
12430,2021-08-17 12:53:57,18032
12431,2020-10-16 15:42:18,18033
12432,2020-05-03 11:12:02,18034
12434,2020-05-17 12:05:36,18036
12435,2020-11-16 11:14:31,18037
12437,2021-05-22 12:20:41,18039
12439,2023-05-16 18:32:35,18041
12442,2021-09-03 16:30:15,18044
12444,2020-10-24 16:51:03,18046
12445,2022-10-10 15:30:03,18047
12447,2020-07-22 14:59:16,18049
12451,2022-03-08 14:39:25,18053
12453,2020-11-10 17:31:24,18055
12455,2023-01-01 12:21:37,18057
12457,2022-09-11 12:06:44,18059
12458,2020-01-01 14:06:12,18060
12460,2021-12-11 09:50:09,18062
12462,2023-02-19 13:14:32,18064
12465,2023-09-10 11:56:23,18067
12467,2022-04-22 17:00:31,18069
12468,2023-05-08 15:08:04,18070
12470,2022-05-10 08:37:38,18072
12471,2023-11-15 10:54:32,18073
12472,2021-12-11 12:05:48,18074
12473,2023-11-20 13:42:54,18075
12474,2020-07-16 13:51:55,18076
12475,2021-01-10 14:36:48,18077
12476,2021-09-26 09:31:03,18078
12477,2020-02-19 09:26:18,18079
12478,2020-04-11 17:22:23,18080
12480,2023-02-11 11:44:25,18082
12481,2020-06-11 13:38:09,18083
12482,2021-04-19 11:42:24,18084
12483,2023-06-03 17:11:08,18085
12484,2022-10-10 11:46:22,18086
12485,2022-07-02 17:44:00,18087
12486,2021-08-03 15:28:47,18088
12487,2020-02-18 17:04:59,18089
12488,2021-04-09 11:02:54,18090
12489,2021-12-20 16:30:48,18091
12492,2021-01-06 16:31:38,18094
12493,2020-12-03 11:22:12,18095
12494,2020-11-19 11:36:03,18096
12495,2020-08-26 10:19:11,18097
12496,2023-02-03 14:38:25,18098
12497,2022-08-08 14:06:12,18099
12498,2022-08-17 13:54:30,18100
12500,2020-09-09 16:29:14,18102
12502,2022-07-20 13:34:39,18104
12503,2021-12-26 12:09:03,18105
12505,2021-09-04 14:17:54,18107
12506,2023-11-03 11:15:02,18108
12507,2021-09-06 18:08:56,18109
12508,2020-05-12 09:17:17,18110
12509,2023-09-27 08:55:33,18111
12510,2020-06-17 12:17:54,18112
12511,2022-04-22 17:39:31,18113
12513,2020-10-10 16:42:01,18115
12514,2023-04-25 16:33:55,18116
12516,2021-03-20 15:43:06,18118
12517,2021-02-02 15:49:38,18119
12519,2021-06-05 16:39:12,18121
12520,2022-07-12 09:16:37,18122
12521,2020-02-26 13:10:15,18123
12522,2022-04-07 11:31:14,18124
12523,2020-11-14 17:25:03,18125
12524,2022-03-28 15:33:41,18126
12525,2020-06-14 16:09:38,18127
12527,2020-02-11 17:51:13,18129
12529,2021-04-27 18:23:13,18131
12532,2022-07-25 16:22:48,18134
12533,2022-04-17 18:06:06,18135
12535,2022-04-16 16:58:20,18137
12536,2022-02-25 13:52:07,18138
12537,2020-11-19 09:49:58,18139
12542,2022-09-06 17:09:38,18144
12543,2023-09-28 12:09:04,18145
12544,2022-04-22 13:26:16,18146
12545,2023-09-08 16:31:07,18147
12546,2023-02-07 18:31:00,18148
12547,2021-06-13 13:32:15,18149
12548,2020-04-01 16:33:28,18150
12550,2022-10-26 12:47:09,18152
12551,2021-02-08 14:22:43,18153
12553,2023-08-07 16:15:57,18155
12554,2020-08-13 12:20:41,18156
12556,2020-03-24 17:23:48,18158
12557,2020-04-28 15:17:44,18159
12558,2023-02-19 08:40:29,18160
12559,2023-01-24 10:43:59,18161
12560,2020-01-08 16:55:45,18162
12561,2021-10-24 15:04:50,18163
12562,2021-10-19 15:12:12,18164
12563,2021-11-04 10:08:28,18165
12564,2022-05-26 10:18:50,18166
12565,2023-02-28 09:09:52,18167
12567,2021-02-27 12:13:08,18169
12568,2022-12-12 10:02:58,18170
12569,2022-06-15 11:10:34,18171
12570,2023-03-03 08:55:54,18172
12572,2021-01-01 13:34:47,18174
12573,2021-03-22 17:16:37,18175
12574,2022-06-28 17:01:00,18176
12575,2022-06-20 12:09:43,18177
12576,2020-07-08 10:06:33,18178
12578,2022-12-20 09:55:22,18180
12579,2023-06-12 17:09:21,18181
12580,2021-06-04 10:01:58,18182
12581,2020-11-21 10:15:05,18183
12582,2023-11-25 12:11:13,18184
12584,2021-07-14 10:48:47,18186
12585,2023-10-16 09:58:01,18187
12589,2020-06-23 14:45:18,18191
12591,2022-03-09 16:00:18,18193
12592,2023-05-11 09:23:16,18194
12593,2023-06-10 15:44:09,18195
12595,2020-10-11 13:18:12,18197
12596,2023-07-19 10:10:18,18198
12598,2022-04-20 17:32:04,18200
12599,2021-07-21 08:58:48,18201
12600,2020-08-08 12:34:37,18202
12601,2021-03-16 17:14:56,18203
12602,2023-03-18 15:36:17,18204
12605,2023-11-08 14:04:23,18207
12606,2022-12-21 16:47:21,18208
12608,2021-10-01 09:15:21,18210
12610,2023-11-18 17:40:16,18212
12611,2020-11-08 11:49:41,18213
12612,2022-09-28 09:33:14,18214
12614,2023-05-07 13:51:40,18216
12616,2022-12-03 10:57:28,18218
12617,2022-02-03 10:55:20,18219
12618,2021-10-04 12:29:13,18220
12619,2023-03-17 13:56:24,18221
12620,2022-11-02 10:44:09,18222
12624,2021-07-14 16:48:39,18226
12625,2022-07-16 14:14:12,18227
12626,2023-07-15 11:47:09,18228
12628,2023-05-27 10:03:49,18230
12631,2021-10-25 16:16:06,18233
12632,2020-11-28 16:25:41,18234
12633,2020-10-15 18:42:17,18235
12634,2023-08-06 15:48:48,18236
12635,2022-04-07 12:21:18,18237
12636,2022-09-17 17:53:40,18238
12637,2022-10-16 08:23:08,18239
12638,2022-03-23 15:46:17,18240
12640,2021-03-12 18:54:04,18242
12643,2021-11-27 08:45:09,18245
12645,2020-07-27 09:02:00,18247
12646,2021-02-14 10:44:20,18248
12648,2022-04-12 15:15:46,18250
12649,2020-08-01 15:50:09,18251
12650,2020-03-22 14:17:22,18252
12651,2023-08-21 09:17:56,18253
12652,2023-01-16 13:07:30,18254
12653,2021-03-07 11:46:09,18255
12655,2021-09-04 11:41:49,18257
12656,2020-09-13 13:53:28,18258
12657,2020-01-22 16:53:45,18259
12658,2023-10-21 12:34:20,18260
12659,2023-07-14 14:25:41,18261
12660,2023-01-01 16:41:56,18262
12661,2022-12-20 13:55:20,18263
12663,2021-10-17 12:04:58,18265
12665,2021-04-03 12:48:59,18267
12667,2021-09-16 11:03:25,18269
12668,2022-05-01 13:54:58,18270
12669,2020-12-20 13:51:10,18271
12673,2022-12-22 17:24:33,18275
12675,2022-06-09 16:23:27,18277
12676,2020-02-13 09:48:57,18278
12677,2022-11-09 08:35:17,18279
12678,2021-10-06 17:24:49,18280
12680,2020-03-09 14:53:07,18282
12681,2023-08-15 14:08:19,18283
12682,2020-02-19 14:41:15,18284
12683,2023-11-07 13:24:03,18285
12684,2022-06-09 15:40:44,18286
12685,2020-12-01 16:43:31,18287
12687,2022-04-17 18:34:37,18289
12688,2020-04-11 10:58:27,18290
12689,2021-08-11 09:16:55,18291
12690,2020-09-24 15:45:08,18292
12693,2022-04-02 11:32:44,18295
12696,2022-01-25 10:41:10,18298
12697,2022-09-19 11:06:02,18299
12698,2022-05-27 10:33:23,18300
12703,2020-04-25 09:40:40,18305
12704,2021-07-17 14:03:50,18306
12705,2022-01-01 16:23:31,18307
12706,2021-01-18 09:29:55,18308
12710,2023-09-15 17:35:13,18312
12711,2021-09-19 18:36:29,18313
12712,2022-04-17 17:31:15,18314
12714,2023-09-17 11:38:48,18316
12716,2023-09-16 14:16:43,18318
12717,2021-06-20 17:50:08,18319
12718,2023-03-12 15:12:20,18320
12719,2023-08-24 09:06:50,18321
12722,2023-11-24 13:09:21,18324
12723,2022-12-07 10:18:38,18325
12724,2023-11-20 15:13:38,18326
12725,2021-08-09 16:54:00,18327
12727,2020-09-28 09:35:27,18329
12728,2021-06-03 10:03:01,18330
12730,2022-12-06 12:58:53,18332
12731,2020-06-10 17:51:26,18333
12732,2020-12-21 12:12:58,18334
12733,2022-12-06 09:45:26,18335
12734,2022-03-03 12:05:39,18336
12735,2023-05-13 18:09:48,18337
12736,2022-07-25 18:29:08,18338
12738,2021-01-28 16:37:24,18340
12742,2021-09-07 14:45:22,18344
12744,2020-04-01 15:41:32,18346
12745,2023-05-18 18:07:53,18347
12746,2023-07-16 12:00:14,18348
12747,2020-09-28 17:28:29,18349
12751,2023-05-03 08:37:25,18353
12753,2022-03-04 13:07:47,18355
12754,2020-07-12 11:33:13,18356
12755,2021-11-04 09:59:33,18357
12758,2022-09-11 09:37:16,18360
12759,2020-08-26 16:39:25,18361
12760,2020-04-15 18:11:47,18362
12761,2023-12-19 13:21:15,18363
12763,2023-02-07 14:30:04,18365
12764,2020-02-18 10:00:32,18366
12765,2020-10-13 17:56:05,18367
12766,2020-09-10 14:05:12,18368
12769,2023-10-07 11:42:13,18371
12770,2022-05-26 17:49:55,18372
12771,2020-10-02 13:21:58,18373
12773,2023-03-26 15:17:32,18375
12775,2021-02-19 17:35:08,18377
12776,2020-01-13 13:22:08,18378
12777,2021-06-07 18:13:27,18379
12778,2022-04-08 13:05:41,18380
12781,2020-06-09 08:22:25,18383
12783,2022-05-26 13:23:15,18385
12784,2021-08-06 15:48:52,18386
12785,2023-07-02 16:45:34,18387
12786,2020-05-19 17:25:31,18388
12787,2020-03-21 17:48:24,18389
12788,2021-04-26 16:48:40,18390
12789,2023-02-13 13:20:08,18391
12790,2021-10-08 18:07:51,18392
12791,2021-03-22 15:06:22,18393
12792,2020-05-14 17:58:23,18394
12793,2023-01-09 11:24:33,18395
12795,2023-03-06 15:40:54,18397
12796,2022-03-27 14:51:37,18398
12797,2023-06-20 15:43:30,18399
12798,2022-03-09 12:21:43,18400
12799,2021-05-28 14:45:00,18401
12800,2023-11-02 13:19:52,18402
12802,2023-10-11 13:25:25,18404
12803,2023-09-16 10:17:30,18405
12804,2023-09-16 09:58:50,18406
12805,2020-12-05 17:39:17,18407
12806,2020-02-14 14:22:54,18408
12807,2022-06-23 15:04:58,18409
12808,2023-02-03 14:26:05,18410
12809,2022-11-27 12:14:00,18411
12811,2023-08-01 17:58:46,18413
12812,2020-01-21 17:46:01,18414
12813,2023-01-20 08:30:49,18415
12814,2020-01-03 11:18:32,18416
12815,2022-04-27 13:18:03,18417
12816,2020-12-20 18:22:12,18418
12817,2021-05-10 13:20:14,18419
12819,2021-02-15 15:20:32,18421
12820,2023-10-27 10:03:54,18422
12821,2021-04-14 09:18:32,18423
12822,2020-06-26 14:28:36,18424
12823,2021-09-01 17:26:47,18425
12825,2021-06-21 17:17:05,18427
12826,2022-07-19 18:05:06,18428
12828,2023-05-18 16:21:11,18430
12829,2022-05-27 08:56:29,18431
12830,2022-04-24 17:59:19,18432
12831,2020-05-07 12:56:06,18433
12832,2020-06-12 09:59:26,18434
12834,2023-08-04 16:53:31,18436
12836,2021-11-12 16:04:28,18438
12837,2020-07-20 13:17:33,18439
12838,2022-10-06 10:54:26,18440
12841,2021-10-15 11:21:30,18443
12843,2023-05-21 12:30:49,18445
12847,2023-10-08 08:37:43,18449
12848,2021-10-03 09:07:46,18450
12849,2021-11-24 14:25:08,18451
12850,2020-11-23 12:31:16,18452
12852,2022-12-26 09:12:10,18454
12854,2023-04-13 08:15:35,18456
12855,2021-08-13 09:27:17,18457
12857,2021-10-12 13:32:14,18459
12859,2020-05-15 16:51:30,18461
12860,2023-02-07 10:50:17,18462
12861,2020-08-02 13:50:04,18463
12862,2023-08-21 10:15:28,18464
12864,2020-05-24 11:42:14,18466
12866,2022-04-16 11:29:39,18468
12867,2022-08-22 11:37:38,18469
12868,2022-09-08 16:48:13,18470
12869,2022-10-01 11:48:40,18471
12870,2020-07-05 12:42:53,18472
12872,2021-10-23 13:21:23,18474
12873,2023-11-21 08:46:18,18475
12874,2023-09-20 13:32:11,18476
12875,2021-07-16 12:03:30,18477
12876,2021-07-19 18:45:20,18478
12877,2020-03-14 08:57:59,18479
12878,2021-09-28 10:11:51,18480
12879,2023-07-12 09:08:02,18481
12880,2022-10-21 14:34:51,18482
12881,2022-05-25 10:01:17,18483
12882,2022-02-15 15:06:58,18484
12883,2022-02-16 15:08:33,18485
12884,2022-01-22 10:54:14,18486
12885,2020-06-05 14:43:20,18487
12886,2022-01-17 16:56:43,18488
12888,2020-08-20 11:26:34,18490
12889,2023-07-16 12:59:19,18491
12890,2022-05-28 17:11:24,18492
12892,2020-09-11 18:28:28,18494
12893,2020-01-24 17:57:13,18495
12894,2023-12-22 15:40:08,18496
12896,2020-11-12 13:35:04,18498
12897,2021-07-02 12:26:22,18499
12900,2023-09-17 08:02:51,18502
12901,2022-12-13 18:21:12,18503
12902,2023-11-21 14:27:23,18504
12903,2022-01-25 17:21:06,18505
12904,2021-06-21 16:38:24,18506
12906,2023-08-22 09:04:55,18508
12907,2022-09-15 09:57:40,18509
12908,2022-06-23 14:22:31,18510
12910,2021-11-28 16:46:02,18512
12911,2022-08-27 10:14:39,18513
12913,2023-01-18 10:12:37,18515
12915,2022-08-22 14:51:47,18517
12916,2022-10-17 11:36:43,18518
12917,2023-01-13 15:54:05,18519
12918,2021-06-05 10:32:53,18520
12919,2021-12-02 14:30:53,18521
12921,2023-11-20 11:10:12,18523
12922,2020-05-28 09:30:13,18524
12923,2022-05-02 12:00:17,18525
12924,2022-11-19 10:54:41,18526
12926,2021-02-02 14:46:20,18528
12930,2021-05-10 17:43:06,18532
12931,2020-01-19 08:40:53,18533
12932,2023-05-02 10:53:28,18534
12933,2020-03-02 14:36:10,18535
12935,2021-05-16 15:58:36,18537
12936,2022-07-22 18:26:17,18538
12937,2021-04-21 15:00:07,18539
12938,2021-04-07 14:14:36,18540
12942,2021-08-28 16:37:28,18544
12943,2020-02-21 15:54:14,18545
12946,2023-05-27 11:18:16,18548
12947,2020-08-28 16:40:28,18549
12948,2023-08-02 09:40:25,18550
12949,2020-05-11 14:07:15,18551
12950,2020-01-17 16:18:29,18552
12951,2022-03-04 14:45:48,18553
12952,2023-06-15 13:33:59,18554
12953,2020-07-21 11:18:15,18555
12954,2021-02-06 09:07:22,18556
12955,2022-11-28 09:44:05,18557
12956,2020-04-03 14:28:29,18558
12957,2021-09-09 16:52:13,18559
12958,2023-05-07 18:13:58,18560
12959,2022-04-16 14:09:34,18561
12960,2021-08-16 13:57:21,18562
12961,2021-01-15 12:18:26,18563
12962,2020-02-22 10:25:31,18564
12963,2023-12-08 12:53:23,18565
12964,2020-03-03 09:02:16,18566
12966,2020-04-11 11:30:01,18568
12968,2020-05-22 17:02:48,18570
12969,2023-10-07 11:22:36,18571
12970,2022-09-20 12:46:32,18572
12971,2020-06-02 14:28:18,18573
12973,2021-08-26 15:56:37,18575
12974,2023-01-12 12:55:53,18576
12976,2023-07-28 14:04:04,18578
12977,2021-03-13 16:38:31,18579
12978,2020-03-16 09:12:08,18580
12979,2020-01-28 15:33:54,18581
12980,2021-12-26 17:30:33,18582
12982,2020-02-19 09:29:38,18584
12983,2020-09-07 11:02:44,18585
12984,2022-07-08 11:14:39,18586
12985,2022-12-25 14:56:46,18587
12986,2020-07-16 16:03:34,18588
12988,2020-12-01 17:00:32,18590
12990,2021-08-19 13:06:35,18592
12991,2020-11-01 12:24:53,18593
12993,2023-07-06 10:54:06,18595
12994,2021-07-05 14:31:20,18596
12995,2021-01-28 14:42:26,18597
12996,2020-06-14 16:22:16,18598
12997,2020-05-07 15:20:59,18599
12999,2023-05-01 15:04:40,18601
13001,2023-11-19 14:37:15,18603
13003,2022-05-10 10:24:36,18605
13004,2023-06-16 15:54:08,18606
13005,2023-12-04 09:28:40,18607
13006,2020-07-06 11:01:56,18608
13010,2021-02-21 15:02:00,18612
13011,2022-05-08 10:07:30,18613
13012,2022-10-19 10:10:45,18614
13014,2022-08-18 10:17:40,18616
13015,2021-06-22 09:42:00,18617
13016,2022-09-21 11:10:24,18618
13017,2021-02-04 09:31:21,18619
13018,2021-07-19 14:30:31,18620
13019,2022-06-26 10:46:06,18621
13020,2023-07-23 10:10:58,18622
13021,2020-03-16 08:57:25,18623
13022,2020-12-01 12:02:00,18624
13024,2022-12-14 18:10:51,18626
13025,2023-06-22 11:53:58,18627
13027,2020-01-13 12:33:07,18629
13029,2022-05-07 15:59:36,18631
13030,2022-09-21 16:01:54,18632
13031,2020-03-21 12:31:59,18633
13033,2022-11-26 12:33:03,18635
13034,2020-01-08 14:18:01,18636
13035,2023-01-23 09:08:31,18637
13036,2020-05-16 18:10:04,18638
13037,2023-09-02 09:49:31,18639
13038,2020-10-21 13:05:32,18640
13039,2021-06-23 16:25:37,18641
13040,2020-01-05 14:40:45,18642
13041,2023-10-17 14:09:01,18643
13042,2023-04-01 14:52:33,18644
13043,2022-07-27 11:48:20,18645
13044,2023-04-24 10:34:50,18646
13045,2022-11-02 18:13:55,18647
13046,2022-06-07 09:32:10,18648
13047,2020-12-14 14:07:00,18649
13049,2023-07-20 13:51:50,18651
13051,2023-02-26 15:09:00,18653
13053,2021-06-14 14:32:37,18655
13055,2021-10-21 13:54:37,18657
13056,2023-08-05 15:28:02,18658
13059,2021-05-13 09:12:00,18661
13060,2023-04-14 17:02:59,18662
13061,2022-04-23 10:41:05,18663
13062,2023-11-19 09:40:21,18664
13063,2023-04-05 11:31:41,18665
13064,2022-06-04 10:46:35,18666
13065,2023-01-10 13:55:47,18667
13066,2022-01-05 17:29:27,18668
13068,2023-05-16 15:42:59,18670
13070,2022-01-04 09:29:08,18672
13071,2023-12-10 16:39:04,18673
13073,2021-06-03 15:09:45,18675
13075,2023-06-04 14:31:26,18677
13076,2023-08-03 11:26:25,18678
13078,2020-06-11 16:27:08,18680
13080,2023-09-28 11:08:19,18682
13081,2022-11-08 18:35:54,18683
13082,2020-06-12 15:17:59,18684
13084,2020-04-03 12:02:55,18686
13085,2020-08-22 12:36:51,18687
13086,2022-02-07 15:43:18,18688
13087,2022-06-16 12:21:51,18689
13089,2021-10-17 08:08:16,18691
13091,2020-07-24 18:56:40,18693
13092,2022-04-17 08:27:43,18694
13093,2023-03-03 10:24:16,18695
13094,2021-08-03 13:02:07,18696
13098,2022-11-13 14:50:06,18700
13101,2020-11-15 14:32:39,18703
13102,2020-08-09 11:29:26,18704
13103,2020-09-08 17:23:13,18705
13104,2022-01-09 13:54:30,18706
13105,2022-02-27 10:29:19,18707
13107,2022-04-04 10:46:15,18709
13108,2020-12-08 15:09:25,18710
13110,2023-03-11 09:57:00,18712
13111,2021-11-20 08:33:25,18713
13112,2020-02-25 18:06:51,18714
13114,2022-05-03 11:57:21,18716
13117,2021-06-01 16:46:40,18719
13118,2022-11-13 14:11:04,18720
13119,2020-12-04 11:25:36,18721
13123,2023-06-21 09:04:48,18725
13124,2020-05-18 14:14:01,18726
13126,2021-04-21 11:19:43,18728
13127,2020-11-23 16:13:42,18729
13128,2021-01-21 11:00:34,18730
13129,2020-02-21 11:02:54,18731
13130,2023-08-07 18:03:56,18732
13131,2023-03-09 08:59:35,18733
13132,2020-04-01 11:54:38,18734
13133,2022-04-04 13:22:01,18735
13134,2021-06-22 16:36:50,18736
13136,2020-02-24 17:00:57,18738
13141,2021-08-27 08:20:34,18743
13142,2023-03-19 14:52:12,18744
13144,2020-04-26 13:05:40,18746
13146,2022-04-24 16:23:11,18748
13149,2020-09-12 14:30:44,18751
13153,2020-10-04 13:00:39,18755
13154,2021-03-06 17:58:18,18756
13155,2022-12-24 15:29:19,18757
13156,2023-03-04 11:22:27,18758
13160,2021-07-23 16:31:11,18762
13161,2023-07-16 11:31:29,18763
13162,2022-03-09 12:44:02,18764
13163,2020-08-18 18:02:39,18765
13164,2020-08-02 10:04:51,18766
13165,2023-12-13 14:40:18,18767
13167,2022-04-11 17:00:59,18769
13168,2023-02-15 14:53:40,18770
13169,2021-09-17 12:12:55,18771
13170,2022-01-27 16:30:45,18772
13171,2021-09-24 09:16:27,18773
13172,2020-12-13 12:02:02,18774
13173,2022-06-15 14:39:22,18775
13174,2022-02-13 13:40:27,18776
13175,2022-09-03 18:03:48,18777
13177,2020-02-21 10:20:52,18779
13178,2020-09-19 17:53:12,18780
13179,2020-03-23 10:21:02,18781
13181,2023-11-03 13:49:49,18783
13182,2022-04-16 16:51:23,18784
13183,2023-12-10 16:43:32,18785
13185,2023-07-21 14:35:12,18787
13186,2023-02-20 11:32:07,18788
13188,2021-11-12 15:54:02,18790
13189,2022-12-03 13:11:17,18791
13191,2023-02-12 10:00:44,18793
13192,2022-03-21 13:37:25,18794
13193,2023-02-15 11:30:10,18795
13194,2020-06-12 08:23:38,18796
13195,2022-05-24 14:54:38,18797
13196,2020-07-24 10:02:29,18798
13197,2022-06-16 10:25:30,18799
13198,2023-01-24 16:20:45,18800
13200,2021-11-18 13:32:14,18802
13201,2021-06-01 09:08:09,18803
13202,2021-01-04 16:45:43,18804
13203,2022-07-16 10:16:50,18805
13204,2023-10-20 11:48:22,18806
13205,2020-08-08 12:52:32,18807
13206,2023-09-03 14:51:30,18808
13207,2022-05-24 13:22:46,18809
13208,2023-08-27 12:42:55,18810
13209,2023-04-18 14:34:36,18811
13210,2023-02-28 09:21:00,18812
13214,2020-11-14 13:10:05,18816
13215,2021-08-20 11:16:30,18817
13217,2023-02-24 15:01:50,18819
13218,2020-04-18 10:15:43,18820
13219,2020-07-12 11:49:10,18821
13220,2021-08-25 16:49:42,18822
13221,2020-11-19 13:18:29,18823
13222,2020-11-13 15:10:55,18824
13223,2023-11-21 08:55:31,18825
13225,2023-10-25 09:39:29,18827
13226,2023-11-14 17:05:54,18828
13228,2023-11-28 16:47:47,18830
13229,2022-05-11 12:40:42,18831
13230,2023-09-03 11:23:10,18832
13231,2020-07-20 13:17:14,18833
13232,2021-10-01 09:13:07,18834
13233,2021-06-28 14:13:27,18835
13235,2020-03-28 12:32:33,18837
13236,2020-05-18 09:18:27,18838
13237,2023-08-28 13:50:06,18839
13238,2020-10-20 13:36:52,18840
13239,2022-07-18 12:11:04,18841
13240,2022-03-15 10:01:04,18842
13242,2020-08-16 10:23:27,18844
13243,2022-02-17 15:20:52,18845
13244,2023-08-05 17:25:09,18846
13245,2020-01-18 12:39:47,18847
13247,2022-08-13 10:08:22,18849
13249,2021-03-11 11:57:52,18851
13250,2022-04-28 11:28:43,18852
13251,2020-11-07 13:27:07,18853
13252,2021-03-28 10:52:06,18854
13254,2020-07-23 16:11:17,18856
13255,2022-01-01 15:47:45,18857
13256,2023-02-15 10:30:28,18858
13258,2022-05-24 16:14:46,18860
13259,2021-01-16 11:27:28,18861
13260,2023-12-21 17:40:46,18862
13262,2023-10-12 15:32:33,18864
13263,2020-05-28 11:45:57,18865
13266,2022-02-21 16:41:26,18868
13268,2023-05-10 09:17:44,18870
13270,2020-10-16 15:02:03,18872
13272,2021-03-13 10:13:18,18874
13273,2020-12-28 15:26:15,18875
13274,2022-04-24 12:15:59,18876
13276,2022-05-20 11:25:22,18878
13277,2023-04-19 08:16:22,18879
13278,2023-01-16 18:04:56,18880
13279,2022-02-01 13:33:28,18881
13284,2021-04-19 17:01:53,18886
13286,2023-12-23 14:39:31,18888
13287,2022-01-27 14:50:40,18889
13289,2023-02-03 13:07:52,18891
13290,2023-02-11 16:30:15,18892
13291,2020-05-09 17:51:57,18893
13292,2022-10-26 15:22:01,18894
13293,2023-08-25 13:28:52,18895
13294,2022-06-13 15:22:24,18896
13296,2022-08-22 16:27:12,18898
13298,2022-04-12 11:43:26,18900
13299,2023-10-25 16:12:36,18901
13300,2021-01-06 17:07:05,18902
13302,2022-12-14 10:53:25,18904
13303,2023-02-22 15:00:09,18905
13304,2021-12-12 16:12:05,18906
13305,2020-07-01 08:19:18,18907
13306,2020-08-06 16:44:37,18908
13307,2021-11-26 09:29:17,18909
13308,2022-09-13 17:50:09,18910
13309,2021-04-27 17:10:22,18911
13310,2023-04-07 15:43:40,18912
13312,2021-06-19 10:43:35,18914
13313,2021-07-27 16:48:23,18915
13314,2021-09-18 14:43:48,18916
13315,2023-09-22 14:57:50,18917
13316,2021-11-10 12:08:56,18918
13319,2021-07-15 11:08:15,18921
13321,2020-09-16 12:37:31,18923
13322,2020-05-13 14:16:04,18924
13323,2020-07-09 09:36:05,18925
13324,2022-01-10 18:42:53,18926
13325,2023-06-09 18:18:51,18927
13327,2021-11-08 14:33:57,18929
13328,2022-05-09 10:51:52,18930
13329,2023-07-10 10:52:20,18931
13331,2022-05-06 11:14:44,18933
13333,2022-04-02 17:34:53,18935
13334,2020-08-22 10:43:32,18936
13335,2020-04-11 17:55:00,18937
13336,2023-02-27 16:06:28,18938
13337,2022-12-04 10:16:25,18939
13338,2023-01-02 08:57:32,18940
13339,2021-01-25 11:21:21,18941
13340,2021-07-05 17:38:27,18942
13341,2023-05-02 09:28:51,18943
13342,2021-04-08 16:24:00,18944
13344,2021-07-25 11:41:12,18946
13347,2020-11-07 17:15:24,18949
13348,2022-02-02 14:32:35,18950
13350,2021-01-18 13:36:48,18952
13351,2023-07-18 13:31:35,18953
13352,2021-12-23 11:24:39,18954
13353,2022-01-02 16:58:07,18955
13355,2020-04-18 10:43:08,18957
13357,2021-08-13 14:21:26,18959
13358,2023-10-07 16:01:50,18960
13359,2022-02-23 17:24:17,18961
13360,2020-06-14 17:57:13,18962
13361,2020-01-01 13:03:26,18963
13362,2021-01-06 17:03:26,18964
13363,2022-04-17 14:37:46,18965
13366,2021-04-02 12:50:53,18968
13369,2022-10-01 11:10:37,18971
13373,2020-02-11 16:05:17,18975
13374,2022-09-09 18:17:35,18976
13375,2022-12-18 10:33:12,18977
13376,2023-02-12 12:30:38,18978
13377,2022-12-28 13:16:27,18979
13380,2021-10-08 15:47:24,18982
13381,2023-03-04 13:43:02,18983
13382,2022-06-24 13:06:13,18984
13383,2022-07-11 12:02:50,18985
13384,2022-01-18 10:13:11,18986
13385,2020-06-15 10:39:35,18987
13387,2023-05-08 10:56:59,18989
13388,2022-01-17 15:26:58,18990
13389,2023-02-02 18:43:01,18991
13390,2021-02-07 13:22:28,18992
13392,2023-06-01 12:30:32,18994
13393,2023-10-16 14:45:46,18995
13396,2021-12-18 19:01:01,18998
13397,2022-11-06 10:38:18,18999
13398,2022-01-08 17:28:33,19000
13399,2020-07-07 12:52:50,19001
13401,2022-01-04 11:10:00,19003
13403,2021-05-03 13:05:40,19005
13404,2023-01-14 16:50:49,19006
13405,2020-10-17 12:09:57,19007
13406,2022-05-11 14:51:51,19008
13408,2021-08-21 11:12:46,19010
13409,2022-12-26 14:21:40,19011
13410,2023-10-20 16:17:56,19012
13411,2021-10-01 12:09:26,19013
13412,2020-10-04 14:03:08,19014
13414,2020-12-01 18:28:36,19016
13416,2022-02-25 10:06:23,19018
13417,2023-08-12 13:11:45,19019
13418,2020-09-01 13:02:02,19020
13419,2021-02-25 18:21:19,19021
13420,2023-08-26 11:06:06,19022
13421,2020-01-26 15:09:43,19023
13424,2020-11-24 09:41:22,19026
13425,2020-11-27 11:54:13,19027
13426,2021-09-02 15:10:22,19028
13427,2020-04-27 16:19:12,19029
13428,2022-03-18 15:14:12,19030
13429,2023-03-12 17:13:39,19031
13430,2021-04-03 14:10:50,19032
13431,2021-05-12 16:24:38,19033
13433,2021-12-07 14:59:24,19035
13434,2020-11-24 12:20:16,19036
13435,2020-10-10 12:28:31,19037
13436,2023-05-09 18:18:46,19038
13437,2023-08-03 15:17:01,19039
13438,2023-06-22 11:54:02,19040
13439,2021-01-20 13:57:19,19041
13441,2020-12-05 17:49:56,19043
13442,2022-04-04 15:40:41,19044
13443,2022-07-01 15:42:22,19045
13444,2020-04-14 10:51:58,19046
13445,2021-03-22 17:29:49,19047
13446,2022-07-06 09:38:32,19048
13447,2020-12-08 09:52:35,19049
13448,2020-06-07 10:08:19,19050
13449,2023-03-05 11:59:45,19051
13450,2023-03-20 17:13:46,19052
13451,2021-10-12 12:07:30,19053
13453,2020-03-02 16:04:39,19055
13455,2020-04-28 10:23:24,19057
13457,2023-12-25 15:17:26,19059
13458,2023-02-18 15:55:50,19060
13463,2020-11-01 09:51:37,19065
13464,2022-07-06 17:54:59,19066
13465,2023-03-05 16:40:04,19067
13467,2022-09-01 10:28:19,19069
13469,2023-01-06 13:59:17,19071
13471,2021-11-18 12:56:46,19073
13474,2022-10-05 08:48:48,19076
13475,2022-02-26 12:21:56,19077
13477,2022-03-14 17:24:50,19079
13478,2022-09-14 14:03:10,19080
13480,2020-11-25 18:34:35,19082
13482,2021-04-12 16:16:17,19084
13483,2020-01-26 14:08:10,19085
13486,2020-10-21 11:44:23,19088
13487,2023-05-15 09:12:25,19089
13488,2020-03-26 16:47:46,19090
13489,2023-08-28 13:36:35,19091
13490,2021-07-14 10:05:28,19092
13492,2021-04-20 13:42:40,19094
13495,2020-01-12 17:55:35,19097
13497,2020-09-20 15:16:11,19099
13498,2021-11-03 14:16:45,19100
13499,2023-06-28 16:59:06,19101
13501,2021-01-15 11:36:47,19103
13502,2022-08-04 16:12:37,19104
13503,2021-02-15 13:19:18,19105
13506,2023-06-28 16:19:42,19108
13507,2020-09-11 11:29:13,19109
13508,2023-02-22 13:43:21,19110
13509,2021-07-25 09:17:30,19111
13511,2022-06-14 13:57:15,19113
13512,2022-04-28 10:17:50,19114
13515,2022-12-14 15:03:55,19117
13516,2021-01-12 15:51:51,19118
13518,2020-02-12 14:27:59,19120
13519,2023-03-21 15:41:32,19121
13521,2022-04-18 17:42:06,19123
13522,2021-01-19 18:41:11,19124
13524,2022-06-21 11:47:07,19126
13525,2023-02-19 11:32:55,19127
13527,2020-08-08 09:23:18,19129
13529,2022-12-16 17:59:32,19131
13530,2020-02-15 15:32:20,19132
13531,2020-08-26 09:30:20,19133
13533,2020-07-08 09:33:56,19135
13534,2021-12-09 15:23:23,19136
13535,2020-06-13 16:21:00,19137
13537,2020-10-21 15:01:20,19139
13538,2023-05-04 08:39:58,19140
13539,2020-09-24 16:10:22,19141
13542,2022-06-06 12:30:13,19144
13543,2022-12-02 16:25:44,19145
13548,2021-10-28 08:54:51,19150
13550,2023-01-05 10:58:36,19152
13551,2022-05-08 13:43:38,19153
13552,2020-05-10 10:18:13,19154
13553,2023-10-25 15:25:19,19155
13554,2020-09-24 16:49:22,19156
13555,2023-01-15 10:57:32,19157
13556,2022-06-11 11:25:29,19158
13558,2020-01-04 09:23:45,19160
13559,2021-12-10 08:33:05,19161
13560,2021-12-27 09:01:33,19162
13561,2021-04-12 14:44:57,19163
13562,2020-08-20 11:42:09,19164
13563,2021-10-12 12:55:03,19165
13564,2021-06-11 16:30:42,19166
13565,2020-06-20 14:25:13,19167
13566,2023-06-12 13:07:28,19168
13568,2021-03-10 12:57:29,19170
13569,2022-02-04 13:15:09,19171
13570,2022-06-04 08:58:46,19172
13572,2021-04-24 13:29:29,19174
13573,2020-11-12 17:48:30,19175
13574,2023-04-08 18:35:08,19176
13575,2020-11-14 17:22:00,19177
13576,2022-04-06 09:21:54,19178
13577,2022-09-05 18:31:35,19179
13581,2022-04-21 15:40:47,19183
13582,2023-02-18 13:29:43,19184
13583,2020-01-24 15:29:59,19185
13585,2023-03-25 13:05:36,19187
13587,2022-03-23 16:35:18,19189
13588,2022-03-16 16:18:56,19190
13589,2021-05-01 18:52:12,19191
13592,2022-06-21 10:49:39,19194
13594,2023-03-28 12:37:10,19196
13595,2021-10-06 17:11:46,19197
13596,2023-09-24 12:16:12,19198
13597,2023-06-03 10:56:56,19199
13598,2020-09-20 15:49:30,19200
13599,2021-07-15 10:44:35,19201
13600,2023-02-21 15:27:41,19202
13602,2020-01-16 15:43:37,19204
13603,2021-05-05 13:04:05,19205
13604,2020-07-08 14:50:40,19206
13606,2020-12-04 09:40:19,19208
13611,2020-11-20 16:50:48,19213
13612,2022-11-19 11:12:22,19214
13613,2020-08-20 10:12:23,19215
13615,2022-05-13 09:45:37,19217
13616,2020-09-04 14:54:29,19218
13617,2020-10-17 13:59:56,19219
13618,2021-08-07 13:31:39,19220
13620,2021-08-07 10:05:03,19222
13621,2022-11-21 17:00:41,19223
13623,2023-06-04 16:27:35,19225
13625,2021-10-24 09:54:48,19227
13626,2021-01-12 13:09:06,19228
13627,2020-01-18 09:59:48,19229
13629,2023-08-27 15:17:09,19231
13631,2022-05-08 11:05:43,19233
13632,2020-02-09 14:39:18,19234
13633,2022-12-08 10:57:20,19235
13634,2022-08-08 18:09:14,19236
13635,2021-07-11 13:30:21,19237
13636,2021-10-03 11:44:24,19238
13637,2022-03-11 15:56:04,19239
13638,2022-05-02 14:37:59,19240
13639,2021-08-28 13:54:29,19241
13640,2022-01-20 12:41:26,19242
13642,2021-11-17 09:32:31,19244
13643,2020-02-12 11:44:08,19245
13644,2023-11-11 11:44:50,19246
13645,2021-03-11 15:02:13,19247
13646,2023-09-25 09:37:35,19248
13647,2023-07-05 08:39:06,19249
13649,2021-07-21 18:19:37,19251
13650,2021-09-05 13:19:44,19252
13652,2020-04-14 10:32:14,19254
13653,2023-07-28 17:06:13,19255
13654,2023-03-04 11:15:08,19256
13655,2020-06-22 10:07:52,19257
13656,2023-01-12 16:50:37,19258
13657,2022-11-10 14:44:30,19259
13658,2023-03-20 09:29:24,19260
13660,2022-06-13 13:41:46,19262
13661,2023-07-22 09:12:11,19263
13662,2022-03-08 15:06:08,19264
13663,2021-09-26 13:16:00,19265
13664,2023-08-25 12:07:48,19266
13665,2023-05-01 16:28:33,19267
13667,2021-05-16 13:18:28,19269
13668,2021-02-13 16:23:12,19270
13669,2021-10-04 12:07:18,19271
13671,2021-10-27 16:03:51,19273
13674,2020-06-26 12:55:42,19276
13675,2020-03-07 14:11:24,19277
13676,2021-09-01 16:02:30,19278
13677,2021-08-25 13:36:47,19279
13678,2020-09-21 17:52:19,19280
13679,2022-09-25 11:23:14,19281
13680,2021-10-04 09:34:10,19282
13681,2021-05-11 18:15:49,19283
13682,2020-06-07 10:15:54,19284
13683,2022-09-01 11:00:04,19285
13684,2021-06-10 14:33:47,19286
13685,2022-02-01 17:04:20,19287
13686,2022-06-03 17:58:45,19288
13687,2023-12-21 09:35:16,19289
13688,2021-04-28 10:18:53,19290
13689,2020-01-26 16:39:36,19291
13690,2020-06-27 13:49:43,19292
13691,2022-02-25 13:48:11,19293
13692,2022-03-13 10:31:12,19294
13694,2020-09-23 10:16:22,19296
13695,2020-02-24 10:44:04,19297
13696,2020-01-21 11:07:56,19298
13697,2021-11-17 18:41:55,19299
13699,2020-12-15 14:14:12,19301
13700,2020-04-22 15:09:56,19302
13701,2023-08-10 12:59:52,19303
13702,2021-09-28 13:44:59,19304
13703,2021-06-21 15:22:49,19305
13704,2021-09-07 10:19:25,19306
13706,2020-12-22 16:49:37,19308
13708,2021-06-05 16:25:42,19310
13709,2023-08-12 10:58:26,19311
13713,2022-08-11 13:44:10,19315
13715,2020-05-05 12:21:41,19317
13716,2020-02-16 10:33:24,19318
13717,2023-01-22 11:37:52,19319
13718,2023-05-14 08:56:39,19320
13719,2022-07-27 17:48:39,19321
13720,2020-03-28 15:24:50,19322
13721,2023-09-15 08:47:26,19323
13722,2022-05-07 08:43:58,19324
13725,2023-12-14 14:20:29,19327
13727,2022-12-14 10:00:28,19329
13730,2022-11-13 09:01:26,19332
13731,2023-07-21 10:22:26,19333
13733,2022-11-22 14:26:20,19335
13734,2023-04-19 17:10:07,19336
13735,2022-06-28 17:04:27,19337
13736,2022-05-04 16:29:48,19338
13737,2022-08-16 11:09:11,19339
13738,2020-07-17 10:10:50,19340
13740,2021-04-23 08:58:36,19342
13741,2020-02-22 17:09:27,19343
13742,2023-12-18 15:59:25,19344
13743,2021-05-08 13:14:21,19345
13744,2023-11-25 11:32:54,19346
13745,2020-12-08 11:21:34,19347
13746,2023-01-19 08:33:23,19348
13747,2022-11-28 15:43:29,19349
13748,2021-04-03 13:16:36,19350
13750,2021-03-10 08:38:21,19352
13752,2021-12-18 16:49:05,19354
13753,2022-07-02 11:23:29,19355
13754,2020-08-17 13:47:57,19356
13755,2023-02-28 11:08:49,19357
13756,2023-09-06 14:45:43,19358
13758,2021-07-03 08:17:25,19360
13759,2023-01-18 10:57:54,19361
13761,2021-10-16 14:55:26,19363
13762,2023-02-21 13:11:46,19364
13764,2023-02-17 10:02:02,19366
13765,2023-07-07 18:05:29,19367
13766,2021-11-11 12:15:00,19368
13768,2022-10-28 11:57:43,19370
13771,2022-07-27 17:36:18,19373
13772,2020-07-08 18:13:39,19374
13773,2023-06-14 18:30:16,19375
13775,2020-11-22 18:07:53,19377
13776,2020-01-13 12:05:08,19378
13779,2023-11-27 13:16:28,19381
13780,2023-11-25 14:54:32,19382
13782,2023-04-14 11:34:28,19384
13783,2022-12-06 09:01:17,19385
13784,2022-04-06 17:39:20,19386
13785,2021-10-27 13:53:22,19387
13786,2021-08-11 10:59:00,19388
13787,2023-08-24 11:34:09,19389
13788,2022-05-22 17:31:47,19390
13789,2021-02-11 10:48:48,19391
13790,2020-07-07 17:23:52,19392
13791,2021-12-23 08:47:28,19393
13792,2020-04-09 13:57:31,19394
13795,2022-11-18 18:46:25,19397
13796,2022-04-03 10:49:52,19398
13797,2023-06-01 10:29:42,19399
13799,2023-06-20 13:44:45,19401
13802,2020-05-13 12:47:32,19404
13803,2020-02-06 10:15:03,19405
13804,2021-05-19 09:28:56,19406
13805,2023-12-11 13:23:09,19407
13806,2020-12-26 14:12:53,19408
13807,2020-09-08 09:30:28,19409
13808,2023-12-05 11:32:04,19410
13809,2020-08-08 14:48:40,19411
13811,2020-10-01 11:52:29,19413
13812,2022-02-09 14:48:23,19414
13813,2023-02-11 14:07:46,19415
13814,2023-08-03 13:53:34,19416
13815,2020-05-16 08:45:25,19417
13817,2022-12-15 15:02:55,19419
13819,2020-09-22 15:06:36,19421
13820,2023-01-04 12:58:18,19422
13821,2022-02-17 14:37:31,19423
13824,2021-11-07 12:34:49,19426
13825,2023-03-17 14:17:10,19427
13827,2023-11-05 10:19:08,19429
13828,2021-11-17 17:49:00,19430
13829,2023-01-02 16:40:20,19431
13830,2022-07-07 13:47:08,19432
13834,2022-05-21 14:50:59,19436
13835,2022-02-10 10:12:53,19437
13837,2022-01-26 09:50:35,19439
13839,2020-08-09 08:37:21,19441
13840,2022-09-26 10:34:22,19442
13843,2022-10-21 10:38:03,19445
13846,2023-07-15 16:48:21,19448
13848,2021-04-02 09:02:57,19450
13849,2020-02-04 17:50:30,19451
13850,2021-06-16 10:40:05,19452
13853,2020-01-01 08:39:49,19455
13854,2021-08-12 18:02:14,19456
13855,2020-10-07 11:28:25,19457
13856,2023-06-25 11:49:32,19458
13857,2023-11-28 12:10:31,19459
13858,2023-02-09 12:39:05,19460
13859,2020-11-16 18:16:46,19461
13860,2022-06-01 14:20:37,19462
13862,2023-12-06 10:48:43,19464
13864,2023-03-12 12:56:33,19466
13865,2022-07-05 15:43:08,19467
13866,2022-10-27 12:57:43,19468
13868,2021-03-08 12:31:00,19470
13869,2021-02-26 14:49:40,19471
13870,2023-03-14 11:53:38,19472
13871,2021-11-20 13:32:36,19473
13872,2021-09-18 12:23:39,19474
13873,2021-02-18 15:41:40,19475
13874,2021-06-22 17:25:04,19476
13877,2022-08-08 08:45:22,19479
13879,2022-12-12 17:50:06,19481
13880,2021-02-18 14:25:39,19482
13881,2020-03-27 10:58:01,19483
13882,2020-05-20 15:48:21,19484
13883,2020-11-04 16:32:40,19485
13884,2022-05-13 17:20:49,19486
13885,2020-07-25 17:47:28,19487
13887,2021-10-14 11:37:10,19489
13889,2022-12-19 12:40:22,19491
13890,2020-05-19 08:36:22,19492
13891,2022-02-02 15:49:27,19493
13892,2022-05-11 12:04:26,19494
13893,2022-01-26 12:07:45,19495
13894,2023-06-05 13:18:31,19496
13895,2022-08-09 13:26:47,19497
13896,2023-08-27 16:44:22,19498
13897,2022-11-20 08:48:14,19499
13898,2020-09-26 11:12:15,19500
13900,2020-06-20 17:41:50,19502
13901,2023-12-25 15:07:38,19503
13903,2022-09-03 18:08:40,19505
13904,2022-04-26 14:53:29,19506
13906,2023-10-10 17:06:06,19508
13907,2023-01-26 12:17:51,19509
13911,2021-06-03 16:31:40,19513
13913,2022-07-14 11:56:12,19515
13914,2022-10-18 17:56:52,19516
13915,2020-11-14 11:00:27,19517
13916,2022-12-12 11:33:22,19518
13917,2022-06-03 12:38:57,19519
13918,2023-02-21 13:09:23,19520
13921,2022-03-12 10:58:48,19523
13922,2020-02-11 10:02:45,19524
13923,2023-03-06 09:27:07,19525
13924,2023-07-08 18:19:02,19526
13925,2022-07-01 13:23:54,19527
13926,2023-01-26 17:03:51,19528
13927,2020-08-14 18:04:34,19529
13928,2021-06-27 14:06:05,19530
13929,2022-04-06 09:26:25,19531
13931,2020-02-22 11:56:38,19533
13932,2023-04-10 12:28:29,19534
13933,2022-06-20 10:30:58,19535
13934,2022-04-01 15:36:34,19536
13935,2020-02-01 13:36:35,19537
13938,2020-06-27 14:29:34,19540
13939,2022-09-08 15:23:39,19541
13940,2023-09-12 10:01:11,19542
13941,2020-10-14 09:12:17,19543
13942,2020-03-05 18:04:35,19544
13944,2020-09-07 18:11:26,19546
13945,2021-11-01 10:34:40,19547
13946,2020-08-28 11:32:43,19548
13947,2022-12-01 09:42:13,19549
13948,2022-03-03 09:56:55,19550
13950,2022-11-20 18:55:57,19552
13953,2021-04-01 15:50:12,19555
13954,2023-11-09 14:00:11,19556
13955,2022-06-12 13:12:37,19557
13956,2020-11-25 09:08:04,19558
13957,2020-12-15 10:57:31,19559
13959,2022-02-22 10:48:08,19561
13962,2023-10-10 13:46:20,19564
13963,2020-07-10 16:20:30,19565
13964,2020-06-26 17:39:36,19566
13965,2021-03-12 15:03:39,19567
13966,2022-09-21 16:18:55,19568
13967,2021-07-23 13:33:20,19569
13969,2023-06-25 15:29:29,19571
13970,2020-12-20 17:26:34,19572
13971,2023-08-08 14:02:36,19573
13972,2020-09-10 17:36:12,19574
13973,2023-10-27 10:36:33,19575
13974,2020-07-17 09:54:24,19576
13975,2021-03-18 16:26:23,19577
13981,2020-06-16 15:08:51,19583
13982,2022-09-06 16:00:28,19584
13983,2021-04-14 15:22:42,19585
13984,2021-06-26 13:31:32,19586
13985,2022-05-20 08:30:09,19587
13987,2023-03-26 12:22:53,19589
13988,2022-01-21 12:48:36,19590
13989,2022-06-27 12:47:20,19591
13990,2020-01-08 18:05:34,19592
13991,2021-01-25 10:41:33,19593
13992,2020-04-25 18:54:00,19594
13994,2021-12-07 15:45:16,19596
13995,2020-05-12 10:33:00,19597
13997,2021-09-20 12:48:40,19599
13998,2022-07-02 10:23:44,19600
14000,2021-01-25 12:19:01,19602
14001,2022-09-03 13:39:11,19603
14002,2022-12-05 13:16:22,19604
14004,2022-03-03 16:42:43,19606
14005,2022-04-11 09:11:12,19607
14006,2020-09-10 11:39:59,19608
14007,2022-03-23 12:59:38,19609
14010,2022-10-13 12:42:19,19612
14011,2023-02-21 13:39:23,19613
14012,2021-03-25 09:54:46,19614
14013,2020-12-26 16:44:31,19615
14015,2021-12-06 12:53:19,19617
14017,2023-11-04 17:28:54,19619
14018,2021-04-16 15:46:53,19620
14019,2021-07-12 14:25:01,19621
14020,2022-11-24 11:53:58,19622
14021,2020-07-25 15:21:39,19623
14023,2020-10-27 13:34:42,19625
14024,2022-12-25 08:40:21,19626
14026,2023-10-27 14:41:42,19628
14027,2022-02-01 14:34:45,19629
14028,2022-02-23 17:22:31,19630
14029,2020-07-15 17:42:31,19631
14030,2021-12-11 10:59:15,19632
14032,2021-03-05 11:33:21,19634
14033,2022-09-16 11:06:28,19635
14034,2021-02-01 13:54:32,19636
14035,2020-03-08 15:31:45,19637
14037,2022-05-11 18:01:10,19639
14038,2021-08-04 14:33:15,19640
14039,2022-01-08 13:51:47,19641
14042,2022-01-28 17:35:30,19644
14043,2021-06-10 11:56:58,19645
14044,2020-02-22 17:34:58,19646
14045,2020-03-10 18:17:12,19647
14046,2020-04-25 13:54:06,19648
14048,2021-07-25 15:59:03,19650
14049,2020-06-28 11:25:47,19651
14050,2020-06-03 09:51:27,19652
14051,2021-04-07 11:00:17,19653
14053,2022-10-22 13:12:22,19655
14055,2021-08-07 15:22:24,19657
14056,2021-03-03 14:27:44,19658
14057,2023-02-24 11:02:03,19659
14058,2023-05-28 14:12:54,19660
14059,2020-05-09 15:50:17,19661
14060,2020-07-09 11:13:47,19662
14061,2020-11-28 18:05:06,19663
14062,2023-12-13 10:43:09,19664
14063,2020-10-28 09:01:28,19665
14065,2021-10-08 15:04:38,19667
14067,2021-05-23 11:00:56,19669
14068,2022-10-25 13:08:15,19670
14069,2022-09-22 13:12:19,19671
14071,2022-03-08 08:27:29,19673
14072,2023-07-16 09:06:18,19674
14074,2020-11-06 09:04:58,19676
14075,2021-01-17 15:23:31,19677
14076,2020-03-12 16:16:21,19678
14077,2022-12-08 13:26:32,19679
14078,2023-07-27 14:44:10,19680
14079,2023-09-01 10:04:20,19681
14080,2022-11-01 09:26:37,19682
14082,2022-11-07 16:42:59,19684
14083,2023-11-03 14:31:27,19685
14084,2021-01-02 12:25:27,19686
14086,2020-10-08 10:49:00,19688
14087,2021-01-21 15:30:02,19689
14089,2022-12-22 13:53:36,19691
14090,2022-09-18 11:18:09,19692
14091,2022-07-01 16:59:45,19693
14092,2023-04-07 13:55:18,19694
14093,2023-09-18 12:19:49,19695
14094,2021-03-22 15:33:19,19696
14096,2022-04-20 16:48:02,19698
14097,2023-11-17 09:25:38,19699
14098,2023-03-26 12:45:49,19700
14100,2020-06-01 17:25:30,19702
14101,2021-06-27 14:37:52,19703
14102,2021-02-04 09:33:08,19704
14108,2022-12-20 17:01:23,19710
14109,2023-12-10 11:24:06,19711
14112,2022-07-03 17:33:54,19714
14113,2022-06-10 17:28:13,19715
14116,2021-07-10 10:20:55,19718
14120,2020-08-17 16:36:59,19722
14121,2023-03-21 16:05:54,19723
14122,2021-06-05 12:11:11,19724
14123,2021-01-18 13:08:28,19725
14124,2023-06-13 10:40:45,19726
14125,2023-03-09 09:45:31,19727
14126,2020-06-21 14:48:42,19728
14127,2021-04-02 17:59:51,19729
14129,2020-10-15 17:40:31,19731
14130,2020-11-26 08:20:57,19732
14131,2022-08-27 16:41:07,19733
14132,2020-03-08 09:35:16,19734
14133,2020-08-16 17:31:40,19735
14135,2020-04-19 11:22:44,19737
14136,2020-02-02 10:39:32,19738
14139,2020-01-20 10:07:37,19741
14140,2023-09-16 16:48:41,19742
14141,2021-07-02 18:07:29,19743
14142,2021-05-24 11:01:09,19744
14143,2023-11-25 11:15:17,19745
14145,2023-08-02 15:21:08,19747
14147,2020-09-21 12:38:31,19749
14148,2020-11-11 11:55:22,19750
14150,2022-09-02 13:25:05,19752
14158,2022-10-21 10:42:07,19760
14160,2021-08-08 12:44:16,19762
14161,2021-12-05 11:31:46,19763
14162,2022-03-18 11:08:04,19764
14163,2023-09-06 15:16:52,19765
14164,2021-11-08 14:51:40,19766
14166,2022-04-19 16:29:52,19768
14167,2020-05-09 13:34:57,19769
14169,2022-11-03 15:36:19,19771
14170,2021-01-02 14:02:04,19772
14171,2021-11-21 14:12:52,19773
14172,2020-10-07 14:01:04,19774
14173,2022-11-18 13:57:56,19775
14174,2022-04-26 09:36:12,19776
14175,2020-11-14 16:41:55,19777
14176,2020-05-27 18:20:42,19778
14177,2020-02-25 14:33:34,19779
14179,2022-01-10 12:26:18,19781
14180,2022-08-17 14:09:02,19782
14181,2023-05-11 15:09:25,19783
14183,2023-04-15 10:29:07,19785
14185,2021-07-18 12:37:17,19787
14186,2022-10-23 15:38:42,19788
14188,2021-05-09 09:15:02,19790
14189,2020-12-28 09:56:49,19791
14190,2020-01-08 10:25:20,19792
14191,2021-05-22 16:11:22,19793
14192,2021-04-10 15:02:03,19794
14193,2022-11-01 15:34:33,19795
14194,2020-05-03 16:17:22,19796
14195,2022-08-25 16:50:52,19797
14197,2022-10-14 17:41:40,19799
14198,2021-10-08 14:06:01,19800
14199,2020-07-21 16:39:25,19801
14201,2021-01-05 13:21:35,19803
14202,2021-09-03 16:59:56,19804
14203,2020-02-01 11:53:15,19805
14205,2021-03-06 12:27:10,19807
14206,2021-11-04 09:58:55,19808
14210,2021-07-06 12:54:33,19812
14211,2023-06-10 11:21:30,19813
14212,2023-10-27 08:52:06,19814
14215,2023-02-17 15:15:32,19817
14217,2022-01-26 13:34:37,19819
14218,2022-11-07 10:07:34,19820
14219,2020-09-05 15:39:01,19821
14220,2020-04-09 17:15:56,19822
14222,2023-05-27 16:29:14,19824
14226,2022-04-25 15:31:48,19828
14227,2021-11-20 17:38:11,19829
14228,2023-07-11 11:49:20,19830
14229,2022-12-17 16:44:56,19831
14230,2023-05-20 14:39:17,19832
14231,2020-04-12 18:51:39,19833
14233,2022-03-15 11:24:26,19835
14234,2021-01-04 15:15:10,19836
14235,2020-01-10 14:48:36,19837
14236,2021-09-26 12:54:23,19838
14240,2023-02-10 16:50:59,19842
14241,2020-04-19 13:31:30,19843
14242,2023-05-27 12:55:10,19844
14243,2022-03-05 18:17:22,19845
14245,2023-07-20 14:13:35,19847
14246,2021-04-12 16:40:04,19848
14247,2020-08-08 14:38:11,19849
14250,2020-11-09 09:07:56,19852
14251,2021-02-02 08:41:39,19853
14252,2020-08-18 09:30:13,19854
14253,2020-02-08 09:17:12,19855
14254,2023-09-15 08:44:31,19856
14255,2022-11-15 17:05:53,19857
14258,2021-08-19 11:01:23,19860
14262,2022-06-05 16:13:07,19864
14264,2023-07-24 14:53:27,19866
14265,2023-06-06 09:15:46,19867
14266,2022-11-22 12:00:16,19868
14269,2021-08-23 09:39:44,19871
14270,2022-04-01 13:54:17,19872
14272,2023-12-02 15:06:19,19874
14273,2021-01-16 08:40:45,19875
14275,2023-02-03 12:59:47,19877
14276,2023-10-22 18:31:40,19878
14277,2022-03-16 16:46:45,19879
14279,2022-07-06 10:09:02,19881
14280,2022-04-06 14:10:57,19882
14282,2021-12-28 16:14:08,19884
14283,2022-07-18 13:47:31,19885
14284,2020-08-03 16:43:33,19886
14286,2023-05-11 15:06:14,19888
14287,2021-01-18 18:03:51,19889
14288,2023-03-12 13:51:22,19890
14289,2020-05-13 12:38:30,19891
14290,2021-10-18 15:53:14,19892
14292,2020-08-01 14:50:44,19894
14293,2021-06-11 18:12:10,19895
14294,2023-05-27 08:05:29,19896
14296,2020-06-01 16:01:50,19898
14300,2020-05-08 12:03:16,19902
14302,2022-04-21 16:55:39,19904
14303,2020-01-13 16:28:26,19905
14305,2022-02-16 13:27:35,19907
14307,2023-06-23 17:47:30,19909
14308,2020-04-13 18:16:22,19910
14309,2020-02-13 11:53:01,19911
14310,2020-05-23 10:07:52,19912
14311,2022-03-25 12:01:27,19913
14312,2023-06-06 12:14:22,19914
14313,2023-07-09 18:18:01,19915
14317,2021-01-10 13:21:53,19919
14318,2023-08-01 14:33:00,19920
14319,2023-08-07 12:03:12,19921
14320,2021-02-20 13:01:37,19922
14321,2022-08-03 15:39:42,19923
14322,2023-12-24 12:11:11,19924
14323,2021-10-14 09:28:43,19925
14324,2020-08-04 17:34:45,19926
14325,2020-06-07 18:23:49,19927
14326,2020-01-07 10:13:52,19928
14327,2023-09-03 13:26:08,19929
14328,2023-01-16 14:01:10,19930
14329,2020-04-22 09:00:43,19931
14331,2023-04-07 12:20:38,19933
14332,2021-08-11 17:17:21,19934
14333,2021-04-10 10:31:03,19935
14334,2020-06-16 16:47:44,19936
14337,2020-09-28 13:46:22,19939
14338,2022-06-08 17:52:19,19940
14340,2021-04-26 11:22:34,19942
14343,2020-02-03 16:42:18,19945
14345,2020-09-26 12:02:44,19947
14346,2020-03-01 15:51:13,19948
14350,2021-03-13 11:57:56,19952
14352,2022-07-27 08:12:49,19954
14353,2023-06-14 15:24:45,19955
14354,2020-07-22 15:08:01,19956
14355,2023-01-09 17:16:19,19957
14356,2020-07-27 10:10:38,19958
14359,2023-09-16 15:37:53,19961
14360,2022-04-03 13:11:13,19962
14362,2023-04-11 15:11:08,19964
14364,2021-11-26 18:18:35,19966
14368,2023-09-05 16:32:42,19970
14369,2023-09-09 12:56:03,19971
14370,2021-11-28 11:52:39,19972
14371,2020-01-26 16:31:03,19973
14372,2023-02-15 11:19:35,19974
14373,2021-03-08 08:55:43,19975
14374,2023-03-05 12:31:40,19976
14375,2020-07-24 18:22:37,19977
14376,2023-12-27 12:52:43,19978
14377,2020-07-27 13:54:22,19979
14378,2021-07-19 13:14:03,19980
14379,2020-10-25 18:10:17,19981
14380,2023-02-12 17:12:56,19982
14381,2022-12-19 12:53:42,19983
14382,2023-09-20 16:34:50,19984
14383,2020-08-27 09:25:52,19985
14384,2022-02-11 16:56:06,19986
14385,2020-09-21 17:16:22,19987
14386,2023-12-06 13:28:43,19988
14387,2023-10-02 13:18:27,19989
14388,2023-11-05 10:41:43,19990
14389,2022-11-28 13:38:40,19991
14390,2021-09-04 08:19:27,19992
14392,2021-05-23 10:34:57,19994
14393,2023-11-04 12:17:43,19995
14394,2022-12-04 14:14:39,19996
14395,2021-12-21 08:27:52,19997
14396,2021-09-06 12:30:19,19998
14397,2023-04-16 14:54:21,19999
14398,2023-09-16 16:26:55,20000
14399,2023-09-17 09:57:34,20001
14400,2020-06-18 10:00:16,20002
14401,2022-07-02 12:40:29,20003
14402,2023-10-25 11:47:11,20004
14403,2021-04-01 11:25:59,20005
14405,2023-01-26 08:55:48,20007
14406,2020-05-17 13:03:38,20008
14407,2022-04-12 11:20:09,20009
14408,2023-10-22 17:08:17,20010
14409,2023-05-10 13:20:06,20011
14410,2021-10-25 12:16:45,20012
14411,2023-02-19 14:24:40,20013
14413,2022-11-01 11:55:00,20015
14414,2020-06-08 10:40:45,20016
14415,2022-09-13 10:07:28,20017
14417,2020-03-14 13:37:54,20019
14418,2020-12-04 18:18:16,20020
14419,2020-01-24 18:46:46,20021
14420,2023-06-14 11:27:16,20022
14421,2022-08-09 16:17:34,20023
14422,2021-08-07 09:34:27,20024
14423,2020-03-22 15:10:52,20025
14424,2023-10-21 13:19:21,20026
14425,2021-10-18 15:22:36,20027
14427,2021-09-20 15:33:02,20029
14428,2022-04-02 17:49:03,20030
14429,2020-07-18 15:18:43,20031
14430,2023-02-06 16:11:36,20032
14431,2021-05-07 17:36:09,20033
14432,2021-06-21 15:58:11,20034
14433,2020-07-27 18:54:54,20035
14434,2021-07-04 10:22:57,20036
14435,2021-09-05 13:09:36,20037
14436,2020-04-20 09:29:26,20038
14437,2023-09-22 13:19:01,20039
14438,2021-07-26 15:31:46,20040
14439,2022-11-12 14:06:09,20041
14440,2023-01-21 10:06:06,20042
14441,2020-05-06 15:10:37,20043
14442,2021-03-04 17:33:02,20044
14443,2021-03-18 15:21:38,20045
14444,2023-01-23 16:08:45,20046
14445,2023-08-21 09:52:41,20047
14446,2022-08-11 10:05:03,20048
14448,2023-11-11 10:55:28,20050
14449,2023-12-20 17:42:36,20051
14450,2022-04-13 19:01:13,20052
14451,2020-11-15 16:40:30,20053
14452,2021-09-14 08:50:21,20054
14453,2021-10-06 15:23:21,20055
14458,2020-01-07 11:46:34,20060
14459,2023-02-27 13:23:02,20061
14460,2022-11-07 10:52:02,20062
14462,2023-05-04 13:53:20,20064
14463,2023-07-08 16:56:52,20065
14464,2020-02-07 14:48:02,20066
14465,2020-02-10 10:32:13,20067
14466,2023-12-05 12:49:04,20068
14467,2022-12-08 09:04:06,20069
14468,2020-08-07 11:41:47,20070
14469,2021-10-12 17:44:05,20071
14470,2023-03-08 12:37:24,20072
14471,2023-12-02 15:06:36,20073
14472,2020-06-04 10:13:02,20074
14474,2023-04-08 10:00:14,20076
14476,2023-02-24 14:58:52,20078
14478,2023-05-16 16:52:54,20080
14479,2022-07-12 16:39:07,20081
14480,2023-05-11 11:11:53,20082
14481,2020-11-24 12:49:55,20083
14483,2021-12-26 16:26:57,20085
14484,2022-07-11 14:34:23,20086
14486,2021-10-04 10:27:11,20088
14487,2020-05-18 10:08:21,20089
14488,2022-11-26 14:53:26,20090
14489,2020-07-16 10:57:29,20091
14490,2020-10-07 15:48:56,20092
14492,2022-12-16 09:00:37,20094
14494,2021-11-14 15:51:45,20096
14496,2020-11-18 18:50:44,20098
14497,2022-02-27 11:41:02,20099
14498,2020-10-03 10:20:22,20100
14499,2023-06-09 12:04:52,20101
14500,2023-02-06 09:29:11,20102
14503,2022-02-02 14:54:24,20105
14504,2022-07-04 16:21:09,20106
14505,2022-12-18 14:19:01,20107
14506,2022-01-04 12:48:54,20108
14507,2020-01-15 12:53:32,20109
14508,2021-09-07 10:44:25,20110
14509,2022-04-11 08:31:26,20111
14510,2022-07-18 13:41:05,20112
14511,2022-12-01 15:48:16,20113
14512,2020-03-27 14:44:32,20114
14513,2022-10-12 10:35:28,20115
14514,2020-01-04 16:27:21,20116
14515,2021-11-03 14:35:50,20117
14517,2021-11-13 13:34:29,20119
14518,2022-12-15 16:20:50,20120
14519,2020-09-03 16:31:41,20121
14520,2020-12-10 14:45:05,20122
14522,2023-07-02 16:20:50,20124
14523,2021-05-21 11:36:31,20125
14524,2021-01-16 11:06:21,20126
14525,2022-04-17 15:38:48,20127
14526,2023-02-23 13:59:10,20128
14527,2022-03-23 18:06:28,20129
14528,2021-07-02 15:15:55,20130
14530,2023-07-14 10:37:50,20132
14531,2020-11-27 15:18:32,20133
14533,2021-12-16 18:13:07,20135
14534,2021-07-07 18:21:36,20136
14535,2022-07-24 15:29:10,20137
14536,2023-08-05 10:39:31,20138
14539,2022-11-11 10:55:11,20141
14540,2022-04-25 17:19:14,20142
14541,2023-09-05 10:07:41,20143
14543,2020-04-14 13:37:23,20145
14545,2022-02-16 13:38:03,20147
14547,2023-04-11 10:02:50,20149
14549,2020-05-24 17:35:17,20151
14550,2020-08-24 13:54:41,20152
14551,2022-06-17 15:09:24,20153
14552,2023-07-07 08:46:58,20154
14553,2020-11-18 13:54:35,20155
14555,2023-11-16 16:51:10,20157
14556,2020-05-24 10:15:55,20158
14557,2022-10-08 17:59:21,20159
14558,2022-04-09 11:46:27,20160
14559,2022-06-02 09:46:59,20161
14563,2020-12-04 14:03:48,20165
14564,2020-03-16 10:04:01,20166
14565,2020-05-20 11:03:33,20167
14566,2020-02-13 18:34:46,20168
14567,2023-09-27 09:00:19,20169
14568,2022-04-05 10:18:06,20170
14569,2023-03-16 16:30:17,20171
14570,2021-12-13 11:31:56,20172
14571,2022-12-06 13:32:02,20173
14572,2020-04-01 15:09:55,20174
14575,2020-07-06 11:17:39,20177
14576,2023-04-07 18:40:21,20178
14577,2021-05-11 17:55:54,20179
14578,2020-11-17 16:31:43,20180
14580,2023-12-17 17:18:49,20182
14581,2023-01-28 08:39:06,20183
14582,2022-07-03 11:50:26,20184
14583,2022-03-14 14:19:55,20185
14586,2022-07-03 16:34:41,20188
14588,2020-06-06 13:56:01,20190
14589,2023-12-28 18:00:46,20191
14592,2022-06-21 14:19:16,20194
14593,2021-05-09 10:39:11,20195
14594,2023-12-26 17:47:07,20196
14595,2023-05-19 15:17:24,20197
14596,2023-03-19 11:30:22,20198
14598,2022-05-27 17:03:44,20200
14599,2020-10-25 13:35:54,20201
14600,2020-10-02 09:01:26,20202
14601,2022-07-20 16:55:14,20203
14602,2023-03-12 17:55:44,20204
14605,2020-02-15 13:01:23,20207
14606,2020-09-27 15:58:44,20208
14608,2021-07-02 16:43:49,20210
14609,2022-08-04 11:48:37,20211
14610,2022-07-22 08:59:09,20212
14611,2020-04-20 10:19:25,20213
14612,2020-11-13 15:28:08,20214
14613,2023-07-05 15:31:39,20215
14616,2020-05-07 17:49:28,20218
14618,2020-02-06 11:04:56,20220
14619,2021-06-07 18:08:18,20221
14620,2020-11-13 15:31:44,20222
14622,2020-09-03 08:32:49,20224
14623,2021-01-23 09:51:03,20225
14624,2023-01-23 13:06:03,20226
14625,2022-09-26 09:54:51,20227
14626,2020-03-23 13:30:55,20228
14627,2020-02-18 17:04:00,20229
14628,2020-12-24 14:12:17,20230
14630,2020-01-25 10:53:30,20232
14632,2023-04-08 11:58:41,20234
14633,2023-10-08 12:03:53,20235
14634,2021-05-01 10:52:20,20236
14635,2020-11-11 09:18:38,20237
14636,2020-01-02 18:00:41,20238
14637,2020-02-21 18:40:56,20239
14640,2020-04-01 11:27:20,20242
14641,2020-05-10 11:26:13,20243
14645,2022-09-28 17:43:00,20247
14649,2020-05-11 15:53:19,20251
14650,2022-07-09 18:12:54,20252
14651,2023-07-22 16:14:13,20253
14654,2021-02-07 13:07:46,20256
14655,2020-08-12 13:46:51,20257
14656,2023-05-04 15:25:32,20258
14657,2023-11-21 17:38:22,20259
14659,2023-06-03 11:05:08,20261
14660,2023-11-23 12:48:35,20262
14661,2023-02-01 11:57:07,20263
14662,2021-03-25 18:29:46,20264
14663,2020-07-25 16:48:24,20265
14664,2023-03-17 15:43:20,20266
14665,2020-08-21 12:17:53,20267
14666,2023-12-05 10:46:10,20268
14668,2023-01-09 16:13:22,20270
14669,2023-12-28 16:01:43,20271
14670,2023-11-25 16:22:58,20272
14671,2021-10-23 13:54:58,20273
14673,2021-01-06 12:04:59,20275
14674,2022-08-07 11:16:55,20276
14677,2022-10-03 13:19:04,20279
14678,2021-07-16 14:09:22,20280
14679,2020-11-13 15:55:32,20281
14681,2021-08-07 09:30:10,20283
14682,2022-05-05 10:22:38,20284
14683,2023-06-19 09:34:06,20285
14684,2023-09-26 16:51:26,20286
14690,2021-04-07 12:35:38,20292
14691,2022-10-09 15:03:32,20293
14692,2021-06-19 09:10:48,20294
14693,2023-06-15 12:32:10,20295
14694,2023-11-02 12:33:20,20296
14696,2021-10-26 13:53:22,20298
14697,2023-07-09 15:58:51,20299
14698,2023-07-26 15:04:55,20300
14699,2021-06-19 18:21:46,20301
14700,2020-12-03 13:47:47,20302
14701,2023-04-05 16:58:33,20303
14702,2020-10-03 12:09:27,20304
14704,2022-03-21 13:23:15,20306
14705,2020-10-08 12:40:15,20307
14707,2020-03-12 14:25:07,20309
14710,2022-04-25 16:36:18,20312
14712,2023-10-23 12:50:16,20314
14713,2020-11-02 14:36:31,20315
14714,2021-11-05 11:29:29,20316
14716,2021-08-22 16:59:02,20318
14717,2023-04-26 14:06:17,20319
14718,2022-02-10 16:01:09,20320
14720,2022-09-22 16:55:27,20322
14725,2022-02-24 12:49:19,20327
14727,2023-01-14 14:56:31,20329
14728,2022-03-28 10:00:06,20330
14730,2022-09-13 10:08:59,20332
14731,2021-11-05 12:15:52,20333
14733,2022-05-24 10:56:37,20335
14736,2020-03-26 09:43:56,20338
14739,2021-05-20 15:20:14,20341
14740,2023-04-26 11:56:17,20342
14743,2021-08-04 17:35:56,20345
14745,2021-03-25 16:28:43,20347
14746,2020-09-06 11:16:07,20348
14748,2021-10-23 12:23:12,20350
14749,2022-02-21 11:14:25,20351
14750,2020-05-14 17:42:08,20352
14751,2023-09-28 13:08:46,20353
14755,2021-05-22 11:37:33,20357
14756,2023-09-05 08:47:22,20358
14759,2020-09-24 15:00:16,20361
14760,2023-07-25 12:30:01,20362
14761,2022-12-16 08:32:32,20363
14762,2022-07-27 08:48:39,20364
14768,2021-08-09 17:30:10,20370
14769,2020-03-17 15:15:38,20371
14772,2020-06-10 11:20:08,20374
14773,2022-11-14 13:30:20,20375
14774,2020-01-26 15:40:59,20376
14775,2021-10-05 17:42:01,20377
14776,2020-01-23 15:12:33,20378
14777,2021-12-09 14:10:27,20379
14778,2020-10-28 12:11:22,20380
14780,2023-10-01 15:45:09,20382
14781,2020-10-02 15:51:28,20383
14782,2022-09-20 13:57:21,20384
14783,2020-10-26 16:19:13,20385
14784,2023-11-08 14:37:55,20386
14787,2021-07-21 11:07:59,20389
14788,2021-11-15 14:56:00,20390
14791,2021-07-22 18:42:41,20393
14792,2022-11-24 16:20:06,20394
14794,2022-03-18 14:13:48,20396
14795,2023-05-03 17:57:10,20397
14796,2022-11-02 15:21:20,20398
14797,2022-01-27 18:49:24,20399
14798,2020-10-04 12:49:33,20400
14799,2022-09-13 15:33:50,20401
14800,2020-12-10 16:01:16,20402
14803,2021-06-15 16:50:56,20405
14804,2022-07-12 17:24:53,20406
14805,2022-01-13 09:03:16,20407
14806,2022-08-19 15:46:44,20408
14807,2020-07-02 14:30:44,20409
14808,2020-08-19 13:17:30,20410
14809,2021-04-23 13:05:38,20411
14810,2022-03-24 10:26:44,20412
14811,2022-03-10 16:12:37,20413
14813,2023-07-12 15:37:43,20415
14814,2021-08-12 09:13:57,20416
14815,2021-09-15 14:26:36,20417
14817,2020-06-26 17:03:20,20419
14818,2023-07-13 18:12:02,20420
14820,2022-02-24 11:18:50,20422
14821,2021-04-10 18:01:05,20423
14822,2022-09-16 15:08:29,20424
14823,2021-03-10 11:35:52,20425
14824,2023-01-08 16:37:34,20426
14826,2020-01-07 16:59:58,20428
14827,2020-05-04 16:00:28,20429
14828,2023-08-14 13:02:44,20430
14830,2023-08-10 08:37:36,20432
14831,2020-03-17 13:56:27,20433
14832,2021-12-24 11:30:13,20434
14833,2023-08-20 14:56:23,20435
14838,2023-02-26 10:45:32,20440
14839,2022-07-20 18:06:20,20441
14841,2020-09-22 09:43:45,20443
14843,2021-12-17 12:47:26,20445
14844,2021-10-16 15:42:28,20446
14845,2023-04-12 12:26:08,20447
14846,2021-05-15 13:09:21,20448
14847,2022-10-23 14:58:36,20449
14848,2022-05-19 14:57:15,20450
14849,2020-05-24 15:21:52,20451
14851,2022-10-07 17:30:00,20453
14852,2020-09-26 14:40:12,20454
14853,2021-10-22 15:08:52,20455
14854,2023-02-18 12:32:58,20456
14855,2023-04-03 10:30:47,20457
14856,2020-08-28 09:42:49,20458
14858,2022-03-19 11:22:09,20460
14859,2021-11-11 12:58:14,20461
14861,2021-03-09 13:20:19,20463
14862,2021-06-09 14:30:52,20464
14863,2023-07-10 11:06:51,20465
14865,2022-11-07 11:24:19,20467
14866,2023-12-28 14:56:46,20468
14868,2020-05-27 17:39:37,20470
14869,2021-06-28 12:33:33,20471
14871,2023-02-08 10:58:36,20473
14872,2023-10-27 08:25:47,20474
14873,2022-10-12 10:59:47,20475
14874,2021-12-15 10:31:37,20476
14875,2023-11-27 18:28:11,20477
14876,2020-09-04 18:28:38,20478
14877,2020-09-21 09:11:43,20479
14878,2020-01-21 18:22:14,20480
14879,2022-04-08 13:50:11,20481
14880,2021-08-22 16:47:00,20482
14882,2020-04-16 16:19:43,20484
14883,2020-04-07 08:55:46,20485
14884,2020-04-10 11:52:25,20486
14889,2021-07-28 12:56:58,20491
14890,2020-05-10 13:33:19,20492
14892,2020-08-26 14:27:15,20494
14894,2021-07-07 17:16:46,20496
14895,2020-03-27 09:51:36,20497
14897,2021-09-23 09:05:30,20499
14898,2022-10-22 14:38:36,20500
14899,2023-12-23 18:08:40,20501
14900,2022-11-10 17:18:45,20502
14901,2020-11-06 15:28:36,20503
14902,2023-05-12 12:40:54,20504
14903,2022-04-16 18:06:30,20505
14905,2022-03-24 09:06:49,20507
14906,2020-05-02 08:58:25,20508
14908,2020-02-01 12:48:23,20510
14909,2021-05-09 11:34:16,20511
14910,2022-12-08 12:32:17,20512
14911,2023-01-09 18:16:41,20513
14912,2022-02-20 13:09:09,20514
14914,2021-05-24 12:51:21,20516
14916,2021-06-18 12:37:44,20518
14917,2023-11-15 16:00:02,20519
14918,2020-05-12 18:04:04,20520
14919,2021-03-25 12:23:13,20521
14921,2021-02-12 13:59:07,20523
14922,2022-08-04 15:35:07,20524
14923,2023-02-19 16:34:36,20525
14925,2022-10-02 12:59:14,20527
14927,2020-07-12 16:36:49,20529
14928,2022-06-11 10:12:54,20530
14929,2020-01-06 17:05:05,20531
14930,2023-08-12 08:34:53,20532
14931,2021-01-12 14:24:34,20533
14934,2020-06-22 16:39:42,20536
14935,2020-06-07 13:52:57,20537
14939,2021-01-03 17:56:40,20541
14940,2023-08-03 12:21:48,20542
14941,2020-06-03 08:47:27,20543
14943,2023-10-02 11:59:33,20545
14944,2021-07-15 13:24:51,20546
14945,2023-04-27 09:15:03,20547
14946,2022-08-19 10:35:45,20548
14947,2023-09-28 10:14:36,20549
14948,2020-07-20 17:08:30,20550
14949,2021-06-20 16:12:01,20551
14950,2022-03-23 13:32:49,20552
14951,2022-03-07 16:32:37,20553
14952,2020-03-26 12:52:40,20554
14953,2022-08-27 14:25:25,20555
14954,2023-02-15 14:37:19,20556
14955,2020-12-02 11:00:20,20557
14956,2023-02-23 08:55:32,20558
14957,2020-09-03 09:10:36,20559
14959,2020-11-13 15:33:46,20561
14960,2020-01-28 10:21:48,20562
14961,2022-09-13 15:02:59,20563
14964,2022-11-13 13:17:29,20566
14966,2021-03-27 17:50:57,20568
14967,2023-06-22 17:27:09,20569
14969,2023-12-17 16:16:51,20571
14972,2020-01-10 16:36:06,20574
14973,2020-06-08 11:53:43,20575
14974,2021-02-20 13:35:17,20576
14975,2021-10-23 16:58:14,20577
14976,2021-09-25 16:23:49,20578
14977,2023-07-24 16:11:13,20579
14983,2020-04-25 13:01:24,20585
14984,2022-02-27 14:03:51,20586
14987,2023-09-08 14:33:21,20589
14988,2022-08-21 15:02:32,20590
14989,2023-08-27 10:15:47,20591
14990,2021-08-25 16:18:51,20592
14991,2023-11-14 15:01:17,20593
14993,2023-09-24 11:28:16,20595
14994,2021-12-14 15:18:04,20596
14995,2021-04-02 14:03:55,20597
14996,2023-01-27 17:06:51,20598
14997,2022-02-13 12:25:01,20599
14998,2021-11-13 12:33:46,20600
15000,2023-10-22 15:28:31,20602
15001,2021-05-20 14:34:37,20603
15005,2020-07-08 09:07:38,20607
15007,2023-06-25 17:37:02,20609
15011,2020-04-22 16:54:05,20613
15012,2021-04-07 12:55:06,20614
15013,2020-12-24 09:42:36,20615
15014,2020-10-26 13:42:28,20616
15015,2020-02-05 12:28:19,20617
15016,2022-10-24 18:08:37,20618
15017,2023-04-14 10:17:36,20619
15019,2023-10-11 10:00:12,20621
15020,2022-10-22 08:44:41,20622
15021,2022-11-18 13:01:44,20623
15022,2020-09-08 17:40:56,20624
15023,2020-11-07 09:21:43,20625
15024,2022-03-23 12:01:11,20626
15025,2020-02-18 18:02:51,20627
15026,2022-10-05 18:14:35,20628
15027,2020-06-04 16:13:13,20629
15028,2021-07-24 18:13:50,20630
15029,2022-10-12 15:14:08,20631
15030,2020-06-11 17:02:31,20632
15031,2023-11-01 14:56:12,20633
15032,2022-08-02 13:31:51,20634
15034,2020-07-27 14:24:14,20636
15035,2021-02-27 11:54:49,20637
15036,2022-01-09 17:21:08,20638
15037,2023-11-08 11:06:40,20639
15038,2021-08-15 11:49:20,20640
15039,2020-02-20 14:58:26,20641
15041,2023-10-12 17:46:58,20643
15043,2023-01-28 18:10:23,20645
15044,2020-08-20 14:15:01,20646
15045,2022-11-18 14:31:04,20647
15046,2021-08-09 12:16:50,20648
15047,2020-09-25 11:18:44,20649
15048,2023-08-08 13:09:24,20650
15052,2023-01-05 14:41:31,20654
15053,2021-06-22 11:49:14,20655
15054,2020-12-06 09:40:21,20656
15055,2021-09-24 09:52:27,20657
15056,2022-02-13 09:02:15,20658
15058,2022-04-28 17:43:51,20660
15059,2021-10-25 10:57:00,20661
15060,2021-02-18 12:33:21,20662
15061,2022-05-13 16:31:59,20663
15063,2022-08-26 17:52:54,20665
15068,2020-01-05 09:37:02,20670
15070,2022-11-15 14:36:16,20672
15071,2021-10-09 08:20:08,20673
15073,2020-01-28 15:17:26,20675
15075,2021-05-12 13:09:36,20677
15076,2022-11-23 15:02:29,20678
15079,2020-05-08 15:46:09,20681
15080,2020-03-23 13:58:39,20682
15088,2020-12-13 09:13:34,20690
15089,2021-04-09 17:37:59,20691
15090,2020-07-06 11:20:22,20692
15091,2022-01-05 11:54:57,20693
15092,2020-07-23 10:25:48,20694
15094,2023-03-12 14:27:16,20696
15095,2020-07-22 13:58:53,20697
15096,2023-12-12 16:09:29,20698
15099,2023-06-22 11:15:30,20701
15102,2021-11-12 17:13:33,20704
15104,2020-02-12 15:11:49,20706
15105,2020-12-25 18:09:25,20707
15106,2022-03-16 17:42:55,20708
15108,2020-12-27 13:05:54,20710
15109,2022-07-27 08:14:33,20711
15110,2022-06-06 11:42:44,20712
15111,2021-06-04 09:02:28,20713
15112,2021-12-16 11:13:48,20714
15114,2020-03-25 13:34:00,20716
15115,2023-09-17 14:48:21,20717
15120,2022-10-25 16:28:58,20722
15121,2023-02-10 13:38:53,20723
15122,2021-11-02 10:09:24,20724
15123,2023-07-16 16:32:56,20725
15124,2020-10-26 13:11:26,20726
15125,2020-11-02 19:04:33,20727
15126,2020-08-05 11:40:51,20728
15127,2022-04-04 18:01:01,20729
15129,2023-12-24 15:13:38,20731
15131,2020-02-23 13:19:39,20733
15132,2020-01-18 09:22:28,20734
15133,2020-06-04 18:00:04,20735
15134,2023-01-27 09:28:01,20736
15135,2022-06-19 16:29:36,20737
15136,2023-09-11 18:16:56,20738
15137,2020-11-02 14:05:51,20739
15138,2021-12-28 14:10:36,20740
15139,2023-05-14 09:24:44,20741
15143,2023-11-21 13:38:59,20745
15144,2021-05-13 10:38:14,20746
15146,2020-04-28 18:21:29,20748
15147,2020-03-14 11:20:21,20749
15148,2022-10-27 15:42:42,20750
15149,2022-12-12 10:23:38,20751
15150,2020-05-16 13:58:30,20752
15152,2020-05-18 15:47:47,20754
15153,2023-11-07 18:28:42,20755
15154,2021-08-27 15:30:59,20756
15155,2023-09-24 10:44:20,20757
15156,2021-06-01 16:59:50,20758
15157,2022-11-22 09:45:42,20759
15158,2022-04-14 11:31:47,20760
15159,2022-02-28 17:21:06,20761
15160,2023-05-06 17:54:33,20762
15165,2020-09-27 14:55:36,20767
15167,2021-02-24 11:26:22,20769
15169,2020-12-06 12:43:34,20771
15171,2020-12-07 16:50:45,20773
15173,2022-07-06 18:34:06,20775
15176,2020-04-21 08:59:21,20778
15177,2020-01-27 17:57:56,20779
15180,2021-04-18 09:15:22,20782
15183,2023-04-09 09:55:30,20785
15184,2023-09-24 15:28:57,20786
15185,2020-12-05 16:36:48,20787
15187,2021-01-19 11:35:19,20789
15188,2022-06-27 14:01:29,20790
15190,2020-11-17 14:22:08,20792
15191,2023-10-15 15:31:54,20793
15194,2020-09-08 10:50:51,20796
15197,2020-07-27 18:38:47,20799
15199,2020-06-07 12:02:48,20801
15202,2021-04-03 16:02:18,20804
15203,2021-04-25 11:07:12,20805
15204,2021-03-24 14:46:55,20806
15206,2023-03-26 13:37:27,20808
15208,2022-04-17 11:14:34,20810
15210,2022-04-26 11:15:31,20812
15212,2022-08-28 15:11:31,20814
15213,2020-03-26 16:37:37,20815
15214,2021-02-22 13:08:11,20816
15215,2021-10-25 15:54:30,20817
15217,2023-01-25 08:46:48,20819
15218,2021-12-11 16:31:30,20820
15219,2023-01-10 18:23:42,20821
15220,2023-03-13 17:21:53,20822
15221,2021-12-26 10:13:47,20823
15222,2023-04-13 16:33:03,20824
15223,2023-10-16 17:56:00,20825
15227,2022-03-09 09:53:25,20829
15228,2020-01-07 16:44:43,20830
15229,2021-07-19 09:17:07,20831
15231,2023-12-23 18:21:14,20833
15232,2020-12-25 16:05:02,20834
15233,2021-03-03 09:42:47,20835
15234,2023-05-03 11:08:09,20836
15235,2021-02-03 10:17:33,20837
15237,2023-12-07 16:52:11,20839
15238,2021-12-15 17:18:06,20840
15241,2020-04-19 12:29:11,20843
15243,2022-01-01 17:21:30,20845
15244,2021-07-15 14:04:16,20846
15245,2021-11-11 15:04:32,20847
15246,2022-05-03 17:14:05,20848
15247,2020-02-27 13:07:16,20849
15248,2020-05-06 15:25:44,20850
15249,2023-12-25 09:15:36,20851
15252,2023-03-22 17:53:56,20854
15253,2022-03-07 12:32:10,20855
15255,2023-03-15 18:07:31,20857
15256,2020-02-14 13:57:49,20858
15258,2023-01-07 11:53:07,20860
15259,2023-12-25 09:18:23,20861
15260,2022-08-26 16:27:30,20862
15261,2021-07-04 18:05:38,20863
15262,2023-09-01 14:17:52,20864
15263,2021-09-15 15:28:16,20865
15264,2020-02-11 16:49:15,20866
15266,2021-10-14 18:12:43,20868
15267,2020-02-21 10:01:44,20869
15269,2020-11-01 08:44:31,20871
15270,2020-01-03 09:30:32,20872
15271,2022-04-10 18:16:27,20873
15272,2022-01-14 12:44:27,20874
15274,2023-04-11 11:23:54,20876
15275,2022-09-28 10:40:17,20877
15276,2023-10-18 15:33:15,20878
15277,2020-11-22 10:15:52,20879
15278,2020-06-09 12:06:15,20880
15279,2022-12-24 11:20:03,20881
15280,2023-07-20 13:40:10,20882
15281,2022-11-21 09:47:36,20883
15283,2022-04-15 09:52:48,20885
15284,2022-12-08 16:36:31,20886
15285,2022-05-25 14:40:33,20887
15286,2020-06-08 10:42:51,20888
15288,2020-10-28 09:10:36,20890
15289,2023-11-24 13:14:13,20891
15290,2020-10-07 13:48:54,20892
15291,2021-09-17 10:02:25,20893
15292,2021-07-22 09:25:25,20894
15294,2020-03-26 08:49:27,20896
15296,2023-11-23 16:35:58,20898
15297,2021-01-28 13:56:21,20899
15298,2021-11-27 14:19:59,20900
15299,2023-04-14 11:08:36,20901
15301,2020-11-12 13:45:07,20903
15302,2021-09-12 15:01:21,20904
15303,2023-02-04 14:08:33,20905
15305,2020-03-23 16:55:33,20907
15308,2022-06-05 15:59:40,20910
15309,2022-02-06 13:08:14,20911
15310,2020-10-27 17:44:49,20912
15311,2021-01-17 10:50:31,20913
15312,2022-10-19 16:06:03,20914
15313,2023-12-14 10:06:46,20915
15314,2021-02-03 11:53:22,20916
15316,2022-12-18 10:24:01,20918
15317,2023-07-19 16:23:19,20919
15319,2020-10-05 16:16:09,20921
15324,2021-02-22 09:07:50,20926
15326,2022-02-11 11:24:36,20928
15327,2020-02-18 13:19:25,20929
15328,2022-11-01 08:23:57,20930
15330,2023-08-09 17:48:33,20932
15331,2023-03-20 14:35:52,20933
15332,2020-08-07 17:53:40,20934
15334,2020-08-23 09:04:18,20936
15335,2020-03-18 18:09:30,20937
15336,2023-06-04 15:19:40,20938
15337,2021-01-11 18:32:39,20939
15338,2020-12-18 14:34:50,20940
15339,2022-12-28 16:59:25,20941
15340,2022-01-15 17:30:41,20942
15341,2020-07-14 11:08:32,20943
15342,2023-02-15 12:10:51,20944
15343,2022-05-15 13:55:45,20945
15345,2023-01-18 15:29:18,20947
15346,2021-09-08 14:44:55,20948
15347,2021-09-05 17:33:56,20949
15348,2022-08-08 09:23:38,20950
15349,2022-06-03 10:03:25,20951
15350,2021-04-07 11:20:20,20952
15351,2022-04-13 12:45:29,20953
15353,2023-01-16 12:35:25,20955
15354,2023-01-08 13:06:00,20956
15356,2021-03-14 09:58:13,20958
15358,2023-12-24 10:02:25,20960
15359,2022-08-25 14:42:55,20961
15360,2022-03-19 12:26:47,20962
15361,2022-12-12 13:10:54,20963
15362,2021-02-03 11:58:00,20964
15363,2023-05-16 10:15:49,20965
15364,2023-09-14 17:36:02,20966
15365,2021-05-02 13:40:06,20967
15366,2020-02-04 09:12:38,20968
15368,2023-02-23 16:29:48,20970
15369,2023-10-15 13:09:31,20971
15370,2021-11-26 18:29:16,20972
15371,2020-02-26 15:52:26,20973
15372,2021-08-04 14:40:14,20974
15373,2022-02-12 11:43:54,20975
15375,2021-01-27 10:50:36,20977
15376,2020-02-25 09:06:58,20978
15377,2023-02-08 09:57:45,20979
15378,2022-02-09 16:09:07,20980
15379,2020-03-24 17:45:31,20981
15380,2021-05-13 18:33:35,20982
15381,2023-05-04 14:32:01,20983
15382,2023-08-28 17:52:46,20984
15384,2023-04-28 12:15:11,20986
15385,2020-08-27 18:08:31,20987
15386,2023-07-21 12:43:52,20988
15387,2022-08-09 15:52:30,20989
15388,2020-02-14 14:21:44,20990
15390,2020-03-21 16:40:08,20992
15391,2021-08-05 12:12:19,20993
15392,2020-10-12 11:53:18,20994
15394,2022-09-15 15:26:14,20996
15396,2020-12-21 10:49:41,20998
15397,2021-12-12 16:58:35,20999
15398,2022-09-01 11:19:56,21000
15401,2021-11-06 09:24:46,21003
15404,2020-12-03 16:37:47,21006
15405,2020-06-16 09:19:55,21007
15406,2023-09-22 13:50:53,21008
15408,2022-11-11 10:09:18,21010
15409,2021-05-18 14:51:02,21011
15411,2022-08-21 15:59:30,21013
15412,2021-02-08 09:19:54,21014
15413,2022-08-05 14:55:05,21015
15415,2021-11-25 09:03:43,21017
15419,2020-12-24 13:22:58,21021
15420,2023-03-24 17:31:50,21022
15421,2021-07-12 13:16:32,21023
15422,2021-04-28 14:36:24,21024
15429,2023-10-02 08:53:16,21031
15430,2022-07-06 17:31:57,21032
15431,2023-10-21 15:21:31,21033
15432,2022-09-19 14:41:26,21034
15433,2023-04-21 15:52:17,21035
15434,2022-03-10 15:49:33,21036
15443,2021-07-04 11:36:25,21045
15444,2021-04-11 17:03:52,21046
15445,2020-05-11 14:15:23,21047
15446,2021-12-16 18:38:45,21048
15447,2022-05-27 16:52:04,21049
15448,2023-01-02 09:30:13,21050
15450,2023-12-19 12:05:07,21052
15451,2020-08-17 18:29:39,21053
15452,2022-04-10 15:04:20,21054
15453,2021-07-27 13:29:32,21055
15454,2022-12-12 13:59:11,21056
15455,2022-09-07 14:39:54,21057
15458,2021-11-09 17:01:23,21060
15459,2020-11-14 12:13:59,21061
15460,2022-06-25 15:42:46,21062
15461,2021-08-14 12:11:55,21063
15463,2020-01-28 13:43:34,21065
15467,2023-06-08 15:36:49,21069
15468,2023-10-20 12:19:20,21070
15469,2020-02-18 10:12:52,21071
15471,2022-04-14 10:35:37,21073
15475,2020-01-10 16:41:37,21077
15477,2020-05-07 17:56:15,21079
15479,2023-03-23 10:15:32,21081
15480,2023-09-13 09:09:12,21082
15481,2022-12-04 09:42:48,21083
15483,2023-01-18 12:13:27,21085
15484,2020-08-10 09:53:58,21086
15485,2022-02-03 14:08:41,21087
15487,2021-03-04 12:11:51,21089
15489,2020-02-12 14:45:06,21091
15490,2021-02-11 16:33:36,21092
15492,2023-09-06 11:41:13,21094
15493,2023-03-04 11:43:48,21095
15494,2020-12-13 15:07:15,21096
15495,2022-05-04 12:34:44,21097
15496,2020-08-28 15:08:05,21098
15497,2021-10-08 09:36:39,21099
15499,2021-07-28 14:56:16,21101
15501,2022-09-03 14:50:14,21103
15502,2023-04-24 16:41:33,21104
15504,2021-08-22 16:24:06,21106
15505,2020-07-12 10:04:33,21107
15506,2023-12-07 13:15:30,21108
15507,2023-02-01 08:39:30,21109
15508,2023-03-16 13:40:34,21110
15509,2021-12-16 12:55:49,21111
15510,2021-07-02 15:49:10,21112
15511,2023-11-24 14:55:04,21113
15512,2021-10-21 14:11:11,21114
15514,2023-05-22 08:42:06,21116
15516,2020-02-24 11:42:06,21118
15519,2023-10-28 09:00:58,21121
15522,2020-04-20 12:49:39,21124
15523,2023-10-12 13:05:12,21125
15524,2020-05-07 17:54:04,21126
15526,2022-09-01 17:51:41,21128
15527,2021-02-08 10:42:38,21129
15528,2020-05-11 17:48:34,21130
15529,2020-04-12 16:17:30,21131
15530,2022-10-10 15:10:09,21132
15532,2023-03-17 14:36:25,21134
15533,2023-05-06 09:07:38,21135
15534,2021-03-18 17:17:44,21136
15535,2023-10-08 15:21:01,21137
15536,2021-05-03 17:16:04,21138
15538,2021-11-14 16:53:01,21140
15539,2022-06-01 18:16:38,21141
15540,2023-08-01 11:14:20,21142
15541,2021-01-06 12:00:12,21143
15544,2023-03-13 14:26:47,21146
15549,2020-02-22 17:33:36,21151
15550,2020-02-24 12:37:20,21152
15551,2021-09-19 12:09:39,21153
15552,2023-09-08 16:32:51,21154
15554,2021-10-06 09:07:19,21156
15557,2020-03-28 16:50:35,21159
15558,2021-08-18 10:44:01,21160
15559,2022-05-03 14:24:02,21161
15561,2022-10-25 12:13:15,21163
15562,2021-12-16 09:46:49,21164
15564,2020-09-06 10:11:31,21166
15565,2023-10-18 10:15:48,21167
15566,2020-09-17 09:51:09,21168
15570,2021-02-23 10:16:43,21172
15571,2021-01-27 11:25:54,21173
15572,2021-09-09 11:26:29,21174
15573,2022-06-13 15:26:13,21175
15575,2020-07-24 15:23:38,21177
15577,2021-10-23 15:06:10,21179
15579,2023-12-23 09:46:37,21181
15580,2020-06-05 16:06:18,21182
15581,2020-07-11 09:22:41,21183
15582,2020-03-08 13:14:47,21184
15583,2021-12-08 09:16:39,21185
15585,2023-05-22 18:45:22,21187
15586,2023-12-22 10:04:03,21188
15587,2022-09-10 13:53:45,21189
15588,2023-09-01 09:02:37,21190
15589,2023-03-20 18:43:03,21191
15591,2022-01-08 12:37:59,21193
15592,2021-04-05 18:51:43,21194
15593,2023-10-12 17:48:14,21195
15594,2023-01-19 16:57:42,21196
15595,2022-01-17 14:25:51,21197
15596,2023-04-27 14:14:53,21198
15597,2020-06-12 16:44:39,21199
15598,2023-06-22 15:55:50,21200
15599,2021-11-18 16:12:30,21201
15600,2023-06-03 09:19:33,21202
15602,2021-11-02 14:16:13,21204
15603,2023-04-13 13:47:32,21205
15605,2020-12-10 18:15:33,21207
15606,2023-11-24 13:22:56,21208
15608,2020-10-24 08:46:43,21210
15609,2022-02-04 16:27:47,21211
15610,2020-08-23 09:56:48,21212
15611,2023-07-07 09:29:36,21213
15612,2022-12-27 16:19:22,21214
15613,2022-12-07 11:01:24,21215
15614,2022-01-26 14:34:10,21216
15615,2020-07-19 18:11:06,21217
15616,2021-06-11 10:37:21,21218
15617,2023-11-09 18:46:54,21219
15618,2021-12-09 15:09:23,21220
15619,2021-05-20 16:13:39,21221
15620,2021-03-06 18:09:19,21222
15622,2020-06-20 17:54:07,21224
15623,2022-01-05 09:19:28,21225
15624,2023-07-07 15:40:53,21226
15626,2020-11-20 14:14:01,21228
15627,2020-06-10 17:06:17,21229
15628,2023-03-02 09:27:08,21230
15629,2021-07-28 16:13:03,21231
15630,2021-05-03 13:50:08,21232
15631,2021-06-04 15:23:10,21233
15632,2023-05-09 13:35:24,21234
15633,2020-05-25 13:13:01,21235
15635,2021-05-10 17:22:34,21237
15636,2021-11-20 09:16:24,21238
15637,2023-07-01 14:43:38,21239
15638,2023-09-10 17:46:54,21240
15639,2020-07-08 17:36:27,21241
15640,2023-06-12 17:21:18,21242
15641,2022-06-15 17:25:58,21243
15642,2022-09-19 13:21:01,21244
15644,2023-08-21 16:35:46,21246
15645,2023-06-14 13:57:27,21247
15646,2020-05-01 18:03:37,21248
15648,2020-11-07 10:11:03,21250
15649,2023-08-27 18:16:45,21251
15651,2020-11-23 11:02:51,21253
15652,2023-11-17 15:40:18,21254
15653,2022-07-04 17:34:23,21255
15654,2023-12-18 08:16:50,21256
15655,2020-04-10 16:02:43,21257
15657,2020-03-21 18:36:54,21259
15658,2021-09-26 08:11:45,21260
15659,2021-06-04 17:13:14,21261
15661,2021-06-26 17:51:36,21263
15662,2023-06-21 12:28:30,21264
15663,2022-12-11 10:07:34,21265
15664,2022-02-24 17:12:31,21266
15665,2020-02-20 17:20:19,21267
15667,2020-05-14 16:46:42,21269
15669,2020-04-19 14:06:18,21271
15670,2022-10-16 11:15:37,21272
15671,2020-09-16 13:03:45,21273
15672,2021-11-28 18:00:58,21274
15673,2021-11-04 12:00:05,21275
15674,2021-04-17 11:09:18,21276
15675,2023-05-11 10:25:25,21277
15676,2021-07-13 15:23:28,21278
15677,2023-12-05 12:09:45,21279
15678,2021-05-03 14:52:41,21280
15679,2023-09-23 14:42:33,21281
15680,2023-12-04 16:20:53,21282
15682,2021-09-23 10:43:18,21284
15683,2021-10-05 15:04:54,21285
15684,2023-08-01 14:04:06,21286
15687,2020-05-07 09:24:48,21289
15688,2023-07-15 10:03:38,21290
15691,2020-02-28 12:59:03,21293
15692,2021-11-02 14:10:16,21294
15693,2020-04-07 16:17:53,21295
15694,2022-10-24 16:31:42,21296
15695,2020-06-01 15:03:45,21297
15696,2021-01-03 10:52:10,21298
15697,2021-01-10 13:50:51,21299
15698,2022-03-03 15:11:07,21300
15699,2020-04-13 12:15:32,21301
15700,2020-03-25 13:40:41,21302
15701,2023-07-19 17:17:13,21303
15702,2022-09-12 10:30:57,21304
15704,2021-09-17 10:43:37,21306
15705,2023-11-22 12:57:23,21307
15706,2023-07-13 18:00:46,21308
15707,2020-11-14 11:39:35,21309
15708,2021-10-25 11:48:56,21310
15710,2020-02-08 12:24:16,21312
15711,2022-07-14 10:54:01,21313
15712,2020-06-12 12:28:33,21314
15715,2022-02-01 10:15:58,21317
15716,2021-07-26 15:19:53,21318
15717,2022-10-07 15:52:27,21319
15718,2023-07-21 12:25:40,21320
15719,2023-03-10 17:47:15,21321
15720,2020-12-05 18:24:58,21322
15722,2020-04-26 16:29:32,21324
15723,2021-01-17 10:49:17,21325
15725,2022-03-26 09:38:48,21327
15726,2020-02-08 18:34:27,21328
15727,2023-09-27 16:02:50,21329
15728,2021-12-26 08:42:31,21330
15730,2021-05-15 10:50:42,21332
15731,2023-04-06 14:09:28,21333
15732,2022-12-03 11:20:32,21334
15733,2021-05-14 08:38:12,21335
15734,2021-12-24 10:09:50,21336
15735,2022-04-27 16:27:57,21337
15736,2021-04-04 16:34:21,21338
15737,2021-03-21 12:05:12,21339
15738,2021-11-02 15:37:00,21340
15740,2023-02-16 14:38:35,21342
15742,2023-02-02 08:18:14,21344
15746,2020-06-19 12:50:26,21348
15747,2020-08-09 16:38:20,21349
15748,2020-02-04 16:33:08,21350
15749,2021-02-13 12:01:49,21351
15750,2020-07-09 13:24:50,21352
15751,2020-02-28 13:27:04,21353
15752,2021-05-23 12:53:01,21354
15754,2023-04-03 18:11:37,21356
15755,2020-12-03 16:11:29,21357
15756,2020-03-07 10:53:33,21358
15758,2023-01-17 09:19:46,21360
15759,2021-05-24 15:10:06,21361
15763,2023-06-23 15:35:40,21365
15765,2022-10-16 10:07:14,21367
15768,2021-04-25 16:18:40,21370
15769,2023-10-02 15:34:50,21371
15770,2021-09-22 12:35:38,21372
15772,2023-09-05 11:49:37,21374
15775,2022-02-10 16:44:51,21377
15776,2020-05-10 15:16:42,21378
15778,2023-11-16 09:29:44,21380
15780,2023-08-11 14:53:00,21382
15781,2021-11-11 12:13:25,21383
15782,2023-06-25 16:48:29,21384
15783,2020-09-18 12:34:47,21385
15785,2020-06-11 12:16:45,21387
15786,2022-10-13 17:06:58,21388
15787,2022-06-27 15:05:59,21389
15788,2020-09-10 15:53:18,21390
15789,2023-08-09 12:26:56,21391
15791,2020-12-27 13:43:14,21393
15792,2022-10-13 11:59:44,21394
15793,2021-09-02 19:04:24,21395
15795,2022-06-10 16:45:39,21397
15796,2021-01-24 12:50:13,21398
15797,2023-07-09 12:34:50,21399
15798,2020-08-28 16:55:21,21400
15800,2021-11-09 18:34:21,21402
15801,2021-11-09 15:51:36,21403
15802,2023-09-10 12:48:07,21404
15803,2020-01-23 12:06:27,21405
15804,2023-08-14 15:44:13,21406
15806,2021-04-17 15:40:56,21408
15807,2020-03-26 09:47:02,21409
15809,2022-12-26 13:08:05,21411
15810,2020-10-09 17:05:38,21412
15811,2022-09-05 18:15:02,21413
15813,2023-08-06 16:40:42,21415
15815,2021-01-20 11:15:30,21417
15816,2023-12-02 17:13:26,21418
15817,2023-07-12 14:21:37,21419
15821,2023-04-21 09:39:24,21423
15823,2020-12-07 14:07:51,21425
15824,2023-05-05 15:36:29,21426
15826,2023-05-14 17:04:33,21428
15828,2021-08-27 09:45:30,21430
15829,2023-03-17 18:15:01,21431
15831,2023-03-16 11:48:59,21433
15832,2021-04-08 17:51:05,21434
15834,2022-06-11 10:28:06,21436
15835,2021-12-12 10:50:48,21437
15836,2022-10-16 15:31:17,21438
15841,2021-05-19 16:12:11,21443
15842,2021-12-26 13:42:59,21444
15843,2021-06-02 10:22:56,21445
15844,2020-07-23 12:53:24,21446
15845,2021-10-12 17:13:07,21447
15848,2022-09-21 13:56:26,21450
15849,2022-11-16 08:33:00,21451
15851,2022-11-10 15:25:36,21453
15852,2020-10-01 08:31:05,21454
15853,2023-10-16 12:16:31,21455
15854,2022-07-09 14:16:54,21456
15857,2021-11-16 14:44:48,21459
15858,2021-07-24 08:51:53,21460
15860,2022-10-27 16:57:45,21462
15861,2023-11-08 11:29:44,21463
15865,2022-07-06 16:58:52,21467
15869,2023-07-10 09:51:43,21471
15871,2021-03-06 13:52:39,21473
15872,2021-06-19 16:48:41,21474
15874,2020-11-25 12:32:28,21476
15875,2023-07-25 15:34:10,21477
15877,2021-09-02 17:36:22,21479
15878,2023-09-07 17:18:42,21480
15879,2022-07-03 11:08:16,21481
15880,2021-07-05 11:08:50,21482
15881,2021-10-21 08:44:26,21483
15882,2020-08-14 13:10:34,21484
15883,2021-06-16 11:11:13,21485
15884,2020-03-17 11:09:26,21486
15886,2022-03-28 15:09:55,21488
15887,2022-09-26 14:44:23,21489
15888,2022-08-06 09:45:04,21490
15891,2022-02-17 08:55:55,21493
15892,2020-11-10 11:40:41,21494
15894,2021-07-18 17:26:12,21496
15895,2023-06-14 09:42:41,21497
15897,2020-08-09 14:11:49,21499
15900,2020-02-24 13:57:20,21502
15901,2021-11-24 11:57:52,21503
15902,2023-01-04 11:21:35,21504
15903,2023-02-13 16:32:49,21505
15904,2022-01-28 13:06:25,21506
15905,2022-04-11 09:16:23,21507
15906,2022-09-28 10:18:18,21508
15908,2021-08-18 11:58:38,21510
15909,2022-10-19 09:26:52,21511
15910,2021-05-14 17:12:14,21512
15914,2021-12-11 13:22:42,21516
15915,2020-10-14 09:42:43,21517
15916,2020-02-27 13:22:28,21518
15917,2023-12-15 09:18:24,21519
15918,2022-12-24 12:25:49,21520
15921,2023-12-17 15:07:02,21523
15922,2022-01-12 16:57:20,21524
15923,2022-10-28 14:54:52,21525
15924,2020-07-06 09:03:31,21526
15925,2022-06-15 17:34:49,21527
15926,2023-11-21 13:32:09,21528
15928,2023-11-13 12:23:00,21530
15929,2020-12-20 16:24:42,21531
15930,2023-05-15 17:14:30,21532
15931,2023-03-02 12:56:40,21533
15932,2021-11-10 18:20:24,21534
15933,2020-07-22 16:54:02,21535
15934,2020-08-01 10:10:13,21536
15935,2021-12-12 14:34:16,21537
15937,2020-02-19 16:32:19,21539
15939,2020-06-04 10:38:32,21541
15940,2020-09-03 15:37:45,21542
15941,2022-12-20 13:13:19,21543
15942,2020-01-14 16:52:55,21544
15945,2022-03-08 18:10:02,21547
15946,2021-04-18 11:04:01,21548
15947,2022-01-21 16:57:48,21549
15949,2023-08-12 11:09:50,21551
15950,2020-02-03 14:23:44,21552
15951,2020-08-20 17:15:28,21553
15952,2022-02-10 15:03:03,21554
15958,2022-07-25 12:15:19,21560
15959,2020-04-07 08:44:45,21561
15960,2023-04-25 11:30:02,21562
15961,2020-10-27 13:23:23,21563
15962,2021-05-28 17:37:35,21564
15963,2023-09-23 15:46:42,21565
15965,2020-02-27 14:47:12,21567
15967,2023-10-15 12:30:40,21569
15968,2020-04-21 18:14:21,21570
15969,2021-01-17 09:14:04,21571
15970,2023-06-23 12:17:38,21572
15971,2020-10-02 14:18:25,21573
15973,2023-04-13 15:47:26,21575
15974,2021-11-05 12:02:44,21576
15975,2022-03-05 14:28:57,21577
15977,2021-03-15 09:42:36,21579
15978,2021-07-10 15:31:28,21580
15980,2022-09-26 16:41:37,21582
15982,2021-10-21 10:43:17,21584
15983,2023-04-01 09:57:23,21585
15984,2022-04-07 17:32:37,21586
15986,2021-01-26 18:16:45,21588
15987,2023-09-15 16:45:08,21589
15988,2022-07-20 09:46:57,21590
15990,2020-12-06 18:04:39,21592
15992,2022-09-26 17:11:58,21594
15993,2023-09-01 16:44:57,21595
15994,2021-08-13 11:44:53,21596
15995,2023-08-27 16:14:49,21597
15996,2021-11-21 11:30:11,21598
15998,2021-02-05 11:11:02,21600
15999,2021-09-28 11:34:20,21601
16001,2023-01-15 11:14:07,21603
16002,2023-04-09 10:30:26,21604
16004,2020-02-05 11:13:38,21606
16005,2021-08-20 08:05:30,21607
16008,2023-05-13 14:08:33,21610
16009,2020-04-03 17:32:15,21611
16010,2020-06-16 15:01:20,21612
16013,2021-03-03 12:52:34,21615
16014,2020-03-18 17:30:31,21616
16015,2023-08-08 18:14:50,21617
16017,2022-03-01 12:08:35,21619
16018,2021-07-17 14:14:00,21620
16019,2022-02-09 10:23:19,21621
16021,2020-09-02 11:56:36,21623
16022,2023-09-12 13:17:18,21624
16023,2022-10-18 11:41:01,21625
16024,2023-09-07 17:58:04,21626
16025,2021-06-22 18:16:30,21627
16027,2020-01-10 12:58:35,21629
16028,2022-05-05 17:22:27,21630
16029,2022-04-23 17:23:33,21631
16030,2021-04-23 10:49:27,21632
16032,2023-06-06 16:08:55,21634
16033,2021-09-09 09:19:51,21635
16034,2023-01-16 10:46:48,21636
16035,2021-01-07 09:12:57,21637
16036,2021-09-25 18:46:56,21638
16037,2022-09-10 13:38:09,21639
16038,2023-06-09 17:29:47,21640
16039,2021-08-06 09:14:04,21641
16041,2020-06-23 16:59:15,21643
16042,2022-10-08 14:52:41,21644
16044,2023-08-14 13:40:12,21646
16045,2023-08-18 11:15:35,21647
16046,2020-04-04 17:16:01,21648
16047,2020-06-26 16:49:24,21649
16048,2021-05-24 14:15:11,21650
16049,2020-01-02 11:08:59,21651
16050,2023-11-11 10:24:39,21652
16052,2023-08-02 08:54:20,21654
16053,2021-03-08 14:38:48,21655
16055,2020-08-12 15:01:11,21657
16056,2023-06-01 13:45:59,21658
16057,2023-08-02 12:58:46,21659
16060,2021-06-21 16:26:56,21662
16062,2023-01-14 10:36:56,21664
16063,2021-01-16 11:59:07,21665
16064,2020-12-05 12:48:47,21666
16065,2020-07-26 11:36:41,21667
16066,2023-11-18 09:40:23,21668
16067,2022-07-09 16:59:29,21669
16068,2023-02-04 10:23:05,21670
16071,2020-09-23 12:31:11,21673
16072,2023-02-02 08:40:16,21674
16073,2022-12-15 14:28:10,21675
16074,2021-08-10 16:21:36,21676
16077,2022-04-28 17:19:43,21679
16078,2023-04-17 14:08:43,21680
16079,2023-04-11 09:20:21,21681
16080,2023-06-17 15:43:31,21682
16082,2022-07-20 17:02:06,21684
16083,2021-03-13 14:42:57,21685
16084,2022-06-03 14:15:30,21686
16085,2023-12-27 12:13:21,21687
16086,2023-04-28 12:27:37,21688
16088,2022-03-17 10:33:50,21690
16089,2020-09-16 10:40:32,21691
16092,2023-04-02 12:52:40,21694
16095,2022-10-21 15:33:56,21697
16098,2022-05-02 12:38:11,21700
16099,2020-11-05 12:00:26,21701
16101,2020-07-22 09:09:19,21703
16102,2021-06-24 16:06:29,21704
16103,2021-02-09 08:58:04,21705
16106,2023-01-16 17:42:16,21708
16107,2023-12-25 10:19:11,21709
16110,2023-05-17 14:37:02,21712
16111,2021-04-04 13:14:20,21713
16112,2020-03-01 15:16:23,21714
16113,2020-04-28 12:03:05,21715
16114,2020-09-05 11:26:50,21716
16115,2021-08-13 12:21:18,21717
16116,2022-06-16 16:07:04,21718
16117,2021-09-20 11:44:33,21719
16118,2021-04-20 14:11:18,21720
16119,2020-07-17 12:33:02,21721
16120,2020-06-11 09:00:02,21722
16121,2022-02-02 15:47:56,21723
16122,2022-02-26 14:30:43,21724
16124,2023-09-20 16:41:01,21726
16125,2021-02-18 16:13:41,21727
16126,2023-09-12 17:00:32,21728
16128,2023-01-15 12:18:56,21730
16129,2020-06-18 13:20:37,21731
16130,2021-10-01 09:00:43,21732
16132,2021-04-07 13:36:23,21734
16135,2023-06-22 09:38:01,21737
16136,2023-07-21 17:50:07,21738
16137,2023-11-04 17:56:08,21739
16138,2021-07-07 14:25:06,21740
16139,2023-07-15 08:55:28,21741
16140,2023-06-01 17:05:42,21742
16141,2020-09-11 12:20:48,21743
16142,2021-07-14 13:23:07,21744
16143,2021-01-09 09:51:39,21745
16144,2021-09-14 14:57:49,21746
16145,2022-02-03 09:37:45,21747
16146,2022-01-13 10:10:16,21748
16147,2022-09-22 17:14:27,21749
16149,2023-06-13 17:25:01,21751
16150,2021-02-15 12:08:10,21752
16154,2023-03-27 09:49:33,21756
16155,2021-11-06 10:23:57,21757
16156,2023-11-08 10:08:38,21758
16157,2023-09-09 13:55:15,21759
16158,2023-12-20 17:43:45,21760
16160,2020-03-24 12:11:21,21762
16161,2022-04-14 18:28:22,21763
16164,2020-07-26 10:01:57,21766
16167,2021-11-10 11:34:59,21769
16168,2020-02-18 16:20:49,21770
16169,2021-12-13 16:05:47,21771
16170,2020-01-17 18:08:52,21772
16172,2020-02-05 14:32:53,21774
16173,2020-02-03 09:19:53,21775
16174,2020-08-28 12:15:37,21776
16175,2020-05-15 17:17:20,21777
16176,2020-04-15 17:11:39,21778
16179,2023-08-17 14:13:13,21781
16180,2023-12-04 09:18:22,21782
16181,2021-03-05 13:49:35,21783
16184,2021-12-02 08:37:27,21786
16185,2021-02-14 18:02:45,21787
16186,2023-02-11 17:38:27,21788
16187,2023-12-14 14:59:43,21789
16188,2020-11-17 09:05:32,21790
16190,2021-08-06 15:02:58,21792
16192,2023-03-24 09:04:24,21794
16193,2022-03-25 13:44:07,21795
16194,2022-02-25 09:48:54,21796
16195,2023-07-14 11:20:06,21797
16198,2022-07-28 13:59:52,21800
16200,2021-11-09 17:27:12,21802
16201,2021-02-25 12:01:22,21803
16203,2020-10-12 10:06:17,21805
16204,2021-09-16 18:08:45,21806
16205,2022-07-17 11:16:46,21807
16206,2021-11-12 13:25:55,21808
16207,2020-10-06 17:55:58,21809
16209,2023-12-27 10:53:00,21811
16210,2023-07-19 15:35:42,21812
16211,2022-08-03 10:18:23,21813
16212,2021-03-03 11:19:24,21814
16213,2020-08-06 11:04:30,21815
16215,2020-06-17 17:40:11,21817
16216,2023-06-25 15:39:49,21818
16217,2020-03-03 10:47:37,21819
16218,2020-02-09 10:31:53,21820
16219,2021-04-23 14:09:37,21821
16221,2020-05-09 12:49:42,21823
16223,2023-09-09 08:57:47,21825
16225,2020-12-09 12:09:55,21827
16228,2022-07-06 16:47:09,21830
16230,2023-04-16 10:08:07,21832
16231,2021-03-26 15:22:49,21833
16233,2023-03-08 16:00:41,21835
16234,2023-05-25 12:39:29,21836
16235,2020-04-09 12:36:54,21837
16237,2022-11-27 12:03:39,21839
16240,2020-08-18 09:50:17,21842
16241,2023-09-18 11:32:40,21843
16242,2020-03-11 10:48:10,21844
16243,2022-03-23 15:28:28,21845
16244,2021-02-26 13:32:21,21846
16250,2020-08-22 13:36:05,21852
16251,2023-07-18 13:26:27,21853
16252,2023-11-01 09:25:53,21854
16253,2021-12-11 15:10:53,21855
16255,2022-08-12 15:44:43,21857
16257,2020-02-22 15:09:08,21859
16259,2022-04-18 10:05:06,21861
16262,2022-07-03 17:51:08,21864
16265,2020-03-14 09:02:19,21867
16266,2022-08-27 14:17:10,21868
16267,2022-08-18 08:56:30,21869
16268,2021-12-28 13:29:25,21870
16270,2020-01-07 14:16:21,21872
16271,2022-04-10 16:34:51,21873
16272,2022-09-18 14:36:04,21874
16273,2022-02-18 17:43:51,21875
16275,2022-11-13 13:58:33,21877
16276,2020-10-22 14:48:02,21878
16277,2022-12-19 09:34:54,21879
16279,2021-02-09 14:36:13,21881
16282,2021-08-17 16:41:33,21884
16283,2021-01-02 10:12:04,21885
16284,2020-12-18 17:12:28,21886
16285,2020-09-24 13:09:51,21887
16286,2021-11-22 12:03:48,21888
16287,2021-04-23 15:32:39,21889
16288,2020-12-16 16:20:38,21890
16289,2021-07-18 18:48:53,21891
16290,2020-07-09 15:01:45,21892
16292,2020-07-11 14:24:36,21894
16293,2020-05-12 13:19:10,21895
16295,2021-11-17 17:59:10,21897
16296,2021-02-27 15:46:58,21898
16297,2022-10-14 17:38:32,21899
16298,2022-08-10 17:01:11,21900
16299,2021-12-06 14:24:56,21901
16300,2021-10-14 11:27:50,21902
16301,2023-04-04 16:10:37,21903
16302,2023-08-25 15:38:51,21904
16303,2022-06-25 11:23:13,21905
16304,2021-10-09 08:48:18,21906
16305,2021-04-18 14:03:10,21907
16306,2023-03-11 15:51:11,21908
16307,2022-02-10 10:39:54,21909
16308,2023-02-10 18:07:27,21910
16309,2023-11-17 09:54:11,21911
16310,2021-07-23 16:15:21,21912
16311,2020-04-27 13:45:54,21913
16315,2023-11-23 14:12:50,21917
16318,2022-04-11 17:02:12,21920
16319,2020-06-16 17:29:07,21921
16320,2020-08-17 15:26:24,21922
16322,2023-02-08 15:24:45,21924
16323,2021-10-23 17:12:26,21925
16324,2021-12-06 09:11:10,21926
16325,2021-10-20 10:30:34,21927
16327,2021-12-25 12:49:27,21929
16329,2023-04-08 09:30:43,21931
16331,2020-10-01 13:30:43,21933
16332,2020-08-28 14:03:08,21934
16333,2023-02-17 09:41:17,21935
16335,2021-03-14 10:45:56,21937
16336,2020-05-06 12:04:55,21938
16338,2021-05-18 18:32:38,21940
16340,2020-08-01 13:42:56,21942
16341,2021-11-11 13:48:09,21943
16342,2020-06-06 10:22:00,21944
16344,2022-02-04 13:06:21,21946
16349,2023-07-23 12:02:53,21951
16350,2022-11-07 18:02:35,21952
16352,2020-08-11 12:53:23,21954
16354,2023-03-23 08:51:31,21956
16355,2020-09-23 15:59:27,21957
16356,2020-11-11 10:01:24,21958
16357,2020-11-15 18:08:26,21959
16359,2022-05-18 15:30:07,21961
16360,2023-06-16 10:59:10,21962
16361,2023-12-18 13:08:55,21963
16364,2022-05-12 10:40:50,21966
16365,2023-08-18 16:03:45,21967
16366,2022-06-02 18:35:53,21968
16368,2022-06-20 12:55:05,21970
16369,2020-04-11 16:03:36,21971
16370,2022-08-13 14:29:58,21972
16371,2020-04-03 15:20:29,21973
16372,2020-07-20 17:29:43,21974
16373,2022-09-12 13:00:33,21975
16375,2021-11-18 12:09:48,21977
16380,2020-04-07 12:33:06,21982
16381,2021-11-12 11:08:33,21983
16383,2022-10-13 16:30:40,21985
16384,2022-04-08 16:28:53,21986
16385,2023-05-14 17:00:12,21987
16386,2023-11-22 11:18:25,21988
16387,2023-10-14 13:35:59,21989
16388,2021-12-25 13:27:54,21990
16389,2022-07-03 12:53:51,21991
16390,2022-11-02 15:11:28,21992
16391,2021-06-02 11:33:09,21993
16392,2023-02-15 10:52:16,21994
16393,2023-07-22 10:56:53,21995
16395,2023-03-06 18:15:29,21997
16396,2021-05-23 13:09:49,21998
16397,2021-04-12 15:02:30,21999
16399,2022-03-25 16:25:54,22001
16401,2021-09-09 11:55:57,22003
16402,2023-06-12 11:32:20,22004
16403,2023-04-04 14:07:09,22005
16404,2020-11-15 09:06:31,22006
16405,2020-12-18 15:45:44,22007
16406,2022-05-22 14:46:12,22008
16410,2020-05-12 15:08:17,22012
16411,2023-09-04 17:12:21,22013
16412,2022-01-03 08:36:58,22014
16413,2022-07-15 14:54:43,22015
16415,2023-03-12 12:35:33,22017
16417,2022-12-02 18:39:51,22019
16418,2022-07-12 17:07:00,22020
16419,2021-11-19 10:10:47,22021
16420,2023-11-09 09:29:00,22022
16423,2020-10-21 15:37:06,22025
16424,2023-01-18 17:55:32,22026
16426,2022-08-24 09:39:01,22028
16428,2021-11-16 13:48:23,22030
16432,2020-02-18 13:39:37,22034
16433,2020-02-05 17:58:04,22035
16434,2023-11-08 14:15:27,22036
16435,2021-03-17 10:00:14,22037
16436,2020-03-12 14:59:52,22038
16437,2020-11-10 12:37:45,22039
16438,2020-02-01 13:39:46,22040
16439,2021-09-14 17:48:45,22041
16440,2020-09-20 11:57:07,22042
16441,2022-09-13 09:36:22,22043
16442,2021-02-25 11:35:45,22044
16445,2023-03-12 18:55:53,22047
16446,2022-12-01 09:56:19,22048
16448,2023-09-14 17:09:59,22050
16450,2021-10-12 13:22:34,22052
16451,2023-07-17 18:40:55,22053
16452,2021-06-14 12:33:14,22054
16453,2023-03-14 11:37:33,22055
16454,2020-05-11 10:52:08,22056
16455,2020-04-25 12:21:46,22057
16456,2022-12-16 15:09:55,22058
16460,2022-10-11 10:31:07,22062
16463,2022-06-18 09:48:26,22065
16465,2022-05-23 12:15:16,22067
16466,2020-01-04 14:20:47,22068
16467,2021-01-04 15:58:36,22069
16469,2022-01-20 14:58:51,22071
16471,2020-05-03 11:28:57,22073
16472,2023-06-07 11:55:52,22074
16473,2022-12-01 16:51:33,22075
16474,2020-06-10 14:49:23,22076
16475,2021-04-27 17:05:24,22077
16476,2022-09-26 12:12:11,22078
16478,2021-03-08 14:36:23,22080
16479,2022-02-20 16:19:34,22081
16480,2022-05-02 15:23:46,22082
16481,2022-04-14 10:59:35,22083
16482,2023-05-19 14:03:26,22084
16483,2023-04-28 14:46:16,22085
16485,2020-04-18 10:44:49,22087
16486,2020-10-21 13:54:04,22088
16487,2022-09-03 09:35:08,22089
16488,2023-08-27 16:05:51,22090
16490,2020-05-04 14:24:25,22092
16491,2022-03-02 18:22:43,22093
16492,2023-05-10 14:26:05,22094
16493,2020-06-21 14:34:27,22095
16494,2021-07-01 10:08:41,22096
16495,2020-12-06 14:38:50,22097
16497,2020-05-08 17:22:29,22099
16500,2022-08-25 15:13:54,22102
16501,2022-03-18 10:13:16,22103
16502,2023-03-25 14:59:43,22104
16503,2021-08-26 14:42:23,22105
16505,2022-12-24 08:48:39,22107
16506,2021-03-19 10:02:23,22108
16508,2020-07-26 11:42:15,22110
16510,2023-10-24 09:32:44,22112
16513,2020-03-27 17:41:49,22115
16514,2021-03-04 16:36:01,22116
16515,2021-05-03 10:10:24,22117
16517,2023-12-04 09:03:30,22119
16518,2023-10-15 11:16:10,22120
16520,2020-06-02 12:00:32,22122
16521,2022-02-09 15:30:04,22123
16522,2023-06-12 12:08:37,22124
16523,2023-03-15 10:56:31,22125
16524,2023-08-04 12:22:16,22126
16525,2021-12-06 13:41:33,22127
16526,2020-04-11 17:51:07,22128
16528,2020-08-21 16:06:22,22130
16529,2022-11-20 17:17:33,22131
16530,2021-03-11 09:01:21,22132
16532,2022-10-20 12:00:43,22134
16533,2021-12-04 10:59:54,22135
16534,2022-01-12 10:54:57,22136
16538,2021-10-06 18:09:07,22140
16539,2023-03-02 10:40:27,22141
16540,2022-06-12 09:54:08,22142
16542,2022-07-22 14:43:07,22144
16545,2022-03-21 15:40:31,22147
16547,2023-02-17 16:13:20,22149
16548,2020-11-17 12:23:05,22150
16549,2023-07-16 13:29:42,22151
16550,2021-02-17 08:52:45,22152
16551,2021-02-19 17:32:24,22153
16552,2023-11-23 13:54:05,22154
16553,2021-08-15 16:24:52,22155
16554,2020-08-22 09:26:26,22156
16555,2020-02-08 15:54:58,22157
16556,2020-04-26 15:58:33,22158
16557,2021-07-21 17:45:09,22159
16558,2021-07-20 18:22:30,22160
16562,2020-03-07 14:20:50,22164
16563,2022-07-21 14:03:33,22165
16564,2021-05-27 14:33:24,22166
16565,2021-12-04 14:09:11,22167
16566,2020-07-12 11:54:26,22168
16568,2021-01-04 17:40:10,22170
16569,2020-06-14 15:48:01,22171
16570,2020-08-10 16:49:25,22172
16571,2022-11-06 13:16:30,22173
16572,2021-06-04 08:44:22,22174
16573,2022-07-28 14:22:47,22175
16577,2020-11-05 12:11:24,22179
16578,2021-05-03 10:59:27,22180
16580,2021-10-19 11:34:43,22182
16582,2021-07-04 10:02:46,22184
16583,2023-07-16 10:40:32,22185
16584,2023-01-19 15:59:28,22186
16589,2022-11-14 11:10:06,22191
16590,2022-03-23 10:24:00,22192
16592,2022-07-01 08:51:12,22194
16594,2021-06-12 14:42:24,22196
16595,2022-12-14 16:01:15,22197
16597,2022-04-03 17:15:24,22199
16598,2020-04-14 14:31:08,22200
16599,2020-12-15 11:50:00,22201
16601,2023-07-07 18:13:44,22203
16602,2022-04-28 10:56:02,22204
16603,2023-11-02 18:51:08,22205
16604,2022-04-14 17:25:09,22206
16605,2021-06-22 11:04:18,22207
16606,2022-05-08 17:18:39,22208
16608,2020-05-03 13:08:36,22210
16609,2020-08-20 12:20:26,22211
16610,2020-04-21 08:58:58,22212
16611,2021-11-12 16:51:30,22213
16612,2020-01-05 16:51:46,22214
16613,2021-01-13 17:01:40,22215
16614,2021-05-10 17:52:03,22216
16615,2020-04-28 14:31:29,22217
16619,2021-11-21 10:35:37,22221
16620,2022-04-09 09:53:02,22222
16623,2020-08-13 13:29:58,22225
16624,2020-10-28 15:08:29,22226
16627,2022-08-22 16:54:23,22229
16628,2022-06-01 18:25:58,22230
16630,2022-12-25 16:32:54,22232
16632,2022-10-28 14:49:14,22234
16633,2023-05-11 18:30:53,22235
16636,2023-10-15 17:19:48,22238
16637,2022-10-05 09:30:21,22239
16639,2023-02-08 12:39:29,22241
16640,2023-07-21 17:38:56,22242
16641,2021-10-04 18:26:03,22243
16642,2021-03-11 10:36:32,22244
16643,2020-05-06 10:07:01,22245
16647,2022-11-08 17:34:22,22249
16648,2021-07-10 13:11:03,22250
16649,2021-03-26 16:04:16,22251
16655,2022-08-03 09:05:40,22257
16656,2022-01-22 17:10:51,22258
16657,2020-08-17 17:34:16,22259
16658,2021-06-28 17:05:04,22260
16659,2021-03-18 17:51:47,22261
16661,2023-07-22 09:04:19,22263
16663,2021-02-20 15:32:11,22265
16664,2021-08-16 09:14:05,22266
16665,2023-10-18 13:18:17,22267
16666,2022-06-18 19:01:34,22268
16667,2022-06-27 10:11:31,22269
16669,2021-04-14 10:50:30,22271
16671,2022-06-15 14:00:24,22273
16672,2021-03-19 17:52:12,22274
16673,2021-12-03 11:42:05,22275
16676,2023-12-24 16:07:08,22278
16681,2022-02-01 11:25:57,22283
16682,2022-04-28 10:40:55,22284
16683,2020-12-08 16:48:42,22285
16685,2022-04-07 17:08:56,22287
16686,2022-11-11 10:57:51,22288
16687,2023-12-17 18:13:59,22289
16689,2022-06-27 11:29:22,22291
16691,2023-01-23 16:28:37,22293
16692,2023-02-23 17:59:44,22294
16694,2021-11-07 12:17:50,22296
16695,2023-08-22 14:45:34,22297
16696,2020-07-08 10:02:31,22298
16697,2023-11-24 11:49:32,22299
16698,2023-09-03 13:28:20,22300
16700,2022-03-28 10:31:38,22302
16701,2020-01-02 15:39:15,22303
16703,2022-04-28 14:13:15,22305
16704,2023-11-08 09:03:36,22306
16705,2022-02-27 17:20:13,22307
16706,2023-03-02 13:32:38,22308
16707,2020-04-05 08:50:46,22309
16708,2022-09-09 18:50:50,22310
16709,2021-06-23 08:45:25,22311
16710,2023-11-18 12:30:17,22312
16715,2022-05-22 16:11:54,22317
16716,2021-12-21 09:16:56,22318
16718,2023-08-01 16:00:12,22320
16721,2020-08-11 11:05:30,22323
16722,2020-04-13 15:20:50,22324
16723,2022-04-08 16:14:16,22325
16724,2022-03-28 12:04:22,22326
16725,2022-01-13 13:27:44,22327
16728,2021-10-01 13:57:19,22330
16729,2020-03-09 16:27:57,22331
16731,2020-09-10 16:07:22,22333
16732,2022-08-18 16:45:37,22334
16733,2021-07-15 09:52:25,22335
16734,2022-10-05 12:33:54,22336
16735,2022-10-25 12:50:46,22337
16738,2022-12-27 16:31:37,22340
16739,2023-07-03 16:58:14,22341
16740,2020-04-09 11:52:39,22342
16741,2022-04-23 08:41:34,22343
16743,2022-11-06 09:29:38,22345
16744,2021-07-02 16:55:32,22346
16745,2023-04-05 13:47:54,22347
16746,2023-04-05 12:50:31,22348
16747,2021-02-03 16:06:20,22349
16748,2022-01-16 16:11:01,22350
16750,2021-07-09 15:36:50,22352
16752,2022-05-06 14:39:42,22354
16755,2022-12-28 16:03:04,22357
16757,2021-05-10 17:23:14,22359
16759,2020-06-07 12:12:14,22361
16760,2022-02-14 13:38:25,22362
16761,2023-10-06 09:52:41,22363
16762,2022-05-23 10:12:40,22364
16765,2020-03-14 16:36:08,22367
16766,2021-02-13 14:15:05,22368
16768,2022-01-02 12:12:58,22370
16769,2021-12-04 10:10:42,22371
16770,2023-06-28 17:33:48,22372
16771,2020-10-22 16:02:18,22373
16772,2022-10-03 12:21:35,22374
16773,2020-11-05 09:06:20,22375
16776,2021-04-07 10:43:23,22378
16778,2020-08-22 10:48:25,22380
16779,2023-06-21 11:05:56,22381
16780,2023-08-10 13:48:51,22382
16782,2021-11-15 11:50:08,22384
16785,2021-03-28 18:32:48,22387
16786,2022-03-02 15:05:53,22388
16788,2020-05-20 15:17:41,22390
16789,2022-11-01 13:10:41,22391
16790,2020-09-17 17:09:01,22392
16792,2023-02-19 18:41:44,22394
16794,2022-08-04 15:39:43,22396
16795,2020-08-16 16:34:36,22397
16796,2023-12-22 16:55:12,22398
16798,2023-11-20 12:38:49,22400
16800,2021-02-15 16:41:17,22402
16802,2020-10-24 16:51:34,22404
16803,2022-05-07 13:11:56,22405
16804,2023-11-22 14:04:15,22406
16805,2021-01-28 16:34:19,22407
16806,2020-12-15 12:16:50,22408
16807,2022-09-26 09:40:19,22409
16808,2023-07-04 15:09:54,22410
16809,2022-09-01 14:16:25,22411
16811,2022-12-10 14:58:29,22413
16812,2020-10-05 13:27:56,22414
16813,2023-07-17 13:31:26,22415
16814,2021-11-23 10:50:04,22416
16815,2021-01-19 17:09:29,22417
16816,2020-10-27 14:42:08,22418
16818,2023-08-05 14:01:11,22420
16820,2023-05-11 15:36:21,22422
16821,2023-08-03 17:06:56,22423
16822,2021-02-10 18:07:15,22424
16824,2020-08-03 15:13:52,22426
16825,2022-09-20 18:04:38,22427
16826,2021-11-21 09:39:52,22428
16828,2023-06-26 13:15:49,22430
16829,2021-07-23 13:10:50,22431
16831,2023-03-02 09:38:50,22433
16832,2020-02-01 15:26:52,22434
16833,2023-01-07 17:40:53,22435
16834,2020-12-13 10:38:41,22436
16835,2020-11-22 16:34:35,22437
16836,2020-06-22 16:24:52,22438
16837,2023-07-24 14:23:41,22439
16838,2020-03-07 16:34:34,22440
16839,2023-02-16 17:00:50,22441
16840,2020-06-10 13:21:37,22442
16842,2022-09-09 10:54:59,22444
16843,2023-12-03 12:38:51,22445
16845,2021-04-17 17:18:50,22447
16846,2021-12-17 14:17:54,22448
16847,2023-02-03 10:17:52,22449
16848,2021-07-08 10:29:36,22450
16849,2020-03-28 12:55:05,22451
16850,2021-12-28 18:06:53,22452
16853,2023-05-08 18:09:09,22455
16854,2022-03-09 17:27:14,22456
16855,2022-08-23 11:28:55,22457
16856,2021-07-21 13:37:22,22458
16857,2021-12-14 17:05:29,22459
16859,2023-12-12 10:12:10,22461
16860,2020-09-16 11:22:37,22462
16861,2021-07-05 15:02:45,22463
16863,2023-08-28 13:53:40,22465
16864,2021-05-11 15:54:06,22466
16866,2020-11-09 14:45:58,22468
16869,2020-05-10 15:14:31,22471
16870,2021-12-10 15:27:00,22472
16871,2023-01-26 12:07:23,22473
16873,2021-11-03 13:03:27,22475
16874,2023-11-27 13:31:10,22476
16876,2022-11-11 14:53:27,22478
16878,2023-06-27 15:38:32,22480
16879,2022-10-04 15:52:02,22481
16880,2023-09-07 11:08:22,22482
16881,2022-12-28 10:59:39,22483
16882,2023-01-15 14:02:42,22484
16888,2023-03-24 18:04:20,22490
16889,2022-09-03 08:50:40,22491
16890,2023-01-17 09:11:45,22492
16892,2020-06-22 08:24:25,22494
16893,2023-07-03 16:46:52,22495
16894,2023-07-25 15:55:58,22496
16898,2023-03-22 17:22:42,22500
16900,2022-06-05 16:37:35,22502
16901,2022-10-23 17:53:01,22503
16902,2022-05-11 09:48:25,22504
16903,2021-03-28 15:04:01,22505
16906,2023-04-07 15:19:47,22508
16907,2023-10-05 08:59:39,22509
16910,2020-08-17 14:02:41,22512
16911,2023-11-13 12:07:06,22513
16912,2023-11-09 18:12:40,22514
16913,2022-12-09 13:47:53,22515
16914,2022-01-05 12:36:05,22516
16915,2023-06-26 16:46:09,22517
16917,2021-02-16 11:08:43,22519
16918,2021-07-18 17:09:44,22520
16919,2020-03-22 13:57:55,22521
16921,2020-12-06 18:02:39,22523
16922,2020-07-18 08:39:10,22524
16923,2020-03-13 15:57:31,22525
16925,2023-02-12 09:35:24,22527
16926,2022-06-25 17:10:58,22528
16927,2023-02-22 16:39:10,22529
16928,2022-07-05 14:01:03,22530
16929,2021-10-18 16:17:44,22531
16930,2022-12-26 15:25:04,22532
16931,2023-12-14 11:13:37,22533
16933,2020-06-14 13:19:15,22535
16934,2021-09-15 10:40:51,22536
16936,2022-06-25 14:10:18,22538
16938,2023-08-03 14:31:17,22540
16939,2020-07-13 17:25:44,22541
16940,2021-06-18 11:15:12,22542
16941,2023-02-16 10:54:37,22543
16942,2020-06-05 11:07:28,22544
16943,2021-03-13 10:18:01,22545
16944,2023-05-08 17:00:16,22546
16946,2020-11-04 10:06:28,22548
16948,2023-08-05 13:55:11,22550
16949,2022-04-03 09:47:38,22551
16950,2020-11-28 15:35:24,22552
16952,2021-03-07 10:20:59,22554
16953,2023-03-19 15:53:34,22555
16955,2022-07-14 15:39:56,22557
16958,2020-11-07 08:59:32,22560
16959,2023-03-19 12:54:58,22561
16960,2022-07-07 11:21:05,22562
16961,2023-03-19 10:55:36,22563
16962,2023-03-23 16:03:47,22564
16966,2020-01-13 10:35:55,22568
16967,2020-12-07 08:55:13,22569
16968,2021-10-08 14:29:43,22570
16969,2021-04-22 18:44:28,22571
16974,2023-05-02 10:55:52,22576
16975,2023-09-12 08:37:09,22577
16976,2023-03-02 16:18:27,22578
16977,2020-01-27 15:19:40,22579
16978,2022-05-21 14:32:48,22580
16980,2022-05-28 14:01:05,22582
16981,2020-06-12 15:34:17,22583
16982,2020-12-26 09:19:32,22584
16983,2023-02-25 10:11:48,22585
16984,2022-02-06 12:27:26,22586
16985,2020-10-23 08:36:01,22587
16987,2022-04-25 17:09:43,22589
16988,2021-10-05 09:15:14,22590
16989,2021-01-12 16:42:35,22591
16991,2020-02-11 18:09:30,22593
16992,2020-12-02 18:15:28,22594
16994,2022-08-04 10:25:40,22596
16997,2021-11-04 13:49:57,22599
16998,2022-07-11 15:42:33,22600
16999,2021-07-17 13:27:05,22601
17001,2023-04-24 08:58:46,22603
17002,2021-07-10 12:51:41,22604
17003,2023-04-17 18:03:25,22605
17004,2023-07-08 11:24:27,22606
17007,2022-11-26 09:41:15,22609
17009,2022-12-12 09:34:26,22611
17010,2023-06-13 16:57:42,22612
17011,2020-07-02 11:11:32,22613
17012,2020-08-10 15:36:38,22614
17013,2022-06-03 10:04:01,22615
17014,2023-10-22 18:19:42,22616
17016,2023-01-15 10:38:41,22618
17017,2023-04-03 14:54:21,22619
17018,2022-06-08 12:16:12,22620
17019,2023-01-07 13:12:19,22621
17021,2020-07-08 08:44:23,22623
17023,2021-12-19 16:08:11,22625
17026,2021-02-14 17:57:21,22628
17027,2021-08-04 16:52:36,22629
17028,2022-03-21 10:31:35,22630
17029,2023-11-20 15:56:53,22631
17031,2023-01-14 15:24:36,22633
17032,2022-10-27 09:53:17,22634
17033,2023-04-16 11:43:23,22635
17035,2023-08-01 13:25:24,22637
17036,2020-06-08 13:36:17,22638
17037,2021-03-26 15:25:40,22639
17038,2020-02-12 17:58:15,22640
17039,2021-04-11 09:21:40,22641
17040,2020-10-09 13:22:12,22642
17041,2021-07-15 18:07:24,22643
17042,2020-12-07 18:25:13,22644
17043,2022-04-26 15:10:47,22645
17044,2023-07-16 17:19:24,22646
17046,2022-11-04 13:41:16,22648
17047,2022-08-10 08:43:38,22649
17048,2022-10-13 14:59:47,22650
17049,2023-03-12 09:57:16,22651
17050,2022-12-19 09:40:04,22652
17052,2023-01-26 17:29:19,22654
17053,2023-09-17 13:36:40,22655
17056,2020-01-09 11:44:52,22658
17057,2022-01-12 16:57:55,22659
17058,2021-03-05 18:22:56,22660
17059,2020-11-24 18:00:32,22661
17061,2020-04-20 11:49:49,22663
17063,2021-06-21 08:15:28,22665
17064,2022-09-10 14:40:21,22666
17065,2021-10-05 13:51:38,22667
17066,2022-10-25 11:50:29,22668
17067,2020-05-24 10:01:46,22669
17069,2022-08-02 13:22:33,22671
17070,2022-07-13 13:15:13,22672
17071,2023-10-21 16:35:43,22673
17072,2020-08-23 17:57:01,22674
17074,2020-09-14 16:39:42,22676
17075,2021-04-08 10:51:48,22677
17076,2023-06-01 15:23:16,22678
17077,2020-09-07 13:36:37,22679
17078,2020-09-25 10:29:06,22680
17079,2023-04-20 10:06:49,22681
17080,2020-02-25 14:43:49,22682
17082,2023-02-03 17:10:57,22684
17084,2021-04-25 16:37:26,22686
17085,2023-10-05 08:52:31,22687
17086,2021-09-21 16:47:38,22688
17087,2022-07-20 15:17:39,22689
17088,2021-02-02 11:56:51,22690
17090,2023-11-26 08:58:17,22692
17091,2023-12-08 15:41:40,22693
17092,2022-06-25 10:25:52,22694
17093,2023-08-12 08:57:59,22695
17097,2021-04-26 17:44:22,22699
17098,2021-07-28 09:29:51,22700
17100,2022-01-22 09:18:37,22702
17101,2021-04-10 14:17:22,22703
17102,2021-02-08 09:15:55,22704
17103,2021-10-24 09:43:38,22705
17104,2020-10-05 14:00:47,22706
17107,2021-09-17 11:58:50,22709
17108,2023-11-21 15:48:11,22710
17109,2020-07-11 14:25:38,22711
17110,2021-09-21 09:55:33,22712
17111,2021-10-10 10:40:11,22713
17113,2021-07-22 18:25:03,22715
17114,2023-04-10 14:47:05,22716
17117,2023-06-27 18:29:26,22719
17118,2023-10-02 15:47:14,22720
17119,2020-07-23 11:19:42,22721
17122,2021-07-19 11:40:36,22724
17123,2022-04-11 10:42:47,22725
17124,2022-10-04 13:31:29,22726
17125,2021-12-24 13:16:07,22727
17126,2020-04-27 10:39:25,22728
17128,2022-04-06 14:36:12,22730
17129,2022-02-10 17:36:55,22731
17130,2020-06-21 17:13:11,22732
17132,2021-10-22 16:48:51,22734
17133,2023-08-23 17:35:57,22735
17134,2021-10-26 10:13:09,22736
17135,2023-02-11 12:35:06,22737
17136,2022-07-11 09:57:34,22738
17137,2023-03-28 16:32:01,22739
17138,2021-10-18 16:49:18,22740
17141,2022-08-01 08:41:51,22743
17142,2022-03-06 09:31:55,22744
17143,2021-03-11 18:15:32,22745
17145,2023-12-28 18:32:10,22747
17147,2021-08-28 09:34:30,22749
17148,2023-01-03 11:16:19,22750
17150,2020-04-01 13:10:39,22752
17151,2021-12-06 14:12:27,22753
17152,2023-11-03 15:23:31,22754
17153,2020-06-21 17:36:49,22755
17154,2022-10-06 17:34:51,22756
17155,2022-11-24 16:04:39,22757
17157,2020-07-22 18:22:33,22759
17162,2020-10-08 10:33:58,22764
17164,2020-08-23 15:31:55,22766
17168,2020-07-27 17:24:59,22770
17169,2020-02-11 13:09:09,22771
17170,2020-03-04 15:59:57,22772
17173,2022-09-16 13:18:40,22775
17174,2023-01-02 12:04:10,22776
17175,2020-05-06 15:32:07,22777
17176,2020-12-28 16:12:21,22778
17177,2021-12-05 09:26:58,22779
17178,2023-07-19 11:55:32,22780
17179,2023-11-14 14:50:27,22781
17181,2020-11-07 14:11:05,22783
17182,2023-01-09 15:24:23,22784
17183,2021-10-15 17:11:26,22785
17184,2022-06-14 11:30:36,22786
17185,2021-07-06 14:06:01,22787
17186,2023-11-08 16:07:35,22788
17187,2023-11-20 17:28:33,22789
17188,2020-06-04 13:50:38,22790
17189,2020-10-06 15:20:44,22791
17190,2021-10-10 09:11:56,22792
17193,2022-10-03 11:34:36,22795
17194,2020-12-01 12:51:44,22796
17195,2020-11-04 13:12:40,22797
17196,2020-05-14 11:24:59,22798
17200,2022-12-24 13:29:18,22802
17202,2022-08-05 14:44:30,22804
17203,2023-07-27 09:12:49,22805
17204,2022-09-23 13:16:05,22806
17205,2023-03-10 15:25:55,22807
17206,2021-02-14 09:53:03,22808
17207,2022-04-01 08:22:13,22809
17208,2020-11-27 08:29:09,22810
17209,2021-09-23 12:01:46,22811
17210,2021-05-28 10:15:01,22812
17211,2021-06-17 16:46:03,22813
17212,2023-06-17 16:55:23,22814
17213,2020-02-13 10:30:05,22815
17214,2021-09-25 14:32:48,22816
17215,2020-03-03 17:55:53,22817
17216,2020-02-06 09:40:54,22818
17217,2022-01-06 16:16:23,22819
17218,2022-11-03 10:52:08,22820
17219,2021-07-01 11:29:02,22821
17220,2022-04-03 09:07:02,22822
17221,2023-08-08 17:08:01,22823
17222,2022-07-23 14:06:03,22824
17224,2023-04-27 14:40:47,22826
17225,2020-11-07 10:20:04,22827
17226,2020-10-22 15:13:29,22828
17227,2023-03-15 17:50:08,22829
17230,2022-11-03 09:18:51,22832
17231,2022-10-03 09:23:01,22833
17232,2020-01-03 13:35:41,22834
17233,2022-05-22 11:15:37,22835
17235,2023-02-18 15:31:08,22837
17236,2021-07-07 09:08:49,22838
17237,2020-11-06 16:40:53,22839
17238,2020-10-13 13:13:08,22840
17239,2023-05-12 15:34:03,22841
17240,2022-11-08 09:18:18,22842
17241,2022-02-24 11:05:28,22843
17242,2022-09-26 09:17:14,22844
17243,2023-04-25 13:23:36,22845
17245,2022-06-19 17:33:14,22847
17246,2020-05-18 08:41:01,22848
17247,2022-08-22 16:53:29,22849
17248,2022-11-07 17:38:12,22850
17249,2022-02-13 09:38:15,22851
17250,2023-10-17 18:52:08,22852
17251,2022-12-10 09:11:37,22853
17253,2020-02-09 17:50:28,22855
17256,2022-08-06 10:48:41,22858
17257,2021-11-13 08:24:22,22859
17260,2022-05-24 12:39:40,22862
17261,2023-07-05 14:26:52,22863
17262,2020-11-08 10:24:15,22864
17263,2021-04-09 10:51:16,22865
17264,2023-01-06 14:38:10,22866
17266,2023-03-09 12:34:11,22868
17268,2022-06-14 12:55:40,22870
17271,2021-02-25 12:49:19,22873
17272,2022-10-01 17:16:22,22874
17273,2020-09-07 14:36:37,22875
17274,2020-01-01 13:03:34,22876
17275,2021-06-20 09:26:24,22877
17276,2021-03-08 12:26:29,22878
17279,2021-11-17 17:03:35,22881
17283,2023-02-16 10:15:51,22885
17285,2023-08-13 11:47:33,22887
17286,2023-01-03 15:44:02,22888
17287,2023-02-13 12:51:02,22889
17288,2023-09-13 09:40:43,22890
17289,2021-12-11 09:38:01,22891
17290,2021-08-05 17:47:34,22892
17291,2021-01-24 09:13:10,22893
17292,2022-06-18 12:22:31,22894
17293,2022-09-26 09:13:19,22895
17294,2021-04-16 13:24:15,22896
17296,2023-08-13 11:43:56,22898
17297,2021-12-23 12:04:04,22899
17299,2022-08-21 11:50:33,22901
17300,2021-10-05 09:30:15,22902
17301,2022-10-14 17:54:36,22903
17302,2022-10-12 12:50:59,22904
17303,2023-02-27 16:51:50,22905
17305,2023-03-10 10:32:41,22907
17308,2023-12-12 15:19:26,22910
17310,2021-10-08 16:24:23,22912
17311,2020-06-13 16:51:01,22913
17312,2022-02-27 13:16:26,22914
17313,2023-03-16 12:25:08,22915
17314,2023-08-07 14:35:13,22916
17318,2021-06-09 09:41:15,22920
17319,2020-10-15 09:07:00,22921
17320,2021-05-21 18:56:58,22922
17322,2021-12-09 13:12:59,22924
17327,2021-02-19 12:53:05,22929
17329,2022-02-28 13:20:27,22931
17330,2021-08-06 12:05:36,22932
17331,2023-06-28 14:23:38,22933
17332,2021-08-27 10:12:59,22934
17333,2020-05-13 11:57:59,22935
17334,2023-01-19 13:55:13,22936
17335,2021-07-14 18:05:29,22937
17336,2022-01-23 19:03:49,22938
17337,2020-02-07 09:22:58,22939
17338,2021-08-17 10:22:51,22940
17339,2023-07-05 15:07:54,22941
17340,2021-06-01 11:45:59,22942
17341,2020-08-25 10:30:41,22943
17342,2021-08-06 09:37:52,22944
17344,2022-11-08 12:03:58,22946
17345,2021-05-26 12:49:18,22947
17346,2021-10-26 09:56:10,22948
17347,2023-09-25 09:35:53,22949
17348,2020-06-13 13:56:07,22950
17349,2023-05-25 11:43:32,22951
17351,2023-09-05 15:36:34,22953
17352,2022-01-02 12:40:42,22954
17353,2023-10-08 18:12:20,22955
17354,2020-02-02 16:49:18,22956
17356,2022-11-09 11:44:39,22958
17357,2023-06-16 10:14:00,22959
17361,2020-06-21 12:08:22,22963
17362,2023-05-08 11:05:40,22964
17363,2020-09-06 16:43:19,22965
17364,2021-10-19 15:14:42,22966
17365,2021-09-25 10:40:06,22967
17367,2023-09-14 10:43:47,22969
17368,2021-06-01 18:29:59,22970
17371,2021-02-03 10:17:41,22973
17372,2020-02-03 16:02:18,22974
17373,2023-03-01 11:04:36,22975
17374,2020-11-19 13:28:47,22976
17375,2020-03-25 17:46:11,22977
17376,2021-11-06 18:10:15,22978
17377,2020-03-19 16:23:58,22979
17379,2020-09-08 11:28:07,22981
17380,2022-11-08 14:14:40,22982
17381,2020-12-11 09:55:38,22983
17382,2021-06-06 13:33:22,22984
17383,2022-04-10 08:51:23,22985
17384,2020-08-15 15:37:22,22986
17385,2023-09-02 12:10:28,22987
17387,2023-02-18 14:53:55,22989
17389,2020-10-18 17:57:35,22991
17392,2022-10-05 11:03:01,22994
17396,2020-06-05 17:02:12,22998
17397,2021-06-04 12:20:43,22999
17398,2023-01-01 08:40:26,23000
17399,2022-07-13 16:13:49,23001
17403,2022-02-16 17:58:09,23005
17404,2023-06-07 14:55:28,23006
17405,2020-02-20 17:44:32,23007
17406,2021-02-21 10:01:37,23008
17407,2023-07-17 12:26:29,23009
17409,2021-08-13 12:29:23,23011
17410,2021-04-24 17:49:51,23012
17411,2023-03-11 16:13:37,23013
17413,2020-06-22 18:54:31,23015
17414,2023-03-22 08:43:16,23016
17415,2023-11-16 11:24:59,23017
17416,2021-07-18 16:24:32,23018
17417,2021-11-23 10:32:00,23019
17418,2023-06-23 16:31:46,23020
17419,2020-05-08 12:23:02,23021
17420,2021-07-03 12:01:38,23022
17421,2020-09-21 12:37:40,23023
17422,2020-06-07 10:03:21,23024
17423,2020-08-17 09:46:04,23025
17424,2021-06-20 11:54:44,23026
17426,2022-07-10 09:29:33,23028
17427,2021-11-24 14:24:21,23029
17428,2022-07-26 10:28:18,23030
17429,2020-02-28 10:43:37,23031
17430,2021-11-18 15:44:44,23032
17431,2020-08-19 16:06:00,23033
17432,2022-02-10 10:57:01,23034
17434,2022-12-25 12:49:42,23036
17435,2022-02-09 08:50:20,23037
17436,2023-10-06 11:51:13,23038
17437,2022-02-01 14:45:15,23039
17438,2022-04-17 10:59:02,23040
17439,2021-02-11 11:14:25,23041
17441,2022-05-28 17:53:18,23043
17443,2021-10-20 11:50:59,23045
17444,2021-09-07 14:56:28,23046
17445,2022-02-22 12:49:30,23047
17446,2021-12-27 13:27:52,23048
17448,2022-03-26 09:13:07,23050
17449,2023-07-02 17:07:47,23051
17450,2022-06-03 09:27:02,23052
17451,2022-09-20 14:18:32,23053
17452,2022-10-07 10:17:55,23054
17453,2022-10-27 12:31:33,23055
17454,2023-12-26 18:53:58,23056
17455,2020-07-26 13:15:41,23057
17456,2021-01-12 16:15:10,23058
17458,2021-01-18 11:51:19,23060
17459,2020-06-26 14:20:56,23061
17460,2022-05-08 16:44:20,23062
17461,2023-12-05 08:49:18,23063
17462,2023-07-07 13:30:04,23064
17464,2022-11-01 16:58:14,23066
17465,2023-08-27 17:33:08,23067
17466,2022-04-24 15:12:25,23068
17467,2023-01-14 12:40:56,23069
17468,2020-01-28 16:17:10,23070
17469,2020-03-20 11:31:58,23071
17470,2021-07-27 15:24:19,23072
17471,2020-02-26 15:10:10,23073
17472,2020-05-07 18:09:22,23074
17473,2022-09-10 10:45:58,23075
17474,2020-05-26 14:30:37,23076
17475,2022-07-08 18:17:28,23077
17476,2023-02-01 14:31:38,23078
17477,2022-07-18 13:49:37,23079
17478,2022-03-22 10:13:42,23080
17479,2020-03-11 17:53:59,23081
17480,2022-12-18 11:29:49,23082
17483,2023-01-15 17:08:55,23085
17484,2021-11-13 17:03:20,23086
17485,2023-10-11 12:42:37,23087
17486,2020-05-28 17:51:01,23088
17487,2021-03-20 14:20:03,23089
17490,2021-01-07 12:51:37,23092
17491,2023-08-23 13:35:51,23093
17492,2022-07-22 16:21:49,23094
17493,2021-11-24 17:26:04,23095
17495,2023-09-07 15:43:14,23097
17496,2020-10-14 13:58:51,23098
17498,2022-06-22 19:09:45,23100
17499,2021-05-27 15:36:22,23101
17501,2021-09-24 16:28:32,23103
17502,2020-06-01 15:55:52,23104
17503,2020-07-28 18:05:01,23105
17504,2023-02-13 11:18:38,23106
17505,2022-09-03 12:08:11,23107
17506,2021-06-07 13:51:02,23108
17507,2020-05-02 15:45:44,23109
17509,2023-07-23 12:17:13,23111
17510,2020-09-25 17:26:01,23112
17511,2021-05-01 12:01:19,23113
17512,2022-09-08 16:30:49,23114
17513,2020-01-26 16:43:20,23115
17514,2023-04-10 10:53:59,23116
17515,2021-05-02 10:07:35,23117
17516,2022-09-02 09:47:18,23118
17518,2023-09-06 17:03:46,23120
17519,2021-08-17 10:34:41,23121
17521,2023-02-10 11:30:59,23123
17523,2023-06-17 12:43:35,23125
17524,2023-02-05 13:37:51,23126
17525,2022-09-25 08:46:21,23127
17526,2020-03-22 09:29:05,23128
17527,2021-06-01 18:17:02,23129
17529,2020-05-03 09:21:51,23131
17530,2021-05-07 09:38:49,23132
17531,2022-01-28 18:14:22,23133
17532,2020-10-22 17:49:59,23134
17533,2020-04-02 09:46:43,23135
17534,2023-03-14 11:10:25,23136
17535,2020-08-18 13:58:35,23137
17536,2023-12-13 14:06:40,23138
17538,2022-06-12 12:15:44,23140
17544,2023-01-23 11:14:45,23146
17545,2021-01-13 09:25:08,23147
17546,2021-01-26 16:26:33,23148
17547,2020-09-05 08:49:24,23149
17548,2022-01-03 13:39:52,23150
17550,2021-07-13 09:06:56,23152
17554,2023-10-06 09:20:38,23156
17555,2020-08-02 15:39:46,23157
17556,2020-03-05 09:22:26,23158
17557,2020-04-04 12:20:59,23159
17559,2021-06-16 10:59:13,23161
17562,2023-12-01 08:57:56,23164
17563,2020-07-23 11:18:22,23165
17564,2021-07-26 09:12:15,23166
17568,2023-09-23 09:26:19,23170
17569,2022-07-14 09:49:05,23171
17570,2021-02-11 17:19:29,23172
17571,2023-12-25 13:24:12,23173
17574,2023-08-15 09:40:20,23176
17575,2023-02-06 15:59:16,23177
17576,2022-08-17 11:43:20,23178
17577,2021-04-07 14:27:15,23179
17581,2021-06-25 11:15:18,23183
17583,2020-12-17 14:24:37,23185
17584,2020-07-27 11:09:21,23186
17586,2021-11-17 17:48:55,23188
17587,2023-02-15 12:58:40,23189
17588,2022-11-10 10:46:37,23190
17589,2020-06-21 14:29:07,23191
17590,2022-12-07 13:59:24,23192
17594,2023-07-16 10:03:16,23196
17595,2023-08-13 14:44:39,23197
17596,2023-04-18 11:08:42,23198
17598,2021-06-27 18:01:54,23200
17599,2023-07-17 15:37:37,23201
17601,2023-09-10 11:48:59,23203
17604,2022-01-19 15:57:46,23206
17605,2023-12-20 11:34:16,23207
17606,2020-03-25 17:13:25,23208
17608,2021-01-18 10:46:44,23210
17610,2023-04-10 10:32:51,23212
17613,2021-06-15 18:36:59,23215
17614,2020-05-14 15:04:23,23216
17616,2022-10-13 08:28:17,23218
17617,2023-02-05 17:21:24,23219
17618,2022-12-19 09:19:23,23220
17620,2020-05-09 11:48:29,23222
17622,2021-11-03 16:59:19,23224
17624,2021-02-22 09:50:32,23226
17625,2023-08-23 09:55:33,23227
17627,2023-03-02 11:02:49,23229
17628,2023-01-12 17:02:16,23230
17629,2023-05-13 11:32:45,23231
17630,2020-09-06 11:41:14,23232
17631,2022-07-07 16:47:47,23233
17632,2021-05-03 10:49:59,23234
17633,2021-04-26 15:53:59,23235
17634,2023-08-27 10:25:44,23236
17635,2020-10-04 18:44:52,23237
17638,2021-05-11 13:35:07,23240
17639,2021-09-24 14:39:52,23241
17640,2021-10-02 16:29:13,23242
17641,2021-07-09 11:33:12,23243
17642,2023-01-05 13:04:42,23244
17643,2020-07-12 10:50:42,23245
17644,2023-08-10 11:52:11,23246
17646,2021-01-24 13:53:54,23248
17647,2021-05-28 11:35:27,23249
17649,2022-01-11 09:07:50,23251
17650,2021-12-05 17:21:47,23252
17651,2022-11-25 12:05:56,23253
17652,2021-10-28 13:38:21,23254
17654,2023-08-14 12:11:39,23256
17655,2023-03-28 12:39:08,23257
17657,2022-04-06 11:16:43,23259
17658,2021-05-20 13:12:40,23260
17659,2022-05-06 14:30:43,23261
17660,2023-10-12 16:20:33,23262
17661,2023-03-01 10:00:05,23263
17662,2021-02-26 17:29:51,23264
17663,2021-04-20 18:35:12,23265
17666,2021-04-07 15:37:32,23268
17667,2022-02-21 08:18:37,23269
17668,2021-03-06 08:53:27,23270
17670,2021-11-15 10:26:47,23272
17671,2020-07-11 13:20:08,23273
17672,2020-05-17 12:43:59,23274
17673,2021-07-23 16:48:52,23275
17674,2023-08-18 17:02:57,23276
17675,2020-09-23 12:30:14,23277
17678,2023-06-03 11:11:35,23280
17679,2020-01-27 15:46:13,23281
17681,2020-05-17 10:48:29,23283
17682,2022-01-01 18:19:42,23284
17685,2023-11-17 15:22:08,23287
17687,2021-12-08 11:22:51,23289
17688,2023-04-15 16:17:03,23290
17689,2020-03-01 10:55:10,23291
17690,2020-12-12 14:17:43,23292
17691,2020-07-03 09:04:10,23293
17692,2021-11-04 13:25:03,23294
17694,2021-05-22 12:39:49,23296
17695,2023-02-15 17:31:43,23297
17696,2023-12-24 09:44:51,23298
17697,2023-12-28 09:56:53,23299
17698,2021-10-13 17:54:15,23300
17699,2020-12-21 16:54:55,23301
17700,2022-05-18 11:51:32,23302
17701,2020-10-24 11:31:54,23303
17702,2022-10-03 17:27:09,23304
17704,2020-09-23 16:26:55,23306
17705,2020-04-19 09:53:56,23307
17707,2023-01-01 18:46:50,23309
17709,2023-05-07 09:15:03,23311
17710,2023-11-15 14:47:23,23312
17711,2022-10-18 15:20:15,23313
17712,2021-02-25 15:38:04,23314
17715,2023-07-20 15:49:04,23317
17716,2023-12-23 15:20:52,23318
17717,2022-08-22 12:47:50,23319
17718,2020-08-08 13:36:17,23320
17722,2023-05-24 10:37:48,23324
17724,2021-03-12 08:31:02,23326
17725,2022-08-07 14:47:08,23327
17727,2020-12-26 11:36:38,23329
17729,2021-02-09 15:19:14,23331
17731,2021-02-21 14:29:41,23333
17733,2023-02-20 13:53:30,23335
17736,2023-05-04 11:45:03,23338
17737,2020-11-28 12:00:01,23339
17739,2021-03-07 09:12:45,23341
17740,2022-06-04 16:30:18,23342
17741,2021-05-03 10:39:24,23343
17745,2022-07-04 09:24:29,23347
17748,2020-08-18 12:38:16,23350
17749,2022-02-27 12:00:15,23351
17750,2020-02-09 18:26:16,23352
17751,2021-10-04 16:58:34,23353
17754,2022-09-09 11:49:20,23356
17758,2022-12-13 09:08:37,23360
17760,2021-05-21 18:11:42,23362
17761,2022-04-22 15:04:21,23363
17762,2021-06-07 08:43:39,23364
17763,2023-04-02 14:52:10,23365
17767,2023-09-11 16:20:44,23369
17768,2022-05-27 17:00:44,23370
17770,2020-04-11 09:33:06,23372
17772,2022-01-16 09:03:22,23374
17775,2020-04-18 16:50:07,23377
17776,2022-03-14 11:37:03,23378
17777,2023-07-13 11:16:32,23379
17778,2023-10-12 09:54:43,23380
17781,2021-09-17 16:08:49,23383
17782,2022-05-13 09:24:03,23384
17783,2022-03-10 14:48:43,23385
17784,2020-01-25 09:57:57,23386
17788,2021-03-04 16:21:57,23390
17789,2021-04-16 11:22:37,23391
17790,2021-07-26 17:04:00,23392
17791,2022-09-12 09:39:32,23393
17792,2021-08-24 10:03:36,23394
17794,2021-07-10 17:04:32,23396
17796,2022-06-14 13:43:59,23398
17799,2021-08-09 16:28:40,23401
17801,2023-04-16 18:25:57,23403
17803,2022-08-02 12:41:05,23405
17805,2021-06-04 15:01:31,23407
17806,2021-09-11 17:04:03,23408
17807,2021-05-15 15:44:53,23409
17808,2021-10-03 18:29:02,23410
17810,2020-01-17 13:34:17,23412
17811,2023-03-11 17:04:13,23413
17814,2023-05-02 17:06:27,23416
17815,2020-01-10 18:09:41,23417
17817,2022-07-26 16:42:36,23419
17818,2020-04-11 18:06:45,23420
17819,2021-03-26 12:58:33,23421
17820,2021-02-05 14:40:24,23422
17821,2023-09-01 09:34:44,23423
17822,2020-12-15 14:23:13,23424
17823,2020-08-11 17:47:25,23425
17824,2020-06-11 08:52:11,23426
17826,2021-03-15 17:58:07,23428
17827,2020-11-21 11:19:32,23429
17830,2021-03-08 09:12:15,23432
17831,2021-01-21 16:35:38,23433
17833,2021-11-06 14:25:17,23435
17834,2020-11-21 09:39:37,23436
17836,2021-03-27 10:47:55,23438
17837,2023-11-17 08:33:05,23439
17838,2021-05-24 09:25:00,23440
17843,2023-08-14 16:36:16,23445
17844,2020-08-02 09:26:28,23446
17845,2023-09-15 18:38:47,23447
17846,2023-06-26 13:22:24,23448
17847,2022-03-19 12:41:37,23449
17848,2022-10-12 12:01:14,23450
17851,2023-05-25 15:01:33,23453
17852,2020-03-19 14:52:51,23454
17853,2023-02-02 12:07:09,23455
17854,2022-09-08 16:36:18,23456
17855,2023-12-20 13:52:50,23457
17856,2023-12-27 18:38:19,23458
17857,2021-09-22 13:42:59,23459
17858,2022-02-20 12:11:55,23460
17859,2021-01-12 13:58:36,23461
17861,2023-01-10 11:02:37,23463
17862,2020-03-01 17:43:26,23464
17865,2022-09-18 08:26:13,23467
17869,2022-01-23 10:04:07,23471
17870,2020-04-10 11:13:14,23472
17871,2021-02-21 13:18:39,23473
17872,2022-03-26 14:46:07,23474
17873,2021-04-06 10:40:12,23475
17875,2020-09-09 17:57:29,23477
17877,2022-12-15 11:04:16,23479
17878,2020-11-11 10:51:57,23480
17879,2023-01-14 12:11:54,23481
17880,2022-05-10 12:29:52,23482
17881,2020-04-03 11:53:45,23483
17883,2021-12-25 18:40:25,23485
17884,2020-09-06 12:43:02,23486
17886,2020-12-22 17:04:54,23488
17888,2023-09-24 17:36:30,23490
17890,2023-03-27 12:04:27,23492
17891,2020-12-05 18:06:11,23493
17892,2020-10-24 15:07:46,23494
17893,2022-05-19 09:06:14,23495
17894,2021-12-16 09:18:37,23496
17895,2022-09-12 13:43:44,23497
17896,2023-03-09 13:33:55,23498
17897,2022-09-08 13:58:57,23499
17899,2020-03-09 14:49:18,23501
17900,2023-06-05 11:35:27,23502
17901,2022-09-01 12:20:23,23503
17902,2023-02-14 09:59:09,23504
17903,2022-03-26 12:32:01,23505
17904,2021-04-13 14:30:54,23506
17906,2023-02-05 15:22:11,23508
17908,2020-07-08 13:57:15,23510
17909,2020-10-07 12:45:46,23511
17910,2021-06-09 18:13:03,23512
17911,2022-08-05 17:33:03,23513
17912,2020-12-18 11:31:14,23514
17913,2022-02-13 10:30:12,23515
17914,2022-07-18 14:00:47,23516
17915,2020-10-21 17:06:19,23517
17917,2020-12-18 13:27:57,23519
17920,2020-08-21 18:15:05,23522
17921,2023-01-07 17:34:29,23523
17922,2020-10-04 12:21:02,23524
17923,2022-11-07 14:23:05,23525
17924,2021-04-14 17:22:32,23526
17925,2023-08-21 14:54:11,23527
17926,2023-10-08 12:40:48,23528
17928,2023-04-10 14:16:44,23530
17929,2022-09-14 12:01:47,23531
17931,2021-01-21 17:50:29,23533
17934,2023-01-22 13:45:29,23536
17936,2022-10-04 16:16:08,23538
17937,2022-05-07 10:46:35,23539
17940,2021-02-05 18:16:34,23542
17944,2023-09-20 16:08:42,23546
17945,2022-04-15 09:02:46,23547
17949,2021-08-14 12:20:32,23551
17950,2020-01-21 17:11:04,23552
17952,2023-02-22 09:21:31,23554
17953,2022-09-25 19:11:01,23555
17954,2021-07-05 12:51:17,23556
17955,2020-01-25 16:30:48,23557
17956,2023-11-16 15:53:35,23558
17957,2020-01-22 17:21:17,23559
17958,2021-05-02 11:06:41,23560
17959,2022-07-24 14:11:59,23561
17960,2023-05-02 08:19:01,23562
17962,2021-10-19 15:12:59,23564
17963,2022-10-27 11:37:40,23565
17965,2020-03-01 13:36:53,23567
17967,2023-08-24 08:52:51,23569
17968,2020-03-23 16:26:41,23570
17969,2021-02-10 17:02:06,23571
17970,2022-10-01 17:32:46,23572
17971,2022-06-13 13:21:09,23573
17973,2021-09-06 13:33:22,23575
17974,2023-06-09 16:22:58,23576
17976,2021-04-03 18:08:55,23578
17978,2020-08-12 15:29:37,23580
17980,2020-12-13 09:14:22,23582
17981,2023-09-28 09:45:29,23583
17982,2020-02-05 17:27:14,23584
17985,2021-11-05 15:08:17,23587
17986,2023-08-22 12:04:49,23588
17992,2023-10-15 13:29:35,23594
17993,2022-11-01 13:01:18,23595
17994,2021-12-03 12:35:18,23596
17995,2022-03-11 13:50:44,23597
17996,2023-01-21 13:14:45,23598
17997,2021-09-08 14:41:42,23599
17998,2023-12-13 11:57:24,23600
17999,2020-02-15 14:51:30,23601
18001,2021-08-11 09:51:56,23603
18002,2021-02-15 14:53:27,23604
18004,2021-02-26 17:29:49,23606
18005,2021-08-05 14:04:46,23607
18006,2020-09-10 15:29:15,23608
18008,2021-07-23 15:51:56,23610
18009,2020-10-20 13:16:33,23611
18010,2022-03-15 12:06:05,23612
18011,2021-05-01 17:05:49,23613
18012,2020-02-04 11:11:52,23614
18013,2023-11-01 10:51:44,23615
18014,2022-09-19 14:00:03,23616
18017,2023-08-22 13:50:27,23619
18018,2020-07-09 18:21:00,23620
18019,2021-10-18 10:22:54,23621
18023,2022-04-13 13:31:56,23625
18024,2020-08-01 15:07:22,23626
18025,2021-09-03 10:32:34,23627
18026,2022-01-08 15:25:34,23628
18027,2021-03-28 13:18:22,23629
18028,2021-10-19 09:12:00,23630
18029,2021-03-19 16:56:56,23631
18030,2022-10-27 11:04:35,23632
18033,2023-08-17 14:07:59,23635
18034,2020-01-05 13:10:31,23636
18035,2020-08-07 14:13:54,23637
18036,2023-04-12 08:42:38,23638
18037,2020-01-08 16:25:45,23639
18038,2022-05-19 15:49:28,23640
18039,2022-04-18 17:02:43,23641
18040,2023-09-09 11:14:57,23642
18041,2023-11-17 17:54:56,23643
18042,2023-01-13 10:01:35,23644
18043,2023-01-13 15:59:22,23645
18044,2020-04-20 12:45:30,23646
18047,2023-06-05 15:37:09,23649
18050,2020-06-03 16:56:43,23652
18051,2020-01-21 17:54:33,23653
18052,2023-02-22 15:59:32,23654
18053,2023-07-25 15:53:27,23655
18055,2020-09-25 16:50:22,23657
18056,2021-10-01 16:57:42,23658
18057,2020-06-07 16:14:37,23659
18058,2021-02-13 10:40:38,23660
18059,2023-05-19 15:39:33,23661
18060,2021-09-13 12:38:16,23662
18063,2023-07-25 13:44:32,23665
18064,2023-02-15 18:22:01,23666
18066,2021-08-18 18:22:34,23668
18068,2020-05-06 14:11:29,23670
18070,2022-02-11 14:09:09,23672
18071,2023-12-02 10:13:04,23673
18072,2021-10-17 09:48:06,23674
18073,2020-01-17 15:51:04,23675
18074,2021-12-07 18:00:43,23676
18075,2023-08-24 13:36:19,23677
18077,2022-06-06 11:12:25,23679
18078,2020-04-25 11:45:20,23680
18079,2023-12-17 15:22:53,23681
18081,2023-06-11 17:52:42,23683
18083,2021-01-17 11:17:25,23685
18084,2021-11-24 15:15:33,23686
18085,2021-03-19 08:38:42,23687
18086,2022-03-11 09:09:18,23688
18087,2021-01-18 08:49:38,23689
18089,2021-12-18 16:34:52,23691
18090,2020-03-18 18:22:32,23692
18093,2020-06-03 13:56:45,23695
18095,2023-08-28 12:57:39,23697
18097,2021-06-25 16:06:53,23699
18098,2021-11-20 11:03:26,23700
18099,2022-10-24 10:19:26,23701
18100,2021-02-04 16:49:26,23702
18101,2023-12-06 16:55:19,23703
18102,2023-10-11 15:36:22,23704
18103,2022-07-20 17:04:37,23705
18104,2021-11-10 10:44:48,23706
18105,2023-11-21 10:35:11,23707
18106,2021-11-14 09:35:43,23708
18108,2022-11-03 14:18:13,23710
18110,2023-03-14 13:22:55,23712
18111,2023-02-07 17:28:23,23713
18113,2023-11-12 08:58:06,23715
18114,2023-04-18 14:59:25,23716
18116,2021-09-20 15:04:58,23718
18118,2022-03-14 15:47:28,23720
18119,2021-09-05 17:18:54,23721
18120,2022-04-20 16:38:22,23722
18121,2023-09-21 09:24:31,23723
18122,2023-03-17 14:26:30,23724
18124,2023-11-13 17:49:03,23726
18125,2020-07-09 11:44:43,23727
18126,2021-08-12 11:35:02,23728
18127,2021-10-24 18:14:04,23729
18128,2020-11-12 17:39:30,23730
18130,2023-06-08 10:57:18,23732
18132,2020-07-05 14:07:15,23734
18136,2020-04-17 13:38:41,23738
18138,2023-12-25 12:23:46,23740
18142,2023-11-23 11:28:37,23744
18143,2020-08-24 08:49:27,23745
18146,2021-06-24 18:58:13,23748
18147,2020-09-03 15:26:50,23749
18152,2022-09-05 11:48:49,23754
18154,2020-12-13 13:08:05,23756
18155,2020-08-05 09:23:47,23757
18156,2021-10-26 17:35:14,23758
18157,2021-11-13 10:37:12,23759
18159,2021-01-03 10:25:34,23761
18160,2022-02-10 09:47:38,23762
18161,2023-06-09 16:16:18,23763
18163,2022-10-09 10:51:49,23765
18164,2020-12-23 08:58:17,23766
18165,2020-02-17 11:53:17,23767
18166,2021-07-20 15:09:34,23768
18168,2022-11-14 10:30:36,23770
18169,2023-11-12 10:00:22,23771
18170,2020-05-26 13:48:38,23772
18171,2023-12-17 08:41:52,23773
18172,2020-11-03 08:59:26,23774
18173,2020-03-27 16:59:09,23775
18174,2021-09-06 16:13:51,23776
18175,2020-02-15 14:26:33,23777
18176,2022-10-13 18:39:06,23778
18177,2020-07-20 16:28:46,23779
18178,2021-03-03 13:50:40,23780
18179,2021-07-04 18:03:54,23781
18180,2020-08-05 08:59:00,23782
18181,2020-11-28 17:41:38,23783
18182,2022-04-15 15:46:05,23784
18185,2020-10-07 10:12:04,23787
18187,2022-02-18 09:50:21,23789
18188,2023-01-19 12:46:00,23790
18189,2022-07-17 14:40:41,23791
18190,2022-07-14 16:31:37,23792
18191,2020-11-20 11:31:37,23793
18192,2022-04-26 13:48:42,23794
18193,2021-12-27 16:20:19,23795
18194,2023-05-16 16:40:25,23796
18196,2021-10-16 14:59:30,23798
18197,2021-06-24 12:05:29,23799
18200,2023-06-05 09:20:47,23802
18201,2021-08-06 11:34:56,23803
18203,2020-10-07 16:44:07,23805
18205,2023-11-02 12:28:31,23807
18207,2021-12-27 14:30:44,23809
18208,2023-03-15 13:56:54,23810
18209,2022-08-14 15:20:23,23811
18210,2022-10-08 08:03:02,23812
18211,2023-08-19 10:29:16,23813
18213,2021-03-15 11:24:07,23815
18214,2022-02-15 15:57:16,23816
18216,2020-03-01 17:41:10,23818
18218,2020-03-15 09:18:07,23820
18220,2023-09-06 08:52:40,23822
18221,2022-04-20 10:57:12,23823
18222,2020-05-10 18:35:31,23824
18223,2021-03-09 13:32:13,23825
18225,2023-04-01 10:35:38,23827
18228,2021-02-03 08:59:38,23830
18230,2022-05-04 10:32:36,23832
18233,2021-05-09 17:28:54,23835
18234,2020-04-23 15:20:24,23836
18235,2023-07-28 14:08:55,23837
18236,2020-03-27 14:15:14,23838
18237,2020-10-03 11:38:09,23839
18238,2023-10-02 17:16:21,23840
18239,2021-04-03 17:34:31,23841
18240,2023-06-17 13:50:19,23842
18241,2020-12-14 19:01:25,23843
18243,2023-11-03 13:15:08,23845
18244,2021-12-19 15:37:49,23846
18245,2023-09-20 09:10:05,23847
18247,2020-01-14 11:18:58,23849
18248,2021-12-08 13:51:17,23850
18249,2023-09-13 13:43:04,23851
18250,2022-11-14 09:42:16,23852
18251,2022-01-16 10:57:29,23853
18252,2023-07-24 08:49:13,23854
18254,2022-02-21 14:27:15,23856
18255,2020-08-12 08:40:25,23857
18258,2021-12-10 12:05:43,23860
18259,2021-05-07 10:51:53,23861
18260,2021-02-09 09:44:24,23862
18261,2021-05-27 16:00:46,23863
18262,2021-10-28 15:28:36,23864
18263,2021-08-20 10:32:05,23865
18264,2021-08-22 09:43:11,23866
18265,2023-02-24 11:00:17,23867
18266,2022-09-19 12:19:46,23868
18267,2021-12-24 11:13:39,23869
18268,2020-03-18 10:46:46,23870
18269,2021-06-17 16:08:09,23871
18270,2020-11-20 14:54:25,23872
18271,2023-11-11 11:16:13,23873
18274,2021-07-24 09:53:46,23876
18277,2021-11-18 15:01:58,23879
18278,2023-09-12 15:40:47,23880
18279,2020-05-19 15:31:27,23881
18280,2020-06-05 17:12:05,23882
18281,2022-05-11 15:08:13,23883
18282,2021-10-17 17:38:52,23884
18283,2020-11-05 12:33:40,23885
18284,2023-12-11 16:46:36,23886
18285,2023-07-06 13:10:11,23887
18286,2021-05-07 11:41:43,23888
18287,2022-07-28 14:17:29,23889
18288,2020-11-27 10:42:40,23890
18294,2020-10-18 16:08:48,23896
18297,2023-02-13 18:11:28,23899
18298,2020-06-09 12:11:25,23900
18299,2020-02-09 12:05:42,23901
18302,2023-07-26 11:15:10,23904
18303,2023-03-06 14:20:38,23905
18304,2021-01-13 09:04:33,23906
18305,2023-10-03 12:54:46,23907
18306,2021-05-15 11:55:34,23908
18307,2022-09-01 13:12:07,23909
18310,2020-07-05 13:20:24,23912
18312,2022-09-21 12:51:39,23914
18313,2023-08-02 10:40:14,23915
18314,2023-01-07 17:55:29,23916
18316,2021-07-21 17:26:07,23918
18318,2022-03-10 15:10:38,23920
18319,2023-06-11 15:45:35,23921
18320,2023-11-11 17:46:14,23922
18321,2021-07-27 10:54:16,23923
18322,2020-08-15 12:35:52,23924
18323,2023-05-19 16:47:33,23925
18324,2023-03-06 10:43:27,23926
18325,2023-07-25 12:06:49,23927
18327,2022-07-15 10:05:28,23929
18328,2023-05-07 15:23:10,23930
18329,2022-05-11 16:37:21,23931
18331,2023-06-05 12:13:27,23933
18333,2022-11-23 13:29:15,23935
18336,2021-10-17 11:13:27,23938
18337,2023-11-27 10:00:19,23939
18339,2020-12-15 16:30:29,23941
18340,2023-09-09 12:57:33,23942
18341,2021-10-19 09:35:35,23943
18342,2021-04-01 16:12:54,23944
18344,2023-12-10 14:10:32,23946
18345,2020-04-22 11:27:41,23947
18346,2020-12-20 13:06:30,23948
18348,2023-05-11 16:39:45,23950
18349,2020-12-24 11:09:03,23951
18350,2020-05-02 08:57:54,23952
18352,2021-02-11 08:37:31,23954
18353,2022-10-25 10:56:26,23955
18355,2021-12-09 14:56:34,23957
18356,2021-02-11 10:57:18,23958
18358,2020-10-23 08:33:52,23960
18359,2023-07-28 14:26:01,23961
18360,2023-12-16 15:21:52,23962
18361,2021-10-01 15:27:25,23963
18362,2021-12-20 17:53:55,23964
18364,2023-08-10 12:41:46,23966
18365,2021-09-14 13:06:16,23967
18370,2023-05-12 12:19:16,23972
18371,2023-06-05 09:51:31,23973
18372,2023-08-07 14:52:48,23974
18374,2021-05-26 14:38:30,23976
18375,2023-10-23 15:14:39,23977
18376,2020-06-10 16:30:15,23978
18377,2020-04-05 11:43:46,23979
18378,2020-06-28 11:25:44,23980
18379,2022-04-04 15:39:59,23981
18380,2022-02-08 11:33:47,23982
18382,2022-10-01 10:35:58,23984
18383,2022-05-10 14:37:35,23985
18384,2020-09-03 18:09:08,23986
18386,2021-05-11 18:08:59,23988
18387,2022-07-19 10:43:49,23989
18389,2022-01-09 17:48:20,23991
18390,2023-12-19 11:17:12,23992
18393,2020-01-08 08:27:25,23995
18397,2022-03-15 11:47:37,23999
18398,2020-02-06 10:35:38,24000
18399,2023-05-21 13:19:37,24001
18401,2023-08-07 11:24:31,24003
18402,2021-02-16 14:48:11,24004
18403,2020-08-01 10:06:56,24005
18404,2023-11-17 17:43:15,24006
18405,2020-06-03 13:59:55,24007
18406,2023-12-13 11:12:40,24008
18408,2021-12-06 17:27:06,24010
18409,2022-05-10 15:45:06,24011
18410,2020-11-24 12:18:17,24012
18411,2020-03-03 10:28:59,24013
18412,2020-11-07 12:27:32,24014
18414,2023-12-05 13:05:58,24016
18416,2020-08-09 13:32:30,24018
18417,2021-09-22 14:40:33,24019
18418,2021-04-28 09:31:07,24020
18420,2021-02-16 18:25:22,24022
18421,2021-02-13 09:35:40,24023
18422,2022-04-16 13:03:13,24024
18424,2020-05-05 08:42:21,24026
18426,2020-09-13 17:28:47,24028
18427,2020-01-26 16:22:01,24029
18430,2023-05-05 14:38:56,24032
18431,2021-06-25 09:49:29,24033
18432,2021-08-17 18:21:08,24034
18435,2020-08-01 10:34:39,24037
18438,2022-01-18 18:55:45,24040
18442,2021-09-13 13:30:32,24044
18444,2022-11-08 08:29:50,24046
18446,2022-07-24 11:24:04,24048
18447,2021-09-04 14:37:54,24049
18448,2020-07-04 17:08:06,24050
18450,2020-07-11 16:49:51,24052
18452,2023-10-02 15:46:37,24054
18453,2021-01-15 11:50:14,24055
18454,2022-12-24 11:09:29,24056
18456,2020-01-15 17:35:17,24058
18457,2023-05-18 17:52:07,24059
18458,2021-02-08 08:33:04,24060
18459,2023-11-02 10:29:09,24061
18460,2020-08-19 18:12:34,24062
18461,2023-06-05 14:04:51,24063
18462,2023-04-06 08:58:47,24064
18465,2021-06-04 14:44:50,24067
18466,2022-12-01 17:41:50,24068
18467,2021-10-07 08:56:31,24069
18469,2023-12-25 18:15:53,24071
18470,2023-04-03 12:13:16,24072
18471,2023-05-28 17:14:28,24073
18473,2020-10-14 12:35:41,24075
18476,2021-04-19 11:45:49,24078
18477,2023-12-01 11:56:58,24079
18478,2021-12-02 12:06:22,24080
18479,2022-05-03 11:10:13,24081
18481,2021-01-09 12:46:10,24083
18482,2021-10-20 14:06:53,24084
18484,2022-01-27 18:33:03,24086
18485,2022-09-05 13:46:00,24087
18486,2022-10-09 18:02:31,24088
18487,2020-01-22 12:35:15,24089
18488,2023-01-19 13:46:13,24090
18490,2022-11-27 13:56:08,24092
18491,2022-07-16 15:43:54,24093
18492,2021-09-15 09:30:05,24094
18493,2022-11-16 12:12:33,24095
18494,2020-05-26 12:13:03,24096
18495,2021-07-18 17:32:24,24097
18500,2020-10-28 18:25:36,24102
18501,2023-07-20 16:26:58,24103
18502,2020-05-17 15:19:40,24104
18503,2023-01-16 14:45:18,24105
18504,2022-06-01 15:12:39,24106
18505,2023-12-27 16:20:40,24107
18506,2020-03-15 09:49:50,24108
18508,2022-09-23 18:10:29,24110
18513,2020-06-11 12:37:06,24115
18515,2022-09-26 16:28:37,24117
18516,2020-02-17 12:48:56,24118
18517,2021-02-07 16:45:26,24119
18518,2022-04-03 16:32:22,24120
18520,2022-11-10 16:48:21,24122
18521,2023-10-09 14:24:05,24123
18522,2022-03-16 13:03:26,24124
18523,2023-04-26 11:04:38,24125
18524,2020-07-03 13:12:28,24126
18525,2020-09-08 09:05:09,24127
18526,2021-04-05 11:10:56,24128
18527,2021-04-11 16:29:30,24129
18528,2021-09-28 12:49:23,24130
18529,2022-02-27 13:29:45,24131
18530,2021-12-21 10:54:59,24132
18531,2022-06-07 09:33:20,24133
18533,2023-09-16 15:21:54,24135
18534,2021-12-22 15:03:12,24136
18535,2020-07-26 08:57:22,24137
18536,2023-11-11 13:28:35,24138
18537,2023-10-17 17:53:38,24139
18538,2023-08-26 09:58:05,24140
18540,2020-02-09 13:16:32,24142
18541,2023-04-13 16:04:16,24143
18545,2020-10-03 18:17:09,24147
18546,2020-01-02 10:02:43,24148
18547,2020-02-22 12:32:45,24149
18548,2021-04-18 17:34:30,24150
18549,2022-11-21 16:58:51,24151
18550,2020-11-10 16:21:05,24152
18551,2023-03-13 14:07:06,24153
18554,2023-03-25 12:58:41,24156
18555,2020-10-20 09:11:40,24157
18556,2020-02-17 14:20:20,24158
18558,2020-11-18 13:15:19,24160
18560,2020-03-05 18:11:50,24162
18562,2021-12-27 14:40:36,24164
18563,2021-08-02 13:12:07,24165
18564,2021-12-04 09:47:23,24166
18565,2023-03-09 11:25:42,24167
18567,2020-08-03 14:08:33,24169
18568,2023-12-25 16:13:17,24170
18569,2022-06-07 14:19:51,24171
18570,2021-06-17 15:33:51,24172
18573,2022-05-24 16:06:39,24175
18576,2020-10-05 14:50:34,24178
18577,2021-03-06 16:29:30,24179
18581,2020-05-21 12:17:28,24183
18582,2020-02-14 14:58:07,24184
18584,2021-10-21 13:27:34,24186
18585,2020-06-03 12:20:59,24187
18586,2023-01-15 16:25:58,24188
18589,2020-09-06 16:35:28,24191
18590,2023-12-28 18:40:38,24192
18592,2021-12-24 13:39:15,24194
18593,2020-06-20 10:28:48,24195
18594,2021-05-05 15:29:27,24196
18596,2022-01-07 10:51:39,24198
18598,2021-08-15 12:54:33,24200
18600,2022-06-22 09:43:12,24202
18601,2022-10-06 16:13:34,24203
18602,2022-08-02 17:21:10,24204
18603,2020-01-01 15:28:31,24205
18604,2020-04-09 12:54:36,24206
18605,2023-11-01 12:42:19,24207
18606,2023-04-28 14:30:26,24208
18608,2023-05-24 15:23:02,24210
18610,2021-02-19 17:31:51,24212
18611,2020-02-06 11:56:31,24213
18612,2023-05-03 16:29:52,24214
18613,2023-06-26 17:31:39,24215
18614,2022-03-19 10:16:36,24216
18616,2023-12-10 18:23:09,24218
18617,2021-07-19 12:17:40,24219
18618,2023-08-20 14:03:32,24220
18621,2022-07-25 16:42:43,24223
18622,2023-10-21 14:13:37,24224
18623,2020-04-25 13:26:39,24225
18625,2022-02-15 14:10:51,24227
18626,2020-09-24 16:07:54,24228
18627,2020-09-14 16:10:58,24229
18629,2020-02-01 13:20:13,24231
18630,2020-03-19 16:48:20,24232
18632,2023-06-13 17:35:35,24234
18633,2023-06-15 09:17:18,24235
18634,2022-05-01 12:13:56,24236
18635,2020-02-22 11:22:10,24237
18636,2021-02-02 10:10:54,24238
18637,2022-07-07 18:24:57,24239
18638,2022-05-10 11:16:03,24240
18639,2021-03-13 09:17:22,24241
18642,2020-12-13 14:38:37,24244
18643,2022-04-11 10:09:05,24245
18644,2022-10-01 11:22:34,24246
18647,2023-06-08 12:20:30,24249
18649,2021-10-25 16:58:36,24251
18652,2021-03-18 12:51:52,24254
18653,2022-12-13 09:25:32,24255
18654,2022-03-10 10:07:56,24256
18657,2020-04-02 15:30:06,24259
18660,2023-09-16 16:14:03,24262
18661,2023-03-11 14:04:14,24263
18663,2020-12-04 14:34:28,24265
18664,2022-09-14 10:44:36,24266
18666,2023-10-09 18:51:23,24268
18667,2021-09-25 11:29:55,24269
18669,2022-02-16 08:30:00,24271
18670,2021-01-04 14:45:38,24272
18671,2021-08-26 15:21:03,24273
18672,2021-03-17 17:21:27,24274
18673,2022-09-16 10:12:45,24275
18674,2023-11-14 09:59:12,24276
18675,2023-07-01 13:22:28,24277
18676,2022-08-22 09:09:16,24278
18677,2021-06-18 10:01:08,24279
18678,2022-08-06 12:53:25,24280
18679,2023-05-06 13:06:11,24281
18680,2020-12-16 15:07:49,24282
18681,2020-04-14 17:52:06,24283
18683,2020-03-06 11:40:18,24285
18684,2022-12-11 11:42:50,24286
18688,2023-02-23 11:39:13,24290
18689,2021-02-25 12:51:05,24291
18691,2022-11-16 08:36:26,24293
18692,2022-11-23 12:21:40,24294
18693,2020-11-24 11:42:32,24295
18694,2023-03-17 08:50:08,24296
18695,2020-11-08 15:15:32,24297
18696,2023-08-01 15:43:43,24298
18697,2020-06-22 16:33:26,24299
18698,2021-10-19 14:31:40,24300
18699,2023-10-01 14:30:25,24301
18700,2023-05-23 13:40:56,24302
18701,2020-02-05 10:58:58,24303
18702,2020-12-15 15:21:59,24304
18703,2021-02-13 09:06:57,24305
18705,2023-02-09 10:03:15,24307
18706,2022-07-17 10:38:18,24308
18707,2021-05-22 14:22:39,24309
18708,2021-11-19 08:25:47,24310
18709,2023-01-25 13:15:12,24311
18710,2020-04-22 10:19:24,24312
18711,2022-01-02 17:24:42,24313
18712,2023-11-25 16:47:00,24314
18713,2022-08-19 10:52:11,24315
18714,2023-01-02 09:56:13,24316
18716,2020-01-13 11:45:25,24318
18721,2020-01-01 14:03:00,24323
18722,2022-09-26 12:24:33,24324
18723,2023-02-01 17:03:43,24325
18724,2020-12-16 09:55:26,24326
18725,2020-09-20 18:24:43,24327
18726,2021-10-10 15:44:09,24328
18727,2021-07-10 13:52:10,24329
18729,2021-08-01 18:06:33,24331
18730,2022-10-24 11:06:37,24332
18732,2020-06-09 11:05:42,24334
18733,2020-04-28 11:36:45,24335
18734,2020-03-24 16:59:44,24336
18735,2022-01-16 12:11:52,24337
18736,2021-10-07 12:30:30,24338
18737,2022-08-16 16:59:36,24339
18742,2023-03-21 13:06:20,24344
18743,2020-07-06 09:10:31,24345
18744,2020-08-09 13:52:46,24346
18745,2022-02-13 18:17:43,24347
18746,2021-04-25 16:45:19,24348
18748,2023-01-11 15:18:15,24350
18749,2020-08-11 13:11:01,24351
18750,2020-05-02 14:12:04,24352
18752,2023-05-24 09:41:16,24354
18753,2022-10-15 09:57:02,24355
18754,2020-10-08 15:48:37,24356
18756,2022-08-14 16:19:16,24358
18757,2023-07-25 13:17:09,24359
18758,2020-03-25 11:12:29,24360
18759,2023-06-09 15:12:26,24361
18760,2022-12-08 11:08:43,24362
18763,2022-07-24 12:28:42,24365
18764,2023-06-06 14:25:19,24366
18765,2020-06-09 12:17:01,24367
18766,2020-06-27 12:16:07,24368
18767,2023-01-04 09:57:54,24369
18768,2023-06-25 12:24:11,24370
18769,2023-09-21 10:02:14,24371
18770,2020-07-16 08:38:13,24372
18773,2023-01-26 15:31:44,24375
18775,2020-05-07 16:39:28,24377
18776,2022-04-12 09:50:32,24378
18778,2020-07-03 16:32:45,24380
18779,2020-05-26 16:15:44,24381
18780,2022-11-11 14:00:17,24382
18784,2020-04-23 12:37:02,24386
18786,2020-10-11 16:14:58,24388
18787,2022-10-18 15:05:01,24389
18788,2021-11-25 09:16:56,24390
18789,2021-10-01 18:08:44,24391
18790,2020-05-28 12:00:30,24392
18792,2020-05-01 16:34:57,24394
18793,2023-06-23 14:47:29,24395
18794,2022-03-19 11:07:09,24396
18795,2023-02-28 11:07:59,24397
18797,2022-05-04 09:25:16,24399
18801,2021-04-01 13:17:15,24403
18804,2020-03-01 09:11:06,24406
18805,2023-04-05 18:32:50,24407
18806,2022-04-24 12:33:28,24408
18807,2020-06-09 09:10:37,24409
18809,2021-05-23 11:02:00,24411
18810,2023-05-11 15:29:23,24412
18811,2021-03-22 13:37:03,24413
18813,2023-06-09 17:30:47,24415
18815,2022-10-03 18:25:51,24417
18816,2020-08-25 13:29:40,24418
18817,2023-10-03 14:16:01,24419
18818,2021-09-08 17:29:10,24420
18819,2023-05-07 12:52:27,24421
18821,2022-06-20 14:29:44,24423
18822,2023-01-18 17:06:18,24424
18823,2022-07-15 14:39:43,24425
18824,2023-11-15 15:17:34,24426
18825,2020-08-13 08:03:40,24427
18826,2021-08-27 17:23:50,24428
18828,2023-10-24 13:52:55,24430
18829,2020-11-11 11:09:10,24431
18830,2022-03-02 18:20:42,24432
18831,2021-09-04 13:13:05,24433
18832,2021-12-25 12:19:32,24434
18835,2023-09-20 15:55:17,24437
18837,2020-11-02 17:42:20,24439
18838,2022-03-12 11:42:30,24440
18839,2022-03-11 13:36:13,24441
18842,2023-04-24 18:34:33,24444
18843,2020-07-17 17:31:34,24445
18844,2022-12-20 13:13:18,24446
18845,2021-12-19 09:12:10,24447
18846,2021-01-04 17:58:45,24448
18847,2022-02-17 14:07:55,24449
18848,2021-01-22 08:40:24,24450
18850,2022-12-15 10:51:59,24452
18851,2021-03-07 10:28:55,24453
18852,2021-09-17 10:24:28,24454
18854,2021-04-20 16:05:44,24456
18856,2023-11-02 10:46:59,24458
18857,2020-09-15 14:30:40,24459
18859,2021-09-08 16:40:33,24461
18860,2020-08-24 09:48:54,24462
18861,2022-05-23 08:47:15,24463
18863,2022-10-19 19:03:25,24465
18864,2022-02-05 16:01:34,24466
18867,2022-08-19 08:59:44,24469
18868,2020-12-10 12:37:35,24470
18869,2022-03-05 18:18:22,24471
18872,2021-11-08 09:19:24,24474
18873,2020-02-25 09:21:44,24475
18874,2022-08-03 12:00:23,24476
18875,2022-11-17 10:07:16,24477
18876,2022-04-02 08:54:29,24478
18877,2022-09-16 13:35:18,24479
18878,2023-10-03 14:09:04,24480
18879,2020-08-18 11:57:48,24481
18882,2020-07-05 11:12:20,24484
18883,2021-12-09 12:23:13,24485
18885,2020-10-03 18:16:27,24487
18886,2021-10-21 13:23:28,24488
18887,2021-03-05 10:05:55,24489
18888,2022-09-28 09:43:07,24490
18889,2020-10-20 17:08:38,24491
18890,2020-04-05 18:41:57,24492
18891,2022-09-07 12:37:37,24493
18892,2021-04-14 15:05:49,24494
18895,2021-01-24 14:50:58,24497
18898,2023-08-21 16:42:59,24500
18901,2021-10-04 09:08:45,24503
18903,2022-11-02 17:31:06,24505
18904,2022-11-04 15:51:38,24506
18905,2022-09-01 09:38:37,24507
18907,2022-08-02 10:47:17,24509
18910,2023-01-21 08:57:45,24512
18911,2022-05-14 17:50:34,24513
18912,2023-01-03 14:30:52,24514
18913,2021-01-09 18:09:14,24515
18915,2021-09-23 15:39:13,24517
18916,2021-02-20 15:58:00,24518
18918,2021-09-17 17:36:48,24520
18919,2023-12-27 17:14:30,24521
18920,2020-03-14 08:14:16,24522
18921,2022-10-28 14:53:35,24523
18922,2021-08-03 14:05:56,24524
18923,2021-05-19 10:59:39,24525
18926,2021-02-06 12:44:30,24528
18927,2023-10-13 14:04:02,24529
18928,2023-08-20 16:35:37,24530
18929,2023-01-05 14:56:12,24531
18930,2022-03-27 14:53:55,24532
18936,2020-06-04 18:18:14,24538
18937,2020-05-25 12:31:35,24539
18938,2022-10-17 08:36:52,24540
18939,2021-02-04 09:01:44,24541
18940,2022-04-21 11:39:24,24542
18941,2020-08-04 14:00:21,24543
18942,2020-06-14 10:35:35,24544
18944,2023-03-20 12:16:10,24546
18945,2022-03-08 18:11:56,24547
18946,2023-04-19 15:27:03,24548
18948,2020-12-24 08:41:44,24550
18949,2020-08-04 14:59:50,24551
18950,2021-06-04 16:35:28,24552
18952,2023-04-05 14:42:55,24554
18954,2023-02-26 09:23:37,24556
18955,2020-02-17 16:44:15,24557
18957,2021-12-13 17:50:43,24559
18958,2022-02-03 15:48:57,24560
18959,2021-11-22 11:42:03,24561
18961,2022-12-07 15:21:36,24563
18962,2021-08-22 14:28:48,24564
18964,2020-09-22 11:55:56,24566
18969,2021-12-16 12:45:24,24571
18971,2023-11-05 14:31:40,24573
18973,2021-05-28 09:43:35,24575
18974,2020-05-28 10:54:54,24576
18975,2022-02-21 09:15:25,24577
18976,2022-10-06 12:37:21,24578
18977,2021-10-18 15:12:48,24579
18980,2020-12-09 10:49:40,24582
18982,2020-08-25 08:35:19,24584
18983,2022-09-03 12:32:31,24585
18984,2022-10-10 15:49:15,24586
18987,2022-05-21 13:14:45,24589
18988,2023-01-05 15:41:36,24590
18990,2021-12-17 10:12:27,24592
18991,2022-05-14 10:18:11,24593
18992,2021-04-13 15:57:32,24594
18993,2023-08-16 13:53:19,24595
18994,2022-11-11 10:03:57,24596
18996,2022-06-21 16:12:55,24598
18997,2020-03-06 10:14:42,24599
19000,2023-01-16 10:25:38,24602
19001,2021-09-10 17:20:22,24603
19002,2021-06-28 12:01:33,24604
19003,2021-06-10 16:07:18,24605
19004,2021-02-07 13:32:39,24606
19005,2021-05-08 10:46:14,24607
19006,2023-07-26 11:27:46,24608
19007,2021-09-14 16:20:22,24609
19008,2023-03-19 14:45:37,24610
19010,2020-06-27 13:07:20,24612
19011,2023-06-25 17:32:54,24613
19013,2023-01-06 10:43:08,24615
19014,2021-09-28 09:52:24,24616
19015,2022-10-05 09:36:54,24617
19016,2022-02-02 09:01:03,24618
19018,2023-04-09 17:15:01,24620
19020,2020-12-27 13:47:37,24622
19022,2022-06-06 08:56:18,24624
19023,2023-09-19 09:08:18,24625
19024,2021-05-17 13:27:45,24626
19025,2020-09-04 18:05:28,24627
19026,2023-10-26 11:58:09,24628
19027,2021-06-04 12:43:31,24629
19029,2021-03-20 10:51:31,24631
19031,2023-01-20 13:02:34,24633
19032,2021-06-24 15:56:49,24634
19033,2020-09-21 17:24:41,24635
19034,2020-03-26 12:57:45,24636
19036,2020-03-05 10:30:13,24638
19040,2022-10-19 14:14:25,24642
19041,2023-04-06 16:50:17,24643
19042,2022-10-08 13:31:31,24644
19043,2021-01-09 18:07:05,24645
19044,2021-09-01 14:41:09,24646
19046,2020-06-08 09:54:47,24648
19047,2021-05-08 12:27:02,24649
19048,2021-01-19 14:46:46,24650
19049,2022-03-11 16:40:32,24651
19050,2022-06-18 14:31:05,24652
19051,2023-02-04 18:09:36,24653
19052,2023-03-05 10:35:17,24654
19053,2020-10-15 10:30:38,24655
19054,2022-09-15 09:44:24,24656
19055,2020-08-13 15:18:04,24657
19057,2023-10-03 16:24:18,24659
19058,2022-10-08 15:07:43,24660
19059,2023-02-27 10:36:01,24661
19060,2022-12-27 09:48:35,24662
19061,2023-04-26 16:38:52,24663
19063,2023-02-26 15:57:28,24665
19064,2023-08-04 13:42:27,24666
19065,2020-08-25 16:15:12,24667
19067,2023-11-02 18:18:13,24669
19069,2023-06-11 12:04:36,24671
19070,2021-11-12 10:46:13,24672
19071,2023-09-27 14:08:50,24673
19072,2023-09-01 10:42:39,24674
19073,2023-12-02 15:38:35,24675
19074,2021-01-05 14:07:34,24676
19075,2020-10-28 17:53:40,24677
19076,2022-11-25 13:48:12,24678
19077,2020-11-27 14:34:10,24679
19078,2022-05-26 15:42:19,24680
19079,2022-08-20 18:18:27,24681
19080,2021-11-07 15:19:56,24682
19081,2020-04-26 18:35:28,24683
19082,2022-12-16 11:51:06,24684
19083,2023-12-13 16:25:09,24685
19085,2021-11-21 13:06:57,24687
19086,2022-05-18 13:45:23,24688
19089,2023-01-05 10:29:37,24691
19091,2020-05-26 17:26:36,24693
19092,2023-07-18 12:11:03,24694
19093,2020-04-26 15:01:34,24695
19094,2021-06-03 15:59:24,24696
19095,2023-11-17 16:19:00,24697
19096,2022-10-21 16:05:01,24698
19097,2021-08-07 14:35:50,24699
19098,2023-01-08 10:05:55,24700
19102,2023-01-19 16:05:07,24704
19103,2023-11-06 17:44:54,24705
19105,2020-03-06 13:35:52,24707
19107,2023-10-08 09:33:16,24709
19108,2020-09-28 15:52:16,24710
19109,2023-01-03 09:38:43,24711
19110,2022-07-23 10:26:31,24712
19111,2020-10-14 13:32:03,24713
19112,2022-02-14 11:47:10,24714
19113,2022-11-19 14:44:01,24715
19114,2022-03-22 18:21:55,24716
19116,2021-05-07 09:39:37,24718
19117,2021-07-22 14:14:07,24719
19118,2023-02-15 17:11:59,24720
19119,2021-06-18 14:03:07,24721
19120,2020-07-17 14:09:30,24722
19122,2023-04-15 17:37:10,24724
19123,2020-01-28 15:00:44,24725
19124,2021-06-24 17:34:33,24726
19126,2021-01-26 12:39:08,24728
19127,2020-06-07 15:38:00,24729
19128,2023-09-24 09:45:53,24730
19129,2021-06-10 11:35:51,24731
19130,2023-03-21 16:21:03,24732
19133,2023-02-01 13:15:59,24735
19135,2022-11-18 13:16:45,24737
19137,2021-05-07 14:14:58,24739
19138,2020-07-18 09:04:29,24740
19139,2022-09-10 14:29:28,24741
19140,2021-08-08 18:01:44,24742
19141,2021-11-21 15:51:04,24743
19143,2022-03-07 15:45:14,24745
19145,2020-02-21 11:47:48,24747
19146,2022-06-21 08:59:44,24748
19149,2023-06-09 18:53:40,24751
19150,2023-09-16 15:14:45,24752
19152,2022-09-13 10:17:52,24754
19155,2022-07-09 17:48:27,24757
19156,2022-06-25 15:50:00,24758
19157,2021-07-02 10:12:13,24759
19158,2021-01-02 17:40:12,24760
19161,2022-05-03 14:00:23,24763
19163,2021-02-22 15:46:22,24765
19164,2020-09-08 09:19:25,24766
19165,2021-04-21 14:16:31,24767
19166,2023-01-28 17:02:53,24768
19167,2022-03-19 16:28:58,24769
19169,2022-08-27 11:53:34,24771
19170,2023-01-25 17:18:15,24772
19172,2021-03-18 12:13:58,24774
19173,2022-07-09 14:09:02,24775
19175,2023-06-02 15:18:48,24777
19177,2023-03-17 11:44:57,24779
19178,2021-05-06 12:09:48,24780
19180,2021-01-23 18:23:10,24782
19181,2023-09-10 14:08:33,24783
19182,2020-09-13 17:25:31,24784
19184,2021-01-15 18:01:42,24786
19185,2021-01-27 14:23:27,24787
19186,2021-02-15 14:52:53,24788
19187,2023-12-07 14:58:41,24789
19188,2023-06-20 12:36:47,24790
19191,2022-06-12 08:47:45,24793
19193,2021-09-02 09:45:29,24795
19194,2021-02-14 17:32:26,24796
19195,2020-02-07 16:05:22,24797
19198,2022-03-27 13:50:51,24800
19199,2021-10-24 18:37:09,24801
19200,2023-09-02 14:34:21,24802
19202,2021-01-17 14:26:00,24804
19203,2020-12-04 10:41:13,24805
19204,2023-10-15 09:45:07,24806
19206,2023-11-01 09:15:53,24808
19210,2021-12-06 10:52:56,24812
19211,2020-04-28 13:35:06,24813
19212,2022-09-25 14:02:38,24814
19215,2020-06-17 11:35:05,24817
19218,2022-01-19 12:16:56,24820
19219,2021-03-23 17:39:13,24821
19220,2023-10-01 10:54:17,24822
19222,2022-09-03 09:12:53,24824
19223,2021-02-02 15:12:42,24825
19224,2021-10-12 16:17:18,24826
19227,2020-08-24 13:28:01,24829
19228,2020-08-08 13:16:57,24830
19230,2022-05-07 15:50:46,24832
19231,2021-02-04 15:38:03,24833
19232,2020-01-11 10:14:32,24834
19235,2021-06-15 09:10:27,24837
19236,2020-02-11 16:19:06,24838
19238,2022-02-18 10:35:53,24840
19240,2020-10-10 11:07:50,24842
19241,2022-09-02 14:47:21,24843
19242,2020-04-06 17:31:40,24844
19243,2023-12-05 15:17:50,24845
19244,2022-11-27 08:42:10,24846
19245,2021-05-03 15:50:03,24847
19247,2023-11-15 10:26:13,24849
19248,2023-02-10 15:54:10,24850
19249,2021-09-06 17:28:04,24851
19250,2021-02-25 12:44:17,24852
19251,2023-03-21 17:03:55,24853
19253,2021-06-13 09:18:57,24855
19254,2020-05-19 11:30:17,24856
19255,2020-12-05 16:29:48,24857
19256,2021-09-14 18:30:37,24858
19257,2020-04-17 17:09:18,24859
19258,2020-09-02 16:06:05,24860
19259,2020-08-20 17:36:52,24861
19260,2021-06-09 18:02:52,24862
19261,2022-10-26 17:42:08,24863
19262,2023-10-02 08:51:35,24864
19265,2022-09-28 09:37:41,24867
19266,2022-01-12 10:02:49,24868
19267,2023-08-13 13:10:27,24869
19271,2021-10-08 15:38:50,24873
19274,2022-10-12 10:40:54,24876
19275,2021-09-12 09:22:30,24877
19276,2023-07-02 10:52:39,24878
19277,2020-10-10 14:20:56,24879
19279,2021-02-28 16:31:33,24881
19281,2020-02-03 13:20:08,24883
19283,2021-12-04 09:03:59,24885
19284,2020-11-18 16:11:26,24886
19285,2023-08-01 16:41:42,24887
19287,2020-07-24 11:29:37,24889
19289,2023-08-08 08:40:35,24891
19290,2020-08-19 11:31:30,24892
19291,2022-05-04 18:19:59,24893
19292,2021-01-08 14:26:42,24894
19293,2021-08-18 14:15:23,24895
19297,2023-07-12 12:32:07,24899
19300,2021-11-16 12:47:49,24902
19301,2020-09-26 14:11:38,24903
19303,2021-01-19 12:16:39,24905
19304,2022-09-11 15:26:06,24906
19305,2023-03-21 14:19:49,24907
19307,2020-11-12 14:37:17,24909
19308,2022-04-11 16:21:40,24910
19309,2022-04-01 14:39:43,24911
19310,2020-10-19 08:28:38,24912
19312,2021-08-21 11:34:13,24914
19313,2020-12-16 17:46:28,24915
19314,2022-06-27 13:56:19,24916
19317,2022-09-18 13:17:55,24919
19319,2020-06-02 14:02:32,24921
19321,2023-03-27 13:33:22,24923
19322,2020-11-23 16:43:03,24924
19323,2023-09-23 11:35:57,24925
19324,2023-10-03 09:25:04,24926
19325,2020-11-11 14:34:12,24927
19327,2020-09-11 18:15:43,24929
19329,2021-01-26 14:43:55,24931
19330,2023-11-23 13:53:34,24932
19332,2022-02-15 11:50:23,24934
19333,2020-06-18 17:33:46,24935
19334,2022-02-19 17:49:54,24936
19335,2023-06-02 16:45:00,24937
19337,2020-04-18 16:46:33,24939
19338,2020-06-15 14:22:04,24940
19339,2022-02-10 17:18:43,24941
19340,2023-08-19 08:26:01,24942
19341,2022-06-24 10:30:32,24943
19342,2020-06-01 15:59:02,24944
19343,2022-03-09 10:41:06,24945
19344,2022-09-26 12:37:49,24946
19346,2023-08-16 18:17:43,24948
19350,2023-10-22 11:00:17,24952
19351,2022-12-17 16:13:30,24953
19352,2023-03-27 16:26:31,24954
19353,2022-08-16 15:06:02,24955
19355,2021-01-04 14:50:18,24957
19356,2021-02-22 10:36:47,24958
19357,2021-09-08 14:53:39,24959
19359,2022-09-28 10:39:11,24961
19360,2021-08-15 13:28:43,24962
19361,2023-04-21 17:48:55,24963
19365,2020-09-05 13:45:09,24967
19367,2020-08-17 11:56:39,24969
19371,2022-10-10 10:34:51,24973
19372,2021-01-27 15:03:47,24974
19373,2022-10-18 11:11:48,24975
19374,2023-11-10 09:13:42,24976
19375,2023-05-04 09:00:22,24977
19376,2020-06-05 17:50:32,24978
19377,2023-10-09 10:55:20,24979
19380,2022-02-24 10:58:48,24982
19381,2023-08-21 16:57:08,24983
19382,2023-12-08 08:52:56,24984
19383,2022-04-05 10:58:55,24985
19384,2022-12-15 15:44:35,24986
19385,2021-12-23 09:52:23,24987
19386,2021-01-18 16:31:25,24988
19388,2022-01-06 16:34:30,24990
19390,2023-09-08 13:26:49,24992
19394,2020-11-27 10:17:53,24996
19395,2023-05-10 14:50:08,24997
19396,2021-08-08 13:00:27,24998
19397,2023-07-16 18:35:03,24999
19400,2020-05-11 10:35:10,25002
19401,2020-08-22 17:53:02,25003
19402,2020-11-16 17:54:58,25004
19403,2023-08-20 08:29:25,25005
19404,2021-08-23 18:19:34,25006
19406,2022-02-12 13:27:49,25008
19407,2022-07-04 17:11:41,25009
19408,2023-03-07 13:17:50,25010
19410,2020-08-03 09:35:14,25012
19411,2022-01-15 17:38:50,25013
19412,2022-07-28 12:33:21,25014
19414,2023-11-19 10:25:04,25016
19415,2022-01-10 15:42:03,25017
19417,2022-08-09 16:43:18,25019
19418,2022-05-24 15:37:52,25020
19420,2023-03-26 16:55:38,25022
19421,2020-11-23 11:35:55,25023
19422,2023-12-17 08:48:50,25024
19424,2022-07-14 17:27:18,25026
19425,2020-12-12 13:05:00,25027
19426,2023-02-21 11:13:11,25028
19429,2020-06-25 09:50:54,25031
19430,2021-02-23 17:55:12,25032
19431,2021-10-08 18:37:12,25033
19432,2023-11-12 08:29:49,25034
19433,2022-09-21 12:44:24,25035
19434,2022-03-27 12:52:46,25036
19435,2021-10-16 15:35:31,25037
19436,2022-11-13 18:10:01,25038
19437,2020-07-28 12:52:46,25039
19438,2022-07-18 12:58:17,25040
19441,2023-11-19 13:20:02,25043
19444,2021-04-25 17:05:40,25046
19446,2020-09-16 09:51:18,25048
19447,2020-02-03 11:22:11,25049
19451,2022-05-03 15:42:39,25053
19452,2021-02-04 12:45:40,25054
19454,2021-03-03 15:01:59,25056
19455,2022-11-03 15:05:56,25057
19456,2021-02-22 12:00:34,25058
19457,2021-10-24 13:13:06,25059
19458,2020-03-01 08:44:41,25060
19459,2023-12-23 09:33:17,25061
19460,2021-08-05 16:03:32,25062
19461,2023-11-25 12:59:51,25063
19462,2020-03-06 16:19:22,25064
19463,2020-02-14 13:22:25,25065
19464,2021-08-09 09:54:37,25066
19465,2023-01-04 15:14:42,25067
19466,2023-06-27 13:28:21,25068
19467,2020-02-22 11:48:33,25069
19471,2021-10-27 10:52:22,25073
19473,2020-02-01 11:59:39,25075
19474,2021-05-25 11:54:45,25076
19475,2023-06-12 13:40:14,25077
19476,2020-11-15 15:36:07,25078
19477,2023-07-22 15:49:18,25079
19478,2023-07-13 11:23:54,25080
19480,2020-05-19 17:48:30,25082
19481,2022-12-09 10:21:51,25083
19483,2021-02-21 13:38:28,25085
19484,2021-03-20 15:49:51,25086
19485,2020-05-11 11:54:12,25087
19488,2020-06-13 17:03:12,25090
19489,2021-05-01 13:49:27,25091
19492,2021-03-12 11:36:00,25094
19493,2020-08-15 17:58:14,25095
19494,2023-10-21 15:13:37,25096
19496,2022-05-05 14:35:00,25098
19497,2021-10-21 14:58:14,25099
19498,2023-04-06 17:17:39,25100
19500,2023-08-23 10:07:23,25102
19501,2020-03-20 13:39:07,25103
19503,2020-11-25 12:27:09,25105
19504,2022-03-27 14:28:34,25106
19505,2023-12-02 17:21:05,25107
19508,2023-02-14 14:27:59,25110
19509,2023-01-24 11:06:10,25111
19510,2023-07-01 12:57:34,25112
19511,2022-04-13 11:04:59,25113
19512,2021-02-23 13:35:56,25114
19513,2021-02-01 15:16:06,25115
19514,2022-06-04 10:49:09,25116
19515,2021-12-12 12:07:06,25117
19516,2021-02-15 13:31:41,25118
19519,2023-02-16 13:05:44,25121
19522,2022-07-24 18:48:20,25124
19523,2022-07-12 09:08:43,25125
19524,2022-01-24 14:29:53,25126
19525,2023-05-26 17:50:36,25127
19526,2022-11-12 12:38:20,25128
19527,2022-06-15 10:56:45,25129
19528,2021-05-07 16:47:13,25130
19529,2022-12-11 09:56:04,25131
19530,2021-11-14 16:21:16,25132
19531,2022-09-09 13:45:18,25133
19533,2022-12-28 15:07:58,25135
19534,2020-09-02 14:38:10,25136
19535,2020-12-11 15:37:55,25137
19538,2023-04-26 16:47:04,25140
19539,2022-04-14 15:08:57,25141
19540,2023-03-16 12:43:16,25142
19541,2022-02-13 11:40:44,25143
19542,2023-08-17 14:44:20,25144
19543,2023-07-24 17:39:19,25145
19546,2023-02-22 16:05:01,25148
19547,2023-10-19 14:36:26,25149
19548,2023-11-24 12:13:00,25150
19550,2021-11-10 15:39:23,25152
19551,2023-02-08 09:16:20,25153
19552,2023-12-22 15:37:24,25154
19553,2021-11-22 11:29:53,25155
19554,2023-05-08 12:18:43,25156
19555,2022-06-09 11:53:56,25157
19556,2021-04-21 15:54:54,25158
19557,2023-05-26 13:05:38,25159
19558,2022-01-23 10:52:24,25160
19559,2023-10-25 18:33:01,25161
19560,2020-01-16 17:37:15,25162
19562,2020-02-12 10:12:31,25164
19563,2020-04-03 17:21:49,25165
19564,2020-07-02 17:36:57,25166
19565,2022-06-10 12:04:20,25167
19566,2022-07-27 09:42:40,25168
19567,2021-02-20 16:34:52,25169
19568,2023-04-02 16:41:38,25170
19569,2021-06-12 17:38:54,25171
19570,2020-10-09 18:11:48,25172
19573,2023-03-16 17:16:05,25175
19574,2021-11-19 10:27:44,25176
19575,2021-02-19 14:09:51,25177
19578,2023-06-04 11:42:26,25180
19579,2020-05-20 14:28:22,25181
19580,2022-06-25 14:26:55,25182
19581,2022-07-17 09:33:31,25183
19582,2022-02-20 11:08:08,25184
19583,2021-09-10 12:30:10,25185
19585,2021-12-18 15:11:25,25187
19586,2023-09-27 11:11:09,25188
19588,2021-05-10 09:58:29,25190
19589,2021-01-27 18:42:11,25191
19590,2022-05-23 10:20:04,25192
19591,2021-11-12 09:44:24,25193
19592,2020-03-20 12:56:30,25194
19593,2022-12-17 09:18:21,25195
19594,2022-04-18 16:55:36,25196
19595,2020-05-13 11:06:04,25197
19597,2020-10-18 13:49:25,25199
19599,2020-02-16 13:08:00,25201
19600,2022-11-25 17:03:55,25202
19601,2021-12-05 18:16:23,25203
19602,2021-12-02 09:26:04,25204
19603,2020-08-05 13:26:11,25205
19604,2023-08-12 14:58:06,25206
19605,2020-06-18 12:14:21,25207
19606,2023-11-05 09:24:50,25208
19608,2022-01-18 15:15:42,25210
19609,2023-11-07 16:11:19,25211
19610,2022-08-05 09:13:33,25212
19613,2022-01-26 16:39:35,25215
19614,2020-05-10 11:25:36,25216
19616,2020-12-04 09:09:46,25218
19617,2021-06-17 17:26:50,25219
19618,2021-11-08 10:40:38,25220
19619,2023-10-20 11:40:39,25221
19623,2021-03-08 16:06:22,25225
19624,2022-09-14 12:38:08,25226
19625,2021-06-06 16:13:18,25227
19626,2020-07-09 17:20:09,25228
19627,2023-03-06 17:14:03,25229
19628,2023-09-09 10:36:57,25230
19629,2020-09-17 15:58:34,25231
19630,2023-09-17 16:03:25,25232
19632,2023-09-10 18:13:31,25234
19633,2022-09-15 17:40:17,25235
19634,2022-11-09 15:51:43,25236
19635,2020-10-01 09:30:32,25237
19637,2022-10-19 15:02:57,25239
19638,2023-08-12 13:31:00,25240
19639,2023-04-21 14:37:58,25241
19640,2022-10-15 14:59:56,25242
19641,2022-09-05 11:24:03,25243
19642,2021-08-28 08:50:35,25244
19643,2022-06-02 11:27:49,25245
19644,2023-05-12 11:23:44,25246
19645,2022-01-23 15:14:57,25247
19646,2021-10-17 17:56:58,25248
19647,2020-02-10 18:12:53,25249
19649,2021-02-25 10:50:56,25251
19650,2022-02-10 11:46:16,25252
19652,2020-05-23 12:29:15,25254
19653,2022-02-04 13:26:36,25255
19654,2022-12-19 11:19:14,25256
19655,2023-09-02 10:12:48,25257
19656,2021-05-28 16:55:50,25258
19657,2021-01-04 14:22:30,25259
19658,2023-09-19 11:08:46,25260
19659,2020-03-03 16:47:17,25261
19660,2021-10-12 11:13:32,25262
19661,2023-07-07 16:47:55,25263
19663,2021-06-26 14:59:01,25265
19664,2023-08-20 15:29:07,25266
19665,2022-08-06 10:40:54,25267
19666,2022-02-13 15:32:39,25268
19668,2020-07-02 13:45:42,25270
19669,2020-11-21 16:36:43,25271
19670,2022-01-18 12:32:10,25272
19671,2021-11-03 15:33:28,25273
19674,2023-01-10 16:04:25,25276
19675,2021-05-26 10:00:56,25277
19678,2021-08-09 17:01:52,25280
19679,2023-04-08 16:59:37,25281
19680,2022-02-07 10:26:05,25282
19682,2023-10-26 17:15:42,25284
19683,2023-11-22 18:25:27,25285
19685,2021-06-08 11:06:55,25287
19687,2023-09-23 08:19:06,25289
19688,2020-04-17 17:10:53,25290
19689,2020-07-09 16:45:14,25291
19691,2020-05-20 13:33:30,25293
19692,2021-03-07 11:47:23,25294
19693,2020-10-21 12:08:29,25295
19694,2021-09-27 10:11:53,25296
19695,2021-06-08 17:30:47,25297
19697,2022-05-18 11:07:36,25299
19700,2020-03-21 10:52:34,25302
19701,2023-08-04 18:11:30,25303
19702,2021-06-23 14:32:35,25304
19703,2023-08-23 16:42:51,25305
19705,2020-08-03 10:52:11,25307
19706,2022-12-21 09:34:04,25308
19707,2023-10-06 15:31:21,25309
19708,2023-09-03 14:44:49,25310
19709,2021-12-19 10:41:28,25311
19711,2022-01-20 17:18:51,25313
19714,2020-04-23 14:06:05,25316
19715,2023-12-27 10:24:05,25317
19717,2023-02-09 12:17:56,25319
19719,2020-03-15 13:35:15,25321
19720,2020-05-12 14:53:55,25322
19721,2021-01-18 14:47:19,25323
19722,2021-06-04 08:36:10,25324
19723,2022-02-09 16:53:35,25325
19724,2021-06-11 17:18:08,25326
19725,2020-05-10 13:57:54,25327
19726,2021-06-06 09:51:26,25328
19727,2021-05-18 17:35:44,25329
19728,2023-08-27 17:25:50,25330
19730,2020-04-25 17:38:07,25332
19732,2020-02-07 12:09:36,25334
19735,2022-11-28 14:33:23,25337
19736,2023-09-05 11:20:05,25338
19737,2023-09-13 15:56:43,25339
19739,2023-08-07 11:57:25,25341
19740,2020-03-28 17:51:28,25342
19741,2022-07-09 11:47:32,25343
19742,2023-08-02 08:57:27,25344
19744,2022-03-16 12:24:00,25346
19746,2021-06-14 08:59:42,25348
19747,2021-02-17 09:50:57,25349
19748,2021-03-03 18:24:11,25350
19749,2022-10-20 09:43:03,25351
19750,2022-05-02 14:11:53,25352
19752,2022-10-18 13:25:54,25354
19753,2022-05-27 09:35:06,25355
19754,2020-04-24 14:41:32,25356
19757,2021-11-02 18:26:35,25359
19762,2021-06-27 14:35:12,25364
19765,2023-03-27 12:06:09,25367
19769,2021-10-13 11:37:13,25371
19770,2023-08-24 15:31:34,25372
19771,2021-05-13 11:29:50,25373
19772,2020-02-12 10:05:13,25374
19773,2020-04-14 17:40:24,25375
19776,2023-04-26 11:36:55,25378
19777,2023-01-23 17:30:30,25379
19778,2021-06-01 17:01:50,25380
19779,2021-02-15 09:38:12,25381
19780,2022-08-23 14:10:23,25382
19781,2022-11-28 11:57:01,25383
19784,2020-09-20 09:19:15,25386
19786,2023-07-16 10:10:40,25388
19787,2021-08-02 15:06:07,25389
19789,2022-04-09 10:10:33,25391
19790,2020-02-21 12:16:30,25392
19791,2020-11-10 13:36:34,25393
19793,2023-03-22 15:08:41,25395
19795,2022-09-07 11:56:18,25397
19796,2021-06-10 17:17:33,25398
19797,2020-10-27 10:24:50,25399
19799,2023-10-14 17:03:59,25401
19800,2022-02-28 18:13:42,25402
19802,2020-01-07 12:04:15,25404
19803,2022-10-12 17:53:54,25405
19804,2020-06-01 18:31:13,25406
19805,2020-04-17 13:38:38,25407
19807,2020-07-17 17:57:05,25409
19808,2021-07-27 12:53:28,25410
19809,2021-09-28 09:08:37,25411
19810,2020-01-09 18:16:42,25412
19812,2021-03-01 10:40:36,25414
19813,2021-01-15 18:51:06,25415
19814,2022-06-07 10:35:43,25416
19815,2022-05-06 08:45:11,25417
19816,2021-05-25 15:16:01,25418
19817,2021-04-16 14:39:13,25419
19819,2022-02-18 11:36:57,25421
19821,2023-07-01 09:17:46,25423
19822,2023-07-25 15:30:20,25424
19823,2022-07-15 15:26:23,25425
19825,2022-09-15 12:40:34,25427
19826,2022-05-28 16:11:15,25428
19827,2022-10-15 15:53:41,25429
19829,2023-09-04 18:52:58,25431
19834,2020-03-12 12:26:05,25436
19835,2023-01-16 09:19:09,25437
19836,2021-12-04 10:10:06,25438
19837,2021-02-16 18:06:04,25439
19838,2022-01-28 16:16:56,25440
19839,2022-02-26 10:40:46,25441
19841,2021-02-20 14:21:58,25443
19842,2021-05-07 12:31:52,25444
19843,2023-11-06 11:28:07,25445
19844,2023-08-26 11:35:46,25446
19845,2021-08-05 12:19:42,25447
19846,2021-02-04 18:23:17,25448
19847,2020-01-16 13:05:16,25449
19849,2020-04-02 16:53:26,25451
19850,2022-09-21 10:42:31,25452
19853,2021-12-02 14:27:40,25455
19854,2023-05-10 11:11:10,25456
19855,2022-12-05 14:01:57,25457
19856,2020-12-12 11:36:48,25458
19858,2021-04-14 09:12:07,25460
19860,2022-02-20 16:22:04,25462
19861,2022-08-22 16:08:15,25463
19862,2022-03-10 09:08:21,25464
19863,2021-01-08 14:21:21,25465
19865,2021-05-12 13:30:43,25467
19866,2020-12-16 13:44:02,25468
19867,2023-01-09 16:26:41,25469
19868,2023-01-06 17:36:17,25470
19869,2021-06-25 11:45:43,25471
19872,2023-06-27 11:33:20,25474
19873,2020-08-22 16:08:30,25475
19876,2022-05-20 16:07:30,25478
19877,2020-06-28 15:57:06,25479
19879,2020-02-12 08:52:25,25481
19882,2020-08-13 15:37:31,25484
19883,2022-02-08 13:37:34,25485
19884,2021-01-03 17:19:07,25486
19885,2023-12-06 13:10:16,25487
19887,2023-02-16 12:42:55,25489
19888,2022-09-20 12:09:09,25490
19889,2023-10-20 12:06:12,25491
19890,2021-01-05 11:42:00,25492
19892,2021-01-13 12:37:51,25494
19893,2021-12-09 16:00:30,25495
19894,2022-07-14 15:40:39,25496
19896,2022-11-11 10:35:22,25498
19897,2020-06-01 13:59:44,25499
19898,2021-09-27 10:53:15,25500
19899,2022-10-02 13:32:57,25501
19900,2022-07-18 13:34:12,25502
19901,2023-01-13 09:58:05,25503
19904,2020-02-17 12:00:31,25506
19905,2023-01-25 09:37:28,25507
19906,2023-01-25 09:43:08,25508
19907,2022-05-04 14:31:31,25509
19908,2022-11-05 17:45:42,25510
19909,2021-02-07 18:15:54,25511
19910,2020-04-21 17:38:06,25512
19911,2023-10-04 09:12:43,25513
19914,2020-06-18 10:09:56,25516
19916,2020-01-16 17:03:30,25518
19917,2023-02-11 12:54:03,25519
19918,2020-01-25 15:53:34,25520
19919,2021-08-28 12:33:43,25521
19920,2022-04-10 09:42:03,25522
19921,2021-05-23 09:43:13,25523
19922,2023-01-03 09:42:36,25524
19925,2022-12-17 18:09:44,25527
19926,2020-03-07 11:13:22,25528
19927,2023-07-13 18:08:49,25529
19928,2022-03-19 09:43:24,25530
19933,2023-12-16 13:00:00,25535
19934,2023-05-25 09:13:52,25536
19935,2023-01-05 16:05:06,25537
19936,2022-04-22 17:54:07,25538
19937,2023-11-24 17:42:29,25539
19939,2022-01-03 15:43:01,25541
19941,2023-04-01 13:49:34,25543
19942,2022-07-23 17:33:37,25544
19943,2020-07-15 14:04:11,25545
19944,2022-11-12 08:44:25,25546
19945,2022-05-01 09:07:27,25547
19946,2023-10-14 17:39:57,25548
19948,2020-04-09 16:21:27,25550
19950,2022-05-04 15:40:52,25552
19951,2022-08-23 16:55:46,25553
19952,2022-10-03 09:59:06,25554
19953,2022-08-27 09:10:00,25555
19954,2021-11-07 12:42:35,25556
19955,2023-10-08 11:37:12,25557
19957,2020-06-13 17:04:55,25559
19958,2020-06-26 13:19:32,25560
19959,2020-06-04 13:28:13,25561
19960,2022-11-04 16:54:25,25562
19961,2021-08-07 15:59:28,25563
19962,2020-04-25 13:50:56,25564
19963,2021-04-10 13:46:13,25565
19964,2022-10-06 18:09:38,25566
19967,2020-12-17 11:52:23,25569
19968,2021-04-27 11:33:42,25570
19969,2022-02-13 16:14:17,25571
19972,2022-12-28 09:30:04,25574
19974,2021-07-23 15:37:26,25576
19975,2021-10-19 09:09:43,25577
19977,2022-07-14 10:33:33,25579
19978,2023-03-15 08:37:34,25580
19980,2022-04-14 17:05:43,25582
19982,2020-02-25 13:04:56,25584
19984,2022-06-03 10:09:19,25586
19985,2021-11-04 14:26:40,25587
19988,2020-10-06 13:41:17,25590
19989,2023-07-03 11:53:24,25591
19990,2023-06-03 18:10:17,25592
19991,2020-12-26 10:23:31,25593
19992,2022-01-18 14:24:54,25594
19993,2021-02-22 12:34:09,25595
19995,2021-02-28 16:08:41,25597
19997,2020-07-23 18:01:41,25599
19998,2023-07-27 16:11:05,25600
19999,2020-08-24 15:42:42,25601
20000,2021-01-01 16:30:56,25602
20001,2021-06-03 15:45:02,25603
20003,2022-02-01 14:48:27,25605
20006,2023-12-14 16:41:00,25608
20007,2021-10-20 16:46:51,25609
20008,2023-09-23 12:20:11,25610
20009,2020-03-26 13:29:43,25611
20011,2022-08-15 14:06:37,25613
20012,2020-06-06 15:04:14,25614
20013,2022-08-17 09:48:15,25615
20014,2020-06-20 12:02:45,25616
20015,2022-07-19 11:39:56,25617
20017,2020-04-08 15:57:52,25619
20018,2022-02-19 13:21:59,25620
20020,2023-06-07 14:48:34,25622
20021,2021-04-03 11:03:09,25623
20022,2022-04-08 11:42:26,25624
20025,2021-11-19 09:18:07,25627
20026,2021-11-06 11:21:29,25628
20027,2022-04-10 10:40:59,25629
20028,2020-04-12 14:20:20,25630
20029,2023-03-13 16:55:33,25631
20031,2020-09-06 13:33:17,25633
20032,2022-02-14 13:17:46,25634
20033,2023-03-27 14:29:34,25635
20035,2021-03-12 09:37:52,25637
20037,2020-06-27 13:52:13,25639
20038,2021-04-09 16:38:22,25640
20039,2022-01-21 15:41:00,25641
20040,2023-11-08 09:50:38,25642
20041,2022-10-17 12:54:48,25643
20042,2023-06-10 17:33:22,25644
20047,2023-06-08 13:10:57,25649
20049,2023-07-10 16:43:53,25651
20050,2020-02-20 12:12:09,25652
20051,2021-01-27 16:54:33,25653
20053,2020-03-28 18:16:07,25655
20054,2020-05-03 09:49:01,25656
20056,2021-11-23 14:28:23,25658
20057,2023-10-01 12:23:39,25659
20058,2021-10-25 11:07:24,25660
20059,2020-08-06 13:36:06,25661
20061,2023-06-19 15:22:44,25663
20062,2020-02-08 08:41:01,25664
20064,2021-05-08 14:40:59,25666
20065,2020-07-04 16:30:01,25667
20066,2022-10-28 17:14:17,25668
20070,2022-05-13 13:23:53,25672
20071,2023-06-11 18:39:08,25673
20072,2023-12-26 15:37:32,25674
20073,2023-03-18 11:30:19,25675
20074,2023-06-16 17:56:25,25676
20075,2020-05-26 15:55:06,25677
20076,2023-11-18 17:54:46,25678
20077,2021-07-25 13:15:30,25679
20078,2020-06-20 11:06:10,25680
20080,2023-06-24 18:23:16,25682
20081,2021-01-09 15:28:58,25683
20082,2022-10-22 17:45:17,25684
20083,2021-06-08 17:38:10,25685
20085,2020-06-07 17:23:20,25687
20087,2020-02-10 15:27:59,25689
20089,2021-02-28 14:22:55,25691
20090,2023-02-16 18:01:52,25692
20091,2021-01-16 09:37:31,25693
20092,2022-10-09 14:33:00,25694
20093,2023-07-15 15:34:50,25695
20096,2021-09-16 10:17:06,25698
20097,2020-04-17 11:43:50,25699
20098,2020-11-20 15:26:03,25700
20099,2020-09-06 10:35:55,25701
20100,2023-02-06 14:02:04,25702
20102,2022-09-23 17:12:26,25704
20103,2021-01-21 09:48:26,25705
20105,2023-10-16 17:21:23,25707
20106,2020-05-25 12:24:50,25708
20107,2021-09-13 13:27:00,25709
20109,2020-06-05 15:03:47,25711
20110,2023-03-18 13:38:23,25712
20112,2021-12-22 12:05:49,25714
20114,2022-02-25 11:18:45,25716
20117,2023-06-15 10:53:09,25719
20118,2020-09-21 15:56:23,25720
20119,2022-05-19 14:13:09,25721
20120,2021-11-07 15:25:31,25722
20121,2020-12-24 12:10:37,25723
20124,2023-06-11 17:20:45,25726
20125,2021-11-03 17:34:39,25727
20126,2020-05-18 11:12:47,25728
20127,2021-03-14 17:42:13,25729
20128,2022-10-26 16:10:36,25730
20129,2021-08-13 15:43:12,25731
20131,2023-01-15 13:46:55,25733
20132,2021-07-05 11:43:30,25734
20136,2020-12-05 14:53:29,25738
20140,2021-06-11 15:22:47,25742
20141,2023-09-05 16:37:30,25743
20143,2020-03-12 16:26:49,25745
20144,2020-05-18 16:31:02,25746
20147,2020-06-24 15:39:49,25749
20148,2020-12-05 14:58:23,25750
20149,2022-03-28 13:38:24,25751
20150,2022-12-23 16:53:24,25752
20151,2021-03-12 10:34:04,25753
20152,2020-05-26 18:02:57,25754
20154,2023-05-26 16:33:18,25756
20155,2022-01-07 10:02:49,25757
20156,2021-04-08 16:48:47,25758
20157,2022-02-16 16:20:31,25759
20158,2021-02-26 17:07:59,25760
20159,2022-01-03 08:44:03,25761
20160,2023-09-08 10:38:34,25762
20162,2022-01-14 08:41:59,25764
20163,2023-08-11 08:23:32,25765
20165,2023-09-21 15:02:12,25767
20166,2021-06-18 11:33:44,25768
20167,2021-09-10 08:43:23,25769
20168,2023-02-23 12:05:17,25770
20169,2022-02-18 14:24:58,25771
20170,2023-05-12 11:41:45,25772
20171,2021-12-22 15:56:31,25773
20172,2022-03-09 18:16:10,25774
20173,2023-08-10 17:07:34,25775
20174,2022-05-19 09:33:30,25776
20175,2021-11-09 13:00:18,25777
20183,2021-02-01 17:45:38,25785
20184,2020-12-10 17:25:18,25786
20185,2023-01-12 16:44:35,25787
20188,2021-12-20 09:49:57,25790
20189,2023-12-01 15:42:15,25791
20190,2022-07-27 17:45:51,25792
20192,2022-01-18 13:18:33,25794
20195,2023-05-04 15:54:31,25797
20197,2020-11-07 08:49:53,25799
20198,2020-07-07 15:08:16,25800
20199,2020-01-10 15:31:34,25801
20200,2020-05-09 18:08:01,25802
20201,2021-07-19 12:11:21,25803
20202,2023-05-08 09:13:44,25804
20203,2022-05-21 13:10:29,25805
20204,2022-07-25 11:59:15,25806
20208,2021-10-15 12:36:37,25810
20210,2020-08-16 08:39:11,25812
20212,2022-10-28 13:23:53,25814
20214,2021-06-22 16:05:47,25816
20216,2021-04-04 11:27:42,25818
20217,2022-04-20 11:58:50,25819
20219,2020-02-06 10:40:54,25821
20220,2023-07-10 10:55:15,25822
20221,2022-04-24 11:32:59,25823
20222,2021-09-16 17:44:14,25824
20223,2023-02-22 15:48:24,25825
20225,2021-07-07 09:45:58,25827
20228,2022-04-25 12:25:29,25830
20229,2021-09-24 19:00:20,25831
20230,2021-07-18 12:52:42,25832
20231,2023-01-18 09:12:00,25833
20232,2020-11-25 13:35:56,25834
20233,2020-12-03 16:31:37,25835
20236,2020-12-21 11:36:05,25838
20237,2022-02-20 17:18:28,25839
20239,2021-10-24 17:58:29,25841
20240,2023-11-02 09:09:07,25842
20241,2020-03-16 17:18:13,25843
20242,2020-04-10 13:57:12,25844
20244,2023-06-08 17:09:27,25846
20245,2023-03-11 12:35:44,25847
20247,2023-06-16 15:16:13,25849
20248,2021-02-18 09:21:10,25850
20249,2023-12-20 09:05:02,25851
20252,2022-10-23 13:35:13,25854
20253,2022-11-21 18:10:42,25855
20255,2020-06-11 10:48:42,25857
20256,2020-02-14 16:55:24,25858
20257,2022-02-27 16:52:22,25859
20258,2022-09-15 12:55:31,25860
20259,2020-02-17 10:41:56,25861
20260,2021-08-05 16:57:13,25862
20262,2021-03-01 13:17:49,25864
20263,2020-05-20 12:35:04,25865
20264,2020-01-07 16:15:33,25866
20266,2022-08-17 16:08:33,25868
20269,2020-06-07 17:11:52,25871
20270,2020-11-01 16:41:51,25872
20271,2021-11-24 17:57:54,25873
20273,2023-06-13 11:49:54,25875
20274,2020-10-14 13:55:26,25876
20275,2021-01-14 11:20:41,25877
20276,2021-08-10 09:38:29,25878
20278,2021-05-20 17:40:07,25880
20280,2020-04-06 15:59:10,25882
20282,2022-08-07 15:20:24,25884
20283,2021-01-09 17:00:14,25885
20284,2020-11-10 10:40:55,25886
20285,2020-03-25 08:50:34,25887
20287,2020-12-11 14:29:34,25889
20290,2020-10-10 16:04:46,25892
20293,2022-06-17 14:48:34,25895
20294,2023-10-13 17:35:14,25896
20295,2021-07-25 15:56:01,25897
20296,2021-01-10 14:28:31,25898
20297,2020-07-15 08:52:48,25899
20298,2020-11-25 17:17:07,25900
20299,2022-04-09 14:55:21,25901
20300,2020-03-16 15:01:37,25902
20301,2021-11-22 18:11:00,25903
20302,2021-11-21 17:07:48,25904
20303,2022-11-09 10:09:27,25905
20304,2020-12-07 16:49:35,25906
20306,2023-12-15 15:43:47,25908
20308,2020-03-22 11:48:24,25910
20312,2023-07-08 17:21:22,25914
20313,2022-03-05 09:58:04,25915
20316,2020-08-05 14:01:44,25918
20317,2020-01-07 13:37:47,25919
20319,2021-05-23 13:21:11,25921
20320,2022-09-25 16:33:00,25922
20321,2022-02-02 12:32:57,25923
20323,2021-10-16 12:28:10,25925
20324,2020-06-13 11:07:34,25926
20325,2020-08-21 11:14:47,25927
20326,2020-08-26 12:44:55,25928
20327,2020-11-01 17:39:25,25929
20328,2020-01-24 10:17:26,25930
20329,2020-04-25 14:56:03,25931
20330,2022-08-25 10:39:54,25932
20332,2021-10-09 14:15:54,25934
20333,2021-04-23 18:04:01,25935
20334,2022-02-12 14:50:14,25936
20337,2021-06-10 08:42:17,25939
20338,2020-06-15 17:05:32,25940
20339,2021-09-23 17:23:59,25941
20340,2020-04-15 18:07:57,25942
20341,2022-01-17 17:19:48,25943
20342,2022-08-15 08:42:30,25944
20347,2022-06-05 10:28:46,25949
20348,2021-02-07 16:26:46,25950
20349,2020-05-16 18:08:41,25951
20350,2020-08-27 11:58:53,25952
20351,2023-11-02 14:11:31,25953
20352,2023-04-15 10:45:55,25954
20353,2023-05-15 17:38:56,25955
20354,2020-05-12 13:08:54,25956
20355,2020-01-18 08:48:19,25957
20357,2022-05-02 13:35:03,25959
20359,2021-05-04 15:24:43,25961
20361,2020-07-14 13:45:36,25963
20362,2021-10-21 17:34:28,25964
20363,2022-09-28 10:28:34,25965
20364,2022-08-28 09:13:38,25966
20365,2021-11-01 15:01:41,25967
20368,2020-06-13 16:37:53,25970
20369,2022-12-23 11:46:33,25971
20371,2020-06-02 16:57:26,25973
20373,2022-02-15 09:26:01,25975
20374,2021-01-27 09:43:05,25976
20376,2022-10-06 16:53:25,25978
20377,2021-07-09 14:42:37,25979
20378,2021-03-24 18:09:01,25980
20379,2023-01-12 14:44:17,25981
20380,2021-07-09 11:52:04,25982
20381,2023-06-23 10:17:41,25983
20383,2021-08-12 10:31:25,25985
20385,2023-12-26 16:17:52,25987
20386,2022-02-02 10:33:43,25988
20387,2021-10-11 11:49:29,25989
20388,2021-01-11 16:48:07,25990
20389,2023-12-27 10:57:35,25991
20391,2020-04-02 10:18:19,25993
20393,2020-04-12 09:16:02,25995
20394,2020-08-07 15:06:11,25996
20395,2021-01-28 17:24:16,25997
20397,2020-08-02 17:19:01,25999
20398,2023-07-27 17:02:15,26000
20400,2023-10-28 12:00:41,26002
20401,2021-06-10 09:30:13,26003
20403,2023-04-08 11:33:01,26005
20404,2023-12-08 17:03:23,26006
20405,2023-02-01 12:50:43,26007
20406,2023-07-07 14:44:59,26008
20407,2022-04-15 16:53:22,26009
20409,2022-10-25 10:30:58,26011
20411,2023-07-18 11:39:14,26013
20412,2020-11-04 10:49:30,26014
20413,2021-02-11 15:57:34,26015
20414,2022-04-24 14:31:23,26016
20415,2020-10-19 15:13:40,26017
20416,2021-05-03 10:38:37,26018
20418,2022-10-01 15:39:32,26020
20419,2021-02-22 09:25:03,26021
20420,2021-10-02 14:53:03,26022
20421,2020-04-26 10:19:18,26023
20423,2022-02-01 13:19:10,26025
20424,2020-07-02 16:11:26,26026
20427,2021-04-19 18:17:05,26029
20429,2021-03-27 15:36:43,26031
20430,2023-07-11 18:03:21,26032
20431,2023-05-13 10:53:25,26033
20432,2022-11-21 13:02:40,26034
20433,2023-01-04 17:51:11,26035
20434,2020-04-09 10:29:27,26036
20435,2022-10-09 18:48:01,26037
20437,2023-10-22 10:41:56,26039
20440,2020-03-08 13:55:20,26042
20441,2020-04-05 15:11:50,26043
20442,2022-12-11 16:04:09,26044
20443,2020-01-24 11:07:32,26045
20444,2023-09-18 09:45:18,26046
20445,2021-03-03 17:15:54,26047
20448,2023-10-09 12:19:46,26050
20449,2021-11-03 11:54:08,26051
20450,2022-03-28 13:47:20,26052
20453,2023-04-10 16:17:41,26055
20455,2022-10-19 13:44:57,26057
20456,2020-07-21 13:31:01,26058
20457,2023-03-22 18:34:37,26059
20458,2023-06-19 13:35:50,26060
20463,2020-03-04 12:10:06,26065
20466,2020-05-12 14:23:18,26068
20467,2021-02-28 14:07:04,26069
20468,2021-03-10 12:17:03,26070
20470,2023-01-24 16:26:13,26072
20471,2023-06-15 13:08:34,26073
20473,2020-08-25 15:50:06,26075
20474,2023-04-25 10:37:05,26076
20476,2021-03-18 14:09:42,26078
20477,2023-02-24 17:05:52,26079
20479,2022-12-15 16:39:58,26081
20480,2021-11-27 12:32:05,26082
20481,2023-09-11 12:23:12,26083
20483,2020-12-18 15:56:45,26085
20485,2021-12-07 15:37:02,26087
20486,2021-03-27 11:11:35,26088
20487,2022-02-24 13:49:39,26089
20488,2021-12-20 17:41:09,26090
20489,2021-03-24 16:12:20,26091
20491,2021-10-17 15:26:33,26093
20494,2021-06-03 14:29:15,26096
20495,2020-02-12 17:23:25,26097
20498,2022-05-04 14:39:00,26100
20499,2022-01-24 13:20:22,26101
20501,2022-03-11 11:45:42,26103
20504,2021-10-18 11:06:25,26106
20505,2023-10-16 12:39:22,26107
20508,2021-04-03 16:23:03,26110
20510,2021-10-04 15:00:22,26112
20511,2022-11-27 08:47:46,26113
20512,2020-04-06 15:47:34,26114
20513,2023-01-23 15:14:10,26115
20514,2021-05-11 17:02:10,26116
20515,2022-11-16 11:02:47,26117
20516,2021-05-24 17:55:55,26118
20519,2020-09-17 15:14:38,26121
20520,2020-12-11 13:35:56,26122
20523,2022-03-09 10:37:42,26125
20524,2022-06-24 12:14:12,26126
20528,2020-01-08 12:28:53,26130
20530,2023-08-10 10:47:07,26132
20535,2023-08-20 17:14:57,26137
20536,2020-09-03 15:51:17,26138
20537,2022-09-13 11:56:21,26139
20538,2022-06-20 12:01:36,26140
20539,2023-11-27 18:13:53,26141
20540,2020-03-10 14:21:04,26142
20541,2023-06-22 18:31:14,26143
20543,2020-08-18 12:54:34,26145
20544,2021-08-19 10:13:27,26146
20545,2022-09-28 10:07:54,26147
20548,2021-03-26 09:32:27,26150
20550,2023-07-10 11:16:26,26152
20551,2023-04-25 11:48:50,26153
20552,2022-10-15 13:33:57,26154
20554,2021-07-15 17:14:49,26156
20556,2023-01-03 15:47:51,26158
20557,2023-05-21 15:18:54,26159
20558,2022-03-12 15:04:17,26160
20559,2023-06-22 14:29:04,26161
20560,2022-09-26 09:53:52,26162
20561,2022-02-16 15:13:38,26163
20563,2021-06-20 15:10:49,26165
20564,2021-04-08 12:58:17,26166
20565,2020-04-04 11:16:08,26167
20566,2023-03-14 10:08:02,26168
20567,2023-03-07 10:01:56,26169
20568,2022-10-12 09:19:58,26170
20570,2023-08-21 10:29:42,26172
20571,2022-10-23 13:21:10,26173
20573,2021-04-11 16:35:41,26175
20574,2021-05-26 10:46:02,26176
20576,2023-04-25 12:55:00,26178
20577,2020-01-20 12:19:53,26179
20578,2021-05-28 10:41:36,26180
20579,2023-02-26 14:16:58,26181
20580,2021-04-26 17:52:03,26182
20581,2022-04-18 14:04:33,26183
20583,2021-01-24 15:54:44,26185
20584,2020-10-21 15:32:52,26186
20585,2020-12-17 09:56:53,26187
20586,2022-06-04 12:53:15,26188
20587,2022-07-18 15:00:02,26189
20588,2022-09-08 13:26:15,26190
20589,2021-04-12 16:07:26,26191
20590,2023-10-04 12:55:26,26192
20591,2021-02-07 16:17:46,26193
20592,2022-01-08 09:41:33,26194
20593,2022-08-08 10:48:15,26195
20594,2022-11-20 12:00:56,26196
20595,2023-03-08 17:26:14,26197
20596,2020-11-04 15:10:28,26198
20597,2021-09-03 09:13:44,26199
20598,2021-05-21 16:15:32,26200
20599,2021-07-23 12:33:20,26201
20600,2023-08-11 17:47:58,26202
20601,2020-10-16 13:20:32,26203
20603,2020-02-05 17:02:00,26205
20605,2021-01-21 16:52:44,26207
20606,2022-01-24 14:16:15,26208
20607,2023-11-18 10:58:58,26209
20609,2023-12-23 13:58:34,26211
20611,2022-08-01 14:19:21,26213
20612,2022-12-25 14:29:00,26214
20613,2021-09-24 11:40:55,26215
20614,2022-11-12 16:41:15,26216
20615,2023-08-18 12:36:29,26217
20618,2020-04-10 17:39:18,26220
20620,2020-09-14 12:51:52,26222
20621,2020-04-11 17:31:50,26223
20622,2022-08-11 16:41:56,26224
20623,2021-04-27 09:26:49,26225
20624,2021-06-22 12:48:36,26226
20626,2021-03-17 09:06:49,26228
20627,2020-05-27 08:47:27,26229
20628,2021-07-21 17:44:20,26230
20629,2023-05-10 15:21:15,26231
20632,2021-08-23 14:37:12,26234
20634,2020-07-10 13:28:49,26236
20635,2023-01-08 13:21:25,26237
20636,2021-07-28 17:15:20,26238
20638,2020-11-05 13:21:44,26240
20639,2022-03-28 11:00:51,26241
20640,2022-06-24 14:06:36,26242
20641,2020-01-23 10:12:06,26243
20642,2020-06-09 14:59:50,26244
20643,2022-06-02 10:23:37,26245
20644,2022-09-07 13:12:49,26246
20645,2021-05-27 13:47:16,26247
20646,2021-05-26 15:34:56,26248
20647,2023-06-19 17:09:42,26249
20648,2020-01-05 10:03:28,26250
20649,2020-02-06 16:59:59,26251
20650,2023-11-18 17:33:37,26252
20652,2022-12-03 18:36:29,26254
20653,2020-05-10 16:25:17,26255
20654,2020-09-23 09:18:21,26256
20655,2021-09-22 18:13:57,26257
20656,2023-08-17 13:41:38,26258
20657,2022-11-15 17:21:30,26259
20658,2023-11-19 13:49:25,26260
20660,2023-07-17 13:11:38,26262
20661,2021-05-25 13:17:11,26263
20662,2020-03-02 16:27:14,26264
20663,2022-05-20 10:45:19,26265
20664,2021-09-23 11:28:42,26266
20665,2023-04-17 14:37:31,26267
20666,2020-09-02 13:45:06,26268
20668,2023-11-22 09:07:17,26270
20670,2020-01-04 16:57:09,26272
20672,2022-09-01 09:26:42,26274
20673,2020-02-12 17:35:45,26275
20674,2022-02-26 12:39:08,26276
20676,2021-04-02 15:48:06,26278
20680,2021-12-17 13:43:39,26282
20681,2023-10-19 15:50:41,26283
20686,2020-07-08 12:33:07,26288
20688,2023-01-21 15:12:17,26290
20690,2020-10-12 08:51:26,26292
20695,2022-02-02 16:16:59,26297
20697,2021-12-16 13:35:58,26299
20698,2022-12-13 11:27:24,26300
20699,2023-07-17 10:31:14,26301
20701,2020-10-02 14:37:32,26303
20702,2020-08-09 12:19:06,26304
20703,2020-04-25 09:07:24,26305
20704,2023-01-14 13:34:42,26306
20706,2023-12-08 17:48:41,26308
20708,2022-07-01 17:32:53,26310
20710,2021-03-02 14:15:16,26312
20711,2021-10-20 16:30:25,26313
20712,2020-01-12 13:08:55,26314
20713,2023-05-10 16:19:19,26315
20717,2023-12-14 11:19:15,26319
20718,2023-11-21 10:07:52,26320
20719,2022-05-24 09:20:56,26321
20720,2022-05-10 08:42:10,26322
20723,2023-07-03 15:11:22,26325
20724,2022-05-05 15:25:00,26326
20726,2021-07-15 11:33:12,26328
20727,2022-10-15 11:23:30,26329
20730,2023-05-23 11:04:08,26332
20731,2023-12-04 12:54:03,26333
20734,2020-11-12 18:32:58,26336
20735,2023-08-11 15:26:52,26337
20737,2023-07-03 18:52:08,26339
20738,2020-08-18 14:09:24,26340
20739,2021-10-06 17:49:04,26341
20742,2023-08-02 10:17:42,26344
20744,2023-03-25 14:32:11,26346
20746,2020-09-23 09:04:50,26348
20747,2022-10-22 11:30:19,26349
20748,2023-10-03 16:41:47,26350
20749,2022-08-01 16:58:55,26351
20750,2020-07-05 12:01:57,26352
20751,2023-01-16 11:56:21,26353
20752,2020-12-06 13:57:48,26354
20753,2020-07-19 17:01:58,26355
20755,2023-05-16 15:23:11,26357
20756,2020-08-21 14:32:09,26358
20758,2021-09-16 10:41:35,26360
20759,2020-11-26 15:47:55,26361
20763,2022-10-07 15:15:50,26365
20764,2022-05-01 09:35:47,26366
20765,2020-06-10 14:24:37,26367
20768,2023-01-26 17:49:28,26370
20769,2022-01-16 10:49:10,26371
20771,2022-10-19 10:44:06,26373
20772,2020-05-14 13:27:36,26374
20773,2020-02-05 16:08:01,26375
20774,2020-01-20 16:15:42,26376
20775,2020-11-13 17:23:04,26377
20776,2021-03-05 17:01:41,26378
20777,2022-12-28 10:18:25,26379
20780,2020-10-07 11:53:28,26382
20782,2022-02-21 14:34:56,26384
20786,2021-10-16 12:31:43,26388
20789,2023-06-27 11:17:37,26391
20794,2022-11-08 14:30:38,26396
20795,2020-09-21 16:28:14,26397
20796,2023-07-05 11:50:06,26398
20798,2020-06-03 14:39:49,26400
20801,2020-03-06 11:24:24,26403
20802,2021-01-12 09:10:37,26404
20803,2020-10-12 10:43:13,26405
20804,2022-09-07 12:19:03,26406
20805,2020-07-03 11:53:30,26407
20806,2020-03-02 14:01:58,26408
20807,2023-10-08 12:30:17,26409
20808,2021-03-24 11:03:30,26410
20810,2020-06-05 17:31:22,26412
20811,2023-07-11 16:24:39,26413
20812,2023-11-14 08:33:38,26414
20813,2020-06-11 15:26:27,26415
20815,2023-02-17 17:09:03,26417
20819,2020-01-22 12:34:44,26421
20821,2020-10-14 15:29:33,26423
20822,2020-02-09 18:36:43,26424
20823,2023-01-24 10:55:03,26425
20824,2022-04-13 11:53:58,26426
20825,2021-04-20 12:21:08,26427
20826,2022-10-16 09:39:15,26428
20827,2021-01-13 16:33:12,26429
20828,2020-10-16 17:42:21,26430
20829,2020-06-20 10:20:46,26431
20831,2020-03-16 14:05:36,26433
20835,2020-02-25 11:27:06,26437
20836,2022-11-13 10:56:38,26438
20837,2022-01-10 14:47:13,26439
20840,2023-04-13 13:44:35,26442
20843,2021-11-26 14:50:03,26445
20844,2023-08-12 18:07:06,26446
20845,2023-06-21 17:15:51,26447
20846,2021-09-26 11:23:59,26448
20847,2020-09-21 13:27:26,26449
20848,2023-04-25 13:12:21,26450
20850,2022-08-22 10:07:56,26452
20851,2023-06-24 10:58:30,26453
20852,2021-10-12 08:58:14,26454
20853,2022-01-22 13:25:40,26455
20854,2020-09-03 10:32:33,26456
20855,2022-10-01 14:15:58,26457
20856,2020-09-16 17:46:05,26458
20857,2023-11-15 15:51:47,26459
20858,2022-08-25 13:42:45,26460
20860,2020-10-26 16:38:19,26462
20863,2022-07-03 15:37:56,26465
20864,2023-11-13 12:10:32,26466
20865,2021-05-19 11:54:26,26467
20867,2021-09-25 12:51:25,26469
20868,2021-09-02 12:48:16,26470
20869,2022-09-28 11:18:56,26471
20870,2022-05-10 16:42:56,26472
20871,2021-05-10 16:12:21,26473
20872,2020-12-13 12:56:52,26474
20873,2020-05-24 14:05:54,26475
20874,2020-04-16 17:00:04,26476
20875,2023-11-16 15:46:41,26477
20876,2020-10-06 08:42:20,26478
20877,2023-11-24 09:56:27,26479
20878,2020-11-04 11:17:07,26480
20879,2021-08-03 18:31:46,26481
20880,2022-03-08 10:07:30,26482
20881,2022-02-09 10:42:50,26483
20882,2020-03-19 09:48:36,26484
20883,2021-04-21 12:24:21,26485
20884,2020-10-26 10:50:48,26486
20885,2022-02-28 09:58:09,26487
20887,2023-10-17 17:02:28,26489
20889,2020-03-25 14:36:46,26491
20890,2021-08-13 08:58:21,26492
20891,2023-03-01 18:37:11,26493
20893,2022-04-10 16:41:54,26495
20894,2023-08-28 09:11:33,26496
20895,2022-06-12 17:40:16,26497
20896,2022-12-21 12:53:07,26498
20897,2021-08-17 18:02:13,26499
20898,2022-09-01 13:55:01,26500
20900,2021-11-17 15:13:45,26502
20901,2020-11-18 16:04:22,26503
20902,2022-11-08 11:56:11,26504
20903,2020-04-19 14:14:49,26505
20904,2020-03-26 12:58:34,26506
20905,2023-08-17 13:54:04,26507
20906,2020-01-17 15:35:49,26508
20907,2022-04-28 17:38:37,26509
20908,2021-09-14 12:29:23,26510
20909,2022-11-05 10:25:47,26511
20910,2021-09-24 14:01:34,26512
20911,2021-11-21 17:03:08,26513
20913,2022-07-01 09:29:24,26515
20914,2020-03-21 10:01:44,26516
20915,2020-07-22 11:05:24,26517
20916,2020-10-11 14:12:29,26518
20917,2022-10-20 11:19:26,26519
20919,2021-05-15 17:20:27,26521
20920,2020-12-16 10:15:23,26522
20923,2022-03-07 13:11:54,26525
20925,2022-05-02 12:12:21,26527
20926,2021-12-15 13:38:46,26528
20927,2023-08-16 14:15:26,26529
20929,2022-11-09 14:38:07,26531
20931,2022-10-05 10:40:28,26533
20932,2020-12-03 14:41:58,26534
20933,2020-08-01 10:03:14,26535
20934,2022-11-13 13:13:17,26536
20935,2021-11-17 10:32:45,26537
20936,2020-02-05 13:41:35,26538
20937,2021-10-18 12:14:05,26539
20938,2021-11-10 16:18:53,26540
20939,2021-05-28 13:51:27,26541
20940,2023-02-05 16:13:50,26542
20942,2023-01-09 16:55:23,26544
20944,2022-12-07 13:20:20,26546
20947,2020-07-18 16:19:00,26549
20948,2020-12-22 15:39:09,26550
20949,2022-01-06 18:16:24,26551
20953,2022-03-03 11:55:45,26555
20954,2022-05-06 10:57:54,26556
20955,2023-01-17 11:28:25,26557
20956,2022-12-20 17:33:58,26558
20957,2021-07-01 16:52:25,26559
20959,2022-05-26 16:33:23,26561
20960,2021-04-22 16:31:34,26562
20961,2020-01-22 15:36:14,26563
20962,2021-01-01 17:40:44,26564
20963,2021-05-02 17:17:29,26565
20964,2023-05-06 15:29:12,26566
20965,2021-06-06 10:20:51,26567
20966,2022-05-12 16:35:39,26568
20967,2021-12-28 17:31:23,26569
20969,2022-03-23 10:01:55,26571
20970,2022-07-02 10:02:30,26572
20971,2022-05-05 14:46:05,26573
20972,2021-09-23 14:24:16,26574
20973,2022-05-21 17:11:26,26575
20974,2020-01-27 11:15:40,26576
20975,2021-10-08 15:50:29,26577
20976,2021-03-02 14:47:15,26578
20977,2021-04-14 13:47:05,26579
20978,2020-06-27 16:27:28,26580
20979,2021-12-25 17:30:30,26581
20981,2021-05-05 12:24:19,26583
20982,2022-12-21 13:08:51,26584
20983,2023-12-07 08:37:10,26585
20984,2023-01-07 10:05:42,26586
20985,2023-01-13 12:21:05,26587
20986,2020-10-23 09:02:35,26588
20987,2021-06-24 18:07:41,26589
20988,2022-04-09 14:16:23,26590
20989,2021-11-05 08:26:29,26591
20990,2020-01-04 08:40:38,26592
20991,2023-02-28 18:29:23,26593
20992,2021-05-12 18:52:29,26594
20994,2020-09-24 13:59:30,26596
20995,2023-11-25 14:09:37,26597
20997,2020-08-02 13:27:28,26599
20998,2023-08-04 12:13:41,26600
20999,2023-02-27 09:58:19,26601
21000,2022-11-19 17:02:52,26602
21001,2022-10-26 17:35:46,26603
21002,2020-07-20 09:49:47,26604
21003,2021-09-15 09:18:44,26605
21004,2020-07-19 12:58:37,26606
21005,2020-09-22 14:01:42,26607
21007,2022-07-05 14:55:49,26609
21008,2021-10-19 15:20:08,26610
21009,2022-12-16 16:02:12,26611
21014,2022-10-02 09:45:26,26616
21015,2020-08-14 09:34:31,26617
21016,2021-05-20 14:12:01,26618
21019,2023-01-06 17:15:37,26621
21020,2020-01-20 11:32:06,26622
21021,2020-07-17 12:47:53,26623
21022,2023-06-09 13:43:33,26624
21023,2022-11-08 12:57:04,26625
21024,2022-02-18 15:52:02,26626
21025,2022-06-22 10:32:02,26627
21026,2021-11-27 12:55:53,26628
21027,2022-01-28 16:14:31,26629
21028,2020-02-05 09:54:12,26630
21030,2022-04-28 08:47:33,26632
21031,2020-07-06 10:08:07,26633
21033,2020-08-11 16:34:25,26635
21034,2022-11-23 13:33:07,26636
21035,2021-02-24 08:30:21,26637
21036,2022-07-23 16:43:16,26638
21037,2023-09-12 14:19:58,26639
21039,2020-12-04 14:24:29,26641
21040,2022-01-27 15:55:05,26642
21041,2021-04-08 17:31:56,26643
21042,2021-05-19 18:14:58,26644
21043,2023-01-10 17:54:07,26645
21044,2021-06-14 13:49:30,26646
21047,2022-04-08 10:35:24,26649
21048,2022-10-26 10:29:10,26650
21049,2022-12-11 17:12:23,26651
21050,2020-07-23 14:22:13,26652
21051,2020-07-23 16:55:48,26653
21053,2020-11-12 13:49:16,26655
21054,2021-11-16 17:41:35,26656
21056,2021-06-10 14:54:58,26658
21057,2021-08-16 10:52:35,26659
21060,2022-02-13 09:34:23,26662
21061,2022-03-08 14:42:42,26663
21062,2023-11-09 14:13:02,26664
21063,2023-01-23 09:15:29,26665
21064,2021-07-15 17:28:28,26666
21065,2023-05-10 14:30:06,26667
21068,2022-09-23 13:10:00,26670
21069,2021-03-24 14:28:37,26671
21074,2020-03-18 16:38:25,26676
21075,2022-08-04 09:04:20,26677
21077,2020-05-21 14:14:13,26679
21078,2023-10-10 11:39:50,26680
21079,2022-11-03 14:16:02,26681
21080,2022-07-11 13:59:36,26682
21082,2023-05-16 10:46:52,26684
21083,2022-08-13 11:40:08,26685
21087,2022-02-14 12:56:02,26689
21089,2020-11-16 09:55:14,26691
21090,2021-11-11 13:33:37,26692
21091,2021-12-25 10:57:36,26693
21095,2023-02-28 15:41:46,26697
21096,2023-01-11 12:22:08,26698
21097,2022-05-08 14:04:53,26699
21099,2020-07-22 10:19:43,26701
21100,2021-05-27 16:12:11,26702
21102,2020-04-12 16:00:44,26704
21104,2020-02-15 16:17:36,26706
21105,2020-12-11 10:08:26,26707
21107,2022-06-18 12:11:38,26709
21108,2023-06-27 13:38:05,26710
21111,2020-02-04 08:55:17,26713
21112,2020-12-18 16:59:04,26714
21113,2021-08-22 13:26:20,26715
21114,2023-03-27 13:02:28,26716
21116,2021-08-01 12:18:38,26718
21117,2023-12-27 17:04:17,26719
21118,2022-12-08 17:41:57,26720
21119,2023-02-28 10:47:20,26721
21120,2022-12-04 11:19:51,26722
21121,2023-05-12 11:44:15,26723
21122,2023-05-14 12:45:52,26724
21124,2021-06-22 11:14:00,26726
21126,2022-09-15 15:54:48,26728
21127,2021-01-18 15:01:50,26729
21128,2023-06-13 09:33:23,26730
21129,2020-07-17 09:45:09,26731
21130,2020-10-02 14:49:29,26732
21132,2020-05-06 08:20:46,26734
21133,2022-09-06 16:06:08,26735
21134,2020-02-12 10:27:19,26736
21135,2021-04-11 17:51:41,26737
21136,2021-12-11 16:41:15,26738
21137,2020-12-24 11:02:33,26739
21139,2023-09-25 17:58:41,26741
21140,2020-07-27 18:32:07,26742
21145,2023-05-17 16:44:34,26747
21147,2023-04-12 14:12:24,26749
21149,2023-11-24 10:52:00,26751
21150,2020-10-10 11:04:48,26752
21153,2020-06-15 11:11:04,26755
21155,2023-11-23 12:15:11,26757
21157,2022-02-15 10:41:58,26759
21158,2020-05-20 10:04:54,26760
21159,2021-10-21 15:24:54,26761
21160,2022-07-19 12:02:03,26762
21161,2020-07-15 12:15:28,26763
21162,2022-08-05 10:51:37,26764
21163,2021-09-16 08:58:56,26765
21164,2022-02-09 11:45:40,26766
21165,2022-09-23 11:12:41,26767
21167,2023-02-02 11:16:41,26769
21168,2022-05-28 10:54:37,26770
21169,2021-09-18 18:39:29,26771
21170,2023-04-09 16:48:39,26772
21171,2021-09-12 16:54:41,26773
21172,2022-01-07 08:58:24,26774
21173,2020-07-15 09:40:21,26775
21174,2022-10-27 14:42:37,26776
21175,2021-10-01 10:28:18,26777
21177,2022-02-16 10:46:18,26779
21178,2020-04-25 09:27:34,26780
21181,2020-07-18 18:37:36,26783
21182,2023-12-07 15:11:53,26784
21183,2022-11-23 11:15:41,26785
21184,2023-11-21 14:11:54,26786
21186,2023-01-20 09:51:32,26788
21188,2022-12-17 12:32:40,26790
21189,2021-09-10 15:43:09,26791
21191,2020-04-12 13:30:30,26793
21193,2021-03-24 10:35:16,26795
21194,2022-07-05 08:51:50,26796
21195,2020-04-10 14:48:13,26797
21196,2022-01-22 11:43:06,26798
21197,2021-02-07 08:40:41,26799
21199,2021-02-13 14:53:54,26801
21201,2020-12-21 10:51:26,26803
21202,2023-02-23 11:24:57,26804
21206,2023-11-04 08:47:58,26808
21207,2020-03-28 10:51:09,26809
21211,2020-12-18 12:26:50,26813
21212,2020-08-28 10:34:19,26814
21214,2021-12-26 14:08:56,26816
21215,2021-03-03 17:45:58,26817
21216,2021-01-28 09:09:45,26818
21217,2022-07-15 12:27:45,26819
21218,2023-04-01 18:27:28,26820
21219,2023-11-23 16:31:20,26821
21220,2022-04-19 15:24:01,26822
21222,2022-03-06 17:52:52,26824
21223,2021-09-21 16:14:42,26825
21224,2022-05-11 10:14:30,26826
21225,2023-09-14 17:23:43,26827
21226,2020-10-22 11:24:33,26828
21227,2021-04-24 13:18:01,26829
21228,2021-01-26 09:43:39,26830
21229,2022-01-04 08:43:50,26831
21230,2021-05-01 15:23:59,26832
21232,2022-03-23 15:52:28,26834
21233,2023-03-26 09:10:01,26835
21235,2022-11-14 09:39:04,26837
21236,2023-01-20 11:23:12,26838
21237,2020-01-07 15:04:24,26839
21238,2021-01-24 10:23:04,26840
21239,2022-08-22 08:57:21,26841
21242,2022-09-12 09:36:47,26844
21243,2022-12-28 11:31:30,26845
21244,2020-03-05 12:01:30,26846
21245,2020-11-24 09:31:29,26847
21246,2022-08-15 17:53:48,26848
21249,2021-07-26 11:52:48,26851
21250,2021-09-13 09:45:10,26852
21251,2021-09-11 13:15:53,26853
21252,2020-08-12 12:12:36,26854
21253,2020-11-03 17:05:04,26855
21254,2022-09-14 09:04:44,26856
21255,2020-10-22 11:16:18,26857
21256,2020-09-27 15:19:41,26858
21257,2020-05-05 12:57:19,26859
21258,2023-04-06 11:10:33,26860
21259,2021-10-04 14:35:49,26861
21261,2023-09-22 15:46:30,26863
21262,2021-12-14 11:41:56,26864
21264,2021-05-11 18:23:48,26866
21265,2021-10-19 10:27:21,26867
21266,2022-09-15 10:45:02,26868
21268,2023-08-24 11:29:43,26870
21270,2022-11-11 09:26:11,26872
21271,2020-07-13 13:26:12,26873
21272,2023-05-04 16:27:53,26874
21274,2020-01-15 09:44:08,26876
21275,2022-03-25 17:32:54,26877
21276,2021-02-24 12:34:07,26878
21277,2020-10-23 14:31:42,26879
21278,2021-07-10 11:32:10,26880
21280,2023-05-24 11:40:03,26882
21281,2023-04-17 10:38:13,26883
21282,2022-01-03 11:54:02,26884
21284,2022-07-20 10:43:48,26886
21285,2023-12-04 11:19:32,26887
21287,2021-08-03 16:56:15,26889
21289,2022-02-27 13:19:38,26891
21290,2023-01-08 12:59:33,26892
21291,2022-01-28 17:26:07,26893
21292,2023-07-24 17:40:17,26894
21293,2021-07-04 11:55:43,26895
21294,2023-03-18 11:40:57,26896
21295,2021-02-13 15:41:41,26897
21297,2022-08-26 14:37:18,26899
21298,2021-03-09 15:35:14,26900
21299,2020-10-04 18:07:00,26901
21301,2020-07-14 16:24:46,26903
21302,2021-07-20 14:44:42,26904
21303,2020-05-06 13:40:43,26905
21304,2020-01-10 18:18:53,26906
21305,2021-06-15 18:55:43,26907
21308,2021-07-04 10:42:07,26910
21312,2022-05-20 11:56:58,26914
21313,2020-02-25 17:58:23,26915
21314,2021-10-22 14:03:08,26916
21315,2021-12-28 13:57:39,26917
21316,2020-06-28 16:14:03,26918
21317,2020-08-21 16:28:10,26919
21318,2020-09-06 13:49:27,26920
21319,2020-12-06 11:01:15,26921
21320,2020-03-02 11:39:51,26922
21322,2021-11-19 14:43:29,26924
21324,2022-07-22 11:27:45,26926
21325,2020-05-02 13:00:27,26927
21326,2021-11-01 16:34:50,26928
21327,2022-12-25 14:26:09,26929
21328,2020-10-10 17:05:24,26930
21330,2022-12-11 09:20:24,26932
21331,2021-05-09 16:52:36,26933
21333,2020-12-28 11:03:41,26935
21335,2022-03-16 17:50:30,26937
21336,2022-03-05 16:38:40,26938
21338,2022-07-24 16:42:42,26940
21339,2021-05-02 12:44:47,26941
21343,2022-12-12 18:43:19,26945
21345,2022-01-16 18:41:18,26947
21346,2021-12-25 15:14:44,26948
21347,2020-12-08 15:40:53,26949
21350,2022-07-20 11:01:24,26952
21352,2020-11-09 18:56:16,26954
21354,2023-11-24 17:00:14,26956
21355,2021-03-26 16:43:26,26957
21357,2020-08-12 11:49:10,26959
21358,2020-12-19 17:22:20,26960
21359,2021-02-15 09:07:46,26961
21361,2023-11-13 09:01:09,26963
21362,2023-12-27 16:41:50,26964
21363,2023-09-10 11:33:18,26965
21366,2023-03-13 17:51:11,26968
21367,2022-05-14 14:06:55,26969
21368,2020-08-09 12:46:31,26970
21369,2023-05-07 17:41:51,26971
21371,2022-07-16 10:34:19,26973
21372,2023-03-01 18:02:37,26974
21373,2022-08-06 08:54:52,26975
21374,2022-08-10 09:36:36,26976
21375,2022-12-06 19:04:12,26977
21376,2022-07-01 14:39:16,26978
21378,2021-11-06 11:31:29,26980
21381,2023-08-01 14:19:12,26983
21382,2023-06-13 18:33:18,26984
21383,2022-02-26 14:17:30,26985
21384,2021-02-19 09:13:13,26986
21385,2020-05-06 12:08:02,26987
21386,2020-06-26 10:00:12,26988
21387,2021-10-18 17:43:37,26989
21388,2023-06-17 11:45:20,26990
21389,2021-07-23 11:11:51,26991
21390,2022-01-24 14:06:12,26992
21391,2023-07-25 14:44:13,26993
21393,2022-02-25 15:19:20,26995
21394,2021-03-09 15:58:14,26996
21395,2023-01-25 16:38:24,26997
21397,2022-07-13 16:30:21,26999
21398,2022-12-04 11:23:16,27000
21399,2022-07-13 09:57:42,27001
21400,2023-12-16 14:00:26,27002
21401,2023-02-02 15:29:49,27003
21403,2021-11-21 10:33:58,27005
21404,2023-01-25 12:26:27,27006
21405,2021-04-21 12:26:12,27007
21408,2023-10-08 15:48:54,27010
21409,2021-12-20 15:59:34,27011
21411,2022-12-15 16:26:06,27013
21413,2022-06-06 14:10:30,27015
21415,2020-10-03 13:05:24,27017
21416,2021-08-01 11:33:13,27018
21417,2022-06-01 13:58:42,27019
21419,2023-11-07 09:44:22,27021
21420,2021-02-14 10:01:48,27022
21421,2023-01-04 11:02:16,27023
21424,2021-10-11 17:35:27,27026
21425,2023-11-02 11:05:38,27027
21426,2022-10-15 15:33:27,27028
21427,2021-04-16 15:27:44,27029
21428,2023-06-18 17:17:23,27030
21429,2023-12-11 18:36:59,27031
21430,2020-06-06 16:11:05,27032
21431,2022-12-22 09:58:52,27033
21432,2020-06-06 15:38:08,27034
21434,2020-07-12 11:59:01,27036
21435,2023-01-27 15:45:24,27037
21436,2023-11-14 17:11:05,27038
21438,2022-12-24 16:39:50,27040
21439,2020-01-17 14:17:01,27041
21440,2022-12-01 17:48:21,27042
21441,2023-12-13 15:18:17,27043
21443,2020-01-03 15:28:30,27045
21444,2023-05-06 16:44:34,27046
21445,2020-03-21 08:41:14,27047
21446,2020-11-14 10:39:27,27048
21447,2021-04-02 08:45:56,27049
21448,2023-07-25 09:58:24,27050
21449,2023-11-18 18:28:34,27051
21450,2022-03-18 14:40:35,27052
21451,2020-08-16 16:41:54,27053
21452,2020-01-02 16:29:36,27054
21454,2022-06-20 17:37:18,27056
21455,2020-03-07 13:53:20,27057
21456,2023-03-05 16:08:08,27058
21457,2022-02-08 09:47:26,27059
21458,2022-03-16 14:34:07,27060
21459,2020-01-11 12:32:52,27061
21460,2023-12-12 12:15:10,27062
21461,2020-07-17 09:19:45,27063
21462,2022-03-03 17:11:14,27064
21463,2022-12-19 18:16:33,27065
21464,2023-12-23 12:06:56,27066
21465,2020-01-05 16:36:53,27067
21467,2020-01-08 10:57:17,27069
21468,2023-06-01 16:34:59,27070
21469,2023-06-10 11:29:07,27071
21470,2023-03-06 14:20:53,27072
21471,2022-08-21 13:36:35,27073
21472,2022-02-24 17:52:16,27074
21473,2023-09-16 10:20:30,27075
21475,2022-10-05 18:38:57,27077
21476,2020-01-27 11:24:14,27078
21477,2020-02-02 16:45:50,27079
21478,2021-01-13 10:25:07,27080
21479,2021-01-28 13:33:17,27081
21480,2020-05-12 13:31:55,27082
21481,2020-02-20 10:19:05,27083
21482,2021-04-21 18:06:28,27084
21484,2022-01-26 13:57:47,27086
21485,2023-10-24 16:25:25,27087
21486,2022-03-06 16:02:47,27088
21488,2021-12-22 14:06:01,27090
21489,2023-03-22 17:40:51,27091
21490,2022-08-01 11:39:11,27092
21491,2023-09-24 12:17:19,27093
21492,2021-10-11 14:59:15,27094
21495,2020-12-03 12:34:08,27097
21496,2020-04-05 09:51:31,27098
21497,2023-10-15 13:10:40,27099
21498,2022-12-05 15:32:00,27100
21500,2022-02-14 12:56:47,27102
21501,2023-09-01 12:54:10,27103
21502,2022-05-28 17:15:27,27104
21504,2021-03-01 12:51:37,27106
21506,2022-11-22 18:17:51,27108
21507,2020-10-26 12:13:38,27109
21513,2021-11-16 11:51:22,27115
21514,2021-01-20 10:28:53,27116
21516,2023-07-21 09:13:29,27118
21517,2021-05-03 17:22:36,27119
21518,2021-03-13 09:19:49,27120
21519,2023-04-27 17:10:04,27121
21522,2020-01-28 14:14:09,27124
21523,2022-04-18 12:37:40,27125
21524,2021-07-11 13:04:42,27126
21525,2021-06-20 16:49:35,27127
21527,2023-12-19 17:06:51,27129
21529,2022-02-23 14:51:56,27131
21531,2021-12-28 09:30:39,27133
21532,2021-10-27 15:24:26,27134
21533,2022-08-13 12:18:25,27135
21535,2023-03-21 18:08:25,27137
21537,2022-01-01 10:49:22,27139
21541,2023-04-05 13:11:13,27143
21542,2020-05-14 09:05:44,27144
21544,2023-11-14 16:40:58,27146
21545,2021-04-23 15:58:13,27147
21547,2023-12-10 09:11:04,27149
21550,2021-04-22 09:57:50,27152
21551,2023-07-10 17:41:48,27153
21552,2020-11-15 08:17:16,27154
21555,2022-12-08 16:18:46,27157
21556,2023-12-18 09:13:17,27158
21557,2023-10-27 14:51:32,27159
21558,2022-08-26 17:53:30,27160
21559,2020-07-06 08:16:21,27161
21560,2021-09-21 18:24:02,27162
21561,2020-08-06 12:31:33,27163
21562,2021-07-03 12:09:06,27164
21563,2022-03-20 16:41:53,27165
21564,2021-12-10 14:52:08,27166
21566,2020-03-09 10:51:54,27168
21568,2020-09-17 17:26:48,27170
21569,2022-08-05 16:14:29,27171
21570,2023-02-17 14:11:10,27172
21572,2022-07-26 15:53:16,27174
21573,2023-05-05 09:54:54,27175
21574,2023-09-17 14:42:49,27176
21577,2023-08-22 10:05:42,27179
21580,2021-09-19 16:28:01,27182
21582,2022-07-15 18:45:14,27184
21583,2022-09-25 14:01:23,27185
21584,2021-09-23 17:13:48,27186
21585,2021-12-13 10:17:09,27187
21586,2020-04-20 08:32:48,27188
21587,2023-09-16 13:00:29,27189
21589,2021-01-19 11:43:26,27191
21591,2023-06-27 14:26:36,27193
21592,2022-09-20 10:29:21,27194
21594,2020-12-27 17:23:04,27196
21595,2022-05-25 10:19:36,27197
21596,2022-10-27 13:40:13,27198
21599,2020-10-03 14:12:56,27201
21600,2022-08-16 08:33:48,27202
21601,2021-12-22 10:50:57,27203
21602,2021-08-10 13:37:50,27204
21604,2022-04-12 14:04:01,27206
21608,2021-10-18 17:07:45,27210
21609,2022-08-06 15:43:56,27211
21610,2021-10-04 12:11:52,27212
21612,2023-07-27 18:16:14,27214
21613,2021-09-01 10:57:38,27215
21614,2023-02-24 10:04:58,27216
21615,2022-11-17 08:38:43,27217
21616,2022-01-22 18:21:58,27218
21619,2022-04-04 09:16:17,27221
21620,2023-08-13 13:43:06,27222
21622,2021-04-11 12:29:14,27224
21623,2020-05-02 16:57:51,27225
21624,2023-12-23 16:36:33,27226
21625,2021-09-22 17:36:09,27227
21627,2022-02-22 13:30:36,27229
21629,2022-05-22 15:30:45,27231
21631,2022-12-16 15:52:58,27233
21632,2021-01-07 13:22:03,27234
21633,2023-05-16 09:41:29,27235
21634,2023-10-17 09:05:07,27236
21635,2021-04-18 10:01:19,27237
21636,2022-01-10 13:17:55,27238
21637,2021-05-18 12:15:33,27239
21638,2022-01-24 17:14:06,27240
21641,2022-02-16 09:37:51,27243
21643,2021-02-24 18:55:21,27245
21645,2021-02-03 11:26:41,27247
21648,2021-11-26 13:44:35,27250
21649,2021-02-09 13:57:37,27251
21650,2023-11-06 08:55:48,27252
21652,2023-11-27 10:47:48,27254
21654,2022-08-24 14:35:37,27256
21655,2023-01-26 08:31:35,27257
21656,2021-12-08 10:59:49,27258
21657,2021-05-15 18:12:54,27259
21658,2023-07-19 12:20:59,27260
21659,2021-09-22 12:33:30,27261
21661,2020-02-06 12:13:34,27263
21662,2021-01-14 11:52:54,27264
21663,2021-09-14 12:31:39,27265
21664,2022-10-25 10:24:05,27266
21665,2023-08-05 17:15:28,27267
21666,2020-01-25 17:31:14,27268
21667,2021-03-18 17:51:34,27269
21668,2021-02-12 10:32:03,27270
21669,2020-07-17 09:21:16,27271
21670,2023-05-22 16:30:37,27272
21671,2022-01-11 17:01:36,27273
21672,2022-07-20 11:53:37,27274
21673,2023-06-16 14:41:37,27275
21675,2021-11-19 18:28:49,27277
21676,2023-05-02 12:16:17,27278
21678,2023-05-27 11:11:13,27280
21679,2020-08-13 11:00:53,27281
21680,2021-03-15 14:14:15,27282
21682,2020-12-28 13:39:33,27284
21683,2023-12-17 14:35:17,27285
21684,2020-08-18 14:39:25,27286
21685,2020-06-18 11:07:49,27287
21686,2023-07-14 11:38:01,27288
21687,2020-05-05 09:48:20,27289
21689,2022-10-05 08:29:38,27291
21691,2022-07-04 10:25:30,27293
21692,2021-08-04 16:24:27,27294
21693,2020-07-25 12:16:18,27295
21694,2023-02-16 17:08:40,27296
21695,2023-07-24 10:35:28,27297
21696,2023-09-02 16:54:25,27298
21697,2023-04-01 10:05:54,27299
21698,2023-04-28 14:54:43,27300
21699,2021-12-07 13:04:42,27301
21700,2022-07-24 11:54:01,27302
21701,2020-08-27 16:13:35,27303
21702,2021-10-12 09:56:18,27304
21704,2020-11-09 16:14:56,27306
21705,2022-08-26 11:27:37,27307
21706,2020-01-04 18:35:40,27308
21708,2023-07-21 13:37:39,27310
21711,2023-01-17 18:34:35,27313
21713,2023-03-24 14:56:57,27315
21714,2021-03-26 14:37:16,27316
21715,2020-01-18 16:20:31,27317
21717,2023-05-24 17:15:49,27319
21718,2021-06-27 10:32:51,27320
21719,2022-10-20 12:10:41,27321
21720,2022-08-19 18:27:38,27322
21721,2023-01-27 17:04:59,27323
21722,2022-03-13 16:24:23,27324
21723,2021-06-02 09:07:39,27325
21726,2023-08-18 14:19:38,27328
21727,2022-11-13 11:16:35,27329
21728,2023-12-14 09:56:07,27330
21729,2021-04-19 09:43:26,27331
21730,2020-10-20 16:34:39,27332
21732,2020-08-10 15:00:32,27334
21734,2021-03-21 14:55:48,27336
21735,2022-01-18 16:58:28,27337
21736,2020-03-10 08:57:48,27338
21738,2020-09-05 11:18:42,27340
21739,2021-08-07 08:32:57,27341
21740,2023-09-11 11:34:11,27342
21742,2021-08-01 11:30:22,27344
21743,2023-05-05 09:34:07,27345
21744,2022-03-23 15:36:53,27346
21746,2022-12-24 14:14:46,27348
21747,2020-05-21 09:24:03,27349
21748,2020-11-14 18:36:06,27350
21749,2021-11-10 11:55:22,27351
21750,2020-05-24 16:54:30,27352
21752,2022-10-05 16:43:26,27354
21755,2022-02-01 16:47:42,27357
21756,2022-07-25 09:05:33,27358
21757,2021-11-17 15:22:37,27359
21759,2023-08-23 17:34:19,27361
21762,2021-06-25 10:46:03,27364
21763,2020-12-12 12:36:56,27365
21765,2022-06-11 15:26:29,27367
21766,2022-05-14 09:18:55,27368
21767,2023-05-02 17:42:12,27369
21769,2023-01-17 11:54:52,27371
21770,2021-04-22 11:59:39,27372
21771,2021-08-19 13:26:36,27373
21772,2021-08-11 18:17:31,27374
21773,2022-08-23 10:31:23,27375
21774,2023-06-16 18:43:24,27376
21775,2023-02-07 17:52:18,27377
21777,2021-06-16 17:49:07,27379
21778,2023-11-17 16:10:56,27380
21779,2021-04-23 12:12:49,27381
21782,2023-07-03 10:53:58,27384
21784,2020-04-25 08:54:28,27386
21786,2021-02-17 09:28:12,27388
21788,2020-07-07 12:45:43,27390
21790,2021-01-07 10:00:51,27392
21793,2023-01-28 09:56:39,27395
21795,2023-10-05 16:32:22,27397
21797,2023-08-14 16:49:10,27399
21800,2023-12-27 18:22:31,27402
21802,2023-03-16 15:33:49,27404
21803,2023-02-24 11:11:32,27405
21805,2023-04-16 17:01:30,27407
21806,2021-08-06 12:09:32,27408
21807,2022-09-16 09:45:26,27409
21809,2020-06-17 13:19:56,27411
21812,2021-10-04 15:51:36,27414
21813,2020-11-26 12:41:29,27415
21814,2021-03-23 18:38:19,27416
21819,2020-10-20 15:29:04,27421
21820,2022-04-18 11:23:14,27422
21822,2021-03-26 15:10:15,27424
21823,2022-02-28 09:13:24,27425
21824,2022-04-13 17:20:22,27426
21825,2023-07-11 10:43:19,27427
21826,2022-05-09 13:33:35,27428
21828,2022-09-15 12:39:05,27430
21829,2020-09-15 17:53:04,27431
21831,2021-09-07 12:12:41,27433
21833,2021-02-06 12:34:42,27435
21836,2021-08-01 18:50:28,27438
21837,2023-08-08 18:29:59,27439
21840,2022-11-10 13:00:01,27442
21841,2020-11-01 11:18:10,27443
21842,2020-11-10 18:50:53,27444
21844,2022-04-20 13:18:01,27446
21845,2022-01-19 16:05:32,27447
21847,2023-03-07 18:01:07,27449
21848,2020-02-09 13:28:57,27450
21849,2020-08-12 10:33:49,27451
21851,2022-09-17 17:32:06,27453
21852,2023-06-08 13:32:28,27454
21854,2020-02-18 08:59:36,27456
21855,2020-03-07 15:29:01,27457
21859,2020-04-05 14:10:47,27461
21860,2023-03-09 11:36:06,27462
21861,2023-05-05 10:06:13,27463
21862,2020-06-24 18:02:38,27464
21863,2023-04-16 14:00:15,27465
21864,2020-10-06 08:58:38,27466
21865,2022-06-01 17:48:11,27467
21867,2021-11-27 12:04:26,27469
21870,2023-07-26 15:43:59,27472
21871,2023-07-12 16:56:36,27473
21873,2022-07-14 11:41:22,27475
21877,2022-02-27 09:40:55,27479
21878,2023-03-13 17:55:25,27480
21879,2020-05-21 14:43:28,27481
21880,2023-12-10 13:15:36,27482
21881,2022-05-19 16:13:13,27483
21882,2023-12-28 14:29:01,27484
21884,2021-04-02 13:28:49,27486
21886,2022-07-04 14:51:22,27488
21887,2022-05-09 13:49:27,27489
21888,2022-12-11 10:43:34,27490
21889,2023-12-24 12:12:50,27491
21890,2023-12-28 18:05:14,27492
21892,2021-10-28 17:03:34,27494
21894,2023-05-27 12:11:15,27496
21897,2022-07-02 12:46:25,27499
21899,2021-08-11 14:51:58,27501
21900,2022-02-22 13:52:40,27502
21903,2023-01-22 12:15:38,27505
21904,2022-06-26 17:08:58,27506
21906,2023-12-20 10:57:48,27508
21908,2021-11-13 12:03:50,27510
21909,2020-11-20 15:03:37,27511
21912,2021-06-17 13:07:05,27514
21913,2020-05-02 11:14:41,27515
21915,2023-01-10 14:12:16,27517
21916,2021-11-23 11:09:29,27518
21917,2022-10-05 15:21:13,27519
21920,2020-02-08 09:18:19,27522
21923,2022-01-03 13:35:14,27525
21924,2020-03-11 17:46:17,27526
21926,2020-03-18 12:11:11,27528
21928,2022-04-13 14:49:44,27530
21929,2021-04-02 15:10:03,27531
21930,2023-08-16 09:41:11,27532
21931,2021-09-05 17:49:46,27533
21932,2023-11-10 08:56:04,27534
21933,2021-07-20 09:51:32,27535
21934,2022-08-25 17:06:29,27536
21935,2021-02-28 09:39:29,27537
21936,2020-07-12 12:05:33,27538
21937,2020-04-14 10:04:43,27539
21938,2020-08-27 16:16:08,27540
21939,2020-10-17 16:20:14,27541
21940,2022-12-11 09:44:52,27542
21941,2021-11-05 08:35:05,27543
21945,2020-01-22 10:17:52,27547
21947,2022-04-09 15:12:55,27549
21949,2020-10-28 11:04:09,27551
21951,2021-06-22 11:07:21,27553
21952,2021-02-10 10:07:41,27554
21953,2022-06-21 18:24:57,27555
21954,2020-06-24 14:36:24,27556
21956,2023-03-19 18:21:00,27558
21958,2020-06-01 18:28:16,27560
21959,2021-07-28 16:11:55,27561
21960,2022-10-16 16:05:02,27562
21961,2023-03-28 11:13:10,27563
21962,2020-07-22 16:30:18,27564
21964,2022-08-20 16:55:09,27566
21965,2022-10-21 15:04:48,27567
21967,2023-06-21 11:27:08,27569
21968,2021-09-17 10:19:54,27570
21969,2021-01-26 08:32:45,27571
21970,2023-08-21 14:30:44,27572
21971,2022-05-09 14:25:02,27573
21973,2021-03-22 11:07:05,27575
21974,2020-06-17 17:03:26,27576
21975,2020-05-15 11:47:47,27577
21976,2022-06-04 11:06:24,27578
21977,2023-08-11 18:19:36,27579
21979,2023-12-02 12:14:54,27581
21980,2020-10-05 10:22:24,27582
21981,2021-06-21 17:03:44,27583
21982,2021-11-04 10:19:44,27584
21983,2021-09-19 14:03:35,27585
21984,2022-08-08 16:26:51,27586
21986,2020-02-07 15:09:19,27588
21987,2020-09-08 09:00:18,27589
21988,2021-07-02 10:13:28,27590
21990,2022-05-25 16:47:32,27592
21991,2020-01-07 11:25:37,27593
21992,2023-10-23 08:24:59,27594
21994,2020-09-27 12:42:07,27596
21995,2023-03-23 12:53:38,27597
21996,2023-01-09 13:10:45,27598
21997,2023-03-19 11:33:56,27599
21998,2022-12-04 14:52:33,27600
21999,2021-07-02 13:12:38,27601
22000,2020-10-11 13:49:02,27602
22002,2023-04-14 10:23:18,27604
22003,2022-03-09 14:29:30,27605
22004,2023-04-06 12:23:28,27606
22005,2020-01-22 12:43:02,27607
22006,2020-09-28 10:13:55,27608
22007,2023-08-09 10:59:33,27609
22008,2021-07-04 15:15:00,27610
22010,2021-11-14 17:15:19,27612
22011,2021-12-19 16:03:35,27613
22012,2021-12-18 13:44:42,27614
22013,2022-01-16 13:22:26,27615
22014,2023-12-08 08:53:31,27616
22016,2022-12-03 10:40:04,27618
22017,2023-04-13 16:20:32,27619
22018,2023-01-11 12:08:54,27620
22019,2021-08-27 18:34:03,27621
22020,2020-01-16 13:24:25,27622
22021,2023-10-05 15:23:40,27623
22022,2023-09-18 18:15:22,27624
22023,2022-09-20 14:20:43,27625
22024,2023-09-24 12:37:55,27626
22025,2020-01-14 16:53:03,27627
22026,2023-04-24 13:33:36,27628
22027,2020-01-11 15:15:03,27629
22028,2021-09-13 12:28:13,27630
22029,2023-05-25 11:46:26,27631
22031,2022-02-25 11:34:26,27633
22033,2023-01-22 17:27:37,27635
22034,2023-08-26 15:41:44,27636
22035,2023-02-19 12:12:09,27637
22037,2021-11-13 10:44:39,27639
22038,2021-10-25 08:26:25,27640
22039,2021-05-19 17:20:25,27641
22041,2022-11-09 15:19:44,27643
22042,2021-06-15 10:01:26,27644
22043,2023-11-12 10:46:25,27645
22044,2023-05-27 14:21:32,27646
22045,2020-02-26 17:38:56,27647
22047,2023-07-13 15:04:06,27649
22048,2022-05-27 18:33:10,27650
22049,2021-05-25 15:06:14,27651
22052,2020-10-17 15:39:44,27654
22053,2020-10-02 13:50:44,27655
22055,2022-03-19 10:16:31,27657
22056,2023-01-08 08:30:55,27658
22058,2020-02-24 18:26:03,27660
22059,2021-02-03 12:10:00,27661
22060,2021-12-19 09:13:22,27662
22061,2020-03-24 13:24:07,27663
22062,2023-04-04 15:31:13,27664
22064,2021-05-03 14:20:24,27666
22065,2020-08-03 13:11:59,27667
22067,2023-07-22 15:26:58,27669
22069,2022-08-01 13:48:27,27671
22070,2021-10-15 09:12:46,27672
22071,2023-12-25 13:07:12,27673
22072,2020-01-15 14:17:40,27674
22074,2020-12-10 10:06:35,27676
22075,2023-07-14 08:57:00,27677
22076,2023-02-21 10:10:49,27678
22084,2021-10-11 09:51:51,27686
22085,2020-09-14 10:51:22,27687
22086,2023-06-16 17:59:38,27688
22087,2023-09-18 17:50:58,27689
22088,2022-09-27 09:27:59,27690
22089,2022-09-13 10:58:26,27691
22091,2021-06-14 09:23:58,27693
22093,2023-05-20 17:59:20,27695
22095,2021-11-14 12:36:06,27697
22096,2021-01-22 18:00:27,27698
22097,2021-11-21 09:22:27,27699
22101,2022-05-27 11:02:18,27703
22102,2020-05-23 10:16:56,27704
22103,2020-09-04 12:39:48,27705
22104,2023-12-11 17:17:10,27706
22106,2021-12-18 11:27:47,27708
22109,2020-10-08 15:21:30,27711
22110,2021-12-06 09:51:15,27712
22111,2023-12-21 13:15:41,27713
22112,2023-07-05 10:41:47,27714
22113,2022-04-08 11:36:30,27715
22114,2022-07-10 08:56:36,27716
22115,2023-03-28 17:09:27,27717
22116,2022-07-16 12:26:39,27718
22117,2022-04-14 13:39:34,27719
22121,2022-08-16 12:26:32,27723
22123,2022-06-10 18:29:00,27725
22124,2021-04-17 14:25:05,27726
22125,2022-01-13 12:34:06,27727
22127,2021-03-08 15:27:15,27729
22128,2022-05-05 14:22:52,27730
22129,2021-03-14 09:28:43,27731
22130,2021-03-12 10:13:12,27732
22131,2020-12-08 16:09:02,27733
22133,2021-08-02 14:04:30,27735
22135,2023-12-26 17:35:33,27737
22137,2021-04-27 14:11:34,27739
22138,2020-10-26 09:20:50,27740
22139,2023-03-14 12:26:47,27741
22140,2020-08-03 13:54:15,27742
22142,2021-08-13 13:44:57,27744
22144,2021-08-22 17:58:12,27746
22145,2022-02-22 14:34:57,27747
22146,2021-06-13 10:37:27,27748
22147,2020-02-09 14:53:58,27749
22148,2021-05-27 11:06:53,27750
22150,2022-03-13 11:46:38,27752
22153,2022-08-28 10:33:51,27755
22154,2023-02-08 12:05:42,27756
22155,2023-03-03 10:27:54,27757
22156,2021-10-28 09:58:08,27758
22157,2023-11-02 15:01:36,27759
22160,2023-01-28 18:20:39,27762
22161,2021-09-17 15:25:18,27763
22162,2020-03-18 11:39:52,27764
22163,2023-11-20 12:32:04,27765
22165,2020-03-17 09:42:59,27767
22166,2020-11-07 10:32:11,27768
22170,2023-04-01 17:04:33,27772
22172,2022-09-08 16:03:46,27774
22173,2021-10-13 18:11:02,27775
22174,2020-05-14 09:41:47,27776
22175,2023-03-27 15:06:54,27777
22176,2021-10-28 11:06:30,27778
22177,2021-11-24 17:38:43,27779
22179,2022-12-13 14:21:28,27781
22180,2023-12-08 18:06:29,27782
22181,2023-02-13 15:06:36,27783
22182,2022-11-18 08:32:00,27784
22184,2020-12-08 15:38:59,27786
22185,2023-04-16 17:34:13,27787
22186,2022-06-06 12:37:43,27788
22190,2021-09-04 15:31:37,27792
22191,2020-04-25 12:43:19,27793
22193,2023-10-03 09:27:09,27795
22194,2023-03-11 11:35:47,27796
22195,2023-08-12 11:29:40,27797
22196,2021-05-06 18:31:30,27798
22197,2023-05-04 10:42:56,27799
22198,2022-03-24 14:16:58,27800
22199,2021-01-06 13:18:57,27801
22200,2020-09-26 16:24:51,27802
22201,2020-09-05 18:05:42,27803
22202,2022-10-14 13:42:40,27804
22203,2022-03-22 09:31:52,27805
22204,2021-11-27 17:03:12,27806
22205,2022-01-15 13:39:22,27807
22206,2020-01-03 08:43:56,27808
22207,2021-02-04 08:38:52,27809
22209,2021-11-08 11:16:47,27811
22211,2020-04-15 10:24:28,27813
22213,2021-05-02 18:34:02,27815
22214,2020-11-01 18:15:45,27816
22219,2020-01-06 15:10:16,27821
22220,2022-08-17 12:06:07,27822
22222,2020-10-05 13:35:42,27824
22224,2021-10-17 16:26:15,27826
22226,2021-08-09 12:48:13,27828
22230,2021-03-22 16:45:47,27832
22232,2022-08-01 15:30:44,27834
22233,2021-05-09 17:11:35,27835
22235,2023-11-24 14:25:54,27837
22237,2022-03-28 14:32:56,27839
22238,2021-02-08 10:07:09,27840
22239,2020-12-20 18:10:42,27841
22243,2023-05-24 13:35:44,27845
22244,2023-01-15 13:30:31,27846
22246,2023-11-25 12:10:53,27848
22247,2022-09-20 18:41:37,27849
22248,2023-05-06 12:57:29,27850
22249,2021-04-14 10:37:06,27851
22250,2020-08-04 10:32:49,27852
22251,2020-05-22 10:26:43,27853
22252,2023-09-24 16:23:20,27854
22253,2023-01-25 16:55:21,27855
22254,2021-03-10 12:53:44,27856
22256,2021-06-28 12:45:40,27858
22257,2022-12-15 08:47:30,27859
22259,2022-01-15 11:30:09,27861
22260,2021-05-17 16:45:16,27862
22261,2022-06-28 17:27:09,27863
22262,2022-07-06 12:45:54,27864
22263,2022-12-10 12:39:22,27865
22264,2021-12-06 14:40:30,27866
22265,2020-02-02 17:13:47,27867
22268,2020-07-01 17:32:07,27870
22269,2020-02-09 15:02:06,27871
22270,2022-12-06 10:37:26,27872
22271,2020-02-24 10:45:21,27873
22273,2020-03-13 16:39:14,27875
22276,2023-06-26 14:54:20,27878
22278,2022-09-21 14:01:07,27880
22279,2021-11-27 18:09:20,27881
22280,2023-05-20 09:51:07,27882
22282,2022-05-23 12:13:24,27884
22283,2022-01-18 12:10:56,27885
22284,2023-02-11 18:30:08,27886
22286,2023-11-23 17:01:09,27888
22287,2022-05-26 18:17:01,27889
22288,2021-11-26 12:31:04,27890
22290,2021-09-25 09:09:53,27892
22291,2020-07-02 11:03:28,27893
22293,2021-02-05 14:20:02,27895
22294,2020-01-19 15:43:10,27896
22295,2021-01-24 12:01:36,27897
22297,2022-05-15 10:10:25,27899
22298,2020-03-01 10:40:55,27900
22300,2023-06-02 15:05:23,27902
22301,2023-04-01 17:09:16,27903
22303,2022-01-22 08:23:27,27905
22304,2020-04-04 11:24:59,27906
22306,2020-04-20 15:13:13,27908
22308,2020-01-06 09:32:48,27910
22309,2020-11-06 18:08:07,27911
22310,2020-03-15 15:22:44,27912
22312,2022-01-13 17:10:44,27914
22313,2020-05-21 13:11:40,27915
22314,2021-02-12 08:43:36,27916
22315,2021-01-19 11:47:35,27917
22316,2021-09-12 11:32:27,27918
22317,2022-10-03 10:59:57,27919
22318,2023-09-24 17:49:07,27920
22319,2021-02-02 13:10:35,27921
22320,2021-12-26 16:04:46,27922
22322,2022-05-15 15:50:03,27924
22323,2022-10-28 15:08:59,27925
22324,2021-12-24 14:17:28,27926
22327,2021-09-20 12:01:05,27929
22328,2022-06-14 17:42:05,27930
22330,2021-01-08 11:26:25,27932
22331,2021-06-22 18:31:05,27933
22332,2023-04-10 09:21:19,27934
22333,2020-06-10 11:42:53,27935
22334,2022-05-28 08:29:43,27936
22337,2021-06-24 15:27:45,27939
22338,2022-04-08 15:06:01,27940
22339,2023-08-07 12:13:52,27941
22342,2022-11-18 17:57:34,27944
22343,2023-03-21 16:49:59,27945
22344,2021-07-15 15:15:45,27946
22345,2020-07-25 11:52:17,27947
22347,2022-10-26 17:49:18,27949
22350,2021-10-04 18:45:50,27952
22351,2023-03-12 09:54:17,27953
22352,2022-01-12 11:00:51,27954
22354,2023-11-19 12:34:41,27956
22355,2020-09-26 18:35:22,27957
22356,2022-08-18 12:50:41,27958
22357,2022-01-23 12:00:19,27959
22363,2023-12-10 12:23:43,27965
22364,2020-08-19 17:20:51,27966
22365,2021-12-11 17:11:38,27967
22366,2021-09-26 09:21:46,27968
22367,2022-07-28 13:23:54,27969
22368,2020-08-06 09:31:10,27970
22369,2020-05-02 14:16:56,27971
22370,2021-12-22 11:31:25,27972
22371,2022-01-13 16:32:47,27973
22372,2021-07-26 10:41:59,27974
22374,2023-01-20 17:36:08,27976
22375,2022-02-09 16:56:53,27977
22378,2023-12-26 13:25:50,27980
22379,2023-02-15 16:04:33,27981
22380,2023-10-11 17:07:25,27982
22381,2022-02-09 17:26:38,27983
22383,2021-01-10 17:42:06,27985
22384,2021-07-13 12:14:05,27986
22385,2021-05-14 19:05:29,27987
22387,2023-08-23 15:24:54,27989
22389,2020-02-22 12:59:52,27991
22390,2021-04-01 14:35:09,27992
22391,2021-08-19 14:22:27,27993
22392,2020-01-13 10:58:18,27994
22393,2021-08-08 13:07:18,27995
22395,2022-12-03 15:22:11,27997
22396,2022-03-15 17:56:41,27998
22397,2022-09-21 10:11:39,27999
22401,2023-06-28 16:04:45,28003
22402,2023-08-25 14:13:46,28004
22404,2023-02-25 14:50:05,28006
22405,2023-12-27 10:56:29,28007
22406,2020-08-25 12:44:08,28008
22408,2022-12-20 18:19:47,28010
22409,2022-06-28 08:31:53,28011
22410,2020-01-04 16:59:11,28012
22411,2023-06-16 10:41:49,28013
22412,2022-03-11 11:01:29,28014
22413,2023-01-08 08:58:57,28015
22415,2021-08-10 16:45:05,28017
22416,2022-03-07 14:26:37,28018
22417,2020-01-27 10:04:03,28019
22418,2020-07-19 17:59:05,28020
22420,2023-12-01 15:45:42,28022
22422,2020-03-01 10:55:27,28024
22423,2023-02-03 11:24:18,28025
22427,2021-08-26 15:00:35,28029
22429,2020-12-03 10:34:51,28031
22432,2023-02-03 09:30:54,28034
22433,2023-11-27 14:19:51,28035
22434,2021-04-16 16:10:08,28036
22435,2022-05-22 15:01:02,28037
22436,2020-05-11 17:33:36,28038
22439,2021-07-13 18:09:43,28041
22440,2023-02-27 14:12:57,28042
22441,2023-01-06 10:55:54,28043
22442,2022-10-13 16:24:14,28044
22443,2020-06-23 10:49:54,28045
22445,2022-03-18 10:25:37,28047
22446,2021-08-01 15:42:20,28048
22447,2020-02-20 12:25:47,28049
22448,2023-02-09 08:45:41,28050
22449,2021-02-13 11:15:54,28051
22450,2021-03-19 15:40:46,28052
22452,2023-12-10 09:35:29,28054
22453,2022-08-19 11:52:55,28055
22455,2023-06-15 17:32:23,28057
22456,2020-07-09 15:43:44,28058
22457,2021-03-06 11:00:16,28059
22458,2023-09-19 15:25:33,28060
22461,2020-09-27 12:24:14,28063
22462,2021-01-15 13:23:45,28064
22463,2021-04-10 14:45:59,28065
22464,2020-01-23 16:31:37,28066
22465,2021-06-18 13:20:39,28067
22468,2020-02-23 12:27:40,28070
22469,2021-06-11 12:25:53,28071
22470,2022-03-19 17:15:56,28072
22471,2023-05-14 13:41:42,28073
22472,2021-09-20 12:45:17,28074
22475,2022-03-08 09:37:42,28077
22476,2021-06-24 14:08:16,28078
22477,2023-07-16 15:56:47,28079
22479,2020-10-05 14:41:05,28081
22480,2022-11-23 12:05:32,28082
22481,2020-06-17 15:11:09,28083
22482,2020-10-06 14:59:23,28084
22483,2020-08-26 10:28:35,28085
22484,2022-12-27 17:23:43,28086
22487,2020-09-12 16:54:38,28089
22488,2020-05-16 09:00:05,28090
22491,2022-06-08 10:59:24,28093
22492,2021-01-20 10:51:03,28094
22493,2022-04-01 14:45:28,28095
22494,2021-07-22 11:19:09,28096
22495,2022-07-04 17:05:34,28097
22498,2022-11-24 11:12:29,28100
22499,2022-09-06 09:39:03,28101
22500,2021-07-27 12:42:38,28102
22501,2021-09-28 17:12:43,28103
22504,2023-12-25 08:45:44,28106
22505,2022-11-08 11:05:25,28107
22506,2023-09-28 13:22:43,28108
22507,2020-12-20 09:17:18,28109
22509,2021-09-17 13:29:32,28111
22511,2022-01-28 11:34:47,28113
22513,2022-12-04 09:51:39,28115
22514,2021-02-15 18:24:46,28116
22516,2023-03-01 08:51:21,28118
22517,2023-08-19 13:32:01,28119
22518,2022-01-17 13:04:00,28120
22519,2021-10-12 10:44:06,28121
22520,2022-06-15 17:56:17,28122
22521,2022-09-27 11:55:08,28123
22522,2023-04-02 14:33:51,28124
22523,2023-12-03 09:30:12,28125
22525,2021-11-24 16:31:40,28127
22528,2021-03-05 10:05:03,28130
22530,2021-05-06 17:13:25,28132
22531,2023-02-22 18:55:09,28133
22532,2021-06-05 11:22:07,28134
22533,2020-02-23 13:35:39,28135
22534,2022-07-02 18:44:28,28136
22535,2023-11-07 12:52:57,28137
22536,2022-04-12 16:57:36,28138
22539,2020-11-26 14:07:29,28141
22540,2021-07-14 09:07:47,28142
22541,2021-03-25 14:16:14,28143
22542,2022-01-27 11:40:00,28144
22543,2021-01-16 11:42:32,28145
22545,2020-03-14 11:33:19,28147
22546,2020-08-04 12:55:51,28148
22547,2021-07-04 11:46:11,28149
22549,2022-12-23 10:58:03,28151
22551,2022-12-16 19:04:14,28153
22554,2020-03-05 09:53:26,28156
22555,2023-08-12 09:50:24,28157
22556,2021-04-24 11:13:41,28158
22557,2020-03-01 12:00:50,28159
22559,2020-08-10 16:01:48,28161
22560,2020-07-18 15:37:48,28162
22561,2020-12-11 13:35:26,28163
22562,2021-04-12 14:24:10,28164
22563,2020-03-07 10:00:51,28165
22564,2023-02-09 10:10:23,28166
22566,2023-06-19 18:43:20,28168
22568,2022-03-05 15:06:06,28170
22569,2020-06-23 16:01:36,28171
22572,2022-02-13 14:13:11,28174
22573,2023-03-02 12:58:57,28175
22574,2020-02-03 14:38:13,28176
22575,2021-08-10 10:26:22,28177
22576,2020-08-27 11:08:52,28178
22577,2020-03-01 10:18:32,28179
22578,2023-07-08 12:44:10,28180
22579,2020-10-27 13:26:50,28181
22580,2021-03-12 18:22:54,28182
22582,2022-10-22 15:32:32,28184
22584,2020-07-26 10:11:16,28186
22586,2020-02-22 17:57:58,28188
22588,2020-12-22 16:56:36,28190
22589,2022-09-02 16:26:36,28191
22590,2021-05-27 16:58:26,28192
22592,2023-10-16 13:54:34,28194
22593,2020-07-01 10:25:57,28195
22594,2020-08-21 16:35:11,28196
22595,2020-05-12 15:05:24,28197
22596,2023-12-04 10:24:34,28198
22598,2023-12-19 08:51:45,28200
22600,2023-01-22 14:54:36,28202
22601,2023-04-26 18:31:55,28203
22602,2021-12-28 10:53:28,28204
22604,2021-11-09 13:40:28,28206
22607,2020-02-07 11:04:39,28209
22608,2021-08-22 10:56:05,28210
22609,2020-10-11 17:34:09,28211
22611,2020-01-12 16:49:20,28213
22612,2022-01-07 17:02:39,28214
22613,2020-05-13 11:11:38,28215
22614,2023-05-27 12:23:00,28216
22616,2022-06-16 14:47:21,28218
22619,2023-08-05 11:02:21,28221
22620,2023-09-26 18:12:15,28222
22623,2020-03-04 08:44:59,28225
22624,2020-01-08 17:45:43,28226
22625,2020-05-24 17:18:26,28227
22627,2022-05-03 10:00:30,28229
22628,2022-11-11 11:34:05,28230
22629,2020-11-07 10:53:00,28231
22630,2021-10-14 15:07:58,28232
22631,2020-01-19 12:07:50,28233
22632,2022-12-10 18:29:06,28234
22633,2021-06-17 08:13:43,28235
22634,2021-10-06 10:17:11,28236
22635,2023-01-11 12:26:50,28237
22636,2020-10-07 17:32:50,28238
22637,2020-02-12 11:27:27,28239
22638,2020-08-13 16:06:02,28240
22640,2023-04-12 16:10:01,28242
22641,2021-01-02 13:42:36,28243
22642,2023-10-07 11:44:46,28244
22643,2023-09-12 08:41:26,28245
22644,2021-12-16 10:35:05,28246
22645,2023-09-09 11:39:36,28247
22646,2020-12-08 16:42:19,28248
22647,2020-09-04 14:15:55,28249
22648,2023-05-08 10:34:05,28250
22649,2020-02-11 15:01:46,28251
22651,2022-07-06 15:26:32,28253
22653,2023-09-10 09:19:30,28255
22654,2023-02-02 14:40:38,28256
22655,2020-11-06 10:26:42,28257
22656,2023-01-12 11:24:15,28258
22657,2020-10-01 11:51:06,28259
22658,2020-08-03 15:52:01,28260
22660,2021-05-19 18:11:27,28262
22661,2022-12-12 09:00:06,28263
22662,2021-08-02 12:51:02,28264
22663,2023-01-04 18:35:12,28265
22664,2022-08-04 11:08:06,28266
22666,2023-11-05 14:18:00,28268
22667,2022-02-18 16:38:31,28269
22669,2020-07-21 11:38:46,28271
22671,2022-11-20 16:33:42,28273
22672,2022-04-04 16:56:19,28274
22673,2023-06-23 10:47:40,28275
22675,2021-05-26 13:32:27,28277
22676,2020-07-13 12:36:49,28278
22677,2021-09-13 12:46:44,28279
22678,2021-11-03 15:37:44,28280
22679,2023-01-16 18:24:46,28281
22680,2023-02-04 09:51:00,28282
22681,2020-03-28 14:45:04,28283
22682,2023-05-12 18:30:00,28284
22683,2020-02-12 14:35:45,28285
22685,2020-02-23 18:08:49,28287
22687,2022-06-23 14:53:56,28289
22688,2021-06-25 11:03:09,28290
22689,2020-07-01 11:54:26,28291
22690,2023-06-17 15:58:51,28292
22691,2023-03-13 10:11:47,28293
22692,2020-07-14 15:36:55,28294
22693,2022-06-18 11:47:39,28295
22694,2022-10-18 09:35:54,28296
22695,2021-01-14 13:09:37,28297
22696,2020-03-03 10:37:42,28298
22698,2020-10-20 19:02:47,28300
22700,2021-07-09 09:25:43,28302
22701,2022-06-24 10:05:00,28303
22702,2020-07-25 11:31:45,28304
22703,2023-08-08 10:30:00,28305
22706,2022-01-25 13:26:40,28308
22707,2021-09-09 14:29:41,28309
22711,2023-03-03 12:57:16,28313
22712,2021-01-06 16:24:00,28314
22713,2023-04-18 16:23:24,28315
22714,2021-10-27 10:46:26,28316
22716,2022-11-11 12:50:14,28318
22717,2020-07-27 17:06:47,28319
22718,2020-03-25 14:36:41,28320
22720,2022-04-20 11:52:56,28322
22721,2020-06-02 11:35:16,28323
22723,2020-07-17 16:04:05,28325
22724,2022-04-10 09:16:16,28326
22725,2021-05-11 11:08:14,28327
22726,2020-06-08 17:50:33,28328
22727,2022-04-21 15:43:14,28329
22728,2022-07-10 09:34:27,28330
22729,2022-09-24 17:05:53,28331
22730,2023-02-14 13:51:04,28332
22731,2022-12-26 11:32:39,28333
22733,2023-02-18 11:36:26,28335
22734,2023-02-25 10:49:32,28336
22735,2020-02-14 17:48:56,28337
22736,2023-09-02 15:45:35,28338
22737,2022-04-24 10:28:16,28339
22739,2021-05-13 14:32:35,28341
22740,2022-07-10 11:41:38,28342
22743,2021-10-17 16:08:07,28345
22744,2021-10-26 09:11:26,28346
22745,2021-07-27 13:45:02,28347
22746,2023-08-28 12:17:11,28348
22747,2021-04-26 17:14:01,28349
22748,2020-10-25 15:18:00,28350
22749,2023-01-26 17:04:06,28351
22750,2020-05-23 13:15:51,28352
22751,2021-12-11 16:03:55,28353
22753,2023-01-09 17:09:52,28355
22754,2023-07-14 15:53:25,28356
22755,2021-10-28 18:09:32,28357
22756,2020-08-17 16:51:38,28358
22757,2020-07-12 10:06:33,28359
22760,2021-03-15 10:19:32,28362
22762,2022-11-15 17:10:20,28364
22763,2021-05-28 17:57:44,28365
22765,2021-12-25 10:23:17,28367
22766,2020-05-25 10:31:19,28368
22768,2023-05-10 12:44:08,28370
22769,2022-11-14 09:28:25,28371
22771,2023-01-21 11:48:30,28373
22772,2023-04-04 11:03:31,28374
22773,2021-05-26 09:36:13,28375
22774,2022-07-22 10:56:35,28376
22775,2021-04-18 12:07:31,28377
22776,2022-05-19 13:57:12,28378
22777,2020-02-11 09:12:11,28379
22779,2021-10-17 09:47:40,28381
22781,2022-02-09 13:09:37,28383
22782,2020-10-27 13:30:59,28384
22783,2023-10-18 15:26:58,28385
22785,2021-07-07 12:47:29,28387
22786,2022-06-07 16:03:22,28388
22788,2023-05-11 15:58:13,28390
22789,2023-01-19 13:05:19,28391
22790,2020-01-01 14:38:14,28392
22791,2022-08-21 11:20:24,28393
22792,2023-11-11 10:07:38,28394
22794,2023-12-28 12:00:46,28396
22795,2023-08-18 09:52:43,28397
22797,2021-10-03 14:44:35,28399
22798,2021-05-09 17:17:22,28400
22799,2023-02-28 18:41:37,28401
22801,2023-05-12 10:53:35,28403
22804,2023-01-02 17:51:56,28406
22806,2021-05-15 12:42:22,28408
22807,2021-08-23 17:15:58,28409
22808,2023-04-02 14:55:49,28410
22809,2020-12-21 08:51:23,28411
22810,2023-10-27 11:59:09,28412
22812,2020-02-09 08:52:21,28414
22813,2022-11-26 17:24:26,28415
22814,2020-08-24 17:19:13,28416
22815,2020-11-20 17:23:39,28417
22816,2023-04-11 13:50:28,28418
22817,2022-02-15 13:53:26,28419
22818,2020-04-08 13:56:20,28420
22821,2023-05-12 09:41:32,28423
22822,2021-03-06 13:27:25,28424
22823,2020-01-15 18:02:54,28425
22825,2022-09-03 17:50:49,28427
22826,2021-02-01 15:21:44,28428
22827,2022-02-24 14:26:48,28429
22828,2022-03-25 12:35:44,28430
22829,2023-04-07 15:37:21,28431
22830,2023-11-09 11:07:37,28432
22831,2021-10-09 11:53:10,28433
22832,2022-10-23 10:04:09,28434
22834,2022-02-10 18:31:15,28436
22836,2021-01-04 10:15:56,28438
22837,2022-06-03 13:21:06,28439
22838,2022-04-16 09:27:27,28440
22839,2021-12-14 15:48:46,28441
22840,2023-04-09 09:42:18,28442
22841,2022-06-09 12:14:06,28443
22842,2021-02-17 10:27:00,28444
22844,2020-04-06 18:23:41,28446
22845,2020-01-24 14:17:08,28447
22846,2021-06-20 15:24:39,28448
22847,2021-01-24 14:30:11,28449
22848,2022-09-26 14:50:14,28450
22849,2022-02-28 14:24:23,28451
22850,2021-06-05 13:06:50,28452
22851,2020-05-06 18:15:04,28453
22852,2023-10-14 12:53:26,28454
22855,2020-12-17 13:53:04,28457
22856,2021-06-11 17:29:07,28458
22858,2020-03-11 11:09:27,28460
22859,2021-11-23 15:09:25,28461
22860,2023-09-17 09:50:34,28462
22862,2021-11-28 17:34:25,28464
22864,2022-07-17 14:35:42,28466
22866,2023-08-27 17:09:10,28468
22867,2020-08-16 15:04:29,28469
22868,2022-07-28 08:30:24,28470
22869,2020-12-26 10:40:25,28471
22870,2020-10-19 15:20:34,28472
22871,2022-08-21 11:18:46,28473
22872,2020-11-25 13:43:54,28474
22873,2022-08-10 09:24:12,28475
22874,2021-01-16 15:13:28,28476
22876,2022-12-03 15:59:25,28478
22878,2021-12-17 09:43:26,28480
22879,2023-03-18 09:29:46,28481
22881,2020-01-05 10:24:39,28483
22882,2022-09-18 15:12:52,28484
22884,2021-02-27 15:03:05,28486
22885,2021-01-24 09:57:15,28487
22886,2021-05-03 13:58:57,28488
22887,2022-05-05 12:56:25,28489
22888,2020-05-04 12:20:35,28490
22889,2020-11-16 17:07:13,28491
22890,2021-08-26 14:27:14,28492
22892,2023-06-02 10:39:01,28494
22893,2022-03-04 13:14:58,28495
22894,2023-11-06 15:02:01,28496
22895,2021-12-21 17:18:42,28497
22896,2022-08-03 12:09:10,28498
22898,2021-06-04 17:04:41,28500
22904,2022-10-01 10:48:30,28506
22905,2023-04-02 12:56:48,28507
22906,2020-12-02 15:19:21,28508
22911,2020-07-17 15:45:56,28513
22912,2022-11-16 10:27:59,28514
22913,2023-04-01 12:44:23,28515
22914,2023-10-07 09:53:39,28516
22915,2023-07-16 11:29:11,28517
22916,2021-11-23 10:45:13,28518
22917,2023-12-27 09:43:13,28519
22919,2021-09-03 11:53:09,28521
22920,2021-07-06 11:34:32,28522
22921,2022-03-04 17:37:54,28523
22922,2021-09-10 12:30:48,28524
22923,2023-02-16 13:50:30,28525
22924,2023-01-16 13:37:55,28526
22926,2022-04-18 15:58:40,28528
22927,2022-08-08 10:13:25,28529
22929,2021-01-20 11:00:37,28531
22930,2020-04-11 17:06:06,28532
22931,2021-04-19 11:23:39,28533
22932,2020-02-20 10:07:49,28534
22933,2021-03-02 13:50:25,28535
22934,2023-02-24 10:34:25,28536
22935,2023-04-20 10:24:09,28537
22936,2023-03-23 11:40:07,28538
22937,2021-06-09 10:00:12,28539
22938,2023-10-21 13:45:06,28540
22939,2023-01-05 09:05:51,28541
22940,2022-03-03 13:17:01,28542
22941,2020-02-08 14:18:16,28543
22942,2022-07-12 17:40:03,28544
22943,2020-10-22 08:50:02,28545
22944,2022-04-13 14:32:52,28546
22945,2023-11-22 15:42:34,28547
22947,2020-10-10 17:04:24,28549
22948,2021-06-14 11:48:27,28550
22949,2021-11-04 10:29:41,28551
22952,2020-10-28 16:06:50,28554
22953,2021-11-12 13:16:23,28555
22954,2021-03-18 17:17:08,28556
22958,2023-04-04 09:11:19,28560
22959,2021-07-26 16:52:22,28561
22960,2022-12-01 14:07:47,28562
22961,2023-09-25 10:22:45,28563
22962,2021-07-05 08:54:51,28564
22963,2022-08-22 15:53:37,28565
22966,2021-10-28 12:25:03,28568
22967,2023-10-02 11:59:44,28569
22969,2020-08-04 12:54:09,28571
22970,2020-10-11 10:31:12,28572
22972,2023-03-24 14:16:02,28574
22973,2021-01-04 15:25:35,28575
22974,2020-02-19 18:41:01,28576
22976,2020-07-12 11:47:55,28578
22978,2021-12-18 09:08:59,28580
22979,2021-02-20 15:16:57,28581
22980,2022-11-07 17:23:33,28582
22981,2022-09-19 16:44:06,28583
22984,2021-10-02 10:24:33,28586
22985,2022-06-10 16:39:00,28587
22986,2020-04-12 18:18:54,28588
22987,2020-08-18 16:30:08,28589
22988,2021-08-16 12:16:15,28590
22989,2020-04-10 14:00:02,28591
22991,2021-01-27 11:38:19,28593
22992,2021-06-23 13:59:33,28594
22993,2021-01-14 16:55:52,28595
22996,2021-09-10 15:16:43,28598
23000,2020-11-16 09:09:26,28602
23001,2021-05-03 14:25:51,28603
23002,2022-08-05 13:16:54,28604
23004,2021-03-07 16:50:25,28606
23005,2023-11-20 11:20:20,28607
23006,2022-11-13 12:21:50,28608
23008,2020-12-01 15:16:48,28610
23009,2021-05-19 13:04:21,28611
23010,2020-02-25 18:11:53,28612
23011,2023-04-26 09:31:45,28613
23012,2022-09-01 09:49:00,28614
23013,2022-03-03 15:30:14,28615
23014,2020-01-13 14:31:10,28616
23015,2020-01-20 15:47:30,28617
23017,2020-04-23 09:36:47,28619
23018,2023-02-16 12:05:23,28620
23020,2021-01-25 14:20:54,28622
23021,2020-02-12 13:14:14,28623
23022,2022-02-16 16:29:52,28624
23023,2022-04-28 10:24:44,28625
23024,2020-03-27 13:32:52,28626
23028,2022-01-12 14:41:26,28630
23029,2020-03-17 18:27:42,28631
23030,2020-11-09 12:16:22,28632
23032,2022-06-10 10:50:01,28634
23033,2021-10-21 11:26:53,28635
23035,2020-06-21 13:02:23,28637
23036,2021-04-05 14:43:38,28638
23039,2020-12-23 13:25:05,28641
23041,2021-05-03 13:21:29,28643
23042,2023-10-21 10:05:02,28644
23043,2020-01-11 12:23:17,28645
23045,2021-05-27 18:13:09,28647
23046,2021-10-14 18:01:47,28648
23050,2021-07-21 13:31:24,28652
23051,2023-12-18 08:59:39,28653
23052,2021-01-25 10:43:59,28654
23055,2020-06-13 12:10:47,28657
23056,2022-10-14 16:06:16,28658
23058,2020-07-05 13:28:38,28660
23059,2020-12-17 14:43:16,28661
23060,2023-03-13 08:35:40,28662
23061,2020-02-19 16:36:21,28663
23062,2020-12-06 13:55:08,28664
23063,2021-12-12 11:33:54,28665
23064,2022-02-25 14:02:04,28666
23065,2020-04-23 17:34:19,28667
23066,2021-05-16 11:12:45,28668
23067,2022-09-28 17:21:32,28669
23068,2020-01-03 13:59:30,28670
23070,2020-04-20 13:04:12,28672
23071,2021-04-04 14:52:09,28673
23073,2021-02-14 09:06:12,28675
23075,2020-12-17 10:55:23,28677
23076,2022-04-24 15:01:30,28678
23077,2022-10-15 17:08:13,28679
23078,2020-11-18 17:31:21,28680
23080,2020-01-17 18:19:30,28682
23082,2020-12-17 13:01:44,28684
23083,2020-12-04 15:19:46,28685
23084,2022-07-10 15:59:32,28686
23085,2023-02-23 12:48:41,28687
23087,2021-02-23 17:22:20,28689
23089,2021-09-11 11:53:52,28691
23091,2021-03-04 10:55:18,28693
23092,2022-12-12 17:13:04,28694
23093,2022-12-22 10:52:28,28695
23094,2023-05-15 12:22:27,28696
23096,2021-02-02 12:42:38,28698
23098,2021-08-15 15:20:34,28700
23099,2022-07-09 18:40:08,28701
23101,2023-10-19 10:58:51,28703
23102,2020-08-19 13:33:10,28704
23103,2021-09-04 10:33:56,28705
23104,2023-02-01 17:56:30,28706
23106,2023-03-25 15:57:02,28708
23107,2020-03-01 15:09:29,28709
23111,2023-08-21 17:16:44,28713
23112,2022-11-06 11:06:28,28714
23114,2023-12-06 18:01:14,28716
23115,2023-03-14 11:50:28,28717
23116,2023-05-08 14:30:06,28718
23120,2023-12-12 11:15:45,28722
23121,2021-02-24 16:46:42,28723
23122,2021-11-17 17:04:37,28724
23123,2022-12-08 17:06:14,28725
23126,2022-04-19 13:36:37,28728
23127,2023-05-06 11:44:22,28729
23128,2020-09-21 11:15:38,28730
23129,2021-04-05 11:25:25,28731
23130,2020-10-01 17:21:23,28732
23131,2021-12-01 17:41:00,28733
23134,2023-08-14 09:32:38,28736
23135,2020-03-23 17:39:53,28737
23136,2022-11-27 11:04:20,28738
23138,2020-05-15 10:34:28,28740
23139,2021-11-01 14:48:33,28741
23140,2020-04-17 14:22:37,28742
23141,2023-06-24 11:03:37,28743
23142,2021-11-08 11:21:23,28744
23148,2023-06-24 16:30:55,28750
23149,2023-02-28 12:10:56,28751
23150,2022-01-23 15:12:31,28752
23152,2023-04-05 11:44:17,28754
23153,2020-02-23 10:09:02,28755
23156,2022-09-23 15:57:09,28758
23157,2023-04-28 17:56:02,28759
23158,2021-04-22 18:09:07,28760
23160,2022-02-23 16:32:12,28762
23161,2022-09-18 13:17:21,28763
23163,2023-06-24 11:45:32,28765
23164,2021-04-12 11:29:55,28766
23166,2020-06-25 15:39:13,28768
23167,2021-02-04 13:09:37,28769
23168,2020-12-09 16:01:06,28770
23169,2021-06-08 10:09:48,28771
23170,2021-01-27 12:30:46,28772
23171,2023-08-06 09:15:34,28773
23173,2022-03-01 15:53:03,28775
23175,2021-09-25 17:28:53,28777
23176,2022-03-03 15:28:52,28778
23177,2022-12-07 18:01:53,28779
23178,2020-02-07 10:19:11,28780
23179,2020-07-18 13:03:51,28781
23181,2021-02-16 15:37:45,28783
23183,2022-04-05 16:09:28,28785
23184,2022-01-10 10:11:50,28786
23186,2021-03-14 11:50:06,28788
23188,2023-05-06 17:18:32,28790
23190,2023-02-27 12:03:05,28792
23191,2021-08-05 12:17:00,28793
23192,2022-10-08 10:50:22,28794
23193,2023-04-24 11:25:09,28795
23196,2022-06-20 16:19:02,28798
23197,2023-03-27 10:48:42,28799
23198,2020-08-24 10:15:26,28800
23200,2020-12-02 09:42:36,28802
23202,2020-06-01 15:23:26,28804
23203,2023-03-10 10:35:56,28805
23204,2023-05-28 09:33:26,28806
23205,2020-12-10 18:23:59,28807
23206,2023-12-07 14:07:47,28808
23207,2023-05-03 12:55:44,28809
23208,2023-04-06 13:14:04,28810
23210,2020-02-24 16:57:20,28812
23212,2021-09-16 14:59:16,28814
23214,2023-07-05 18:25:36,28816
23216,2022-10-17 09:02:19,28818
23218,2021-02-12 16:06:40,28820
23219,2022-06-15 17:51:48,28821
23220,2022-06-15 14:46:13,28822
23221,2022-07-20 18:35:05,28823
23222,2020-04-19 11:33:52,28824
23225,2020-02-28 09:48:15,28827
23229,2020-05-18 15:21:48,28831
23230,2021-07-23 09:36:02,28832
23231,2020-08-01 12:35:06,28833
23232,2023-01-26 13:34:03,28834
23234,2021-12-15 13:15:06,28836
23235,2021-04-08 08:29:18,28837
23236,2021-03-15 10:08:41,28838
23237,2020-05-02 11:45:18,28839
23238,2023-07-21 08:56:17,28840
23239,2022-09-17 18:03:58,28841
23240,2022-05-16 17:07:30,28842
23242,2021-08-23 17:50:42,28844
23243,2022-01-09 17:21:53,28845
23244,2021-10-26 18:18:14,28846
23245,2021-08-18 16:35:03,28847
23246,2023-05-11 17:46:20,28848
23247,2023-07-20 14:42:42,28849
23249,2023-09-15 16:19:35,28851
23250,2022-02-23 17:27:22,28852
23252,2021-01-13 16:54:30,28854
23253,2023-08-05 14:33:54,28855
23255,2022-01-05 08:55:12,28857
23256,2023-03-20 14:43:38,28858
23257,2023-03-16 13:52:50,28859
23258,2020-07-15 08:17:25,28860
23259,2021-06-25 15:26:29,28861
23262,2021-02-16 13:04:16,28864
23263,2020-12-10 12:24:14,28865
23264,2021-07-10 14:04:34,28866
23266,2020-03-06 12:25:19,28868
23267,2023-05-17 13:40:23,28869
23270,2022-09-16 08:49:03,28872
23271,2021-02-27 09:43:39,28873
23273,2021-05-04 13:36:41,28875
23274,2023-01-09 09:56:56,28876
23277,2021-08-20 12:14:20,28879
23281,2020-07-20 10:33:11,28883
23282,2021-05-17 09:26:27,28884
23284,2021-01-27 17:39:54,28886
23285,2022-07-18 16:17:35,28887
23286,2021-07-18 18:36:16,28888
23287,2023-04-01 14:04:09,28889
23288,2023-07-23 09:23:53,28890
23290,2021-07-28 14:01:19,28892
23292,2022-04-09 13:14:41,28894
23293,2023-04-17 18:12:13,28895
23294,2021-05-26 10:25:35,28896
23295,2021-09-27 18:17:00,28897
23296,2021-04-10 15:36:17,28898
23297,2020-05-02 08:35:28,28899
23298,2020-10-06 09:12:41,28900
23299,2023-03-22 18:16:05,28901
23301,2020-01-12 09:39:07,28903
23302,2022-03-07 09:09:21,28904
23305,2022-09-10 17:41:03,28907
23306,2022-04-25 15:21:45,28908
23307,2020-09-05 17:36:27,28909
23308,2020-05-19 10:17:30,28910
23310,2023-07-20 15:43:48,28912
23312,2021-07-06 08:41:55,28914
23313,2023-08-08 13:46:20,28915
23314,2021-11-17 13:57:15,28916
23315,2022-12-02 16:01:38,28917
23317,2023-03-24 13:42:35,28919
23319,2023-01-21 14:27:09,28921
23320,2020-06-10 18:38:21,28922
23321,2023-10-13 15:33:33,28923
23324,2020-06-16 13:32:40,28926
23325,2020-09-28 18:38:10,28927
23326,2022-12-24 09:01:35,28928
23329,2023-10-02 15:27:48,28931
23330,2023-06-12 09:59:17,28932
23331,2023-08-01 15:01:12,28933
23332,2022-10-07 10:57:59,28934
23335,2021-09-06 16:40:57,28937
23336,2023-06-01 16:36:51,28938
23337,2020-02-23 09:30:04,28939
23338,2023-02-22 14:35:03,28940
23340,2022-06-19 08:42:06,28942
23341,2023-11-15 10:10:07,28943
23343,2022-06-11 18:10:52,28945
23344,2020-09-24 09:02:41,28946
23345,2022-09-13 18:14:12,28947
23347,2023-04-16 08:51:00,28949
23350,2023-12-09 13:22:58,28952
23351,2021-11-24 08:56:36,28953
23352,2023-03-02 17:29:24,28954
23353,2023-07-23 14:00:53,28955
23354,2020-12-02 12:03:39,28956
23355,2021-03-24 14:07:41,28957
23356,2021-11-05 11:19:39,28958
23357,2021-05-22 14:53:38,28959
23360,2020-09-24 12:31:52,28962
23361,2021-07-10 13:20:44,28963
23362,2021-10-15 09:44:25,28964
23363,2021-07-19 14:23:16,28965
23364,2020-12-18 14:02:19,28966
23365,2022-06-08 12:23:49,28967
23367,2023-02-21 11:35:23,28969
23368,2022-02-21 17:13:39,28970
23371,2023-11-27 13:49:15,28973
23372,2020-03-06 12:38:48,28974
23373,2021-08-27 13:36:25,28975
23374,2023-03-14 18:16:55,28976
23376,2020-09-26 12:09:38,28978
23377,2023-04-03 17:52:35,28979
23378,2022-05-25 17:01:50,28980
23379,2022-05-21 10:06:19,28981
23380,2020-12-14 09:28:22,28982
23383,2021-08-14 10:23:03,28985
23384,2020-01-11 09:10:55,28986
23385,2023-09-08 12:11:20,28987
23386,2021-04-22 09:46:21,28988
23388,2021-09-08 17:26:29,28990
23389,2023-02-13 08:35:12,28991
23391,2020-04-03 18:12:56,28993
23392,2021-04-27 17:45:28,28994
23393,2023-02-24 13:45:58,28995
23394,2023-01-21 15:40:49,28996
23395,2021-11-28 09:49:06,28997
23396,2023-09-19 12:12:57,28998
23397,2020-08-09 10:57:47,28999
23400,2022-07-22 13:44:08,29002
23401,2022-09-18 16:08:16,29003
23402,2021-06-18 11:54:02,29004
23403,2021-06-18 12:32:04,29005
23405,2022-07-03 16:41:34,29007
23406,2021-03-04 17:43:19,29008
23408,2021-07-10 12:16:26,29010
23409,2023-03-23 08:36:41,29011
23410,2023-04-19 09:59:01,29012
23411,2020-02-28 17:20:07,29013
23416,2023-07-02 14:32:04,29018
23417,2023-10-13 09:06:28,29019
23419,2021-04-20 14:19:32,29021
23420,2021-03-05 13:42:42,29022
23421,2020-10-10 13:26:45,29023
23424,2022-04-08 11:18:20,29026
23425,2020-05-15 12:27:44,29027
23426,2021-05-13 11:15:48,29028
23427,2022-10-09 09:14:16,29029
23428,2023-06-28 10:52:25,29030
23432,2022-12-19 09:23:47,29034
23433,2022-11-14 15:49:30,29035
23434,2023-05-06 18:22:50,29036
23435,2020-12-04 17:51:01,29037
23437,2020-05-09 18:00:12,29039
23438,2023-12-26 13:30:38,29040
23439,2021-06-06 09:54:23,29041
23440,2021-08-14 15:41:05,29042
23442,2023-10-25 11:17:52,29044
23445,2021-06-03 16:18:14,29047
23446,2023-08-16 15:35:38,29048
23447,2020-08-04 17:15:21,29049
23448,2020-03-02 17:49:15,29050
23449,2020-02-15 18:40:26,29051
23450,2020-08-27 16:16:16,29052
23451,2020-03-26 08:57:49,29053
23452,2020-07-17 16:33:00,29054
23453,2022-12-23 14:34:43,29055
23454,2023-05-18 12:58:47,29056
23456,2022-12-26 12:29:19,29058
23458,2021-03-06 12:53:42,29060
23459,2021-06-15 14:58:47,29061
23460,2023-07-08 18:14:10,29062
23461,2020-07-10 18:39:13,29063
23462,2020-02-10 17:40:03,29064
23465,2023-12-27 09:52:38,29067
23467,2022-09-10 16:18:17,29069
23469,2022-02-04 14:11:07,29071
23471,2023-08-04 11:14:34,29073
23472,2023-04-06 16:17:28,29074
23473,2023-06-28 13:24:01,29075
23475,2023-05-05 11:02:03,29077
23476,2020-06-17 13:22:37,29078
23477,2020-12-16 17:05:26,29079
23478,2020-10-19 14:50:47,29080
23480,2022-06-09 15:16:13,29082
23481,2021-03-26 15:40:29,29083
23482,2022-01-02 12:09:52,29084
23483,2022-10-11 08:39:48,29085
23485,2020-12-14 15:28:35,29087
23486,2023-01-08 10:57:12,29088
23487,2023-12-25 14:43:39,29089
23488,2021-12-13 12:40:36,29090
23490,2021-09-27 09:40:32,29092
23492,2020-10-04 15:29:12,29094
23493,2021-02-01 10:51:52,29095
23494,2022-11-20 18:27:41,29096
23495,2021-09-09 14:45:17,29097
23498,2020-04-14 11:21:12,29100
23499,2023-11-01 17:16:47,29101
23500,2021-09-07 14:44:50,29102
23501,2020-06-05 16:51:30,29103
23503,2023-09-02 08:39:06,29105
23504,2021-08-23 17:40:22,29106
23505,2020-01-13 15:48:17,29107
23506,2020-11-25 13:10:02,29108
23507,2023-03-08 14:18:08,29109
23509,2020-12-16 12:54:00,29111
23510,2022-01-23 15:51:26,29112
23511,2020-07-03 12:08:30,29113
23512,2023-11-23 12:54:19,29114
23513,2023-07-06 14:21:01,29115
23514,2020-11-27 14:42:02,29116
23515,2022-09-20 13:09:47,29117
23516,2023-05-15 18:44:16,29118
23517,2022-07-02 15:27:06,29119
23518,2022-08-06 15:31:00,29120
23519,2021-03-21 10:15:21,29121
23521,2023-10-25 15:40:28,29123
23522,2023-09-18 13:55:06,29124
23523,2020-09-07 13:16:17,29125
23525,2023-02-08 11:14:03,29127
23526,2023-09-27 14:15:11,29128
23527,2021-09-08 14:27:58,29129
23530,2023-05-05 09:05:56,29132
23531,2022-04-06 15:39:19,29133
23532,2021-06-05 10:17:18,29134
23534,2021-11-23 17:38:01,29136
23535,2022-04-13 15:42:19,29137
23536,2021-02-12 09:05:34,29138
23537,2020-10-21 11:10:42,29139
23538,2023-07-09 16:11:28,29140
23539,2021-12-12 14:22:03,29141
23540,2020-06-12 09:11:33,29142
23541,2023-10-19 14:42:43,29143
23542,2021-04-20 17:16:18,29144
23543,2020-08-24 16:39:33,29145
23546,2023-03-05 10:57:55,29148
23547,2020-01-09 14:07:49,29149
23548,2021-05-06 15:36:06,29150
23549,2023-07-07 17:58:06,29151
23550,2021-03-01 14:23:09,29152
23553,2022-07-15 17:37:35,29155
23554,2021-06-27 12:34:53,29156
23555,2023-03-06 18:14:39,29157
23556,2023-07-04 14:13:27,29158
23558,2022-07-22 17:32:51,29160
23559,2023-07-08 17:04:23,29161
23560,2023-06-06 18:00:27,29162
23562,2020-06-10 16:09:52,29164
23563,2023-04-04 09:32:27,29165
23564,2023-08-10 10:21:51,29166
23565,2021-12-20 11:02:11,29167
23566,2023-02-22 13:32:48,29168
23567,2022-06-09 14:16:31,29169
23568,2020-05-13 14:38:08,29170
23570,2022-05-06 13:29:12,29172
23573,2021-08-10 15:47:11,29175
23575,2021-09-19 15:55:15,29177
23576,2022-04-04 10:53:03,29178
23577,2020-10-23 17:41:11,29179
23579,2022-05-28 17:12:48,29181
23580,2022-07-23 16:04:25,29182
23581,2020-07-16 17:42:55,29183
23583,2022-02-14 14:27:44,29185
23586,2020-09-16 13:00:42,29188
23587,2023-05-08 10:53:16,29189
23588,2022-07-25 12:08:23,29190
23589,2022-06-06 17:49:26,29191
23590,2020-08-17 10:19:00,29192
23591,2022-05-10 14:53:03,29193
23594,2022-01-18 11:52:41,29196
23596,2022-10-13 18:13:08,29198
23598,2020-12-22 12:39:03,29200
23599,2021-11-16 14:41:34,29201
23601,2022-11-21 17:02:48,29203
23602,2023-09-26 18:33:06,29204
23603,2022-05-04 09:27:57,29205
23604,2020-02-24 12:21:07,29206
23605,2021-04-16 16:45:40,29207
23607,2023-01-01 08:55:03,29209
23608,2021-02-09 11:39:20,29210
23609,2020-12-17 17:33:40,29211
23612,2022-04-02 10:16:04,29214
23613,2022-12-10 09:54:53,29215
23615,2020-09-08 11:22:21,29217
23618,2020-09-07 13:18:47,29220
23619,2022-09-09 08:03:10,29221
23621,2022-06-25 09:05:32,29223
23622,2023-09-19 10:28:05,29224
23623,2021-12-24 08:47:55,29225
23624,2022-08-08 09:51:02,29226
23627,2023-04-24 18:10:08,29229
23628,2022-02-10 17:41:45,29230
23629,2021-12-28 12:01:10,29231
23630,2020-03-23 11:33:24,29232
23631,2022-07-28 14:48:22,29233
23632,2021-06-16 14:06:53,29234
23633,2020-03-13 13:55:56,29235
23634,2023-04-01 09:58:51,29236
23635,2023-03-28 13:10:31,29237
23636,2021-01-27 14:06:20,29238
23638,2023-12-17 10:55:26,29240
23643,2023-10-14 13:14:18,29245
23644,2021-10-20 16:10:17,29246
23645,2022-03-20 12:57:32,29247
23646,2022-09-27 15:06:49,29248
23648,2022-02-19 14:13:20,29250
23649,2022-04-16 10:37:50,29251
23650,2023-12-25 16:39:12,29252
23651,2021-09-28 13:32:17,29253
23657,2022-12-20 17:25:14,29259
23659,2021-01-05 16:20:15,29261
23660,2023-06-12 10:54:18,29262
23662,2021-12-28 14:11:16,29264
23664,2023-08-19 09:33:45,29266
23665,2022-05-28 16:20:50,29267
23668,2021-07-01 16:47:29,29270
23669,2020-12-11 15:01:14,29271
23670,2021-12-08 10:57:50,29272
23671,2021-06-26 12:24:11,29273
23673,2022-10-26 15:47:47,29275
23674,2023-09-26 14:42:43,29276
23677,2020-01-24 14:30:02,29279
23680,2020-11-26 10:59:14,29282
23681,2022-10-19 14:23:11,29283
23682,2022-04-20 10:32:19,29284
23683,2022-07-08 13:49:55,29285
23687,2022-07-21 09:14:09,29289
23689,2022-07-03 14:07:49,29291
23690,2021-10-02 13:51:16,29292
23691,2022-04-23 17:59:36,29293
23692,2023-03-12 15:31:14,29294
23693,2023-12-16 14:35:59,29295
23695,2022-10-03 14:23:41,29297
23697,2022-09-09 10:33:09,29299
23698,2022-05-21 17:10:18,29300
23699,2022-09-27 09:54:00,29301
23700,2020-11-27 14:21:30,29302
23701,2021-03-12 11:43:39,29303
23702,2023-10-07 15:17:41,29304
23703,2021-02-27 13:06:36,29305
23704,2020-09-28 18:14:02,29306
23705,2022-06-01 09:56:21,29307
23706,2020-05-28 10:32:33,29308
23708,2022-07-24 13:31:57,29310
23709,2020-08-06 14:03:13,29311
23711,2020-06-10 14:08:16,29313
23712,2020-05-18 16:42:10,29314
23713,2023-03-05 18:05:33,29315
23714,2020-08-13 16:57:46,29316
23715,2021-09-08 10:53:59,29317
23716,2021-12-08 14:09:04,29318
23717,2023-10-12 13:14:44,29319
23718,2022-01-14 09:39:24,29320
23720,2021-12-10 16:37:44,29322
23721,2022-05-21 12:08:49,29323
23722,2022-07-03 17:54:40,29324
23724,2023-06-26 15:35:13,29326
23726,2021-09-21 16:16:11,29328
23727,2021-04-15 11:53:06,29329
23728,2023-05-09 16:44:49,29330
23729,2022-05-11 12:09:28,29331
23731,2022-05-16 11:09:59,29333
23732,2023-06-22 11:02:09,29334
23733,2021-02-27 08:41:22,29335
23736,2021-10-12 13:34:26,29338
23738,2020-09-03 18:10:46,29340
23739,2021-11-11 17:43:11,29341
23740,2020-11-28 15:21:31,29342
23742,2023-12-03 16:09:14,29344
23743,2021-10-03 10:05:34,29345
23744,2021-12-24 14:02:05,29346
23746,2020-03-11 14:32:49,29348
23747,2022-04-16 12:14:11,29349
23748,2023-07-19 15:49:03,29350
23750,2021-02-16 10:31:11,29352
23751,2020-04-18 11:07:38,29353
23752,2021-08-10 15:15:39,29354
23753,2020-01-18 10:33:56,29355
23754,2020-01-13 11:49:57,29356
23755,2022-10-04 14:52:55,29357
23756,2020-08-01 14:59:45,29358
23757,2023-05-08 10:03:42,29359
23758,2021-04-21 12:55:32,29360
23760,2023-06-05 09:34:21,29362
23761,2021-06-17 17:50:33,29363
23762,2020-10-18 09:03:00,29364
23763,2022-08-19 15:51:10,29365
23764,2020-12-23 11:22:09,29366
23768,2022-09-09 10:21:22,29370
23770,2021-09-24 08:53:55,29372
23771,2021-03-05 11:51:24,29373
23772,2023-12-27 15:59:53,29374
23773,2020-05-19 16:28:15,29375
23774,2023-05-18 12:38:03,29376
23776,2023-07-09 11:04:07,29378
23778,2021-12-03 10:55:38,29380
23779,2021-05-27 15:39:48,29381
23781,2022-04-27 11:10:12,29383
23782,2023-04-16 11:05:12,29384
23784,2020-09-21 17:28:02,29386
23785,2022-01-21 10:59:45,29387
23786,2022-03-23 10:47:19,29388
23788,2023-08-09 16:25:22,29390
23789,2020-04-14 11:12:44,29391
23790,2020-01-28 09:31:08,29392
23792,2020-10-11 13:13:29,29394
23794,2020-09-20 14:00:31,29396
23798,2021-06-05 11:46:29,29400
23800,2020-10-19 18:27:36,29402
23802,2023-09-16 16:24:20,29404
23803,2020-08-22 17:02:07,29405
23805,2021-10-04 12:23:14,29407
23806,2022-05-27 10:22:41,29408
23807,2022-08-10 17:37:00,29409
23810,2023-02-02 10:44:50,29412
23811,2020-03-27 11:50:40,29413
23813,2020-09-05 18:00:29,29415
23815,2021-03-12 15:28:53,29417
23816,2023-02-08 12:30:25,29418
23818,2021-11-05 17:25:45,29420
23819,2023-07-11 13:11:59,29421
23820,2022-07-22 17:47:42,29422
23821,2020-06-13 17:22:56,29423
23822,2020-09-05 13:39:14,29424
23824,2021-08-27 15:07:15,29426
23825,2023-09-17 09:56:55,29427
23826,2021-02-28 08:45:51,29428
23827,2023-10-20 16:07:40,29429
23828,2023-07-24 12:43:16,29430
23830,2020-05-12 16:04:31,29432
23831,2022-01-13 14:19:43,29433
23833,2020-03-18 17:16:02,29435
23834,2022-06-11 10:41:15,29436
23838,2020-12-26 11:38:53,29440
23839,2023-06-11 15:24:50,29441
23840,2020-05-24 18:32:50,29442
23841,2020-07-20 09:48:29,29443
23842,2023-12-14 15:48:44,29444
23843,2021-04-28 15:31:31,29445
23844,2020-08-04 12:25:15,29446
23845,2022-12-09 10:08:21,29447
23846,2021-09-13 16:49:52,29448
23847,2021-01-01 10:03:53,29449
23848,2022-06-25 13:42:58,29450
23849,2023-02-03 10:02:14,29451
23850,2020-08-06 16:31:15,29452
23851,2023-06-18 17:03:26,29453
23852,2020-08-17 12:57:07,29454
23853,2021-01-08 13:32:32,29455
23856,2020-11-04 18:00:22,29458
23858,2023-06-23 09:50:06,29460
23859,2020-10-23 08:44:19,29461
23862,2020-08-15 09:20:22,29464
23863,2021-08-23 09:07:16,29465
23864,2022-04-01 18:38:20,29466
23865,2022-02-17 18:52:23,29467
23866,2021-07-18 18:06:02,29468
23868,2020-01-18 14:26:35,29470
23870,2020-05-13 15:32:58,29472
23872,2020-03-26 10:50:28,29474
23873,2023-07-28 09:56:58,29475
23874,2022-06-24 18:13:39,29476
23875,2021-05-02 13:21:14,29477
23876,2020-06-19 14:32:02,29478
23877,2020-04-15 09:30:42,29479
23880,2021-04-12 15:08:40,29482
23881,2023-04-18 14:27:42,29483
23882,2022-12-14 16:36:38,29484
23884,2023-12-16 10:50:05,29486
23885,2023-06-07 15:12:37,29487
23889,2023-09-19 16:37:43,29491
23890,2021-12-06 12:54:42,29492
23891,2020-11-10 08:40:37,29493
23892,2023-07-23 16:58:19,29494
23893,2022-12-07 12:12:26,29495
23894,2022-01-23 12:01:56,29496
23898,2020-09-03 09:36:26,29500
23899,2021-11-26 13:06:22,29501
23901,2020-05-21 13:39:17,29503
23902,2022-05-06 10:33:02,29504
23903,2022-07-05 17:50:28,29505
23906,2021-10-26 15:04:22,29508
23907,2020-07-10 10:16:22,29509
23909,2022-12-17 10:15:12,29511
23910,2023-06-28 14:01:36,29512
23911,2021-07-14 09:40:49,29513
23912,2021-05-08 11:49:34,29514
23913,2023-01-01 18:30:35,29515
23914,2023-02-17 18:16:09,29516
23915,2022-09-02 09:23:37,29517
23917,2021-06-26 11:43:30,29519
23918,2023-04-01 10:29:49,29520
23919,2023-08-27 10:05:28,29521
23920,2020-01-03 11:54:25,29522
23921,2023-08-04 11:58:42,29523
23922,2022-06-09 15:31:00,29524
23923,2021-09-03 16:51:00,29525
23924,2021-09-09 10:49:06,29526
23925,2022-09-09 11:25:40,29527
23926,2022-09-21 12:42:00,29528
23928,2022-01-28 16:28:57,29530
23931,2022-02-05 10:38:46,29533
23933,2020-08-27 18:25:05,29535
23934,2021-07-19 16:09:05,29536
23935,2020-08-24 09:19:07,29537
23936,2022-10-28 10:40:35,29538
23937,2020-03-16 13:30:18,29539
23938,2020-04-03 16:44:35,29540
23939,2023-05-17 09:17:57,29541
23940,2023-05-07 15:19:07,29542
23941,2020-10-15 13:15:27,29543
23942,2022-07-10 16:41:42,29544
23943,2022-05-27 13:21:03,29545
23945,2022-10-22 16:26:43,29547
23946,2023-08-18 09:19:10,29548
23947,2020-10-24 13:30:33,29549
23948,2021-09-12 15:48:48,29550
23949,2021-02-20 18:35:12,29551
23950,2022-06-03 08:41:52,29552
23951,2021-06-19 15:16:22,29553
23952,2020-02-28 13:19:25,29554
23953,2022-05-06 18:13:02,29555
23954,2020-10-22 15:55:22,29556
23955,2023-09-02 16:07:42,29557
23956,2021-07-15 17:18:54,29558
23957,2022-08-27 15:57:45,29559
23958,2022-07-16 09:19:54,29560
23959,2022-02-16 17:08:19,29561
23962,2022-06-28 13:53:01,29564
23963,2023-03-01 11:05:49,29565
23964,2021-02-03 17:43:34,29566
23965,2022-09-07 16:57:08,29567
23967,2021-07-13 16:38:25,29569
23968,2023-04-17 11:29:02,29570
23969,2020-11-19 16:50:57,29571
23970,2023-11-05 17:18:08,29572
23971,2021-01-22 12:53:52,29573
23972,2023-09-16 15:33:41,29574
23974,2023-07-12 16:05:05,29576
23976,2023-12-14 14:36:58,29578
23977,2022-05-06 13:51:54,29579
23978,2022-02-17 17:01:26,29580
23979,2021-05-12 18:39:47,29581
23980,2020-11-15 10:35:56,29582
23981,2020-08-06 18:23:19,29583
23984,2020-09-01 12:32:58,29586
23985,2021-06-04 09:13:52,29587
23986,2023-05-20 08:50:06,29588
23987,2020-02-07 16:27:20,29589
23988,2022-12-23 10:33:21,29590
23989,2021-11-22 09:08:07,29591
23990,2023-11-07 18:00:02,29592
23991,2021-05-25 13:09:00,29593
23993,2020-03-04 18:17:50,29595
23994,2021-10-04 09:04:11,29596
23995,2023-02-08 16:41:28,29597
23996,2021-01-08 16:11:48,29598
23997,2023-04-17 16:32:38,29599
23999,2021-06-11 14:15:46,29601
24000,2023-11-14 11:52:44,29602
24001,2023-03-20 14:36:13,29603
24003,2023-12-28 13:11:17,29605
24005,2023-09-22 18:05:47,29607
24006,2020-07-07 13:22:29,29608
24007,2021-10-20 14:19:20,29609
24008,2020-12-16 11:11:51,29610
24009,2022-06-25 15:24:01,29611
24010,2021-07-27 09:53:36,29612
24012,2021-03-16 10:28:40,29614
24013,2022-04-25 11:01:40,29615
24016,2023-06-26 15:17:57,29618
24017,2021-07-09 12:53:12,29619
24018,2023-12-05 16:47:16,29620
24019,2021-01-25 18:11:25,29621
24020,2023-06-15 17:23:27,29622
24021,2023-12-09 09:48:19,29623
24022,2020-04-15 11:58:18,29624
24023,2022-09-05 12:59:17,29625
24024,2023-02-09 08:54:30,29626
24025,2021-07-28 13:57:31,29627
24026,2023-03-07 15:21:43,29628
24027,2021-10-18 11:56:01,29629
24030,2023-10-21 13:27:53,29632
24032,2021-04-09 13:37:37,29634
24033,2021-08-10 13:09:22,29635
24034,2020-01-05 10:49:21,29636
24035,2020-06-06 10:55:40,29637
24036,2021-01-27 12:47:18,29638
24037,2020-06-27 12:47:20,29639
24038,2023-04-18 08:56:00,29640
24039,2022-02-18 14:57:13,29641
24040,2021-02-21 10:44:52,29642
24042,2022-01-21 09:00:50,29644
24043,2020-11-14 17:36:39,29645
24044,2022-12-15 15:14:48,29646
24045,2022-02-25 11:18:03,29647
24048,2020-01-12 14:36:03,29650
24049,2020-05-26 11:53:53,29651
24050,2023-05-03 09:37:34,29652
24051,2023-04-04 10:11:14,29653
24053,2022-02-25 14:40:33,29655
24054,2023-06-03 14:42:08,29656
24055,2020-10-10 18:06:34,29657
24056,2021-01-25 13:26:31,29658
24058,2022-04-07 10:11:39,29660
24059,2023-06-28 10:12:39,29661
24062,2022-10-19 17:21:28,29664
24063,2021-03-12 09:13:23,29665
24064,2023-12-16 14:27:32,29666
24066,2022-12-02 16:42:58,29668
24067,2020-05-22 14:06:17,29669
24068,2023-11-08 13:34:40,29670
24069,2020-03-21 09:45:27,29671
24070,2023-07-23 15:59:29,29672
24071,2021-08-08 16:31:21,29673
24072,2021-03-28 13:08:26,29674
24073,2023-12-16 15:33:40,29675
24074,2020-07-10 09:59:06,29676
24075,2021-03-20 17:56:07,29677
24077,2023-01-05 15:58:00,29679
24078,2021-01-09 09:48:43,29680
24079,2022-08-02 17:45:01,29681
24080,2022-01-10 16:54:11,29682
24081,2023-10-17 13:31:52,29683
24083,2023-03-19 15:30:28,29685
24085,2021-07-14 16:18:46,29687
24086,2021-02-10 17:22:11,29688
24087,2021-03-28 08:33:37,29689
24088,2020-02-12 11:12:55,29690
24090,2021-12-18 13:55:22,29692
24091,2021-03-20 08:41:38,29693
24092,2023-08-19 10:16:05,29694
24094,2022-06-19 18:47:24,29696
24095,2022-02-04 17:20:47,29697
24096,2023-01-11 12:35:05,29698
24098,2021-12-19 18:24:11,29700
24099,2022-11-14 09:29:04,29701
24100,2021-11-19 11:08:32,29702
24102,2020-08-18 09:50:54,29704
24104,2020-09-21 18:07:23,29706
24106,2022-10-18 17:37:59,29708
24110,2020-04-26 14:05:49,29712
24112,2023-06-23 10:53:40,29714
24113,2020-04-13 11:16:51,29715
24114,2022-07-03 09:00:50,29716
24116,2020-08-03 10:47:21,29718
24117,2021-08-06 09:22:02,29719
24119,2021-12-16 09:47:33,29721
24121,2022-12-22 09:45:27,29723
24123,2022-08-11 09:11:22,29725
24124,2023-10-16 11:41:03,29726
24125,2020-04-22 11:13:39,29727
24127,2022-06-13 08:59:01,29729
24128,2022-01-07 14:31:20,29730
24129,2023-02-26 10:19:59,29731
24130,2022-11-07 13:41:47,29732
24132,2023-12-04 12:47:31,29734
24133,2021-08-25 14:14:15,29735
24134,2022-10-08 13:28:36,29736
24135,2021-06-16 17:00:08,29737
24136,2023-05-01 13:09:23,29738
24137,2020-12-06 12:11:21,29739
24141,2021-12-12 12:55:39,29743
24142,2023-12-10 16:21:13,29744
24143,2023-09-27 16:19:29,29745
24144,2021-07-14 15:02:08,29746
24145,2021-08-04 09:11:37,29747
24147,2021-04-10 08:16:54,29749
24148,2020-08-08 12:25:57,29750
24149,2021-11-05 11:41:09,29751
24150,2021-11-24 16:07:39,29752
24151,2020-09-02 17:07:39,29753
24152,2023-10-14 15:26:37,29754
24157,2022-09-23 17:24:46,29759
24158,2021-06-05 18:18:45,29760
24159,2020-01-18 18:01:43,29761
24160,2023-11-07 15:15:17,29762
24161,2021-10-11 16:36:41,29763
24163,2023-12-03 18:38:46,29765
24165,2023-08-01 16:48:33,29767
24166,2020-10-25 18:38:26,29768
24169,2023-02-09 15:43:38,29771
24170,2020-03-15 15:21:23,29772
24171,2020-02-07 10:59:22,29773
24172,2023-06-04 14:39:01,29774
24174,2023-04-01 10:04:15,29776
24175,2021-06-27 14:14:28,29777
24176,2020-05-13 15:11:22,29778
24177,2022-07-02 12:49:41,29779
24178,2023-09-08 17:48:36,29780
24179,2022-08-05 11:22:24,29781
24180,2023-03-16 15:15:26,29782
24182,2023-10-28 15:52:30,29784
24183,2020-02-17 08:25:08,29785
24185,2020-09-07 12:13:54,29787
24186,2021-02-17 08:55:22,29788
24188,2023-11-05 16:14:07,29790
24191,2020-07-26 13:57:07,29793
24192,2022-09-26 12:55:36,29794
24193,2023-09-02 14:53:11,29795
24196,2020-11-07 18:09:42,29798
24198,2020-04-27 16:39:20,29800
24199,2021-04-24 18:41:20,29801
24200,2022-09-28 17:46:11,29802
24201,2021-04-08 11:03:18,29803
24202,2022-02-14 17:06:21,29804
24204,2022-10-10 15:02:04,29806
24205,2020-10-02 10:08:13,29807
24206,2022-03-09 10:53:42,29808
24207,2023-10-17 18:23:23,29809
24208,2023-07-16 10:28:14,29810
24209,2022-11-07 17:18:32,29811
24210,2020-02-28 16:04:20,29812
24212,2021-07-02 17:27:26,29814
24213,2023-10-09 17:10:12,29815
24216,2023-01-16 17:53:47,29818
24217,2021-12-22 10:22:16,29819
24218,2023-02-06 14:47:30,29820
24219,2022-03-05 09:52:06,29821
24221,2021-07-13 13:22:47,29823
24222,2022-03-02 09:37:01,29824
24223,2021-02-13 16:21:27,29825
24224,2023-12-03 13:49:53,29826
24225,2020-03-13 12:03:30,29827
24227,2022-02-02 14:47:41,29829
24228,2021-12-04 14:50:49,29830
24230,2020-04-22 12:32:47,29832
24231,2022-11-06 09:30:14,29833
24234,2023-04-05 10:25:07,29836
24236,2022-09-19 08:41:38,29838
24238,2022-07-15 09:11:27,29840
24239,2020-08-21 16:24:03,29841
24240,2023-10-20 17:25:32,29842
24244,2020-05-07 16:28:39,29846
24245,2022-07-09 15:34:13,29847
24246,2021-06-14 14:41:04,29848
24247,2023-04-16 17:02:16,29849
24249,2020-06-04 15:12:43,29851
24250,2022-11-16 13:54:01,29852
24251,2022-12-09 13:53:05,29853
24254,2021-02-01 09:24:53,29856
24255,2023-01-14 09:35:53,29857
24256,2020-05-24 16:23:57,29858
24257,2023-03-12 11:08:27,29859
24261,2021-08-21 11:03:16,29863
24263,2023-04-17 11:44:39,29865
24265,2020-11-11 17:41:44,29867
24267,2021-07-17 09:12:02,29869
24268,2023-11-05 18:23:15,29870
24269,2022-03-11 11:42:29,29871
24273,2021-08-23 10:37:00,29875
24275,2020-02-17 10:08:35,29877
24276,2023-04-15 13:59:49,29878
24277,2020-09-18 12:14:37,29879
24278,2023-02-08 15:09:48,29880
24279,2022-07-09 11:28:51,29881
24280,2021-01-23 13:13:12,29882
24284,2022-04-16 08:32:48,29886
24285,2022-01-08 10:47:17,29887
24287,2021-05-18 15:48:27,29889
24289,2020-03-17 14:56:13,29891
24292,2023-01-12 15:12:19,29894
24293,2022-11-11 15:26:10,29895
24294,2022-04-25 14:21:18,29896
24295,2020-03-18 13:32:21,29897
24296,2022-10-26 09:56:45,29898
24297,2022-09-03 11:09:21,29899
24299,2021-08-02 10:00:45,29901
24300,2022-04-21 11:45:15,29902
24302,2020-11-12 16:34:59,29904
24304,2022-03-17 16:14:52,29906
24305,2021-05-15 11:07:19,29907
24306,2022-10-24 11:35:10,29908
24307,2023-07-13 12:50:57,29909
24308,2020-01-07 15:02:07,29910
24309,2022-08-26 16:36:52,29911
24312,2021-01-18 15:56:28,29914
24315,2020-04-05 13:19:54,29917
24316,2023-08-25 16:11:55,29918
24318,2021-12-07 18:45:24,29920
24321,2020-06-04 18:14:09,29923
24322,2021-03-25 14:03:07,29924
24324,2022-10-08 17:06:00,29926
24326,2021-08-12 10:11:17,29928
24327,2022-02-22 17:35:06,29929
24328,2020-04-03 10:12:55,29930
24330,2023-08-15 15:26:39,29932
24331,2022-04-28 08:24:39,29933
24332,2023-02-01 16:58:25,29934
24333,2021-08-13 16:23:07,29935
24334,2022-02-16 13:52:32,29936
24335,2020-03-19 12:04:44,29937
24336,2020-01-16 09:58:39,29938
24337,2023-05-27 12:02:24,29939
24338,2023-01-17 16:06:47,29940
24339,2023-01-25 13:00:58,29941
24340,2020-12-19 16:02:27,29942
24341,2022-09-19 16:08:39,29943
24343,2022-07-26 17:29:32,29945
24344,2022-12-05 10:02:27,29946
24346,2020-05-28 10:07:24,29948
24347,2021-09-22 14:22:18,29949
24349,2021-03-16 16:03:00,29951
24351,2023-06-04 17:37:27,29953
24352,2021-02-04 17:02:50,29954
24353,2021-12-06 17:22:06,29955
24354,2023-10-15 11:54:35,29956
24356,2022-12-09 12:54:05,29958
24357,2021-12-01 16:39:34,29959
24358,2020-12-20 18:13:45,29960
24362,2023-02-03 13:24:08,29964
24363,2020-07-01 16:22:29,29965
24364,2021-07-22 10:34:57,29966
24365,2020-01-03 11:06:32,29967
24367,2020-10-20 17:38:00,29969
24369,2023-01-14 17:00:46,29971
24370,2021-11-24 11:14:00,29972
24372,2020-06-20 09:54:08,29974
24374,2023-10-27 15:39:47,29976
24375,2022-04-11 17:19:37,29977
24377,2023-01-11 09:47:55,29979
24378,2022-08-10 11:10:10,29980
24380,2020-03-03 17:32:31,29982
24381,2023-11-24 17:26:08,29983
24383,2021-05-21 14:02:59,29985
24386,2023-03-13 15:41:43,29988
24388,2020-03-02 16:22:16,29990
24389,2021-12-28 08:41:58,29991
24391,2020-12-07 09:16:53,29993
24393,2022-01-04 13:04:43,29995
24396,2020-09-20 12:49:14,29998
24399,2020-08-25 09:33:48,30001
24401,2021-01-21 13:51:53,30003
24402,2020-08-17 17:40:48,30004
24404,2022-07-24 10:00:26,30006
24405,2021-11-06 17:18:15,30007
24406,2020-07-12 11:39:56,30008
24407,2023-04-23 10:52:46,30009
24408,2020-12-28 10:20:09,30010
24409,2020-08-21 18:06:45,30011
24410,2023-10-12 13:21:43,30012
24411,2023-01-25 12:49:18,30013
24412,2023-11-21 16:30:47,30014
24413,2022-04-11 13:42:29,30015
24415,2022-03-16 16:22:19,30017
24416,2020-04-21 12:28:13,30018
24418,2023-03-25 09:15:55,30020
24419,2020-10-25 17:37:22,30021
24420,2021-02-16 10:22:24,30022
24422,2021-01-10 16:42:25,30024
24423,2023-01-09 10:01:32,30025
24424,2020-06-24 11:05:07,30026
24425,2021-06-16 15:28:38,30027
24427,2022-05-06 10:18:23,30029
24431,2023-02-16 11:12:28,30033
24432,2023-05-28 16:28:31,30034
24433,2020-11-11 09:10:40,30035
24434,2021-04-05 17:13:42,30036
24436,2022-05-06 10:41:15,30038
24438,2022-06-17 10:14:26,30040
24440,2022-03-01 17:59:23,30042
24441,2021-07-26 11:13:46,30043
24443,2023-09-25 12:04:50,30045
24444,2023-03-21 12:00:36,30046
24445,2022-07-21 12:31:29,30047
24447,2020-04-13 12:28:14,30049
24448,2021-01-23 16:42:47,30050
24450,2023-02-05 08:08:04,30052
24452,2023-09-22 10:56:49,30054
24454,2022-10-20 18:46:44,30056
24455,2021-06-03 16:47:33,30057
24456,2021-11-04 12:31:52,30058
24457,2022-06-07 10:18:59,30059
24458,2022-12-15 09:33:55,30060
24459,2021-04-24 16:28:11,30061
24460,2022-02-05 15:44:30,30062
24461,2020-12-20 09:55:33,30063
24464,2023-02-15 11:10:01,30066
24465,2021-08-04 17:06:52,30067
24466,2023-08-24 16:12:33,30068
24467,2022-08-23 14:59:08,30069
24469,2021-07-12 10:21:31,30071
24470,2022-03-21 14:02:41,30072
24472,2022-05-03 14:49:17,30074
24473,2020-06-28 09:30:25,30075
24474,2021-01-17 13:41:41,30076
24475,2021-09-14 12:50:24,30077
24476,2022-08-15 13:48:52,30078
24478,2021-09-10 14:03:53,30080
24479,2023-11-04 09:26:38,30081
24481,2023-11-26 09:38:37,30083
24482,2020-10-21 17:30:23,30084
24483,2022-06-27 12:17:53,30085
24484,2022-10-01 11:36:51,30086
24485,2021-02-16 13:35:31,30087
24488,2022-06-24 12:11:31,30090
24490,2022-02-07 16:24:30,30092
24491,2021-01-19 08:45:59,30093
24492,2023-06-19 09:49:00,30094
24494,2023-09-01 17:10:20,30096
24498,2022-01-04 15:03:03,30100
24501,2023-01-08 15:23:04,30103
24502,2022-06-02 09:16:10,30104
24503,2022-01-17 18:10:06,30105
24504,2021-05-23 11:26:26,30106
24505,2020-11-19 16:50:52,30107
24506,2022-10-17 13:09:34,30108
24508,2021-10-26 16:58:10,30110
24510,2022-10-05 14:58:53,30112
24511,2022-11-13 17:36:39,30113
24512,2022-01-10 15:10:33,30114
24514,2023-02-14 15:07:53,30116
24516,2021-08-19 15:25:37,30118
24517,2023-10-04 11:29:09,30119
24518,2020-07-12 14:52:20,30120
24519,2021-08-08 17:04:57,30121
24520,2021-03-04 14:07:50,30122
24521,2022-06-19 14:32:31,30123
24522,2020-09-10 10:09:28,30124
24524,2021-05-01 17:56:27,30126
24525,2021-08-04 14:37:56,30127
24526,2020-12-25 18:04:30,30128
24527,2021-02-09 12:50:29,30129
24528,2023-09-23 10:07:54,30130
24529,2021-10-04 14:19:02,30131
24531,2020-10-16 13:43:51,30133
24533,2023-10-27 15:51:02,30135
24534,2022-11-07 11:51:05,30136
24535,2020-11-24 15:33:10,30137
24537,2023-06-01 13:30:09,30139
24539,2021-08-11 15:15:08,30141
24540,2021-09-20 13:14:53,30142
24546,2021-11-24 16:19:17,30148
24548,2021-05-11 13:38:06,30150
24551,2023-09-01 10:49:41,30153
24555,2023-08-11 14:44:14,30157
24556,2023-12-19 14:21:19,30158
24557,2021-04-24 10:36:09,30159
24559,2022-11-11 15:25:22,30161
24560,2021-10-27 13:36:45,30162
24561,2023-11-24 17:56:30,30163
24562,2020-10-28 17:01:46,30164
24566,2023-05-07 15:01:09,30168
24567,2022-09-09 18:11:21,30169
24568,2022-01-28 13:36:13,30170
24571,2023-01-18 14:32:14,30173
24574,2020-12-14 09:11:06,30176
24575,2023-10-13 12:38:42,30177
24577,2022-06-12 10:44:41,30179
24578,2023-10-18 09:17:17,30180
24579,2021-05-03 18:26:13,30181
24581,2021-04-07 18:26:22,30183
24582,2021-11-20 11:29:56,30184
24583,2020-11-06 12:03:29,30185
24584,2022-12-02 12:06:54,30186
24585,2020-12-10 09:46:08,30187
24586,2022-12-28 08:57:51,30188
24587,2022-04-02 15:20:02,30189
24588,2020-08-11 18:00:50,30190
24592,2023-11-21 17:48:02,30194
24593,2020-10-03 11:47:29,30195
24594,2021-08-05 11:17:53,30196
24595,2022-09-28 15:32:32,30197
24596,2021-04-13 18:06:46,30198
24597,2023-07-11 09:30:53,30199
24599,2022-06-22 11:09:34,30201
24600,2023-06-17 11:13:54,30202
24602,2021-06-07 08:31:44,30204
24603,2023-09-03 13:37:06,30205
24604,2023-03-23 12:19:45,30206
24606,2020-01-19 13:04:13,30208
24607,2022-04-14 15:50:41,30209
24609,2020-06-27 17:58:13,30211
24610,2023-07-12 15:49:36,30212
24611,2023-03-25 15:05:29,30213
24612,2020-04-06 14:45:34,30214
24613,2021-10-04 11:12:32,30215
24614,2022-01-06 09:29:59,30216
24617,2022-12-02 15:56:19,30219
24618,2023-03-24 17:48:07,30220
24619,2021-03-20 11:52:57,30221
24620,2021-03-22 17:46:46,30222
24621,2022-02-06 13:43:49,30223
24622,2021-10-19 11:44:06,30224
24624,2023-07-09 12:23:59,30226
24626,2020-12-01 15:44:05,30228
24627,2022-04-02 12:49:43,30229
24629,2022-03-14 11:11:40,30231
24630,2020-03-20 16:32:36,30232
24631,2021-08-22 15:18:33,30233
24632,2021-06-22 12:20:25,30234
24633,2023-07-23 14:33:17,30235
24634,2023-09-09 09:38:32,30236
24636,2020-02-25 17:11:24,30238
24638,2023-03-19 10:24:14,30240
24639,2023-05-25 15:09:49,30241
24640,2020-11-22 14:56:54,30242
24641,2020-01-06 09:42:06,30243
24642,2021-04-05 15:13:33,30244
24644,2023-07-16 11:59:17,30246
24646,2022-09-26 18:23:37,30248
24647,2021-06-04 12:53:22,30249
24648,2020-04-02 16:56:31,30250
24650,2023-08-07 11:21:45,30252
24653,2020-12-13 17:53:14,30255
24655,2021-08-27 09:38:14,30257
24656,2023-05-06 17:21:46,30258
24658,2022-08-12 09:36:01,30260
24659,2023-01-07 10:00:52,30261
24660,2021-04-12 17:12:59,30262
24661,2023-06-11 16:51:06,30263
24662,2020-12-01 15:18:06,30264
24664,2021-08-11 18:38:39,30266
24666,2022-03-21 13:28:37,30268
24668,2021-11-27 11:49:02,30270
24669,2022-06-24 13:43:23,30271
24670,2022-12-09 11:33:00,30272
24671,2022-03-25 11:06:44,30273
24672,2021-04-05 12:12:32,30274
24673,2023-11-06 16:59:08,30275
24676,2023-02-14 10:57:12,30278
24677,2023-04-14 10:19:20,30279
24679,2022-08-20 15:27:47,30281
24680,2020-02-24 09:37:04,30282
24681,2023-01-08 10:12:10,30283
24682,2021-10-23 16:18:10,30284
24683,2023-04-21 17:10:49,30285
24686,2022-04-11 14:25:08,30288
24687,2020-09-18 13:29:00,30289
24688,2022-01-15 18:17:04,30290
24689,2022-04-03 11:23:52,30291
24691,2020-12-05 11:04:00,30293
24692,2022-07-02 14:15:37,30294
24693,2021-10-23 11:59:48,30295
24697,2022-10-13 10:43:50,30299
24698,2020-11-09 17:03:59,30300
24699,2022-08-21 13:00:26,30301
24700,2022-06-27 15:56:56,30302
24701,2022-10-12 13:33:08,30303
24702,2023-09-01 11:17:43,30304
24703,2020-03-06 11:18:14,30305
24704,2021-09-25 09:07:29,30306
24705,2020-05-11 15:50:28,30307
24706,2023-06-09 13:42:25,30308
24707,2021-06-11 12:43:49,30309
24708,2021-04-26 09:27:53,30310
24709,2022-11-05 09:15:04,30311
24710,2021-03-09 15:28:57,30312
24711,2020-07-14 11:48:31,30313
24712,2021-10-20 18:36:58,30314
24714,2020-08-03 12:11:51,30316
24715,2023-09-08 16:44:00,30317
24717,2020-04-02 17:00:32,30319
24718,2022-12-05 11:41:21,30320
24719,2023-11-26 08:25:13,30321
24721,2023-09-10 14:18:38,30323
24722,2022-02-26 10:20:04,30324
24723,2020-09-05 12:51:13,30325
24724,2021-09-06 14:16:14,30326
24725,2023-06-26 15:47:05,30327
24726,2022-05-06 14:59:23,30328
24727,2023-01-24 12:03:52,30329
24730,2021-02-04 08:46:30,30332
24731,2021-09-13 17:16:33,30333
24732,2023-07-07 16:17:12,30334
24733,2020-01-01 18:08:39,30335
24734,2023-02-08 10:51:45,30336
24735,2021-09-11 12:02:45,30337
24736,2020-12-25 18:22:58,30338
24737,2020-06-17 12:41:36,30339
24738,2021-07-12 09:58:53,30340
24739,2020-08-27 16:17:08,30341
24740,2020-02-04 13:28:56,30342
24741,2020-01-23 09:48:53,30343
24744,2020-01-27 10:13:24,30346
24745,2020-08-06 09:50:36,30347
24746,2023-03-09 16:26:53,30348
24747,2021-03-03 09:29:38,30349
24750,2022-03-08 15:00:07,30352
24752,2022-03-09 17:10:16,30354
24755,2023-05-11 14:18:06,30357
24756,2023-09-13 13:50:25,30358
24758,2022-11-24 15:47:16,30360
24760,2021-05-28 12:34:33,30362
24761,2023-07-12 12:11:24,30363
24762,2022-12-07 17:31:41,30364
24764,2022-04-04 17:03:38,30366
24765,2021-08-08 18:00:45,30367
24767,2023-04-19 10:37:23,30369
24768,2023-12-24 17:32:51,30370
24769,2023-06-26 15:25:12,30371
24770,2023-08-08 11:29:52,30372
24771,2021-04-13 12:25:59,30373
24772,2020-03-27 17:18:44,30374
24774,2020-05-24 16:01:01,30376
24775,2022-10-13 12:22:04,30377
24776,2020-08-28 09:34:33,30378
24778,2021-07-27 14:02:26,30380
24779,2022-10-20 14:51:38,30381
24780,2022-07-25 13:49:05,30382
24781,2020-09-22 17:48:13,30383
24784,2023-01-14 10:17:22,30386
24787,2022-01-16 10:26:10,30389
24788,2023-12-15 17:06:37,30390
24789,2021-11-12 13:35:32,30391
24790,2022-01-18 17:43:24,30392
24791,2020-04-04 14:18:44,30393
24793,2022-03-19 16:46:26,30395
24794,2021-06-20 08:59:31,30396
24795,2020-05-05 12:37:53,30397
24796,2022-03-24 10:15:32,30398
24797,2022-02-02 09:02:38,30399
24798,2022-11-08 11:11:55,30400
24799,2021-07-04 11:58:32,30401
24800,2020-10-04 13:08:10,30402
24801,2023-11-17 14:05:02,30403
24802,2021-05-12 18:31:55,30404
24803,2021-07-14 13:35:01,30405
24804,2020-09-12 09:23:06,30406
24806,2021-07-04 17:50:23,30408
24807,2021-07-24 10:20:23,30409
24809,2021-06-02 17:46:29,30411
24810,2021-08-23 17:27:57,30412
24811,2023-12-05 09:37:46,30413
24812,2020-06-02 10:56:49,30414
24813,2023-02-05 11:04:43,30415
24814,2021-06-12 12:27:15,30416
24816,2020-11-18 17:27:51,30418
24818,2023-12-26 17:20:58,30420
24819,2023-04-14 18:29:34,30421
24821,2020-11-28 13:40:20,30423
24822,2021-05-02 11:18:50,30424
24826,2022-08-19 14:15:09,30428
24827,2023-04-02 10:59:47,30429
24830,2022-09-27 13:14:22,30432
24831,2022-04-20 12:47:14,30433
24834,2021-07-28 15:17:05,30436
24835,2020-07-24 16:37:53,30437
24836,2022-10-21 15:39:00,30438
24837,2023-01-08 16:20:41,30439
24838,2023-05-06 11:39:57,30440
24840,2023-01-05 15:44:52,30442
24841,2023-01-20 11:06:53,30443
24843,2021-07-06 11:17:18,30445
24844,2023-04-25 12:03:22,30446
24845,2020-02-25 18:40:34,30447
24846,2021-12-01 16:06:29,30448
24847,2023-03-28 11:12:30,30449
24848,2020-06-03 16:42:25,30450
24849,2020-04-07 17:04:10,30451
24850,2020-08-28 18:30:02,30452
24852,2023-09-16 09:03:20,30454
24853,2022-10-15 13:56:02,30455
24855,2021-12-18 17:23:21,30457
24856,2020-12-15 15:39:17,30458
24858,2022-12-03 15:16:57,30460
24861,2021-02-03 12:24:52,30463
24862,2022-10-21 13:40:01,30464
24863,2020-06-18 13:35:37,30465
24864,2021-08-19 17:46:22,30466
24866,2020-09-23 10:15:33,30468
24867,2021-12-16 13:08:15,30469
24869,2020-09-05 16:28:41,30471
24871,2023-06-28 11:25:20,30473
24872,2023-10-25 10:55:14,30474
24873,2021-09-11 11:56:36,30475
24874,2023-09-21 10:26:48,30476
24876,2023-12-26 15:41:18,30478
24877,2023-03-19 13:19:59,30479
24878,2020-10-06 08:38:12,30480
24880,2022-04-19 18:03:11,30482
24881,2023-10-02 18:11:53,30483
24883,2021-07-10 17:10:00,30485
24884,2022-10-28 08:17:45,30486
24885,2022-04-25 13:40:43,30487
24886,2022-02-19 09:02:09,30488
24887,2020-03-04 16:24:49,30489
24888,2023-12-12 15:21:38,30490
24889,2022-10-15 17:15:34,30491
24890,2023-05-14 17:41:06,30492
24892,2022-06-22 12:31:21,30494
24893,2022-08-22 14:49:31,30495
24894,2022-09-02 16:38:22,30496
24895,2023-08-15 12:12:21,30497
24896,2021-06-17 11:45:16,30498
24897,2021-04-27 09:05:43,30499
24898,2022-12-16 16:54:24,30500
24899,2023-08-18 14:00:23,30501
24901,2023-05-10 18:06:54,30503
24902,2023-10-08 11:29:59,30504
24903,2020-03-15 09:56:17,30505
24904,2023-01-25 13:21:58,30506
24905,2022-11-22 14:15:08,30507
24906,2023-08-22 15:08:19,30508
24907,2023-06-04 15:53:30,30509
24908,2023-06-26 09:41:20,30510
24909,2021-10-07 18:37:13,30511
24910,2020-04-03 11:37:43,30512
24911,2023-02-04 17:10:26,30513
24913,2020-02-07 16:41:56,30515
24914,2022-08-03 16:39:53,30516
24919,2023-04-19 13:05:38,30521
24920,2020-05-07 18:49:15,30522
24921,2022-04-20 10:42:22,30523
24923,2023-09-15 09:40:25,30525
24925,2022-08-08 12:31:32,30527
24926,2023-09-28 12:08:05,30528
24927,2023-10-24 13:05:56,30529
24928,2022-12-03 11:54:58,30530
24930,2020-05-22 15:14:10,30532
24931,2020-04-05 12:14:46,30533
24932,2023-05-16 09:58:37,30534
24935,2020-03-16 11:45:59,30537
24937,2021-03-01 17:37:05,30539
24939,2021-04-24 14:15:55,30541
24940,2023-01-05 15:31:44,30542
24941,2022-06-15 10:22:00,30543
24942,2021-02-01 13:16:53,30544
24944,2021-05-14 11:51:52,30546
24946,2022-05-03 14:01:34,30548
24948,2022-01-08 12:07:28,30550
24949,2022-07-02 11:59:11,30551
24951,2023-05-01 14:53:47,30553
24952,2020-01-04 11:44:48,30554
24953,2021-01-28 13:11:50,30555
24954,2023-09-22 13:26:13,30556
24955,2022-02-10 17:04:55,30557
24957,2022-05-16 10:19:48,30559
24958,2021-11-28 11:08:35,30560
24959,2020-06-27 10:21:26,30561
24961,2020-11-17 14:04:32,30563
24965,2023-06-06 10:45:54,30567
24967,2023-03-14 18:19:08,30569
24968,2022-07-11 12:33:48,30570
24969,2020-09-19 08:54:17,30571
24970,2021-10-22 13:37:56,30572
24971,2021-04-03 13:13:43,30573
24972,2023-02-12 12:15:59,30574
24973,2021-06-13 16:50:52,30575
24974,2020-07-08 14:36:13,30576
24975,2022-02-28 10:33:30,30577
24979,2023-09-01 09:45:56,30581
24983,2021-03-11 10:21:23,30585
24984,2021-04-08 11:28:31,30586
24985,2021-09-15 17:21:32,30587
24986,2020-11-18 11:41:13,30588
24990,2020-06-09 11:21:14,30592
24991,2023-12-10 13:16:20,30593
24993,2021-05-15 18:05:15,30595
24994,2020-07-10 14:26:34,30596
24995,2022-06-11 14:30:16,30597
24996,2022-10-27 17:39:37,30598
24997,2020-11-18 16:09:01,30599
25001,2020-01-04 17:13:03,30603
25003,2023-11-21 15:22:12,30605
25004,2023-10-11 18:00:14,30606
25005,2023-06-26 13:50:02,30607
25006,2020-09-23 16:02:38,30608
25008,2020-04-18 10:10:44,30610
25009,2022-06-12 15:17:07,30611
25011,2020-07-18 14:11:04,30613
25012,2021-05-17 15:12:11,30614
25013,2021-06-09 14:19:20,30615
25014,2021-04-27 15:47:17,30616
25017,2021-12-03 11:09:16,30619
25019,2020-03-02 09:11:12,30621
25021,2021-05-01 13:31:54,30623
25022,2023-07-12 10:36:00,30624
25023,2020-03-23 16:55:53,30625
25024,2022-12-08 11:43:39,30626
25025,2021-05-17 16:06:34,30627
25026,2020-10-01 08:39:11,30628
25027,2021-09-03 09:14:34,30629
25030,2021-12-02 13:39:32,30632
25031,2021-09-18 12:36:18,30633
25035,2023-06-28 10:02:33,30637
25036,2022-12-21 17:40:27,30638
25037,2022-04-08 18:58:43,30639
25038,2021-04-14 09:16:22,30640
25039,2023-10-07 09:27:12,30641
25041,2023-10-08 09:12:58,30643
25042,2022-10-21 14:00:36,30644
25045,2020-01-14 16:13:00,30647
25047,2021-12-04 13:45:04,30649
25050,2022-04-06 15:55:54,30652
25051,2022-11-24 16:33:07,30653
25052,2020-07-14 09:31:53,30654
25053,2021-05-20 09:20:36,30655
25055,2020-02-17 12:07:59,30657
25056,2023-03-04 16:31:23,30658
25058,2022-04-04 09:02:14,30660
25059,2020-07-03 15:43:59,30661
25061,2023-11-05 14:50:59,30663
25063,2020-08-12 09:45:21,30665
25064,2021-02-25 11:38:28,30666
25065,2022-10-20 11:18:16,30667
25066,2020-01-24 12:50:47,30668
25067,2020-05-04 10:29:26,30669
25068,2023-08-20 16:15:30,30670
25069,2022-11-13 15:05:11,30671
25071,2020-10-03 14:50:35,30673
25072,2023-12-04 16:45:25,30674
25075,2021-12-16 12:45:18,30677
25078,2022-12-14 13:24:00,30680
25079,2020-09-06 17:51:17,30681
25080,2020-12-13 08:51:22,30682
25081,2020-02-05 18:28:15,30683
25082,2022-08-17 15:11:03,30684
25085,2020-03-03 11:23:35,30687
25086,2022-11-09 14:21:40,30688
25087,2020-01-16 12:02:09,30689
25088,2022-04-19 12:46:44,30690
25089,2023-11-07 11:44:45,30691
25092,2022-01-16 13:48:10,30694
25094,2023-05-13 18:21:04,30696
25095,2021-07-16 15:03:38,30697
25097,2020-12-05 12:42:35,30699
25099,2021-10-04 09:34:07,30701
25100,2020-03-05 16:06:28,30702
25102,2023-05-01 11:52:31,30704
25103,2020-05-03 09:58:16,30705
25104,2022-06-25 16:16:25,30706
25105,2023-10-12 11:50:52,30707
25106,2020-09-09 14:07:53,30708
25107,2020-10-07 18:03:30,30709
25108,2021-05-28 18:24:53,30710
25109,2022-01-25 11:49:02,30711
25112,2022-03-05 17:57:06,30714
25113,2021-02-03 14:53:36,30715
25114,2022-09-28 13:56:20,30716
25115,2023-08-25 09:02:57,30717
25116,2021-01-16 14:40:01,30718
25118,2021-06-14 11:35:50,30720
25119,2023-07-09 09:38:01,30721
25120,2021-03-12 08:40:28,30722
25121,2022-03-07 13:06:32,30723
25122,2020-03-16 18:29:36,30724
25123,2021-10-22 10:04:32,30725
25124,2020-11-05 09:12:59,30726
25125,2021-12-19 08:47:21,30727
25126,2023-07-11 14:08:43,30728
25127,2022-05-28 18:36:09,30729
25128,2022-07-28 18:03:21,30730
25129,2023-05-26 11:30:38,30731
25131,2020-08-09 18:07:03,30733
25132,2021-04-14 16:57:49,30734
25135,2023-08-18 17:23:58,30737
25137,2021-05-26 13:45:33,30739
25139,2022-11-20 14:35:11,30741
25140,2022-06-13 18:11:17,30742
25143,2020-06-13 16:35:10,30745
25144,2023-10-27 11:35:54,30746
25145,2020-07-28 15:01:59,30747
25146,2020-07-20 16:11:10,30748
25147,2023-02-13 15:46:50,30749
25148,2023-04-12 14:14:11,30750
25149,2020-10-05 17:28:21,30751
25150,2021-10-21 10:12:48,30752
25151,2020-03-02 09:24:46,30753
25152,2020-05-09 16:33:03,30754
25156,2020-11-22 14:04:23,30758
25157,2023-07-27 13:52:38,30759
25159,2021-01-24 18:52:02,30761
25160,2022-10-18 11:12:58,30762
25161,2022-02-14 10:10:44,30763
25163,2021-07-08 11:05:19,30765
25164,2020-05-20 18:31:59,30766
25165,2020-06-13 17:49:01,30767
25166,2023-08-21 15:33:11,30768
25167,2022-11-23 09:43:53,30769
25168,2021-11-11 08:59:10,30770
25169,2020-05-13 15:04:20,30771
25170,2020-02-20 14:32:21,30772
25171,2020-10-20 13:59:26,30773
25173,2022-05-12 08:41:56,30775
25174,2021-04-27 12:14:53,30776
25175,2020-11-28 12:25:25,30777
25176,2020-10-15 17:24:45,30778
25177,2023-11-26 13:43:46,30779
25179,2022-04-24 09:12:49,30781
25180,2023-03-18 17:38:50,30782
25181,2022-07-13 17:55:57,30783
25182,2020-05-11 15:25:37,30784
25183,2021-12-15 17:00:15,30785
25184,2020-02-17 18:29:32,30786
25186,2023-12-03 18:05:07,30788
25187,2021-05-19 13:53:42,30789
25189,2020-12-22 11:31:38,30791
25190,2020-07-18 11:01:19,30792
25191,2021-06-07 18:22:07,30793
25192,2021-09-18 11:23:34,30794
25193,2021-06-13 14:34:06,30795
25194,2023-02-03 18:33:55,30796
25196,2023-12-22 11:19:02,30798
25197,2023-02-05 14:26:19,30799
25198,2020-06-19 11:25:38,30800
25200,2020-03-02 12:45:17,30802
25201,2021-10-09 12:08:05,30803
25202,2020-10-10 14:10:24,30804
25203,2021-02-25 13:20:59,30805
25204,2022-04-13 08:55:25,30806
25207,2021-04-25 13:39:10,30809
25209,2022-08-03 16:06:55,30811
25210,2023-12-24 11:45:23,30812
25211,2022-11-25 14:07:29,30813
25212,2023-11-20 13:40:02,30814
25213,2020-10-19 15:54:00,30815
25215,2023-11-01 09:23:37,30817
25216,2022-07-10 18:13:12,30818
25217,2021-02-28 13:32:01,30819
25218,2022-02-12 10:22:09,30820
25219,2022-02-16 09:31:25,30821
25220,2022-08-10 08:35:42,30822
25222,2023-10-08 18:48:04,30824
25225,2022-02-08 14:34:42,30827
25226,2021-11-28 15:41:42,30828
25227,2023-05-25 13:57:04,30829
25230,2020-03-11 10:37:42,30832
25233,2023-10-01 16:58:24,30835
25234,2022-11-16 15:56:28,30836
25235,2023-08-22 11:22:36,30837
25236,2022-04-05 12:45:24,30838
25238,2021-02-11 12:11:38,30840
25239,2022-10-04 09:56:49,30841
25241,2022-01-14 13:22:51,30843
25242,2020-04-01 09:45:07,30844
25243,2023-08-08 10:19:04,30845
25244,2020-08-11 15:58:20,30846
25245,2021-05-12 13:33:41,30847
25246,2023-10-17 18:10:52,30848
25247,2022-03-28 16:59:56,30849
25248,2020-02-18 11:33:00,30850
25249,2021-09-26 14:55:08,30851
25250,2021-10-09 18:01:12,30852
25252,2022-03-01 15:42:19,30854
25254,2022-05-13 14:24:57,30856
25255,2020-06-15 11:36:24,30857
25256,2021-11-08 10:09:11,30858
25258,2021-01-20 15:48:22,30860
25261,2021-11-22 12:00:49,30863
25262,2021-05-08 09:38:48,30864
25263,2023-09-02 08:56:02,30865
25265,2021-07-12 18:22:17,30867
25266,2020-10-07 15:22:07,30868
25267,2022-12-16 13:56:18,30869
25268,2022-10-16 08:57:07,30870
25269,2023-06-04 10:39:58,30871
25270,2023-10-08 16:54:37,30872
25271,2022-08-27 14:18:55,30873
25272,2020-08-17 08:49:53,30874
25274,2023-09-18 14:05:02,30876
25275,2021-08-18 10:40:27,30877
25277,2020-09-01 16:08:35,30879
25278,2020-06-04 11:37:56,30880
25279,2022-02-20 12:03:56,30881
25281,2020-08-14 09:49:05,30883
25282,2023-10-23 14:08:05,30884
25283,2023-09-21 11:02:53,30885
25284,2022-12-06 10:28:39,30886
25287,2020-04-11 11:39:18,30889
25290,2021-08-16 18:09:28,30892
25291,2023-12-17 17:12:46,30893
25295,2021-07-11 09:09:20,30897
25296,2023-03-18 12:38:46,30898
25297,2023-03-04 11:26:22,30899
25298,2023-05-08 17:59:08,30900
25300,2023-06-18 15:44:40,30902
25301,2020-09-02 12:50:54,30903
25302,2023-11-20 11:24:23,30904
25303,2022-04-18 16:20:12,30905
25304,2022-08-24 11:34:39,30906
25305,2022-02-01 12:29:54,30907
25306,2023-03-17 11:48:00,30908
25307,2023-12-03 09:34:34,30909
25308,2021-09-11 15:37:31,30910
25310,2023-11-26 10:33:09,30912
25312,2020-11-08 11:08:14,30914
25314,2023-07-15 08:42:15,30916
25315,2020-09-02 16:32:39,30917
25317,2021-09-20 09:04:07,30919
25318,2022-03-08 09:13:06,30920
25319,2020-04-14 17:13:01,30921
25322,2021-10-13 14:47:35,30924
25323,2020-07-09 12:44:50,30925
25325,2022-11-03 09:51:24,30927
25326,2023-12-01 17:08:01,30928
25327,2022-03-28 14:53:46,30929
25328,2020-09-28 17:13:21,30930
25333,2023-10-10 15:28:28,30935
25334,2023-10-27 10:46:23,30936
25336,2022-02-08 13:23:57,30938
25337,2020-01-27 14:58:33,30939
25338,2020-02-12 11:19:46,30940
25339,2023-07-17 16:08:38,30941
25340,2020-05-16 13:51:08,30942
25341,2021-10-24 09:39:15,30943
25342,2020-06-15 11:37:16,30944
25343,2023-03-15 09:27:50,30945
25344,2020-03-13 12:47:42,30946
25345,2021-08-18 16:46:38,30947
25346,2023-12-15 09:10:03,30948
25347,2022-10-10 09:08:15,30949
25354,2022-09-02 11:19:21,30956
25355,2021-12-26 16:20:00,30957
25356,2023-03-04 15:25:35,30958
25357,2023-12-04 14:03:36,30959
25358,2021-07-03 15:29:21,30960
25359,2020-05-20 11:16:27,30961
25361,2020-05-28 17:34:43,30963
25363,2020-04-13 18:50:48,30965
25364,2021-02-13 14:05:10,30966
25365,2023-10-17 15:19:24,30967
25366,2022-09-28 17:41:25,30968
25368,2021-08-23 11:22:14,30970
25369,2022-06-15 17:32:58,30971
25370,2022-06-08 12:57:12,30972
25371,2023-01-04 17:35:22,30973
25373,2020-11-06 15:19:02,30975
25374,2020-04-06 13:05:11,30976
25375,2020-04-02 11:43:21,30977
25377,2022-07-22 16:02:01,30979
25378,2021-08-08 09:08:35,30980
25380,2021-02-22 08:27:22,30982
25383,2023-12-06 12:28:27,30985
25384,2022-08-27 17:28:46,30986
25386,2020-02-16 13:45:15,30988
25387,2021-07-20 14:45:16,30989
25388,2022-11-19 15:27:51,30990
25389,2022-10-18 08:41:21,30991
25392,2021-10-17 17:18:32,30994
25393,2021-06-28 09:16:35,30995
25395,2020-01-20 11:31:43,30997
25397,2022-01-06 10:56:51,30999
25399,2022-03-09 17:52:58,31001
25400,2021-03-01 17:28:02,31002
25401,2020-02-12 14:47:30,31003
25402,2023-02-12 12:22:50,31004
25403,2022-05-10 16:59:52,31005
25405,2021-11-25 09:05:00,31007
25406,2020-02-23 15:28:36,31008
25407,2022-12-08 16:42:05,31009
25408,2022-12-25 17:03:43,31010
25409,2021-12-26 10:14:07,31011
25410,2022-09-01 10:18:52,31012
25411,2020-06-08 10:17:46,31013
25412,2021-05-11 11:39:11,31014
25413,2021-06-04 17:58:02,31015
25416,2021-12-13 10:34:56,31018
25417,2023-04-28 13:49:02,31019
25418,2022-12-09 18:48:37,31020
25420,2021-12-05 15:24:58,31022
25421,2023-12-28 15:38:48,31023
25422,2023-12-25 12:44:40,31024
25423,2021-07-26 15:00:28,31025
25424,2023-11-22 17:51:56,31026
25425,2020-10-20 18:03:10,31027
25426,2022-02-09 08:34:48,31028
25428,2021-04-08 11:57:25,31030
25429,2023-04-05 17:00:20,31031
25430,2022-03-17 11:36:24,31032
25431,2020-11-08 11:17:02,31033
25432,2021-04-15 11:01:41,31034
25433,2020-12-01 14:19:40,31035
25434,2023-09-06 12:28:54,31036
25435,2020-11-12 15:05:14,31037
25436,2022-01-08 15:29:39,31038
25437,2022-02-23 09:35:15,31039
25438,2020-05-09 14:50:53,31040
25439,2022-06-04 17:13:08,31041
25440,2020-09-20 16:03:16,31042
25442,2023-01-11 15:00:01,31044
25445,2021-09-19 15:01:39,31047
25446,2021-08-22 11:21:37,31048
25447,2022-05-03 13:23:07,31049
25448,2021-07-05 08:30:31,31050
25451,2022-08-10 13:27:41,31053
25454,2020-04-27 13:31:30,31056
25456,2021-12-24 15:31:56,31058
25457,2023-04-06 18:55:00,31059
25458,2022-04-19 12:29:17,31060
25459,2022-11-02 15:34:19,31061
25460,2021-08-12 12:35:20,31062
25461,2021-11-01 15:49:46,31063
25463,2023-03-05 08:56:58,31065
25465,2023-12-13 09:45:34,31067
25466,2021-12-10 17:26:08,31068
25467,2020-06-13 17:06:51,31069
25468,2020-09-15 15:27:45,31070
25469,2023-02-28 09:15:58,31071
25471,2023-11-26 16:24:49,31073
25472,2023-09-17 14:08:38,31074
25473,2022-03-21 16:32:30,31075
25475,2020-05-25 11:51:27,31077
25476,2020-04-10 16:08:45,31078
25477,2022-05-15 11:35:09,31079
25478,2023-12-02 14:25:19,31080
25479,2022-09-04 14:32:44,31081
25480,2022-02-11 12:39:30,31082
25481,2020-02-27 12:29:47,31083
25484,2023-02-19 12:00:02,31086
25485,2022-03-20 17:12:45,31087
25486,2020-04-26 16:26:19,31088
25487,2020-11-11 17:53:54,31089
25488,2021-09-09 17:00:13,31090
25489,2021-11-14 17:36:01,31091
25491,2023-02-14 14:42:45,31093
25493,2021-12-25 10:49:29,31095
25495,2022-10-19 12:26:38,31097
25496,2022-09-15 13:42:58,31098
25498,2022-01-21 16:06:59,31100
25499,2021-12-25 11:29:29,31101
25500,2023-09-02 13:27:22,31102
25501,2020-09-02 15:16:43,31103
25502,2023-09-01 12:23:12,31104
25504,2021-08-28 14:34:43,31106
25505,2023-10-23 11:28:19,31107
25507,2021-08-06 12:31:45,31109
25509,2023-08-12 12:20:43,31111
25513,2023-05-22 14:52:29,31115
25515,2022-07-16 11:12:14,31117
25517,2020-06-12 17:45:03,31119
25519,2023-10-28 12:25:40,31121
25520,2021-06-01 15:55:52,31122
25521,2023-11-20 10:40:26,31123
25522,2021-08-19 14:27:31,31124
25523,2020-03-07 11:34:59,31125
25524,2021-07-17 11:15:59,31126
25525,2021-07-09 14:14:26,31127
25528,2023-09-04 13:59:45,31130
25529,2021-06-12 08:25:50,31131
25530,2022-08-05 10:46:40,31132
25531,2021-04-07 14:25:27,31133
25532,2022-10-14 10:38:02,31134
25533,2020-05-26 16:08:11,31135
25534,2020-04-27 11:43:08,31136
25535,2021-03-11 13:48:42,31137
25536,2021-01-02 14:42:31,31138
25538,2020-02-24 12:17:31,31140
25540,2021-11-22 08:40:16,31142
25541,2023-06-21 11:23:24,31143
25542,2020-05-03 15:28:45,31144
25543,2023-06-09 18:40:02,31145
25545,2023-03-08 09:10:59,31147
25551,2021-08-14 11:53:00,31153
25552,2021-03-22 18:21:06,31154
25553,2021-07-28 08:27:55,31155
25554,2022-07-07 17:31:53,31156
25555,2022-03-07 17:06:47,31157
25557,2021-07-01 12:41:40,31159
25558,2023-08-22 14:35:37,31160
25559,2021-01-16 08:46:13,31161
25560,2020-01-16 09:05:13,31162
25561,2021-03-08 13:54:47,31163
25562,2022-10-27 18:21:11,31164
25563,2023-02-05 14:03:59,31165
25564,2021-03-28 16:23:03,31166
25565,2021-10-26 13:28:08,31167
25566,2022-06-19 15:21:22,31168
25568,2020-02-11 08:35:52,31170
25569,2023-05-20 11:31:18,31171
25571,2023-12-07 13:07:21,31173
25572,2023-11-10 11:58:37,31174
25573,2023-07-22 15:06:54,31175
25574,2022-02-05 16:28:38,31176
25575,2020-12-22 11:30:59,31177
25576,2021-07-16 14:04:39,31178
25578,2020-03-08 17:32:31,31180
25579,2020-07-26 12:40:56,31181
25580,2021-05-05 16:11:27,31182
25581,2020-08-06 17:29:24,31183
25584,2023-05-10 16:15:20,31186
25585,2020-10-05 18:14:08,31187
25586,2022-07-10 14:56:10,31188
25587,2021-07-20 16:19:12,31189
25588,2021-06-12 17:53:19,31190
25590,2022-12-27 11:06:57,31192
25593,2021-12-27 12:46:49,31195
25595,2023-04-03 11:19:08,31197
25597,2022-11-09 11:54:49,31199
25599,2021-05-10 15:08:47,31201
25603,2023-04-12 13:55:52,31205
25605,2022-06-07 09:50:30,31207
25606,2021-10-24 10:10:58,31208
25607,2020-05-08 16:58:26,31209
25608,2022-04-01 10:49:27,31210
25609,2021-03-03 11:00:15,31211
25610,2020-12-17 10:47:24,31212
25611,2023-01-04 10:38:24,31213
25612,2020-04-06 13:06:02,31214
25613,2021-11-07 17:20:35,31215
25614,2021-01-08 18:31:18,31216
25616,2023-09-08 17:57:39,31218
25617,2021-09-03 15:56:56,31219
25618,2021-08-23 14:31:49,31220
25619,2020-02-23 11:01:20,31221
25621,2021-07-05 14:19:37,31223
25622,2020-03-26 11:03:01,31224
25623,2023-11-20 16:04:53,31225
25624,2021-04-25 12:27:32,31226
25626,2020-06-10 08:35:25,31228
25627,2022-08-07 11:35:47,31229
25629,2023-02-13 14:30:50,31231
25630,2023-09-11 17:32:02,31232
25631,2022-03-13 09:13:10,31233
25633,2021-01-19 15:31:30,31235
25635,2020-05-19 09:50:48,31237
25636,2020-01-08 13:39:07,31238
25638,2020-08-18 11:03:29,31240
25639,2020-02-05 12:15:46,31241
25640,2020-03-13 15:02:32,31242
25641,2022-06-20 17:01:16,31243
25642,2023-05-23 15:00:02,31244
25644,2022-02-04 11:15:10,31246
25645,2023-03-24 13:18:10,31247
25646,2022-09-08 13:37:47,31248
25647,2022-03-03 15:14:56,31249
25648,2023-08-17 11:26:59,31250
25650,2023-01-15 09:36:39,31252
25651,2021-01-04 16:20:09,31253
25652,2022-07-04 15:33:43,31254
25653,2022-09-20 15:29:18,31255
25654,2021-06-08 15:15:40,31256
25655,2020-10-13 14:22:32,31257
25657,2023-03-17 14:08:05,31259
25659,2022-09-11 15:06:12,31261
25660,2023-03-15 15:47:28,31262
25661,2020-01-14 10:15:20,31263
25662,2020-11-04 12:09:36,31264
25665,2022-02-12 16:33:16,31267
25666,2021-09-09 14:40:43,31268
25667,2020-10-14 16:27:51,31269
25668,2021-09-04 10:22:57,31270
25669,2022-01-20 17:11:07,31271
25670,2020-11-27 18:08:12,31272
25673,2022-12-01 18:31:55,31275
25677,2022-12-25 12:28:44,31279
25679,2020-10-12 17:26:43,31281
25680,2022-08-28 17:30:02,31282
25681,2021-10-21 15:33:42,31283
25682,2020-03-25 14:18:18,31284
25683,2020-08-12 15:38:40,31285
25684,2022-08-17 13:31:15,31286
25685,2021-05-18 13:56:01,31287
25688,2023-01-12 09:05:09,31290
25689,2023-11-16 11:26:44,31291
25690,2021-04-14 12:21:08,31292
25691,2023-02-21 17:19:11,31293
25693,2020-10-14 18:19:25,31295
25694,2023-02-16 16:35:17,31296
25695,2022-03-21 15:30:36,31297
25696,2022-09-06 15:20:52,31298
25697,2023-12-09 14:41:54,31299
25699,2023-06-16 12:19:37,31301
25700,2020-12-21 12:22:35,31302
25701,2023-05-17 11:55:40,31303
25702,2021-07-19 16:11:32,31304
25703,2023-05-12 13:45:53,31305
25705,2021-07-28 16:03:42,31307
25706,2021-04-22 10:31:09,31308
25707,2021-08-02 13:00:37,31309
25708,2023-08-22 13:30:48,31310
25709,2023-03-26 14:15:09,31311
25710,2021-05-22 09:45:01,31312
25711,2020-06-08 13:55:26,31313
25712,2023-08-06 15:43:17,31314
25713,2023-03-28 09:45:22,31315
25714,2023-03-10 10:37:50,31316
25715,2021-01-08 12:28:00,31317
25716,2021-12-18 13:41:22,31318
25717,2022-03-04 10:35:18,31319
25718,2020-06-12 10:42:01,31320
25721,2023-06-07 09:28:44,31323
25722,2020-01-01 17:47:02,31324
25723,2023-10-02 16:57:29,31325
25724,2020-03-19 12:34:05,31326
25725,2023-07-06 12:38:00,31327
25726,2022-04-16 09:02:21,31328
25727,2023-08-19 10:54:57,31329
25728,2023-04-10 10:51:35,31330
25729,2022-11-10 15:25:56,31331
25730,2022-04-01 16:28:32,31332
25731,2021-01-18 12:29:29,31333
25735,2023-12-08 17:56:33,31337
25736,2022-10-11 17:52:08,31338
25737,2021-01-19 13:08:24,31339
25738,2022-12-15 14:21:00,31340
25739,2023-02-15 09:15:13,31341
25741,2020-05-18 12:10:45,31343
25742,2021-10-16 18:04:26,31344
25743,2021-09-26 12:02:04,31345
25744,2023-07-27 13:27:30,31346
25745,2020-02-16 12:49:30,31347
25746,2021-11-26 14:19:46,31348
25747,2023-07-14 18:00:14,31349
25749,2022-01-23 18:45:33,31351
25751,2020-05-20 13:40:31,31353
25752,2022-12-06 17:33:07,31354
25757,2022-08-27 18:43:19,31359
25758,2021-11-06 17:22:09,31360
25760,2021-06-05 14:08:36,31362
25761,2021-03-18 15:09:59,31363
25762,2022-07-24 16:32:12,31364
25766,2020-12-19 09:54:03,31368
25770,2022-08-02 13:57:28,31372
25771,2021-08-11 16:10:59,31373
25772,2022-06-08 15:33:47,31374
25777,2023-06-13 09:36:46,31379
25778,2020-07-15 10:34:40,31380
25779,2020-11-14 15:45:25,31381
25780,2022-02-28 11:13:46,31382
25782,2023-05-12 13:22:41,31384
25783,2023-08-04 11:02:26,31385
25784,2022-03-09 13:42:01,31386
25785,2022-10-15 16:46:11,31387
25786,2022-11-06 14:47:30,31388
25787,2020-10-26 09:47:48,31389
25788,2021-06-06 18:21:04,31390
25790,2022-12-26 15:32:11,31392
25791,2021-01-18 14:07:58,31393
25794,2022-07-11 08:55:01,31396
25796,2022-08-14 14:42:49,31398
25797,2021-03-03 14:55:35,31399
25798,2023-04-05 17:37:41,31400
25800,2021-06-08 14:39:59,31402
25803,2023-03-06 14:53:54,31405
25804,2021-09-02 14:22:52,31406
25805,2022-09-03 14:47:33,31407
25806,2022-04-15 09:46:33,31408
25807,2020-10-23 14:09:28,31409
25808,2023-01-09 17:16:50,31410
25809,2022-11-03 10:18:47,31411
25811,2021-08-28 10:05:15,31413
25812,2021-06-19 16:10:48,31414
25814,2020-02-27 14:11:44,31416
25815,2022-03-07 16:06:20,31417
25817,2020-03-13 12:43:20,31419
25818,2022-07-04 17:37:30,31420
25821,2023-08-17 16:12:46,31423
25823,2023-10-17 09:20:27,31425
25824,2020-04-28 13:38:52,31426
25825,2021-10-16 09:13:45,31427
25827,2022-10-11 11:33:03,31429
25828,2020-08-11 12:24:02,31430
25830,2023-03-15 09:02:54,31432
25831,2020-06-18 17:08:38,31433
25832,2021-03-02 13:32:29,31434
25833,2021-11-22 15:18:34,31435
25834,2020-11-10 13:43:06,31436
25835,2021-05-11 10:50:58,31437
25836,2022-09-28 17:04:26,31438
25837,2020-11-07 09:45:52,31439
25840,2021-08-25 16:04:39,31442
25844,2022-02-07 09:58:45,31446
25845,2022-01-20 16:39:43,31447
25846,2023-06-25 18:23:38,31448
25848,2020-01-09 15:50:33,31450
25849,2022-04-06 16:47:19,31451
25850,2023-05-01 18:01:32,31452
25851,2020-07-25 09:51:55,31453
25852,2023-12-14 09:39:44,31454
25853,2023-12-05 17:31:01,31455
25854,2022-04-03 14:11:52,31456
25855,2022-11-05 09:58:53,31457
25857,2020-02-15 09:59:31,31459
25858,2023-07-27 13:46:49,31460
25859,2022-06-03 15:49:08,31461
25860,2023-10-22 16:51:07,31462
25861,2021-07-11 09:49:07,31463
25862,2022-07-16 16:32:04,31464
25863,2022-06-17 14:20:38,31465
25865,2022-10-15 11:45:08,31467
25866,2023-01-22 11:16:49,31468
25867,2023-04-07 13:03:32,31469
25868,2023-11-24 17:54:39,31470
25872,2022-04-26 17:46:26,31474
25873,2021-02-19 14:30:45,31475
25874,2023-08-25 14:28:35,31476
25875,2020-08-08 17:02:09,31477
25876,2020-01-03 11:08:19,31478
25877,2021-12-04 09:02:17,31479
25879,2020-06-15 08:36:11,31481
25881,2020-06-10 16:28:19,31483
25882,2023-08-24 15:54:53,31484
25884,2023-11-26 09:44:45,31486
25885,2020-04-10 18:20:19,31487
25886,2020-11-20 18:52:35,31488
25887,2022-09-02 11:52:08,31489
25888,2021-07-05 13:46:32,31490
25889,2022-12-06 11:39:50,31491
25890,2023-06-22 12:27:00,31492
25891,2021-06-10 12:34:55,31493
25892,2020-09-14 12:38:33,31494
25894,2020-10-28 17:45:06,31496
25896,2020-10-02 10:47:23,31498
25897,2020-06-17 10:40:32,31499
25898,2023-02-07 14:43:24,31500
25899,2023-10-11 14:21:15,31501
25900,2020-08-09 12:25:05,31502
25901,2020-06-23 10:07:01,31503
25903,2023-02-24 18:37:51,31505
25904,2021-04-16 11:30:24,31506
25907,2021-07-20 16:35:50,31509
25908,2023-08-19 14:38:42,31510
25909,2022-03-03 16:59:28,31511
25910,2022-07-18 13:32:47,31512
25913,2022-05-03 13:05:04,31515
25916,2021-07-19 14:49:57,31518
25918,2023-06-21 14:32:26,31520
25919,2023-10-10 08:59:13,31521
25920,2020-07-24 17:59:15,31522
25921,2022-01-05 12:29:40,31523
25922,2021-05-07 14:16:52,31524
25924,2022-03-26 11:31:08,31526
25926,2021-04-23 11:41:34,31528
25927,2022-04-26 16:54:06,31529
25928,2022-05-04 10:40:31,31530
25929,2022-06-12 11:44:17,31531
25930,2022-10-23 11:47:17,31532
25931,2020-04-18 18:07:04,31533
25932,2022-10-04 12:37:04,31534
25933,2023-01-18 15:49:56,31535
25934,2023-03-26 11:21:42,31536
25935,2022-01-02 12:26:47,31537
25936,2021-06-08 08:36:36,31538
25937,2023-11-25 17:49:03,31539
25940,2020-01-01 10:39:25,31542
25941,2021-03-14 14:11:20,31543
25943,2021-01-10 13:18:23,31545
25945,2022-05-03 12:18:20,31547
25947,2021-02-16 11:24:31,31549
25948,2022-04-12 17:00:01,31550
25949,2022-10-25 18:06:00,31551
25950,2020-08-21 16:18:50,31552
25952,2022-12-20 17:41:07,31554
25953,2022-05-14 17:09:17,31555
25954,2022-09-08 09:28:05,31556
25955,2023-11-04 17:33:07,31557
25956,2021-12-07 08:24:08,31558
25957,2022-10-02 13:04:38,31559
25959,2022-07-01 13:15:18,31561
25960,2020-11-17 12:57:42,31562
25964,2021-03-19 13:41:11,31566
25966,2022-04-04 14:31:23,31568
25968,2021-03-19 11:28:39,31570
25969,2022-03-10 18:12:46,31571
25970,2020-01-21 10:58:44,31572
25974,2022-12-08 09:15:13,31576
25975,2020-05-21 14:15:10,31577
25977,2020-08-19 16:25:48,31579
25978,2022-02-23 12:48:29,31580
25979,2022-04-19 10:28:04,31581
25980,2023-08-12 11:12:14,31582
25981,2023-12-02 12:33:16,31583
25983,2021-10-07 09:35:03,31585
25985,2023-10-26 14:33:43,31587
25987,2022-08-14 11:45:43,31589
25988,2021-11-06 13:39:39,31590
25989,2021-07-17 15:34:30,31591
25991,2021-09-12 16:49:46,31593
25992,2023-07-06 14:28:18,31594
25993,2023-03-02 13:17:22,31595
25994,2023-09-09 12:48:39,31596
25996,2022-06-09 11:04:54,31598
25997,2023-11-05 12:37:58,31599
25998,2023-10-25 12:15:25,31600
25999,2022-01-04 14:19:54,31601
26000,2020-07-07 10:25:01,31602
26001,2020-04-21 09:32:26,31603
26002,2021-06-01 08:39:27,31604
26003,2020-12-10 11:44:20,31605
26004,2022-01-15 16:23:00,31606
26005,2020-02-25 12:22:53,31607
26006,2022-04-09 11:41:40,31608
26007,2023-11-12 11:55:54,31609
26010,2023-08-07 09:48:48,31612
26014,2022-09-23 10:28:32,31616
26018,2023-11-20 12:02:00,31620
26020,2023-08-07 16:43:35,31622
26021,2021-12-09 15:35:07,31623
26022,2023-10-11 12:40:29,31624
26024,2023-12-10 10:10:25,31626
26025,2023-09-19 12:36:24,31627
26026,2020-05-19 14:27:10,31628
26027,2022-06-05 15:06:05,31629
26028,2022-02-16 13:00:12,31630
26029,2020-12-26 09:33:05,31631
26032,2023-02-13 14:20:54,31634
26034,2020-06-20 10:14:26,31636
26037,2020-05-26 18:11:52,31639
26038,2022-10-06 18:44:52,31640
26039,2021-03-13 18:09:52,31641
26040,2020-03-15 16:28:43,31642
26042,2021-02-24 14:12:15,31644
26043,2022-06-15 10:30:19,31645
26044,2022-07-17 12:30:43,31646
26045,2020-11-20 16:26:00,31647
26047,2020-04-14 17:11:03,31649
26048,2022-10-13 16:29:26,31650
26049,2020-12-12 15:25:43,31651
26050,2023-12-05 13:57:19,31652
26051,2021-12-02 10:14:12,31653
26052,2020-01-05 12:21:01,31654
26054,2020-02-09 13:34:43,31656
26055,2020-07-15 14:42:08,31657
26056,2020-09-25 11:40:56,31658
26058,2022-02-08 11:40:36,31660
26059,2023-06-04 15:11:12,31661
26064,2021-09-15 15:18:53,31666
26067,2022-07-03 17:20:09,31669
26068,2020-08-10 09:28:44,31670
26069,2020-09-10 18:07:14,31671
26070,2021-09-27 17:30:48,31672
26073,2022-04-23 09:45:38,31675
26074,2022-08-19 09:27:49,31676
26075,2023-12-15 11:49:39,31677
26078,2023-05-21 12:30:57,31680
26079,2023-07-03 14:59:43,31681
26081,2022-01-19 15:35:45,31683
26082,2021-03-27 10:18:31,31684
26087,2023-09-11 10:43:18,31689
26088,2020-10-27 17:15:13,31690
26090,2022-11-07 14:04:05,31692
26092,2023-04-13 15:58:28,31694
26093,2021-12-23 15:07:55,31695
26094,2021-02-01 15:53:48,31696
26095,2022-03-09 14:39:39,31697
26096,2023-03-07 12:41:06,31698
26101,2021-07-21 11:38:05,31703
26102,2023-01-01 11:21:18,31704
26103,2023-05-11 08:41:34,31705
26105,2020-04-04 14:05:54,31707
26107,2023-12-09 12:52:21,31709
26108,2023-12-18 17:39:08,31710
26109,2023-04-02 16:28:17,31711
26110,2022-03-24 10:17:33,31712
26112,2021-06-19 12:14:11,31714
26114,2023-03-11 10:14:21,31716
26115,2021-12-26 12:36:30,31717
26116,2022-01-17 17:49:09,31718
26117,2021-03-08 15:38:48,31719
26119,2021-06-23 15:52:35,31721
26122,2020-07-22 09:38:40,31724
26124,2023-03-20 13:16:27,31726
26126,2021-02-17 15:37:11,31728
26127,2021-04-22 14:16:19,31729
26128,2021-07-06 18:01:02,31730
26129,2020-02-16 10:50:54,31731
26130,2020-05-07 08:50:19,31732
26131,2021-11-05 08:47:07,31733
26132,2022-06-17 16:38:26,31734
26134,2021-01-16 09:49:56,31736
26135,2021-05-17 18:16:14,31737
26136,2021-03-18 17:48:00,31738
26137,2021-07-10 18:04:32,31739
26138,2020-02-14 16:47:04,31740
26141,2023-01-06 15:43:04,31743
26143,2023-11-20 17:39:57,31745
26148,2020-03-23 12:25:39,31750
26151,2023-08-09 11:45:09,31753
26152,2022-02-26 11:13:40,31754
26153,2023-03-16 10:18:31,31755
26154,2021-06-22 10:13:16,31756
26155,2021-04-12 16:17:42,31757
26156,2023-02-22 09:30:58,31758
26157,2020-01-09 17:38:21,31759
26158,2020-12-12 08:21:59,31760
26161,2021-12-08 13:26:55,31763
26163,2022-05-26 11:00:00,31765
26164,2023-07-16 12:22:56,31766
26165,2020-08-06 08:45:56,31767
26166,2021-04-24 18:14:13,31768
26167,2021-07-06 12:48:00,31769
26168,2020-04-21 16:05:59,31770
26169,2021-01-08 14:46:52,31771
26170,2022-06-11 10:51:10,31772
26171,2021-02-23 14:56:18,31773
26172,2023-05-06 09:49:28,31774
26175,2021-08-10 09:55:48,31777
26177,2021-01-07 15:21:07,31779
26178,2023-09-15 16:36:18,31780
26180,2020-12-03 13:52:24,31782
26182,2022-10-20 09:43:16,31784
26184,2023-01-03 10:41:52,31786
26187,2021-04-05 18:17:49,31789
26192,2021-02-12 16:58:18,31794
26193,2020-02-26 13:20:50,31795
26195,2023-10-01 10:31:40,31797
26204,2020-09-15 10:20:57,31806
26205,2023-09-28 13:02:52,31807
26206,2020-04-24 17:25:17,31808
26211,2021-09-26 10:42:06,31813
26212,2022-03-24 15:43:46,31814
26213,2023-09-26 18:47:51,31815
26215,2020-03-12 15:17:01,31817
26217,2020-09-07 08:41:59,31819
26218,2021-10-06 09:41:16,31820
26220,2023-08-06 14:09:34,31822
26222,2021-09-22 13:58:12,31824
26223,2022-09-15 12:10:06,31825
26224,2023-11-18 14:19:44,31826
26226,2022-04-19 10:10:37,31828
26227,2023-08-12 12:10:13,31829
26228,2020-07-11 09:32:06,31830
26229,2023-03-04 11:35:44,31831
26230,2020-12-06 18:41:30,31832
26231,2021-11-14 11:52:06,31833
26232,2020-04-07 13:41:23,31834
26233,2020-01-08 13:18:35,31835
26234,2023-04-22 10:55:20,31836
26238,2022-01-17 15:35:52,31840
26239,2021-08-01 10:24:01,31841
26240,2021-10-04 14:53:11,31842
26241,2023-11-26 17:17:27,31843
26242,2021-08-20 17:07:17,31844
26243,2021-05-10 11:14:17,31845
26244,2021-08-28 13:41:48,31846
26246,2023-10-27 13:57:44,31848
26247,2021-01-13 11:38:54,31849
26249,2023-02-27 13:10:13,31851
26250,2023-03-11 10:06:48,31852
26251,2022-07-19 12:13:21,31853
26252,2021-06-08 12:47:30,31854
26254,2020-03-19 09:29:45,31856
26257,2020-12-19 10:35:16,31859
26258,2021-11-05 13:07:09,31860
26259,2023-12-20 14:12:22,31861
26260,2020-09-19 11:35:51,31862
26261,2021-12-21 18:07:51,31863
26262,2020-01-02 13:25:19,31864
26265,2022-01-03 11:59:42,31867
26266,2022-02-09 13:47:00,31868
26268,2020-06-19 17:42:16,31870
26269,2020-06-20 12:06:15,31871
26270,2022-02-22 16:56:13,31872
26272,2021-09-20 10:16:10,31874
26273,2022-11-16 14:47:12,31875
26275,2021-11-09 12:06:51,31877
26276,2022-04-18 08:18:39,31878
26278,2023-03-10 14:27:00,31880
26281,2023-11-03 12:35:27,31883
26284,2022-03-13 18:18:08,31886
26285,2023-08-13 17:03:43,31887
26288,2020-12-12 10:03:27,31890
26290,2021-08-05 17:21:19,31892
26291,2021-08-13 08:06:29,31893
26292,2020-10-14 10:29:21,31894
26293,2022-05-01 17:25:19,31895
26294,2022-01-03 18:06:40,31896
26295,2020-04-11 13:42:51,31897
26296,2020-05-14 17:49:00,31898
26297,2023-04-25 18:33:19,31899
26298,2021-03-20 18:03:07,31900
26301,2021-12-10 17:51:56,31903
26304,2022-08-07 11:53:44,31906
26305,2021-03-12 11:04:23,31907
26307,2021-06-22 11:01:32,31909
26308,2023-08-04 10:47:21,31910
26309,2021-02-21 10:32:56,31911
26310,2022-05-04 09:32:35,31912
26312,2022-04-22 11:11:46,31914
26314,2021-11-05 16:50:45,31916
26315,2021-05-01 11:14:55,31917
26316,2021-07-24 14:29:05,31918
26317,2021-07-23 17:13:29,31919
26319,2021-08-26 11:55:35,31921
26320,2020-11-21 17:00:33,31922
26321,2023-03-11 16:57:43,31923
26322,2022-03-10 12:17:35,31924
26323,2022-07-09 18:13:04,31925
26324,2021-09-07 11:50:39,31926
26325,2020-05-09 15:17:04,31927
26326,2021-09-14 14:52:04,31928
26329,2023-06-26 10:02:14,31931
26330,2020-02-12 13:47:23,31932
26331,2020-09-21 17:21:10,31933
26332,2021-03-18 16:29:47,31934
26334,2021-02-26 11:38:01,31936
26335,2022-02-12 13:32:12,31937
26336,2023-02-25 17:41:00,31938
26337,2021-09-14 09:32:28,31939
26338,2022-11-14 10:24:51,31940
26339,2023-01-13 13:38:00,31941
26341,2020-02-17 16:20:38,31943
26344,2022-02-09 17:00:03,31946
26345,2020-08-13 09:48:56,31947
26346,2020-12-24 09:29:34,31948
26347,2023-02-02 10:15:42,31949
26348,2021-12-16 17:37:33,31950
26349,2020-10-17 12:43:27,31951
26351,2022-03-18 15:42:05,31953
26353,2022-03-24 10:52:49,31955
26354,2023-09-08 15:23:34,31956
26355,2023-06-05 10:45:13,31957
26356,2020-06-06 15:43:01,31958
26358,2020-04-02 09:06:15,31960
26359,2021-11-16 14:53:08,31961
26360,2023-07-03 11:08:15,31962
26361,2020-12-11 12:31:59,31963
26362,2021-03-19 18:00:48,31964
26363,2022-12-27 17:40:34,31965
26366,2020-11-22 14:50:12,31968
26367,2020-08-06 09:56:52,31969
26368,2020-07-09 16:40:02,31970
26369,2020-04-16 09:41:57,31971
26370,2020-07-23 14:15:13,31972
26371,2021-09-15 13:35:36,31973
26372,2020-03-14 12:04:51,31974
26373,2023-07-22 11:49:11,31975
26374,2021-10-13 18:33:21,31976
26376,2022-05-07 12:22:14,31978
26377,2022-07-14 16:30:38,31979
26378,2022-01-15 16:45:21,31980
26380,2023-08-28 10:34:23,31982
26381,2023-06-19 18:45:44,31983
26382,2021-09-11 10:54:43,31984
26383,2020-09-21 09:20:25,31985
26384,2020-07-11 13:51:17,31986
26385,2021-03-06 16:37:02,31987
26388,2021-10-04 14:13:32,31990
26389,2022-04-22 15:36:15,31991
26390,2022-07-22 16:59:27,31992
26391,2020-04-18 11:31:40,31993
26392,2020-09-14 10:52:27,31994
26393,2022-06-22 12:00:19,31995
26394,2023-01-08 10:16:14,31996
26395,2022-09-09 13:23:44,31997
26396,2020-04-13 16:35:19,31998
26397,2020-05-05 13:38:36,31999
26400,2022-12-13 10:34:28,32002
26401,2021-11-18 11:52:12,32003
26402,2020-03-26 15:05:20,32004
26403,2021-12-17 14:52:27,32005
26404,2021-10-05 10:34:52,32006
26405,2021-08-26 15:32:24,32007
26406,2021-07-05 09:27:07,32008
26408,2021-09-20 17:35:47,32010
26410,2021-11-08 13:03:40,32012
26411,2023-02-28 15:38:30,32013
26413,2020-05-05 10:37:02,32015
26415,2022-12-03 12:16:28,32017
26416,2023-09-24 16:45:47,32018
26417,2023-02-20 11:30:15,32019
26418,2021-07-21 08:22:42,32020
26420,2020-04-05 09:47:53,32022
26422,2020-09-12 11:14:14,32024
26423,2021-01-18 14:51:16,32025
26424,2022-04-28 15:54:53,32026
26425,2022-11-27 10:40:41,32027
26426,2020-04-10 17:48:14,32028
26427,2022-02-24 16:29:26,32029
26428,2021-09-06 16:16:22,32030
26430,2022-03-17 16:16:58,32032
26431,2021-11-21 11:51:31,32033
26432,2023-08-01 09:19:56,32034
26434,2022-12-25 10:32:20,32036
26435,2020-11-01 13:53:25,32037
26437,2020-10-20 13:12:13,32039
26438,2023-06-19 12:01:23,32040
26439,2023-07-12 16:42:19,32041
26441,2022-12-28 17:40:37,32043
26442,2020-07-15 12:44:43,32044
26443,2022-08-22 11:44:20,32045
26444,2020-06-19 18:13:27,32046
26445,2023-07-26 13:19:49,32047
26446,2021-12-24 11:51:37,32048
26447,2023-08-18 09:27:18,32049
26448,2020-04-15 10:59:43,32050
26449,2021-04-21 14:08:35,32051
26450,2021-05-21 15:22:23,32052
26451,2021-03-01 17:32:11,32053
26453,2021-05-14 10:30:47,32055
26454,2022-10-14 17:25:52,32056
26455,2020-03-07 14:53:01,32057
26456,2023-02-25 17:20:17,32058
26457,2020-04-05 14:35:15,32059
26459,2023-06-10 18:23:24,32061
26460,2020-03-26 13:09:17,32062
26461,2023-07-21 13:43:03,32063
26462,2022-08-06 09:04:07,32064
26463,2021-01-25 13:06:12,32065
26465,2023-04-15 16:00:20,32067
26466,2020-03-07 09:10:54,32068
26467,2023-10-14 16:50:41,32069
26468,2020-10-14 13:53:37,32070
26469,2021-04-06 15:51:21,32071
26471,2020-05-23 11:26:52,32073
26472,2023-12-04 12:35:11,32074
26474,2020-06-17 08:41:15,32076
26475,2022-05-19 09:16:26,32077
26477,2020-10-07 18:32:40,32079
26478,2021-01-08 10:07:13,32080
26479,2023-03-16 17:46:08,32081
26480,2020-08-05 16:18:00,32082
26481,2020-09-25 14:06:57,32083
26482,2020-02-08 16:19:39,32084
26483,2021-10-17 10:25:49,32085
26484,2021-08-18 16:08:46,32086
26485,2021-07-08 16:51:24,32087
26486,2020-02-16 18:39:20,32088
26487,2023-10-01 11:22:35,32089
26488,2023-12-20 15:18:52,32090
26489,2023-11-15 18:15:12,32091
26490,2021-02-15 12:10:10,32092
26491,2023-07-08 12:59:43,32093
26492,2023-09-09 14:22:04,32094
26494,2021-10-22 13:01:34,32096
26496,2023-07-18 15:34:52,32098
26497,2021-08-25 11:02:11,32099
26499,2020-01-01 13:43:11,32101
26500,2021-12-27 13:15:10,32102
26501,2021-05-05 16:25:48,32103
26503,2021-03-27 10:33:19,32105
26504,2023-01-12 13:48:40,32106
26507,2020-04-28 09:04:08,32109
26509,2020-05-05 13:24:16,32111
26510,2021-10-21 09:50:03,32112
26511,2021-10-09 17:06:54,32113
26512,2020-07-15 16:29:08,32114
26514,2022-03-26 13:21:50,32116
26515,2023-06-02 11:53:17,32117
26518,2023-08-04 13:40:03,32120
26520,2022-03-06 13:45:38,32122
26522,2022-02-07 14:39:38,32124
26524,2023-10-17 17:53:45,32126
26525,2022-04-19 13:17:44,32127
26526,2023-01-04 11:46:02,32128
26527,2023-11-07 11:28:34,32129
26528,2023-10-22 12:58:06,32130
26529,2022-02-19 12:12:51,32131
26531,2020-01-23 13:15:19,32133
26533,2021-09-15 13:14:49,32135
26536,2023-03-04 17:14:16,32138
26537,2023-06-12 17:46:21,32139
26538,2020-02-23 10:40:02,32140
26539,2020-02-28 15:48:05,32141
26543,2021-04-21 10:51:44,32145
26545,2020-02-06 10:41:02,32147
26546,2022-09-25 14:15:08,32148
26547,2020-02-27 12:14:13,32149
26548,2023-09-14 10:50:46,32150
26549,2023-08-03 16:04:43,32151
26550,2020-09-09 15:21:38,32152
26551,2023-03-23 12:29:26,32153
26557,2020-01-10 10:15:28,32159
26558,2022-06-04 11:11:45,32160
26559,2023-04-09 09:22:09,32161
26560,2021-02-04 09:34:32,32162
26561,2022-01-23 13:47:35,32163
26562,2021-07-27 09:16:14,32164
26563,2020-03-14 09:03:42,32165
26566,2023-02-16 15:46:46,32168
26569,2023-09-26 15:02:28,32171
26570,2021-04-13 15:45:45,32172
26576,2021-12-02 12:27:58,32178
26578,2022-09-26 17:41:20,32180
26580,2021-01-27 13:20:00,32182
26581,2021-02-25 14:37:03,32183
26583,2023-12-03 10:39:55,32185
26584,2022-12-04 11:51:07,32186
26586,2021-03-09 10:52:35,32188
26587,2020-10-26 18:36:49,32189
26588,2023-07-04 13:21:45,32190
26589,2020-03-01 17:36:47,32191
26590,2022-03-14 13:45:32,32192
26592,2021-01-17 17:17:39,32194
26593,2022-07-01 15:17:55,32195
26595,2021-03-04 11:56:47,32197
26596,2020-10-01 13:56:55,32198
26597,2022-02-08 14:31:50,32199
26599,2021-06-21 14:22:31,32201
26602,2023-07-02 14:14:33,32204
26603,2023-08-24 09:00:06,32205
26605,2022-12-05 18:01:54,32207
26608,2021-11-08 09:47:29,32210
26609,2023-06-13 12:17:14,32211
26610,2023-02-25 13:35:16,32212
26612,2022-09-20 10:32:05,32214
26613,2022-01-14 18:23:49,32215
26614,2020-01-13 13:04:31,32216
26615,2021-09-26 15:10:30,32217
26616,2020-03-19 12:58:45,32218
26617,2021-11-22 12:17:22,32219
26618,2022-12-20 14:49:27,32220
26619,2023-08-17 18:35:51,32221
26620,2021-01-21 17:56:01,32222
26623,2022-08-14 12:42:32,32225
26624,2020-04-28 13:43:10,32226
26625,2022-11-24 18:05:19,32227
26628,2022-03-07 09:50:08,32230
26629,2023-07-11 11:35:05,32231
26630,2020-11-13 17:53:25,32232
26632,2023-07-26 12:32:51,32234
26633,2022-11-05 10:20:05,32235
26634,2022-05-04 12:16:19,32236
26635,2021-04-11 11:49:17,32237
26637,2022-03-19 11:21:59,32239
26639,2021-12-21 18:15:09,32241
26640,2020-10-05 15:51:58,32242
26641,2023-08-18 10:53:14,32243
26643,2023-01-13 12:35:32,32245
26644,2022-08-15 17:23:15,32246
26647,2022-05-17 18:11:52,32249
26648,2021-08-27 16:23:42,32250
26649,2020-12-25 10:52:52,32251
26650,2023-02-12 14:50:11,32252
26651,2021-04-14 17:04:33,32253
26652,2020-12-25 09:48:19,32254
26653,2020-06-20 11:42:04,32255
26654,2020-05-26 12:14:53,32256
26658,2023-07-20 14:36:03,32260
26660,2020-10-01 16:29:02,32262
26662,2023-05-20 13:54:48,32264
26663,2023-12-06 18:22:19,32265
26664,2020-03-22 15:23:45,32266
26665,2020-03-20 17:14:04,32267
26666,2022-08-26 13:24:54,32268
26667,2021-09-13 12:18:07,32269
26668,2020-06-16 17:59:26,32270
26669,2023-04-25 13:55:14,32271
26671,2022-12-06 11:24:59,32273
26672,2022-10-16 12:04:32,32274
26673,2021-02-10 18:00:17,32275
26674,2020-03-28 16:27:39,32276
26675,2023-05-16 13:14:23,32277
26677,2022-11-28 09:15:52,32279
26678,2022-02-07 13:18:00,32280
26681,2020-11-10 10:40:42,32283
26682,2021-07-22 12:26:21,32284
26683,2022-07-24 09:04:24,32285
26684,2022-10-25 10:13:26,32286
26685,2023-07-24 14:41:13,32287
26687,2020-04-22 08:39:28,32289
26692,2020-10-14 12:27:03,32294
26695,2021-11-27 17:31:21,32297
26696,2020-08-06 11:37:55,32298
26699,2021-04-18 09:13:19,32301
26703,2020-11-03 10:45:55,32305
26704,2021-05-22 08:56:52,32306
26705,2023-01-17 12:41:46,32307
26706,2021-02-08 18:10:01,32308
26707,2022-10-13 14:54:35,32309
26708,2023-03-08 10:18:28,32310
26709,2020-07-09 14:57:51,32311
26710,2023-10-23 11:20:49,32312
26711,2021-04-04 11:46:42,32313
26713,2022-02-12 08:37:34,32315
26714,2023-09-22 08:51:02,32316
26715,2022-07-08 10:35:45,32317
26717,2022-08-02 17:15:37,32319
26719,2023-11-27 13:17:42,32321
26720,2021-02-22 18:11:35,32322
26721,2020-07-10 09:58:17,32323
26723,2020-10-14 10:45:24,32325
26724,2021-09-17 17:19:29,32326
26725,2021-05-26 12:46:45,32327
26726,2021-04-04 16:02:01,32328
26729,2020-12-13 16:01:33,32331
26730,2023-01-12 17:35:07,32332
26732,2022-04-04 14:35:41,32334
26733,2023-01-23 16:53:45,32335
26734,2023-09-17 17:22:23,32336
26735,2020-04-22 10:39:29,32337
26737,2023-02-12 11:31:48,32339
26739,2022-11-21 09:56:33,32341
26740,2023-02-18 16:07:57,32342
26744,2022-02-27 11:08:37,32346
26745,2020-06-18 12:49:37,32347
26747,2020-10-09 10:52:33,32349
26748,2020-07-20 17:39:19,32350
26749,2020-08-07 18:11:56,32351
26750,2022-06-01 17:09:46,32352
26751,2023-12-27 12:42:17,32353
26752,2023-02-19 17:03:24,32354
26753,2023-09-07 17:54:35,32355
26754,2021-05-09 16:00:29,32356
26755,2022-02-25 12:04:23,32357
26757,2022-07-14 16:03:15,32359
26758,2020-09-01 16:18:59,32360
26760,2021-03-08 10:35:25,32362
26761,2023-01-15 18:33:05,32363
26762,2020-01-09 09:06:38,32364
26764,2021-01-09 16:36:57,32366
26766,2020-07-18 14:57:15,32368
26767,2022-12-02 17:46:40,32369
26768,2020-06-08 17:46:01,32370
26770,2021-02-07 15:58:43,32372
26771,2020-03-27 18:19:22,32373
26772,2020-12-04 16:05:21,32374
26773,2020-02-17 18:11:18,32375
26774,2022-08-15 10:16:19,32376
26775,2021-02-13 11:13:26,32377
26776,2023-04-22 14:49:25,32378
26777,2023-09-07 10:22:49,32379
26778,2023-09-03 18:21:46,32380
26779,2021-11-07 13:18:13,32381
26780,2021-08-26 16:15:26,32382
26781,2021-01-03 13:08:21,32383
26782,2023-08-23 18:29:48,32384
26783,2021-10-16 08:32:03,32385
26784,2020-07-16 16:14:59,32386
26785,2021-11-22 10:10:27,32387
26787,2023-04-25 10:18:43,32389
26789,2020-05-23 12:12:05,32391
26791,2022-10-03 13:06:02,32393
26792,2020-09-02 18:15:39,32394
26793,2023-06-06 17:40:40,32395
26794,2020-05-14 10:08:21,32396
26796,2023-02-08 17:17:25,32398
26797,2021-12-12 17:47:11,32399
26798,2023-07-21 14:55:35,32400
26800,2022-07-22 09:33:26,32402
26801,2020-11-18 17:50:05,32403
26803,2022-01-12 12:33:49,32405
26805,2022-04-23 16:37:37,32407
26806,2023-08-26 14:06:53,32408
26810,2020-12-28 08:22:09,32412
26812,2021-01-08 11:02:30,32414
26813,2023-09-10 18:12:05,32415
26814,2020-09-20 09:32:35,32416
26816,2020-07-21 12:58:19,32418
26817,2020-07-19 14:25:24,32419
26818,2022-09-03 12:05:10,32420
26820,2020-07-04 14:30:25,32422
26821,2023-09-16 08:36:25,32423
26822,2023-08-18 10:42:58,32424
26823,2020-03-04 10:00:58,32425
26824,2020-11-27 13:39:32,32426
26825,2022-01-01 09:11:00,32427
26826,2023-12-10 10:12:02,32428
26827,2023-02-09 10:57:00,32429
26828,2020-09-22 10:35:21,32430
26829,2022-08-25 10:14:32,32431
26830,2022-06-20 18:02:20,32432
26831,2020-06-23 12:01:03,32433
26832,2023-01-08 09:36:42,32434
26834,2022-12-23 13:52:25,32436
26835,2022-08-26 09:19:26,32437
26836,2020-08-07 15:20:29,32438
26837,2020-01-08 09:53:15,32439
26838,2021-06-23 10:49:07,32440
26839,2023-06-20 18:06:41,32441
26840,2021-06-15 10:04:31,32442
26842,2023-08-10 12:56:19,32444
26843,2022-06-26 17:21:36,32445
26844,2021-10-03 12:45:45,32446
26845,2022-10-13 12:49:49,32447
26846,2021-07-13 16:11:49,32448
26848,2020-03-19 11:21:23,32450
26849,2023-06-17 16:34:18,32451
26850,2022-05-17 17:10:14,32452
26851,2020-10-05 15:14:55,32453
26852,2022-10-12 17:01:03,32454
26854,2023-11-18 15:00:20,32456
26856,2022-02-13 09:12:31,32458
26857,2021-05-25 11:20:49,32459
26858,2021-04-19 11:04:09,32460
26859,2022-12-24 17:22:43,32461
26863,2021-11-18 12:19:42,32465
26866,2022-02-05 13:54:18,32468
26868,2020-11-22 11:11:08,32470
26869,2022-06-04 10:54:27,32471
26870,2023-11-28 17:20:17,32472
26873,2022-06-24 18:16:00,32475
26875,2021-08-07 18:23:57,32477
26876,2020-01-11 16:42:15,32478
26877,2022-05-08 17:32:40,32479
26878,2020-05-19 16:36:38,32480
26879,2022-02-21 13:10:09,32481
26880,2022-06-03 10:35:52,32482
26881,2022-11-24 13:09:39,32483
26882,2021-12-25 10:29:41,32484
26885,2020-03-24 13:02:49,32487
26886,2022-03-08 17:10:14,32488
26887,2022-04-12 16:33:29,32489
26894,2021-02-11 15:31:22,32496
26895,2021-10-10 13:51:42,32497
26897,2023-09-05 10:53:58,32499
26899,2022-10-27 10:13:58,32501
26900,2022-02-27 17:05:38,32502
26901,2020-02-01 12:32:01,32503
26902,2023-05-05 12:03:51,32504
26903,2020-07-01 09:06:25,32505
26904,2023-11-05 17:11:18,32506
26906,2022-09-28 15:56:13,32508
26907,2020-12-23 10:23:39,32509
26909,2023-01-11 08:34:42,32511
26911,2020-07-12 12:29:29,32513
26913,2020-03-04 10:32:33,32515
26914,2020-02-11 14:41:14,32516
26915,2020-11-28 13:11:36,32517
26917,2021-06-18 09:57:17,32519
26918,2023-03-23 10:30:40,32520
26919,2021-10-19 09:55:41,32521
26920,2022-07-19 09:44:15,32522
26922,2022-01-28 13:14:32,32524
26923,2022-03-23 10:29:21,32525
26924,2021-02-10 11:36:22,32526
26925,2021-11-19 13:41:35,32527
26926,2020-02-27 09:48:22,32528
26930,2021-04-15 11:22:54,32532
26931,2020-11-14 09:30:25,32533
26932,2022-10-10 10:32:22,32534
26934,2023-04-02 11:29:00,32536
26935,2021-03-18 09:08:22,32537
26937,2023-05-27 10:43:44,32539
26938,2023-07-16 15:56:15,32540
26941,2020-03-26 12:40:42,32543
26942,2021-06-13 14:41:30,32544
26945,2020-07-27 16:15:50,32547
26946,2022-05-01 13:11:45,32548
26948,2021-09-23 18:19:54,32550
26949,2021-01-28 15:58:24,32551
26950,2023-05-03 14:07:38,32552
26951,2020-07-11 11:14:17,32553
26952,2022-01-06 13:54:57,32554
26953,2021-08-10 13:50:17,32555
26954,2022-06-18 10:23:22,32556
26955,2021-12-20 15:27:08,32557
26956,2022-11-18 17:25:59,32558
26957,2020-05-26 17:23:54,32559
26958,2022-05-03 12:08:06,32560
26959,2022-07-21 14:17:55,32561
26961,2020-01-08 14:18:35,32563
26962,2020-10-16 16:05:03,32564
26963,2021-05-08 11:25:37,32565
26964,2020-06-05 10:26:40,32566
26965,2020-11-21 18:04:12,32567
26966,2020-09-22 11:28:38,32568
26967,2021-07-06 12:28:46,32569
26968,2021-06-27 11:20:29,32570
26969,2020-03-13 16:22:59,32571
26970,2020-08-10 08:59:49,32572
26971,2020-07-22 18:26:09,32573
26973,2021-12-17 10:38:37,32575
26974,2022-01-27 15:40:49,32576
26975,2020-10-21 13:05:33,32577
26976,2021-06-09 16:28:14,32578
26980,2022-07-26 12:13:59,32582
26982,2020-06-26 18:20:49,32584
26983,2020-11-09 13:26:01,32585
26984,2022-06-15 14:57:02,32586
26985,2021-12-19 17:29:38,32587
26986,2020-01-04 13:26:19,32588
26988,2023-06-13 14:39:45,32590
26989,2021-01-03 12:04:31,32591
26991,2020-12-06 17:16:00,32593
26993,2023-12-14 11:44:08,32595
26994,2022-07-10 16:15:57,32596
26997,2020-11-10 10:12:47,32599
27000,2023-10-18 09:25:30,32602
27001,2020-03-09 12:01:54,32603
27002,2021-10-26 16:47:05,32604
27003,2022-08-06 16:56:20,32605
27009,2021-03-22 12:51:51,32611
27010,2020-12-16 15:34:11,32612
27011,2023-11-24 17:15:07,32613
27012,2022-10-09 18:21:29,32614
27013,2023-11-26 09:25:09,32615
27015,2023-07-16 16:35:31,32617
27017,2023-12-28 12:39:55,32619
27018,2021-06-19 18:19:18,32620
27019,2020-12-15 18:30:25,32621
27020,2021-05-23 16:15:31,32622
27022,2023-06-26 18:02:49,32624
27023,2021-07-12 10:26:31,32625
27024,2023-09-21 08:36:57,32626
27025,2020-06-01 18:41:33,32627
27026,2022-11-02 17:51:04,32628
27027,2020-07-04 09:45:58,32629
27028,2023-06-03 17:07:02,32630
27029,2023-01-27 12:25:45,32631
27030,2023-02-08 11:37:37,32632
27031,2020-03-01 10:09:23,32633
27032,2020-07-08 15:53:56,32634
27037,2023-03-21 15:34:58,32639
27038,2020-02-28 17:52:54,32640
27039,2021-01-08 14:25:48,32641
27040,2021-10-03 12:27:23,32642
27041,2022-09-18 16:43:00,32643
27042,2021-12-15 15:24:04,32644
27044,2022-09-24 13:55:00,32646
27046,2023-08-06 08:21:40,32648
27047,2023-12-28 13:39:15,32649
27048,2022-01-07 09:25:22,32650
27049,2022-04-02 10:40:40,32651
27050,2021-06-21 10:41:38,32652
27051,2023-09-15 11:48:07,32653
27054,2021-04-15 18:56:46,32656
27056,2020-11-12 10:24:05,32658
27058,2023-08-16 13:24:27,32660
27059,2023-04-08 10:58:45,32661
27060,2021-12-11 13:14:34,32662
27061,2021-09-13 15:59:26,32663
27062,2022-05-03 17:44:38,32664
27063,2020-09-17 09:37:39,32665
27064,2023-11-25 13:36:39,32666
27065,2023-02-20 17:36:16,32667
27066,2023-04-01 11:26:08,32668
27067,2023-06-18 19:05:08,32669
27068,2021-06-10 16:56:40,32670
27069,2023-12-12 15:44:18,32671
27070,2021-01-04 12:21:21,32672
27071,2023-05-23 12:09:10,32673
27072,2021-08-20 10:21:18,32674
27073,2020-12-19 10:02:12,32675
27075,2023-08-15 08:39:24,32677
27078,2021-09-21 09:51:32,32680
27079,2023-05-18 15:17:53,32681
27081,2023-05-25 14:01:27,32683
27082,2021-08-14 17:14:21,32684
27083,2021-03-16 10:12:23,32685
27084,2020-04-22 08:48:44,32686
27086,2022-08-04 14:49:09,32688
27087,2023-09-09 18:10:01,32689
27088,2020-08-23 11:11:38,32690
27089,2021-07-12 11:36:34,32691
27090,2023-07-03 12:07:38,32692
27092,2020-10-02 15:00:52,32694
27093,2023-12-12 09:56:21,32695
27095,2022-07-01 09:19:06,32697
27097,2021-05-07 11:03:33,32699
27098,2021-11-23 13:37:57,32700
27100,2021-07-01 14:40:03,32702
27102,2023-04-25 18:48:11,32704
27103,2022-03-21 18:16:29,32705
27105,2021-03-19 13:15:32,32707
27106,2020-11-28 18:19:17,32708
27107,2021-09-27 10:45:10,32709
27110,2022-12-16 15:01:40,32712
27111,2022-04-14 13:38:51,32713
27112,2020-09-19 13:24:54,32714
27114,2021-05-02 08:52:35,32716
27116,2022-02-23 17:20:28,32718
27117,2023-07-28 15:13:03,32719
27118,2021-07-18 11:02:16,32720
27119,2021-01-25 15:10:15,32721
27123,2023-02-23 09:00:59,32725
27126,2023-12-18 12:49:23,32728
27127,2021-04-02 18:02:27,32729
27128,2023-02-07 15:55:54,32730
27129,2020-10-08 16:52:04,32731
27131,2021-05-04 10:37:36,32733
27132,2020-01-21 11:32:07,32734
27133,2020-04-18 13:20:35,32735
27134,2020-08-03 16:44:53,32736
27135,2021-12-13 11:00:11,32737
27137,2023-03-17 10:17:29,32739
27139,2020-04-26 15:17:01,32741
27142,2021-03-02 16:05:04,32744
27143,2023-07-06 15:52:19,32745
27145,2021-03-12 15:36:12,32747
27146,2021-07-24 13:01:28,32748
27147,2020-12-03 10:21:05,32749
27148,2023-02-10 18:19:27,32750
27150,2023-11-13 15:28:39,32752
27152,2020-02-25 18:37:13,32754
27155,2021-12-15 16:27:14,32757
27156,2023-09-22 15:54:49,32758
27158,2023-05-21 13:24:00,32760
27159,2022-10-07 13:03:22,32761
27160,2021-01-15 17:03:52,32762
27161,2023-07-22 18:23:07,32763
27163,2023-04-18 13:38:25,32765
27164,2020-08-04 17:30:14,32766
27165,2022-09-16 17:56:12,32767
27166,2021-07-10 17:31:00,32768
27167,2023-11-24 16:56:32,32769
27169,2020-10-07 16:04:23,32771
27170,2023-02-17 13:30:25,32772
27172,2020-10-15 15:46:39,32774
27173,2023-10-17 17:53:37,32775
27175,2020-03-22 18:29:29,32777
27176,2022-12-19 10:40:58,32778
27178,2023-08-15 13:39:55,32780
27181,2022-08-08 15:17:56,32783
27182,2021-01-05 10:27:21,32784
27183,2021-07-27 17:54:30,32785
27185,2020-06-04 12:00:32,32787
27186,2021-06-26 15:34:37,32788
27187,2022-05-19 09:06:04,32789
27188,2022-10-20 09:58:43,32790
27189,2020-04-26 10:06:41,32791
27190,2022-03-22 14:54:29,32792
27193,2021-09-20 08:24:52,32795
27194,2023-12-09 18:32:58,32796
27195,2023-08-20 16:46:36,32797
27196,2022-05-04 11:40:32,32798
27198,2022-05-18 13:01:17,32800
27199,2022-02-07 14:21:42,32801
27201,2023-10-15 13:57:31,32803
27203,2021-04-09 16:36:48,32805
27204,2022-06-21 14:37:20,32806
27205,2020-08-22 09:13:26,32807
27207,2022-01-06 12:00:35,32809
27212,2023-04-27 15:34:52,32814
27213,2023-10-19 15:32:05,32815
27214,2021-07-15 15:00:08,32816
27218,2022-01-18 12:25:08,32820
27221,2023-05-15 11:43:05,32823
27222,2020-04-02 09:30:23,32824
27223,2022-05-22 14:46:47,32825
27224,2022-08-08 18:44:13,32826
27225,2020-10-23 15:49:35,32827
27226,2022-10-10 15:07:57,32828
27227,2023-02-22 18:35:19,32829
27228,2021-01-22 10:36:59,32830
27229,2021-04-10 10:31:01,32831
27232,2021-02-20 11:01:57,32834
27233,2022-08-25 14:15:52,32835
27234,2022-10-24 12:13:05,32836
27235,2022-03-08 13:30:50,32837
27236,2021-10-07 10:07:59,32838
27237,2021-10-18 14:06:40,32839
27238,2021-08-12 11:20:53,32840
27239,2020-10-21 16:09:17,32841
27241,2023-02-17 17:43:42,32843
27242,2021-10-10 09:26:26,32844
27243,2020-08-15 14:29:54,32845
27246,2021-10-05 10:04:55,32848
27247,2022-06-21 13:35:38,32849
27248,2022-03-12 13:37:02,32850
27249,2020-04-13 09:34:49,32851
27251,2021-06-24 16:30:57,32853
27252,2023-12-05 10:42:21,32854
27255,2023-12-26 12:15:23,32857
27256,2023-05-08 13:47:20,32858
27258,2021-09-12 16:56:42,32860
27259,2023-12-28 14:15:30,32861
27261,2020-10-27 09:29:25,32863
27263,2021-09-08 09:02:27,32865
27265,2020-03-02 13:00:04,32867
27266,2021-06-14 12:29:02,32868
27269,2023-05-22 08:44:53,32871
27271,2020-10-10 09:08:23,32873
27272,2020-07-18 16:28:49,32874
27273,2022-12-08 09:56:18,32875
27274,2023-07-14 10:44:21,32876
27276,2020-12-25 08:32:36,32878
27277,2023-04-05 09:16:06,32879
27279,2021-03-26 09:56:47,32881
27281,2023-09-19 12:52:32,32883
27282,2021-10-27 12:34:03,32884
27285,2020-07-09 18:35:11,32887
27286,2021-08-21 16:31:22,32888
27287,2020-06-20 12:53:14,32889
27288,2022-11-18 11:34:43,32890
27289,2020-04-20 10:28:25,32891
27290,2021-01-12 08:41:57,32892
27291,2020-01-04 14:25:50,32893
27292,2022-06-11 09:22:23,32894
27293,2020-02-15 09:35:45,32895
27295,2020-10-21 18:06:30,32897
27296,2020-04-04 12:16:19,32898
27297,2023-03-26 10:57:07,32899
27301,2020-12-22 14:12:01,32903
27302,2023-03-22 14:17:42,32904
27303,2023-02-08 15:32:19,32905
27304,2021-10-27 10:51:24,32906
27306,2022-09-19 09:28:45,32908
27307,2020-01-22 10:05:33,32909
27308,2022-03-06 10:48:26,32910
27309,2022-09-05 10:06:50,32911
27314,2023-12-14 18:08:32,32916
27316,2022-02-21 13:07:31,32918
27317,2022-04-17 09:05:39,32919
27318,2021-04-15 13:15:37,32920
27319,2020-04-27 18:31:16,32921
27321,2023-06-03 14:24:12,32923
27322,2021-09-02 17:13:31,32924
27323,2020-12-13 12:08:33,32925
27324,2020-09-07 13:16:09,32926
27325,2023-04-28 10:01:08,32927
27328,2022-02-26 15:24:52,32930
27329,2022-02-11 14:58:45,32931
27330,2022-11-05 12:27:25,32932
27332,2020-02-25 16:46:44,32934
27333,2023-05-28 18:33:11,32935
27334,2023-08-22 17:15:26,32936
27335,2021-06-04 14:15:26,32937
27336,2020-06-08 10:53:26,32938
27337,2020-09-14 15:39:49,32939
27342,2022-02-20 16:51:32,32944
27343,2022-06-28 11:20:18,32945
27344,2022-08-08 16:23:50,32946
27347,2023-09-20 14:03:00,32949
27349,2020-12-28 10:50:35,32951
27350,2020-07-15 14:42:54,32952
27351,2022-03-02 16:30:30,32953
27352,2023-06-07 13:39:23,32954
27355,2022-09-13 16:15:15,32957
27356,2022-01-22 09:50:11,32958
27357,2022-06-19 11:45:00,32959
27359,2023-11-23 12:10:37,32961
27360,2022-03-03 17:12:59,32962
27363,2021-11-15 11:45:09,32965
27367,2020-06-21 17:32:03,32969
27369,2023-09-15 13:01:43,32971
27370,2020-01-21 16:21:04,32972
27371,2021-12-03 16:36:57,32973
27372,2023-04-22 10:48:18,32974
27374,2021-10-06 16:47:54,32976
27375,2021-07-17 10:47:34,32977
27376,2021-01-16 14:03:16,32978
27377,2023-05-26 10:14:38,32979
27378,2023-09-28 11:05:01,32980
27379,2023-02-07 11:32:00,32981
27380,2021-11-07 14:10:02,32982
27383,2022-03-01 14:57:30,32985
27384,2020-11-15 09:25:37,32986
27387,2022-03-13 11:18:01,32989
27388,2021-04-18 11:09:49,32990
27389,2020-01-16 10:51:39,32991
27390,2022-07-27 12:30:31,32992
27391,2020-12-26 14:19:13,32993
27392,2020-08-20 14:49:08,32994
27394,2020-12-27 18:51:00,32996
27395,2022-02-14 09:44:07,32997
27397,2020-08-09 17:18:05,32999
27398,2021-02-15 17:42:23,33000
27400,2023-11-12 12:32:31,33002
27401,2020-04-01 10:04:36,33003
27402,2020-06-11 09:23:01,33004
27403,2021-07-04 18:03:18,33005
27404,2021-09-03 15:54:54,33006
27405,2021-03-04 10:22:46,33007
27406,2023-01-10 12:54:49,33008
27407,2020-09-13 10:08:20,33009
27409,2022-01-15 10:41:05,33011
27410,2022-04-21 15:30:10,33012
27411,2023-03-08 09:28:55,33013
27412,2022-08-02 17:12:22,33014
27413,2023-06-17 16:30:51,33015
27415,2021-06-12 10:56:44,33017
27416,2021-03-02 13:51:33,33018
27417,2021-06-04 11:20:56,33019
27419,2021-11-14 17:45:29,33021
27420,2021-07-04 16:40:28,33022
27421,2021-05-09 10:07:59,33023
27423,2022-11-28 15:33:37,33025
27424,2021-02-09 11:06:13,33026
27425,2022-07-22 14:20:03,33027
27426,2020-11-23 09:17:40,33028
27427,2023-08-26 08:36:12,33029
27428,2023-03-01 14:56:42,33030
27429,2022-11-02 11:52:51,33031
27431,2023-05-10 16:12:32,33033
27432,2023-09-08 10:42:40,33034
27433,2022-08-07 11:55:02,33035
27435,2022-10-01 09:39:09,33037
27438,2021-08-18 16:28:24,33040
27439,2022-10-18 14:55:22,33041
27440,2022-03-22 12:39:16,33042
27441,2020-09-20 15:19:19,33043
27442,2023-07-03 11:15:59,33044
27443,2022-07-24 09:11:14,33045
27444,2021-08-27 15:26:40,33046
27445,2020-03-25 16:52:43,33047
27446,2021-02-06 17:20:40,33048
27448,2022-05-16 16:13:02,33050
27450,2022-07-18 15:06:16,33052
27451,2021-01-13 09:25:01,33053
27453,2021-06-11 09:42:24,33055
27454,2020-02-04 15:25:45,33056
27455,2020-04-13 13:08:30,33057
27456,2021-04-04 15:58:32,33058
27457,2023-07-17 15:40:02,33059
27458,2020-12-23 15:27:30,33060
27459,2022-09-09 12:26:16,33061
27461,2023-07-25 09:33:38,33063
27463,2022-07-02 09:12:57,33065
27464,2023-07-26 12:56:37,33066
27465,2022-07-23 17:25:16,33067
27468,2021-10-14 11:47:01,33070
27469,2021-08-03 11:04:07,33071
27470,2023-04-19 16:45:20,33072
27471,2022-09-01 09:18:35,33073
27472,2021-07-08 10:01:35,33074
27473,2020-05-09 16:50:12,33075
27474,2022-10-20 15:42:12,33076
27475,2023-09-18 09:33:27,33077
27477,2020-10-14 18:15:43,33079
27478,2023-04-05 12:28:06,33080
27479,2021-09-06 12:51:48,33081
27480,2023-05-23 12:17:32,33082
27481,2022-12-12 14:53:50,33083
27482,2023-08-19 16:32:45,33084
27483,2022-01-05 16:48:43,33085
27484,2020-04-04 10:20:45,33086
27486,2021-12-02 16:27:36,33088
27488,2023-09-11 15:32:45,33090
27489,2020-06-19 10:49:22,33091
27491,2020-10-07 10:53:50,33093
27492,2021-02-28 10:41:59,33094
27493,2021-03-24 10:19:30,33095
27498,2023-07-07 09:47:27,33100
27499,2021-01-15 16:30:46,33101
27500,2023-02-22 11:35:22,33102
27501,2023-09-18 12:43:28,33103
27503,2023-11-26 10:52:02,33105
27504,2022-08-17 09:45:34,33106
27507,2020-03-14 12:41:00,33109
27508,2020-05-17 12:25:56,33110
27509,2023-09-21 11:58:37,33111
27510,2021-03-13 08:54:18,33112
27512,2022-04-03 17:52:24,33114
27513,2023-10-17 16:12:57,33115
27515,2022-04-24 17:35:41,33117
27517,2022-10-09 18:22:08,33119
27519,2023-08-02 13:04:05,33121
27520,2020-09-23 10:01:04,33122
27521,2022-05-08 11:20:34,33123
27522,2021-04-27 09:05:50,33124
27523,2022-04-25 14:46:23,33125
27524,2022-06-05 11:43:06,33126
27527,2020-04-02 18:26:20,33129
27528,2021-02-18 11:52:12,33130
27529,2020-07-07 15:39:09,33131
27533,2023-03-03 12:17:52,33135
27534,2023-04-25 13:03:02,33136
27535,2020-01-19 11:14:42,33137
27536,2021-06-04 18:03:11,33138
27537,2021-11-14 17:09:07,33139
27538,2021-06-04 18:36:23,33140
27539,2023-06-07 09:54:02,33141
27541,2023-12-27 10:18:01,33143
27542,2021-11-15 16:02:13,33144
27543,2021-11-13 09:49:25,33145
27545,2022-11-22 16:56:33,33147
27546,2021-04-03 17:28:47,33148
27547,2023-12-23 08:40:50,33149
27548,2020-01-13 16:26:23,33150
27549,2022-10-01 10:10:45,33151
27550,2021-06-04 11:59:04,33152
27552,2023-03-22 09:39:55,33154
27554,2023-11-12 17:01:23,33156
27557,2021-05-07 16:42:21,33159
27559,2020-10-09 11:55:31,33161
27560,2022-04-14 14:57:10,33162
27561,2020-01-07 08:16:51,33163
27562,2023-01-10 09:40:36,33164
27563,2023-06-02 17:10:24,33165
27565,2021-02-13 18:04:43,33167
27567,2020-02-08 11:37:30,33169
27568,2023-08-06 18:11:32,33170
27571,2022-08-12 15:36:17,33173
27572,2020-03-15 11:16:33,33174
27573,2022-12-22 13:18:14,33175
27574,2022-11-16 17:24:44,33176
27575,2022-02-10 10:38:56,33177
27578,2021-06-14 14:12:54,33180
27579,2022-02-03 15:46:32,33181
27583,2022-09-12 11:04:07,33185
27585,2023-07-01 14:11:31,33187
27586,2020-06-10 12:56:54,33188
27587,2022-07-03 18:20:49,33189
27589,2020-01-08 12:47:42,33191
27590,2020-12-15 10:01:15,33192
27592,2022-10-22 10:58:45,33194
27593,2023-02-04 08:39:41,33195
27594,2022-04-27 17:47:20,33196
27596,2022-07-25 12:51:58,33198
27597,2022-01-28 16:48:25,33199
27598,2022-12-23 14:01:15,33200
27599,2022-06-18 14:24:56,33201
27601,2023-01-25 15:04:06,33203
27602,2021-11-10 12:49:44,33204
27603,2021-09-02 13:09:07,33205
27604,2020-08-20 14:47:04,33206
27606,2020-02-25 15:07:04,33208
27609,2020-03-04 15:47:40,33211
27612,2023-11-02 08:10:31,33214
27613,2021-05-27 09:59:58,33215
27614,2020-09-10 18:33:59,33216
27615,2021-11-20 18:43:52,33217
27618,2023-03-17 12:11:45,33220
27619,2022-04-02 17:06:43,33221
27622,2022-07-22 17:23:53,33224
27623,2023-01-22 16:44:44,33225
27625,2022-07-07 09:20:25,33227
27627,2020-10-26 09:23:57,33229
27628,2023-11-01 13:06:42,33230
27629,2022-03-11 16:31:32,33231
27630,2022-12-15 17:46:38,33232
27631,2021-01-07 11:10:22,33233
27632,2022-02-28 08:35:13,33234
27637,2022-12-14 16:56:17,33239
27638,2020-06-08 10:55:35,33240
27639,2021-04-07 13:17:05,33241
27641,2023-06-28 08:48:59,33243
27642,2023-09-11 13:15:11,33244
27643,2020-09-22 11:40:47,33245
27644,2023-04-11 16:56:39,33246
27645,2022-03-12 10:11:20,33247
27646,2021-04-08 15:41:13,33248
27648,2022-08-10 15:30:05,33250
27649,2021-05-28 13:11:46,33251
27653,2022-01-19 12:49:38,33255
27654,2020-05-24 10:41:26,33256
27655,2023-10-01 13:34:29,33257
27656,2022-03-26 16:27:13,33258
27657,2021-09-04 18:28:08,33259
27658,2020-04-06 12:07:29,33260
27659,2022-11-11 12:12:36,33261
27660,2021-10-02 12:44:47,33262
27661,2023-08-05 12:33:58,33263
27662,2021-09-13 10:48:33,33264
27663,2020-09-21 18:18:49,33265
27664,2021-04-05 09:20:47,33266
27665,2020-06-15 17:33:27,33267
27668,2022-02-19 15:27:42,33270
27669,2023-06-01 14:44:05,33271
27672,2021-11-11 14:56:54,33274
27673,2022-09-18 09:09:01,33275
27675,2023-05-14 14:56:34,33277
27678,2023-03-26 13:42:23,33280
27679,2023-02-24 14:50:45,33281
27681,2023-06-03 11:31:22,33283
27685,2021-12-04 17:29:32,33287
27686,2020-03-22 17:05:31,33288
27687,2023-07-01 16:20:50,33289
27688,2020-02-08 08:30:05,33290
27689,2023-08-05 10:27:46,33291
27690,2020-05-09 15:33:42,33292
27691,2022-01-15 13:40:34,33293
27692,2022-01-22 10:06:06,33294
27695,2021-02-22 16:35:32,33297
27696,2022-11-18 10:59:07,33298
27697,2023-09-23 14:53:33,33299
27699,2021-05-14 08:19:37,33301
27701,2023-01-23 18:13:52,33303
27702,2023-01-26 12:12:01,33304
27703,2020-07-13 10:44:18,33305
27705,2020-01-25 10:44:09,33307
27706,2022-02-05 16:14:08,33308
27707,2020-04-22 11:23:30,33309
27708,2020-04-12 12:15:41,33310
27709,2023-12-15 15:59:49,33311
27712,2021-07-08 17:32:00,33314
27714,2022-10-27 10:11:17,33316
27715,2020-08-26 13:17:56,33317
27717,2021-09-19 09:58:13,33319
27718,2020-07-27 11:24:30,33320
27724,2023-10-18 10:55:59,33326
27725,2022-01-10 10:58:30,33327
27726,2020-10-07 12:36:06,33328
27727,2023-02-07 09:11:09,33329
27729,2023-10-06 16:06:27,33331
27730,2022-11-11 08:52:26,33332
27731,2023-11-20 12:34:49,33333
27733,2020-05-12 18:48:23,33335
27734,2020-06-11 18:23:19,33336
27735,2022-03-26 17:52:49,33337
27736,2022-09-04 11:50:06,33338
27738,2022-01-02 12:08:43,33340
27739,2020-02-17 10:05:08,33341
27742,2022-11-19 15:45:35,33344
27744,2021-04-09 10:44:03,33346
27745,2023-01-04 12:39:15,33347
27746,2021-07-25 15:38:41,33348
27747,2023-12-10 13:54:04,33349
27748,2021-11-01 14:07:39,33350
27749,2020-07-16 17:32:54,33351
27750,2020-01-25 15:00:16,33352
27751,2022-06-25 16:19:29,33353
27752,2022-06-25 15:47:54,33354
27754,2021-10-20 13:44:11,33356
27755,2020-11-15 12:29:11,33357
27756,2020-01-19 16:56:41,33358
27757,2020-03-03 15:49:05,33359
27759,2020-12-15 15:25:06,33361
27760,2023-06-07 09:01:57,33362
27761,2021-05-11 09:15:58,33363
27762,2020-06-07 13:33:43,33364
27763,2022-07-03 12:38:39,33365
27764,2023-01-03 17:39:38,33366
27765,2020-05-10 16:07:03,33367
27768,2022-12-12 10:35:08,33370
27770,2020-08-06 17:20:21,33372
27771,2020-04-12 18:47:18,33373
27773,2022-11-01 11:50:28,33375
27774,2023-04-02 11:57:04,33376
27775,2022-12-15 08:31:45,33377
27778,2022-10-09 14:30:11,33380
27781,2021-01-19 10:43:16,33383
27782,2023-12-19 17:23:30,33384
27784,2021-05-28 11:20:05,33386
27786,2023-06-01 14:20:38,33388
27787,2022-06-25 17:30:46,33389
27788,2020-11-26 16:08:03,33390
27789,2020-04-12 09:20:21,33391
27790,2023-11-11 16:32:58,33392
27792,2020-06-01 08:44:38,33394
27793,2023-01-28 15:02:51,33395
27795,2021-10-07 16:05:47,33397
27796,2021-11-01 18:39:03,33398
27797,2022-02-23 17:01:21,33399
27798,2020-07-15 13:30:33,33400
27800,2023-12-21 14:06:28,33402
27801,2023-05-23 15:08:11,33403
27802,2021-09-25 10:30:03,33404
27803,2021-03-05 13:32:00,33405
27804,2022-09-21 13:44:40,33406
27805,2021-01-20 11:22:50,33407
27806,2023-01-01 08:38:29,33408
27807,2022-01-12 12:23:02,33409
27810,2020-12-17 16:18:49,33412
27811,2021-09-20 14:23:30,33413
27812,2021-12-04 15:13:30,33414
27816,2020-01-13 17:27:31,33418
27818,2021-08-06 16:45:05,33420
27820,2021-01-28 12:11:40,33422
27823,2023-06-26 11:37:58,33425
27824,2021-03-16 10:23:51,33426
27825,2021-07-26 12:56:25,33427
27826,2021-08-25 10:23:54,33428
27827,2023-07-19 16:36:07,33429
27828,2021-09-17 12:15:39,33430
27829,2022-07-15 15:17:26,33431
27830,2023-02-16 16:18:20,33432
27833,2023-10-26 09:48:08,33435
27835,2023-08-03 14:02:49,33437
27836,2023-11-19 11:44:27,33438
27837,2020-07-14 16:08:53,33439
27838,2023-03-05 12:08:16,33440
27841,2020-05-10 12:12:31,33443
27842,2021-06-23 16:41:08,33444
27843,2023-05-24 13:24:13,33445
27844,2022-03-15 18:13:46,33446
27845,2021-02-23 09:20:38,33447
27846,2023-07-07 10:52:01,33448
27847,2020-07-16 09:24:26,33449
27849,2022-10-23 12:33:12,33451
27850,2021-01-11 12:46:27,33452
27851,2020-01-03 12:36:07,33453
27852,2020-12-22 11:29:13,33454
27853,2020-08-09 17:39:04,33455
27855,2022-02-22 18:08:08,33457
27856,2022-09-26 16:44:29,33458
27857,2022-07-18 12:04:31,33459
27858,2020-08-13 13:14:54,33460
27860,2021-11-02 16:41:58,33462
27861,2023-11-26 11:23:24,33463
27862,2023-03-14 17:18:39,33464
27864,2021-10-20 14:49:19,33466
27867,2023-12-13 11:08:40,33469
27868,2023-01-09 12:43:03,33470
27869,2022-11-23 11:00:09,33471
27870,2022-02-23 08:55:13,33472
27871,2020-10-17 16:42:51,33473
27872,2022-08-28 11:59:36,33474
27873,2020-07-12 17:36:49,33475
27874,2020-03-20 17:32:34,33476
27876,2021-09-21 15:51:58,33478
27878,2023-01-19 09:44:27,33480
27881,2022-08-16 13:15:37,33483
27882,2023-02-16 11:02:08,33484
27884,2020-12-09 18:20:07,33486
27885,2023-04-07 18:35:32,33487
27888,2020-02-05 14:48:00,33490
27889,2022-07-06 14:23:19,33491
27890,2020-05-27 11:05:08,33492
27891,2020-07-24 15:27:13,33493
27892,2023-12-18 13:13:39,33494
27893,2021-08-05 11:22:17,33495
27896,2020-12-14 12:18:15,33498
27898,2023-04-02 18:13:22,33500
27900,2022-09-24 10:36:18,33502
27903,2021-02-26 16:36:31,33505
27904,2022-01-12 10:16:04,33506
27906,2023-04-24 14:00:44,33508
27907,2020-03-01 17:52:54,33509
27908,2020-08-10 14:34:08,33510
27909,2022-08-09 10:41:32,33511
27910,2020-06-17 16:51:20,33512
27911,2020-08-14 11:50:16,33513
27912,2022-06-06 15:11:47,33514
27913,2022-05-01 16:32:00,33515
27914,2023-12-13 12:52:32,33516
27915,2021-05-11 10:25:37,33517
27916,2020-09-26 13:29:26,33518
27917,2022-11-18 09:15:20,33519
27918,2023-10-16 15:36:24,33520
27919,2020-11-20 08:24:07,33521
27920,2022-09-10 09:55:27,33522
27921,2020-12-02 08:01:08,33523
27922,2021-11-13 18:16:34,33524
27923,2021-02-23 11:27:48,33525
27924,2022-12-07 15:27:54,33526
27925,2022-03-15 15:14:31,33527
27929,2020-06-19 13:05:17,33531
27931,2021-07-24 10:24:29,33533
27932,2020-02-03 10:44:46,33534
27933,2020-07-07 15:36:34,33535
27934,2022-11-07 16:20:20,33536
27936,2022-11-18 10:08:07,33538
27937,2020-08-19 14:13:12,33539
27939,2023-11-14 15:52:27,33541
27941,2023-07-07 11:14:41,33543
27943,2020-12-15 14:04:58,33545
27944,2022-08-01 08:59:38,33546
27946,2020-09-22 14:14:48,33548
27948,2020-11-24 17:43:39,33550
27949,2021-05-18 12:15:12,33551
27950,2023-07-13 11:32:49,33552
27953,2020-02-15 13:00:38,33555
27954,2023-08-25 17:49:17,33556
27955,2020-12-17 12:13:00,33557
27957,2021-03-11 17:43:00,33559
27958,2022-01-16 15:09:24,33560
27959,2022-02-04 11:18:17,33561
27960,2022-09-06 14:30:04,33562
27961,2022-08-11 09:29:13,33563
27962,2021-07-27 17:08:03,33564
27963,2022-02-12 13:34:34,33565
27964,2021-11-09 11:14:47,33566
27965,2020-10-15 14:49:49,33567
27967,2023-12-10 15:46:20,33569
27968,2020-04-19 15:07:33,33570
27969,2022-07-22 15:25:17,33571
27970,2020-02-04 15:56:31,33572
27971,2021-05-06 12:29:33,33573
27972,2020-10-05 11:52:12,33574
27973,2022-02-18 12:20:23,33575
27974,2020-04-23 15:34:42,33576
27975,2023-11-04 17:01:08,33577
27976,2020-12-28 11:42:32,33578
27977,2022-04-21 14:54:35,33579
27978,2021-11-06 10:19:30,33580
27980,2020-05-08 13:28:03,33582
27981,2020-03-22 13:45:54,33583
27984,2021-12-10 08:50:22,33586
27985,2021-11-13 09:50:36,33587
27986,2021-04-03 12:45:14,33588
27987,2021-02-25 17:38:29,33589
27988,2023-06-21 11:39:05,33590
27990,2020-01-28 08:53:56,33592
27991,2021-01-27 14:45:35,33593
27992,2023-05-27 11:01:45,33594
27994,2020-01-04 16:39:34,33596
27995,2021-09-24 18:09:29,33597
27996,2021-10-12 17:14:54,33598
27997,2023-04-17 18:31:04,33599
27998,2023-04-03 16:25:42,33600
28000,2022-01-11 10:11:25,33602
28001,2023-02-24 12:10:48,33603
28002,2021-06-19 11:49:26,33604
28004,2022-02-06 09:29:48,33606
28005,2021-09-21 14:44:33,33607
28006,2022-09-15 16:31:44,33608
28009,2022-03-13 17:30:14,33611
28010,2021-03-06 14:54:56,33612
28011,2022-01-28 16:53:39,33613
28012,2021-08-26 11:35:51,33614
28013,2023-11-10 12:48:30,33615
28014,2022-02-07 17:57:18,33616
28015,2022-12-05 18:52:24,33617
28016,2023-06-24 14:36:24,33618
28017,2020-05-12 16:18:15,33619
28019,2022-08-24 18:11:41,33621
28021,2023-01-08 10:31:35,33623
28022,2021-03-05 15:24:31,33624
28023,2020-02-07 08:54:54,33625
28025,2020-08-03 16:20:51,33627
28027,2020-08-16 10:07:54,33629
28028,2021-01-16 15:51:35,33630
28029,2020-02-10 11:59:14,33631
28031,2022-02-21 12:46:44,33633
28032,2023-12-19 16:44:46,33634
28033,2023-11-27 10:41:48,33635
28034,2022-02-03 10:18:23,33636
28035,2021-02-21 10:15:20,33637
28039,2023-08-28 08:23:32,33641
28042,2020-12-17 08:23:18,33644
28043,2021-02-09 13:19:46,33645
28044,2022-04-24 11:35:02,33646
28045,2022-04-17 18:05:57,33647
28046,2020-02-20 17:39:02,33648
28047,2021-04-26 14:07:22,33649
28048,2021-02-13 14:10:14,33650
28049,2022-10-18 14:35:26,33651
28051,2021-10-09 14:02:42,33653
28052,2022-03-09 14:11:42,33654
28053,2021-07-03 15:06:12,33655
28054,2020-07-04 09:20:18,33656
28055,2020-09-14 12:43:30,33657
28056,2020-04-07 10:26:23,33658
28057,2021-02-11 17:57:51,33659
28058,2022-12-04 16:41:13,33660
28059,2022-06-28 10:46:07,33661
28060,2022-12-03 11:39:23,33662
28062,2021-06-24 18:53:46,33664
28063,2021-03-18 14:44:53,33665
28065,2022-03-01 15:20:11,33667
28066,2023-09-19 09:46:55,33668
28068,2020-10-19 09:36:29,33670
28070,2022-10-26 12:43:44,33672
28071,2023-02-02 18:10:24,33673
28072,2020-02-08 13:18:21,33674
28073,2021-09-27 17:40:10,33675
28074,2023-10-26 13:53:39,33676
28075,2021-12-18 17:24:07,33677
28077,2023-03-06 08:45:49,33679
28078,2022-02-27 18:05:48,33680
28085,2022-11-06 17:43:54,33687
28087,2020-01-26 09:46:59,33689
28091,2021-04-27 15:30:22,33693
28092,2021-11-01 12:16:07,33694
28093,2020-05-21 14:48:16,33695
28095,2021-01-06 08:24:14,33697
28096,2021-12-24 11:56:10,33698
28098,2021-08-08 12:22:10,33700
28100,2022-08-11 14:28:34,33702
28101,2022-07-21 13:31:13,33703
28103,2023-10-20 12:20:25,33705
28104,2022-01-12 12:26:09,33706
28105,2022-07-19 12:20:28,33707
28107,2023-08-01 17:25:25,33709
28108,2023-01-14 14:39:45,33710
28109,2021-04-08 09:20:02,33711
28110,2022-05-13 16:05:56,33712
28111,2021-10-04 17:10:10,33713
28115,2020-10-15 13:31:22,33717
28116,2022-06-03 14:12:05,33718
28118,2020-11-02 11:47:38,33720
28119,2022-03-09 14:33:28,33721
28122,2021-02-28 10:44:00,33724
28123,2022-11-25 08:52:45,33725
28125,2020-12-18 15:23:35,33727
28126,2022-11-05 08:34:18,33728
28127,2021-07-08 13:39:40,33729
28128,2022-03-05 18:33:33,33730
28129,2022-05-04 08:35:48,33731
28131,2021-05-19 09:59:42,33733
28134,2022-10-26 17:37:15,33736
28135,2021-11-22 15:25:28,33737
28136,2022-12-27 12:02:33,33738
28137,2021-04-07 15:17:34,33739
28139,2022-01-12 16:37:56,33741
28140,2020-05-28 11:33:43,33742
28141,2023-07-22 14:42:50,33743
28142,2022-06-28 15:51:14,33744
28143,2023-11-20 15:20:01,33745
28144,2022-03-12 15:31:38,33746
28145,2020-07-27 10:12:19,33747
28146,2020-07-15 10:23:24,33748
28147,2022-01-03 15:10:43,33749
28148,2021-06-02 10:26:35,33750
28149,2021-02-21 14:30:47,33751
28150,2020-07-14 13:34:12,33752
28151,2023-01-23 17:14:58,33753
28152,2021-12-04 09:37:00,33754
28153,2022-05-05 16:11:23,33755
28154,2023-03-25 15:24:54,33756
28156,2021-07-19 12:08:38,33758
28157,2023-01-10 16:56:03,33759
28158,2021-03-27 11:35:37,33760
28159,2020-06-02 10:01:36,33761
28160,2021-11-19 12:31:38,33762
28161,2022-03-01 18:20:04,33763
28164,2023-09-11 12:58:08,33766
28165,2023-12-27 11:57:25,33767
28166,2021-03-14 08:44:23,33768
28167,2023-07-15 11:53:47,33769
28169,2022-02-20 13:29:04,33771
28170,2022-05-04 13:51:20,33772
28171,2020-01-05 09:31:50,33773
28172,2020-03-13 15:46:04,33774
28175,2023-10-26 14:11:21,33777
28177,2020-01-05 16:56:44,33779
28178,2023-07-12 15:54:21,33780
28182,2021-07-04 15:50:33,33784
28183,2021-09-15 09:35:38,33785
28185,2022-05-26 10:32:28,33787
28186,2022-07-20 13:47:25,33788
28187,2023-03-18 10:56:19,33789
28188,2021-01-06 13:46:27,33790
28189,2021-09-23 17:07:07,33791
28190,2022-05-10 16:46:18,33792
28191,2020-01-16 17:04:57,33793
28192,2023-08-02 11:55:52,33794
28193,2023-01-19 09:39:41,33795
28194,2021-06-02 09:26:52,33796
28195,2022-12-24 15:12:42,33797
28198,2022-02-09 15:03:11,33800
28202,2021-12-21 18:45:26,33804
28203,2021-02-18 09:57:41,33805
28204,2021-10-28 17:21:48,33806
28205,2022-06-20 10:13:05,33807
28206,2021-10-08 18:30:04,33808
28208,2021-08-01 16:20:00,33810
28209,2022-01-16 10:20:00,33811
28210,2022-06-07 14:48:07,33812
28211,2023-03-21 11:49:16,33813
28213,2021-03-15 16:44:24,33815
28214,2020-12-08 17:36:07,33816
28215,2022-08-26 09:17:55,33817
28216,2022-06-09 09:13:57,33818
28217,2021-05-17 10:09:33,33819
28219,2022-02-11 12:43:40,33821
28220,2021-11-28 13:56:56,33822
28221,2023-07-07 13:41:55,33823
28222,2021-02-04 14:57:28,33824
28223,2022-11-04 10:40:11,33825
28224,2022-10-24 15:04:34,33826
28225,2021-04-07 17:46:31,33827
28226,2022-09-06 10:08:23,33828
28227,2020-01-11 15:00:36,33829
28228,2023-10-12 17:39:21,33830
28230,2022-03-11 09:21:19,33832
28231,2020-07-15 11:00:01,33833
28232,2022-01-13 13:51:07,33834
28233,2022-11-22 13:33:31,33835
28234,2023-10-08 18:11:50,33836
28236,2021-03-16 14:02:06,33838
28237,2021-01-08 11:44:58,33839
28239,2023-05-27 17:12:13,33841
28240,2020-09-08 17:09:10,33842
28243,2020-12-07 12:50:34,33845
28244,2023-12-06 09:17:53,33846
28245,2023-11-08 16:37:35,33847
28246,2020-06-28 17:10:02,33848
28247,2023-09-20 09:34:13,33849
28248,2021-06-13 15:08:55,33850
28249,2021-07-04 08:57:01,33851
28252,2020-04-03 15:14:32,33854
28254,2021-08-28 16:04:43,33856
28257,2023-07-01 12:23:03,33859
28258,2023-07-11 12:30:31,33860
28259,2021-03-03 09:02:00,33861
28260,2022-11-20 16:35:28,33862
28261,2021-02-02 13:16:19,33863
28262,2020-02-23 11:02:15,33864
28263,2022-10-07 18:51:52,33865
28264,2020-05-06 10:39:37,33866
28265,2021-12-28 13:20:45,33867
28269,2021-04-03 18:06:59,33871
28270,2022-01-07 17:46:39,33872
28271,2021-03-19 09:28:07,33873
28272,2021-01-20 15:27:36,33874
28273,2023-07-09 11:46:37,33875
28274,2020-01-23 14:04:06,33876
28275,2020-03-21 15:20:20,33877
28277,2021-09-05 14:42:40,33879
28278,2022-08-05 11:25:39,33880
28279,2020-08-13 12:59:10,33881
28280,2020-06-25 13:41:46,33882
28281,2020-03-27 12:45:45,33883
28282,2021-04-23 14:22:52,33884
28283,2021-02-20 08:53:10,33885
28284,2022-07-04 18:08:39,33886
28285,2021-07-22 15:39:17,33887
28286,2021-02-17 16:24:12,33888
28287,2022-03-19 09:31:07,33889
28289,2022-05-18 12:53:41,33891
28290,2022-04-07 13:57:33,33892
28291,2021-07-21 18:00:20,33893
28293,2022-01-02 14:42:56,33895
28294,2021-01-16 13:57:20,33896
28295,2020-08-01 16:03:44,33897
28296,2021-06-12 18:38:29,33898
28297,2021-03-01 12:00:31,33899
28298,2020-10-10 09:08:17,33900
28300,2020-03-09 15:22:50,33902
28301,2022-04-10 16:26:03,33903
28302,2020-08-10 17:53:27,33904
28303,2023-09-20 13:58:54,33905
28304,2022-09-25 12:54:45,33906
28308,2022-03-11 18:08:28,33910
28310,2023-07-11 09:45:38,33912
28311,2022-12-28 10:00:28,33913
28314,2021-03-09 10:42:28,33916
28315,2021-09-14 11:04:20,33917
28316,2020-12-04 09:18:52,33918
28318,2023-11-18 11:52:56,33920
28320,2021-08-20 16:20:05,33922
28321,2020-05-11 10:00:13,33923
28322,2020-08-23 10:34:07,33924
28323,2023-02-19 12:46:22,33925
28324,2020-09-09 14:12:24,33926
28325,2021-12-08 09:57:41,33927
28326,2023-06-16 17:26:32,33928
28327,2021-02-24 14:41:01,33929
28328,2020-07-06 16:32:45,33930
28329,2023-01-17 15:29:05,33931
28330,2023-05-20 09:43:28,33932
28332,2023-07-22 18:34:47,33934
28333,2020-05-08 16:04:43,33935
28334,2023-10-05 16:54:31,33936
28335,2020-11-17 12:37:21,33937
28337,2021-02-27 17:23:17,33939
28338,2022-11-13 15:43:11,33940
28339,2020-11-22 09:24:01,33941
28340,2020-08-08 11:18:23,33942
28341,2021-07-10 14:55:59,33943
28346,2020-10-14 15:01:00,33948
28347,2020-06-25 10:10:08,33949
28348,2021-01-06 15:07:04,33950
28349,2023-05-20 10:59:36,33951
28350,2020-05-21 14:01:12,33952
28353,2022-12-25 16:23:52,33955
28354,2022-01-14 12:03:32,33956
28356,2021-03-24 14:55:46,33958
28357,2020-11-16 14:47:11,33959
28358,2022-11-14 13:55:32,33960
28359,2022-11-01 14:36:51,33961
28360,2021-06-22 14:38:35,33962
28362,2023-09-02 09:15:28,33964
28363,2023-09-07 11:06:12,33965
28364,2021-10-24 17:22:30,33966
28365,2020-01-24 13:36:23,33967
28366,2023-03-21 15:32:24,33968
28367,2020-02-20 15:15:12,33969
28368,2022-08-16 09:17:30,33970
28369,2020-09-15 15:35:15,33971
28370,2023-05-16 16:51:04,33972
28372,2020-12-10 12:58:21,33974
28375,2020-07-05 11:09:51,33977
28377,2022-11-25 17:47:23,33979
28378,2023-07-12 17:47:25,33980
28379,2023-02-06 17:49:27,33981
28380,2022-12-11 15:56:13,33982
28381,2022-05-12 18:35:42,33983
28384,2021-07-18 09:57:47,33986
28385,2020-02-10 17:09:50,33987
28388,2022-04-28 12:02:53,33990
28389,2020-09-10 13:37:59,33991
28390,2020-01-17 09:42:20,33992
28391,2020-12-07 16:36:44,33993
28392,2021-02-06 12:52:06,33994
28393,2020-01-23 15:12:10,33995
28395,2022-11-25 11:44:25,33997
28398,2020-05-14 14:35:05,34000
28399,2020-02-25 12:03:23,34001
28400,2023-04-20 14:30:10,34002
28404,2021-08-28 18:05:57,34006
28411,2023-11-03 16:09:52,34013
28413,2022-06-23 13:37:10,34015
28414,2021-10-24 15:26:18,34016
28415,2020-01-28 18:14:22,34017
28416,2020-06-19 14:23:45,34018
28417,2022-07-19 17:05:12,34019
28420,2020-06-13 13:33:32,34022
28422,2023-07-08 08:45:58,34024
28424,2023-02-27 15:24:26,34026
28425,2022-12-08 16:03:51,34027
28426,2021-03-23 09:20:37,34028
28427,2023-02-27 12:51:24,34029
28428,2020-06-20 15:15:35,34030
28429,2023-04-26 10:49:04,34031
28430,2021-01-19 10:03:01,34032
28431,2020-04-09 18:10:45,34033
28432,2020-02-01 18:30:30,34034
28437,2020-05-18 10:04:09,34039
28438,2021-05-25 18:09:32,34040
28439,2020-12-23 11:42:26,34041
28440,2021-05-11 16:36:11,34042
28441,2023-04-28 16:30:23,34043
28442,2020-02-23 15:29:20,34044
28443,2022-11-23 09:40:30,34045
28444,2022-03-11 12:00:44,34046
28445,2020-12-22 16:32:04,34047
28447,2021-09-21 16:48:58,34049
28449,2021-03-18 10:05:08,34051
28453,2023-02-10 10:02:30,34055
28455,2022-11-01 14:48:03,34057
28457,2023-04-01 18:12:14,34059
28458,2020-02-01 10:22:46,34060
28461,2023-02-01 09:13:44,34063
28462,2022-09-16 11:14:27,34064
28463,2022-06-20 10:09:28,34065
28464,2021-11-24 09:10:42,34066
28466,2022-12-07 11:58:22,34068
28467,2022-09-12 12:42:41,34069
28468,2021-06-12 15:29:42,34070
28469,2023-04-17 18:03:06,34071
28470,2022-09-01 17:35:51,34072
28473,2023-11-26 15:50:25,34075
28474,2023-03-27 12:21:46,34076
28475,2023-10-25 16:47:37,34077
28477,2023-03-03 13:04:36,34079
28478,2023-05-20 09:35:15,34080
28479,2023-09-26 17:11:36,34081
28483,2020-02-11 12:05:38,34085
28484,2022-11-26 13:54:33,34086
28485,2020-04-14 16:33:54,34087
28486,2021-09-17 10:27:34,34088
28487,2023-06-02 15:53:36,34089
28488,2021-08-19 17:59:33,34090
28490,2021-06-18 11:13:41,34092
28491,2021-12-16 13:09:26,34093
28492,2023-08-11 12:40:19,34094
28493,2023-04-15 12:03:04,34095
28494,2020-10-17 14:59:26,34096
28495,2022-05-16 11:09:20,34097
28497,2021-10-13 09:22:14,34099
28500,2021-11-21 10:59:43,34102
28501,2022-09-08 09:24:30,34103
28503,2023-09-03 16:16:11,34105
28504,2023-03-22 10:29:34,34106
28505,2021-03-13 09:04:10,34107
28506,2020-05-01 08:45:08,34108
28507,2020-09-05 14:37:09,34109
28508,2020-01-07 17:27:41,34110
28510,2023-10-06 15:14:34,34112
28511,2022-05-06 13:10:18,34113
28512,2022-06-14 16:01:51,34114
28515,2021-01-16 18:10:05,34117
28517,2022-07-15 18:37:05,34119
28518,2020-04-03 11:18:43,34120
28520,2021-11-02 14:52:54,34122
28521,2020-09-08 09:21:58,34123
28525,2020-11-08 12:47:02,34127
28527,2021-01-26 12:29:09,34129
28528,2023-11-05 14:05:12,34130
28529,2021-08-18 11:02:32,34131
28530,2022-01-17 10:18:03,34132
28531,2023-08-01 15:17:24,34133
28532,2022-06-24 09:01:13,34134
28533,2020-01-01 17:03:29,34135
28534,2021-09-10 13:40:33,34136
28536,2020-12-10 14:24:32,34138
28538,2021-06-03 12:42:50,34140
28541,2020-09-23 09:57:45,34143
28542,2023-08-26 13:59:18,34144
28548,2022-03-12 11:45:59,34150
28549,2021-12-20 15:03:19,34151
28550,2020-08-20 14:01:28,34152
28552,2022-02-25 17:04:55,34154
28553,2021-04-02 11:21:04,34155
28556,2021-05-04 08:52:11,34158
28557,2023-02-03 11:54:47,34159
28558,2020-06-19 12:27:20,34160
28560,2022-03-21 16:52:59,34162
28561,2023-06-05 17:25:12,34163
28562,2023-02-20 09:27:09,34164
28565,2020-06-17 11:24:44,34167
28571,2022-03-03 16:40:41,34173
28572,2023-07-27 10:27:34,34174
28575,2023-11-22 15:37:04,34177
28576,2020-04-21 09:27:23,34178
28577,2022-04-01 17:47:30,34179
28578,2020-12-14 13:37:21,34180
28579,2023-11-11 14:42:50,34181
28580,2020-09-01 08:32:58,34182
28582,2020-10-08 09:45:21,34184
28583,2020-02-20 15:52:38,34185
28584,2021-04-02 13:31:13,34186
28586,2023-01-25 18:06:06,34188
28587,2020-11-20 12:02:12,34189
28588,2022-05-01 18:30:48,34190
28589,2020-10-03 16:17:37,34191
28590,2021-12-17 16:19:15,34192
28592,2020-08-25 08:49:25,34194
28593,2023-09-08 17:46:49,34195
28594,2022-07-21 16:55:20,34196
28595,2021-04-05 11:43:06,34197
28596,2020-10-27 13:30:04,34198
28599,2021-04-26 10:43:28,34201
28600,2020-01-28 09:53:30,34202
28601,2023-05-28 17:41:40,34203
28602,2023-02-04 12:39:45,34204
28603,2021-05-01 13:33:24,34205
28605,2021-01-20 09:15:11,34207
28606,2022-12-24 15:47:21,34208
28607,2023-06-24 18:33:19,34209
28609,2023-10-13 10:22:10,34211
28611,2022-10-25 14:16:13,34213
28613,2022-05-17 12:54:24,34215
28615,2021-07-06 14:00:01,34217
28617,2022-09-15 12:24:45,34219
28618,2020-01-24 10:01:24,34220
28619,2020-12-04 17:03:14,34221
28621,2020-06-22 13:34:45,34223
28622,2022-12-23 10:18:28,34224
28623,2023-02-12 11:47:21,34225
28624,2020-02-15 18:26:18,34226
28626,2021-11-07 08:31:39,34228
28627,2020-02-26 17:17:54,34229
28628,2022-08-20 10:03:15,34230
28629,2021-03-16 18:41:35,34231
28632,2022-12-22 10:11:08,34234
28633,2021-12-23 17:10:28,34235
28634,2021-09-23 15:25:55,34236
28635,2022-01-26 18:23:46,34237
28637,2022-04-11 14:50:34,34239
28638,2022-10-21 09:25:40,34240
28640,2022-05-23 13:14:37,34242
28641,2020-01-06 15:21:55,34243
28644,2022-04-10 15:05:51,34246
28645,2022-03-18 16:14:28,34247
28646,2021-04-16 14:13:14,34248
28649,2022-09-10 12:22:01,34251
28650,2020-02-13 10:45:50,34252
28651,2021-02-16 17:26:01,34253
28652,2020-08-27 09:25:13,34254
28653,2021-04-05 14:49:58,34255
28654,2020-09-17 13:00:47,34256
28655,2022-01-03 11:52:57,34257
28656,2022-01-24 09:31:36,34258
28657,2022-07-26 10:51:41,34259
28658,2022-02-12 16:52:40,34260
28659,2020-08-27 16:50:15,34261
28660,2021-05-09 13:19:27,34262
28661,2023-05-13 18:11:09,34263
28662,2021-08-02 09:14:37,34264
28664,2020-12-27 16:04:11,34266
28665,2020-07-17 18:00:56,34267
28669,2021-09-04 10:20:55,34271
28670,2022-09-09 17:49:26,34272
28671,2022-01-09 09:40:49,34273
28673,2021-06-26 13:31:23,34275
28675,2023-07-11 09:15:35,34277
28676,2020-05-14 14:06:14,34278
28677,2023-10-23 14:02:34,34279
28678,2023-11-26 17:05:05,34280
28679,2023-06-25 15:14:25,34281
28682,2022-12-25 18:22:40,34284
28684,2020-03-24 17:27:04,34286
28686,2022-12-21 13:06:36,34288
28688,2020-06-25 09:56:50,34290
28689,2021-09-04 18:08:20,34291
28690,2023-11-02 16:40:54,34292
28691,2022-12-16 15:50:14,34293
28692,2020-03-28 10:46:37,34294
28694,2021-04-08 15:03:16,34296
28695,2020-12-03 13:47:42,34297
28696,2021-04-27 15:06:47,34298
28701,2021-11-01 12:44:52,34303
28702,2022-02-02 09:22:39,34304
28704,2021-02-03 16:11:13,34306
28705,2022-11-08 11:42:50,34307
28706,2020-10-12 15:20:34,34308
28707,2020-03-19 09:08:27,34309
28708,2021-11-24 13:25:24,34310
28711,2023-04-10 11:00:39,34313
28712,2023-02-10 14:37:58,34314
28713,2020-11-01 15:13:38,34315
28714,2023-11-18 15:33:03,34316
28715,2021-06-16 10:30:12,34317
28716,2022-02-02 15:52:17,34318
28720,2021-01-12 11:30:49,34322
28721,2023-11-11 10:33:44,34323
28722,2020-02-12 15:02:16,34324
28723,2022-04-19 13:12:30,34325
28724,2020-11-18 08:47:52,34326
28725,2020-07-16 11:36:22,34327
28726,2020-05-04 16:07:28,34328
28727,2020-06-02 11:16:43,34329
28728,2021-11-20 18:41:22,34330
28729,2021-12-19 12:54:22,34331
28730,2023-04-22 15:51:57,34332
28731,2021-08-06 16:50:45,34333
28733,2020-08-18 18:15:05,34335
28734,2022-01-25 09:26:51,34336
28735,2021-07-10 08:58:33,34337
28736,2021-10-14 10:43:23,34338
28737,2020-01-19 17:11:56,34339
28740,2021-06-15 15:52:20,34342
28741,2023-02-09 09:55:11,34343
28742,2022-08-25 17:22:40,34344
28743,2021-02-06 13:45:45,34345
28744,2020-03-06 10:20:32,34346
28746,2023-12-12 15:21:38,34348
28747,2021-03-09 12:15:46,34349
28748,2023-01-02 18:46:54,34350
28751,2023-01-18 09:11:10,34353
28752,2022-02-03 14:57:18,34354
28753,2021-01-05 17:02:24,34355
28756,2021-07-18 09:02:18,34358
28757,2022-05-02 12:56:35,34359
28758,2021-07-06 17:51:54,34360
28759,2023-12-01 11:48:05,34361
28760,2021-05-22 15:35:50,34362
28761,2023-03-14 13:30:56,34363
28762,2023-12-10 09:49:33,34364
28763,2023-04-18 15:01:31,34365
28766,2021-05-22 10:19:01,34368
28769,2022-06-13 12:30:27,34371
28770,2023-01-20 16:03:03,34372
28771,2021-05-17 16:07:05,34373
28772,2023-06-07 10:02:35,34374
28773,2021-01-06 13:52:44,34375
28774,2020-02-09 13:21:57,34376
28775,2023-01-27 10:02:27,34377
28778,2022-08-11 11:48:00,34380
28779,2022-02-01 08:59:31,34381
28781,2023-04-07 11:03:07,34383
28783,2023-01-18 15:26:48,34385
28785,2023-09-11 14:18:00,34387
28786,2020-05-19 13:48:36,34388
28789,2023-11-18 12:43:18,34391
28791,2021-01-23 12:56:39,34393
28792,2021-05-04 14:32:18,34394
28793,2023-11-16 09:08:14,34395
28794,2022-08-17 16:28:23,34396
28797,2020-08-27 15:23:14,34399
28799,2020-12-01 09:15:45,34401
28801,2022-10-08 14:08:38,34403
28802,2021-04-10 14:41:30,34404
28804,2021-12-14 13:05:54,34406
28805,2022-12-19 13:19:08,34407
28806,2023-08-15 10:04:15,34408
28807,2022-11-17 17:35:19,34409
28808,2021-02-09 17:47:52,34410
28809,2020-06-02 15:59:39,34411
28811,2020-02-05 15:55:02,34413
28812,2022-08-07 16:26:05,34414
28813,2020-08-25 17:17:10,34415
28817,2020-11-27 17:55:02,34419
28820,2020-07-03 14:37:13,34422
28821,2020-07-10 16:46:43,34423
28822,2022-10-25 15:19:40,34424
28825,2023-03-28 08:32:40,34427
28826,2022-09-27 18:41:50,34428
28827,2023-10-24 15:22:12,34429
28829,2021-05-16 12:17:30,34431
28830,2021-06-04 11:37:02,34432
28833,2021-08-06 12:40:25,34435
28835,2021-07-11 16:45:02,34437
28837,2020-04-01 10:19:40,34439
28840,2023-11-05 14:12:46,34442
28841,2023-06-25 13:50:22,34443
28843,2021-09-24 11:14:26,34445
28844,2020-01-21 14:08:02,34446
28845,2021-09-28 17:22:44,34447
28847,2022-11-07 13:02:44,34449
28848,2022-09-08 15:48:39,34450
28852,2021-12-27 16:36:16,34454
28854,2020-08-28 10:05:22,34456
28857,2023-06-14 11:00:22,34459
28858,2021-01-17 09:42:12,34460
28859,2020-07-09 17:54:10,34461
28861,2022-09-18 09:49:58,34463
28862,2022-06-07 12:01:21,34464
28863,2020-11-10 10:44:11,34465
28865,2021-04-12 10:29:06,34467
28867,2022-02-01 09:36:49,34469
28869,2023-05-21 16:19:36,34471
28870,2023-07-02 18:13:53,34472
28871,2023-06-12 10:02:24,34473
28874,2020-03-12 17:00:46,34476
28875,2021-08-22 15:36:10,34477
28876,2020-05-09 14:09:41,34478
28877,2021-12-20 13:16:15,34479
28880,2020-02-12 12:31:22,34482
28881,2021-11-08 14:13:17,34483
28882,2020-11-12 16:07:10,34484
28883,2022-12-05 13:25:19,34485
28886,2021-08-16 13:18:29,34488
28887,2020-02-01 16:35:18,34489
28888,2023-01-27 10:41:24,34490
28891,2022-06-27 10:25:28,34493
28892,2023-09-26 16:00:39,34494
28893,2020-04-03 14:24:30,34495
28895,2023-08-20 16:20:18,34497
28897,2022-12-01 15:51:50,34499
28898,2022-02-24 12:15:53,34500
28899,2020-02-02 10:40:57,34501
28900,2023-04-03 17:00:19,34502
28901,2023-08-20 11:37:22,34503
28903,2020-12-08 12:13:44,34505
28905,2023-12-06 14:58:40,34507
28906,2021-01-16 15:49:02,34508
28907,2021-04-03 15:58:19,34509
28908,2020-02-07 11:44:16,34510
28909,2020-02-06 10:27:41,34511
28910,2021-03-15 14:53:50,34512
28912,2020-08-17 08:44:36,34514
28913,2020-05-11 14:22:54,34515
28914,2023-02-10 17:34:56,34516
28915,2022-12-17 09:26:04,34517
28917,2022-09-18 16:52:30,34519
28919,2022-11-16 14:33:40,34521
28920,2021-04-25 13:49:10,34522
28922,2022-04-08 10:08:32,34524
28923,2021-10-21 14:15:38,34525
28925,2023-05-10 12:50:26,34527
28926,2022-09-01 12:21:01,34528
28927,2023-02-27 12:37:38,34529
28928,2020-10-11 12:22:31,34530
28929,2021-01-25 12:15:54,34531
28931,2023-03-02 16:17:18,34533
28932,2023-08-26 14:54:23,34534
28933,2023-12-17 09:42:45,34535
28934,2022-03-16 15:07:25,34536
28935,2022-07-19 10:23:59,34537
28938,2022-01-01 13:02:42,34540
28939,2023-06-05 14:33:41,34541
28942,2023-01-05 11:13:55,34544
28943,2020-03-01 17:00:21,34545
28944,2023-09-20 14:26:21,34546
28945,2021-06-18 14:09:00,34547
28947,2023-12-18 11:04:36,34549
28948,2022-11-16 12:10:32,34550
28950,2021-05-20 09:33:14,34552
28952,2021-10-20 17:44:00,34554
28953,2020-05-23 10:14:57,34555
28954,2022-01-13 12:44:48,34556
28956,2022-12-25 11:33:36,34558
28957,2023-09-05 09:46:04,34559
28959,2022-10-06 13:35:51,34561
28961,2021-02-21 17:29:50,34563
28962,2020-07-26 16:03:33,34564
28963,2020-07-03 08:45:08,34565
28964,2020-08-20 17:08:41,34566
28965,2022-11-01 13:05:31,34567
28966,2020-08-21 15:30:21,34568
28967,2020-04-25 08:44:17,34569
28968,2023-10-24 10:18:22,34570
28972,2021-09-03 11:41:01,34574
28973,2023-07-16 10:32:53,34575
28975,2020-08-16 12:19:02,34577
28976,2022-11-23 15:17:44,34578
28977,2020-10-13 16:11:03,34579
28978,2022-02-20 12:35:50,34580
28980,2020-04-16 08:21:29,34582
28982,2021-12-21 15:32:51,34584
28983,2020-05-09 17:32:35,34585
28984,2020-10-01 10:54:47,34586
28985,2022-04-21 16:51:02,34587
28986,2020-02-22 09:40:18,34588
28987,2020-08-19 17:04:34,34589
28990,2020-04-09 18:44:08,34592
28991,2021-07-20 09:33:31,34593
28992,2021-04-16 13:41:38,34594
28993,2021-01-27 16:53:12,34595
28996,2023-09-24 09:01:26,34598
28997,2020-10-10 10:43:41,34599
28998,2021-11-25 14:49:11,34600
28999,2021-08-16 10:02:15,34601
29000,2020-02-20 17:32:24,34602
29001,2021-02-20 10:18:11,34603
29002,2020-11-17 14:38:14,34604
29003,2021-06-28 12:15:29,34605
29006,2023-08-06 09:29:08,34608
29010,2020-01-24 17:37:54,34612
29011,2023-07-14 16:09:36,34613
29012,2022-04-16 09:48:07,34614
29014,2022-02-07 14:30:38,34616
29017,2020-10-17 14:41:05,34619
29020,2022-05-25 12:06:29,34622
29021,2020-01-27 11:04:30,34623
29023,2023-06-14 17:27:58,34625
29025,2020-06-25 13:33:02,34627
29027,2021-06-03 10:17:26,34629
29028,2022-11-25 09:51:18,34630
29029,2022-04-08 13:30:36,34631
29031,2023-02-01 16:01:00,34633
29033,2023-06-17 11:33:28,34635
29034,2020-01-17 12:08:01,34636
29035,2023-12-05 11:03:16,34637
29038,2023-05-10 17:52:15,34640
29040,2022-09-10 11:18:21,34642
29041,2020-05-13 11:36:21,34643
29042,2021-03-16 10:51:11,34644
29045,2023-03-10 09:50:52,34647
29046,2023-05-03 08:51:50,34648
29047,2020-04-21 16:09:38,34649
29050,2020-02-03 18:16:00,34652
29051,2023-10-26 16:05:33,34653
29052,2021-09-03 17:20:44,34654
29053,2020-04-10 13:35:28,34655
29054,2023-11-06 10:23:01,34656
29056,2021-02-21 18:44:03,34658
29058,2022-12-10 14:27:16,34660
29059,2023-02-01 08:28:01,34661
29061,2020-01-06 13:11:15,34663
29064,2023-08-10 11:24:38,34666
29065,2021-08-22 12:06:10,34667
29066,2023-12-26 12:34:31,34668
29067,2023-03-23 11:32:23,34669
29068,2022-03-13 13:31:53,34670
29069,2023-04-05 09:31:15,34671
29070,2023-02-20 09:13:05,34672
29071,2022-07-10 13:29:51,34673
29072,2023-11-27 17:25:03,34674
29073,2022-05-13 08:31:49,34675
29074,2020-11-15 09:36:08,34676
29075,2021-05-12 12:16:33,34677
29076,2020-07-24 09:08:52,34678
29078,2021-02-18 13:33:33,34680
29079,2021-08-15 12:44:23,34681
29080,2023-01-12 17:43:36,34682
29081,2022-12-06 12:04:09,34683
29082,2021-08-09 16:25:22,34684
29085,2023-02-19 14:53:57,34687
29088,2023-09-20 12:10:22,34690
29089,2023-08-08 10:45:27,34691
29090,2020-07-23 11:48:40,34692
29091,2022-04-22 12:09:23,34693
29094,2023-07-25 15:40:18,34696
29095,2021-08-28 08:57:54,34697
29096,2022-04-18 13:59:53,34698
29097,2020-10-08 10:09:35,34699
29098,2020-09-19 10:08:55,34700
29101,2021-03-03 09:07:18,34703
29102,2020-10-23 11:01:17,34704
29103,2020-06-12 15:24:53,34705
29104,2023-02-02 11:39:27,34706
29106,2021-08-22 11:13:10,34708
29107,2023-04-14 14:20:45,34709
29108,2022-09-07 15:21:12,34710
29109,2023-08-15 11:54:54,34711
29112,2021-01-18 15:00:09,34714
29117,2020-11-07 16:41:54,34719
29118,2022-05-05 16:49:02,34720
29119,2023-10-25 11:59:23,34721
29120,2022-08-17 18:33:01,34722
29121,2021-08-20 09:00:00,34723
29122,2023-09-01 09:41:18,34724
29123,2022-07-11 14:21:20,34725
29124,2022-12-20 12:06:15,34726
29125,2023-12-22 08:57:26,34727
29126,2022-05-10 12:33:02,34728
29127,2023-11-07 09:49:56,34729
29129,2023-05-01 12:09:32,34731
29130,2023-05-06 17:02:04,34732
29132,2020-03-04 16:40:36,34734
29135,2020-12-10 12:44:23,34737
29136,2023-06-28 14:31:18,34738
29137,2021-02-06 11:44:41,34739
29139,2022-05-05 11:24:45,34741
29140,2023-04-09 10:39:08,34742
29141,2023-06-06 10:40:11,34743
29142,2020-08-13 15:38:00,34744
29144,2021-03-01 09:55:09,34746
29145,2021-03-15 14:09:15,34747
29146,2022-12-02 17:20:27,34748
29147,2022-02-05 14:45:23,34749
29148,2021-04-23 17:52:58,34750
29149,2020-11-26 13:52:12,34751
29150,2020-02-11 18:13:17,34752
29151,2023-09-08 17:56:43,34753
29152,2020-07-26 17:51:54,34754
29153,2022-08-11 17:37:21,34755
29154,2023-08-17 08:29:39,34756
29156,2023-11-01 09:45:04,34758
29158,2021-11-01 13:25:21,34760
29159,2023-04-04 17:21:59,34761
29160,2022-11-20 11:25:59,34762
29161,2021-07-27 11:04:16,34763
29162,2021-06-10 15:52:09,34764
29164,2022-09-20 15:12:47,34766
29165,2023-12-26 10:44:16,34767
29166,2021-03-10 14:53:42,34768
29167,2020-07-05 15:17:26,34769
29168,2020-12-26 16:49:10,34770
29170,2023-08-28 11:42:32,34772
29171,2022-02-27 16:56:32,34773
29172,2021-03-06 14:38:07,34774
29173,2023-10-16 10:56:56,34775
29174,2020-12-17 11:57:31,34776
29176,2023-08-21 15:36:44,34778
29177,2020-02-27 17:12:15,34779
29179,2023-08-05 09:30:10,34781
29180,2022-12-10 16:56:42,34782
29181,2023-12-19 13:17:17,34783
29182,2023-02-18 15:22:59,34784
29185,2020-01-16 18:06:09,34787
29187,2022-12-01 15:20:56,34789
29188,2022-06-20 16:34:57,34790
29189,2022-09-17 09:34:22,34791
29191,2020-05-06 11:22:45,34793
29193,2021-10-13 12:13:47,34795
29194,2021-04-08 13:35:11,34796
29195,2020-09-26 14:29:17,34797
29197,2021-06-11 13:22:35,34799
29199,2020-10-27 17:46:19,34801
29200,2021-12-08 09:10:47,34802
29203,2022-10-21 12:20:30,34805
29204,2022-05-06 14:35:24,34806
29205,2021-03-16 11:07:34,34807
29206,2020-05-18 16:44:27,34808
29207,2020-09-13 08:41:33,34809
29209,2021-05-08 13:24:19,34811
29210,2022-06-26 17:41:35,34812
29211,2020-12-18 08:43:49,34813
29212,2020-11-28 10:46:48,34814
29213,2021-11-07 13:59:21,34815
29214,2022-12-28 11:40:17,34816
29215,2021-06-28 10:56:12,34817
29216,2022-12-09 09:30:15,34818
29217,2023-08-03 11:44:50,34819
29218,2021-05-24 16:53:02,34820
29219,2021-02-11 15:55:46,34821
29221,2020-08-13 14:40:46,34823
29223,2023-02-15 11:05:00,34825
29224,2021-10-03 15:33:27,34826
29225,2023-08-16 17:26:02,34827
29228,2023-05-18 10:19:10,34830
29229,2022-08-04 09:43:45,34831
29230,2023-07-24 10:07:57,34832
29231,2021-12-22 08:34:38,34833
29232,2023-08-06 12:41:48,34834
29239,2023-09-21 18:51:49,34841
29240,2021-06-25 16:48:42,34842
29242,2020-07-22 09:46:52,34844
29243,2020-07-27 08:54:24,34845
29244,2022-04-19 11:30:35,34846
29246,2022-08-17 14:43:13,34848
29247,2020-02-22 18:49:46,34849
29248,2023-04-05 13:01:42,34850
29249,2023-11-10 10:40:35,34851
29251,2022-03-09 12:10:08,34853
29252,2023-08-14 13:26:54,34854
29253,2023-02-03 14:19:29,34855
29256,2021-06-25 13:47:51,34858
29258,2021-05-14 12:58:29,34860
29259,2021-10-20 15:12:27,34861
29260,2020-07-15 08:49:49,34862
29263,2020-07-19 15:55:06,34865
29264,2020-01-11 15:00:26,34866
29265,2022-09-18 11:21:56,34867
29266,2020-01-06 11:42:58,34868
29267,2020-05-01 12:42:50,34869
29268,2021-05-10 13:43:59,34870
29269,2022-11-09 15:29:15,34871
29271,2023-06-16 12:00:18,34873
29272,2021-09-11 17:39:35,34874
29274,2022-03-02 14:19:49,34876
29275,2021-05-13 16:44:58,34877
29276,2020-07-11 12:16:22,34878
29277,2023-09-13 16:44:33,34879
29281,2021-10-13 18:46:49,34883
29282,2023-09-13 15:08:58,34884
29283,2020-09-20 13:21:34,34885
29285,2022-02-09 14:08:20,34887
29286,2022-06-17 17:47:23,34888
29287,2021-02-04 14:22:09,34889
29288,2020-11-19 16:15:11,34890
29289,2023-06-11 17:37:03,34891
29290,2020-11-01 10:15:05,34892
29291,2023-04-28 16:13:13,34893
29292,2020-06-05 17:26:15,34894
29293,2021-02-11 16:57:34,34895
29294,2022-03-01 16:52:41,34896
29295,2023-05-20 10:19:00,34897
29296,2021-02-02 11:32:34,34898
29299,2022-02-11 13:18:09,34901
29301,2022-11-27 08:40:37,34903
29302,2020-07-21 11:04:41,34904
29303,2022-09-04 16:38:37,34905
29304,2021-08-07 09:01:42,34906
29306,2022-12-17 12:45:33,34908
29307,2021-12-20 17:46:21,34909
29308,2020-05-25 13:05:44,34910
29309,2021-05-25 12:44:11,34911
29311,2020-11-27 11:08:56,34913
29312,2020-09-03 15:34:37,34914
29313,2020-02-01 11:41:14,34915
29314,2020-10-17 10:19:49,34916
29315,2023-07-26 08:35:19,34917
29316,2021-08-01 17:25:41,34918
29318,2022-02-24 12:00:22,34920
29320,2022-03-04 13:40:50,34922
29321,2020-09-22 13:39:59,34923
29324,2022-11-03 16:07:11,34926
29326,2020-10-27 14:43:34,34928
29327,2022-01-23 13:47:00,34929
29328,2020-08-18 13:18:31,34930
29329,2021-06-28 09:42:21,34931
29332,2020-10-22 08:44:43,34934
29333,2022-08-27 17:11:51,34935
29335,2020-03-16 10:14:11,34937
29336,2023-05-25 11:05:38,34938
29337,2023-09-04 16:05:26,34939
29339,2021-12-20 08:40:15,34941
29340,2022-10-17 09:37:32,34942
29342,2020-06-08 09:53:38,34944
29344,2023-07-15 17:44:18,34946
29345,2020-04-09 09:57:19,34947
29346,2022-04-18 09:46:03,34948
29347,2023-07-06 17:23:10,34949
29350,2023-10-06 11:09:29,34952
29351,2022-03-19 16:51:04,34953
29353,2021-01-11 12:28:40,34955
29354,2022-07-03 17:22:49,34956
29355,2020-12-13 11:37:11,34957
29356,2021-10-17 14:01:28,34958
29357,2021-04-09 15:29:20,34959
29360,2022-03-27 13:48:43,34962
29361,2023-04-03 14:52:11,34963
29362,2020-07-15 15:08:04,34964
29363,2022-01-28 16:58:36,34965
29365,2021-05-04 10:06:36,34967
29366,2021-09-20 15:13:42,34968
29367,2021-10-08 13:48:42,34969
29368,2023-07-10 12:11:06,34970
29370,2020-12-12 13:49:32,34972
29371,2020-12-08 14:03:17,34973
29372,2020-04-18 12:20:38,34974
29373,2021-11-19 11:25:22,34975
29374,2022-05-20 14:42:30,34976
29375,2023-07-11 17:56:04,34977
29376,2023-12-02 09:43:33,34978
29378,2022-08-25 16:18:44,34980
29379,2021-08-01 14:28:45,34981
29381,2021-07-24 10:18:23,34983
29382,2023-11-09 16:39:52,34984
29384,2022-01-03 16:43:09,34986
29387,2022-02-09 12:32:36,34989
29388,2021-09-09 10:33:20,34990
29389,2020-01-18 14:36:20,34991
29391,2020-12-06 16:55:35,34993
29394,2020-07-09 15:48:34,34996
29395,2023-02-05 09:38:57,34997
29397,2023-02-19 16:40:53,34999
29398,2022-04-27 11:09:33,35000
29400,2022-04-09 11:05:38,35002
29401,2022-10-08 16:20:16,35003
29402,2022-09-28 16:12:52,35004
29404,2023-01-25 11:25:26,35006
29405,2022-01-27 17:12:54,35007
29406,2020-07-14 12:15:54,35008
29407,2020-06-17 18:46:04,35009
29408,2021-07-15 12:22:21,35010
29409,2022-08-16 09:49:01,35011
29410,2021-04-24 14:31:12,35012
29411,2023-03-11 11:57:31,35013
29412,2021-02-01 14:07:25,35014
29413,2020-01-03 12:31:43,35015
29414,2020-05-12 16:33:14,35016
29415,2022-08-16 17:54:37,35017
29416,2022-11-04 18:23:10,35018
29417,2023-01-23 10:24:03,35019
29422,2020-06-03 13:32:44,35024
29425,2021-10-28 16:07:07,35027
29426,2020-09-15 09:48:18,35028
29427,2023-12-19 08:45:13,35029
29428,2021-02-01 15:36:24,35030
29430,2020-09-08 16:11:31,35032
29431,2022-12-22 10:56:10,35033
29432,2021-09-20 15:13:13,35034
29433,2021-07-12 09:21:46,35035
29434,2023-06-23 14:06:05,35036
29435,2023-10-14 11:27:39,35037
29439,2022-07-06 11:22:09,35041
29440,2022-10-13 16:47:41,35042
29441,2021-01-12 09:26:55,35043
29442,2021-06-12 16:49:09,35044
29443,2020-11-06 09:25:16,35045
29445,2023-06-09 09:19:37,35047
29446,2020-01-06 10:05:31,35048
29447,2023-08-06 11:34:56,35049
29449,2023-04-24 14:32:49,35051
29451,2023-04-07 10:07:13,35053
29454,2020-08-07 13:04:02,35056
29455,2023-07-06 13:27:38,35057
29458,2023-12-04 15:41:26,35060
29460,2021-09-04 11:16:57,35062
29461,2020-12-07 10:50:50,35063
29463,2020-08-02 11:12:29,35065
29464,2020-12-13 13:27:07,35066
29465,2021-04-10 17:07:27,35067
29466,2020-10-26 17:29:01,35068
29467,2021-11-18 14:19:07,35069
29468,2020-09-23 09:32:16,35070
29470,2023-11-16 14:26:26,35072
29471,2022-11-05 18:27:00,35073
29472,2023-03-02 16:17:29,35074
29474,2020-02-06 13:58:32,35076
29476,2021-03-04 08:39:31,35078
29479,2020-07-27 17:03:11,35081
29480,2023-05-16 15:16:39,35082
29482,2022-03-08 08:57:25,35084
29483,2021-11-14 17:16:56,35085
29484,2020-04-19 10:44:00,35086
29487,2023-06-18 11:02:36,35089
29488,2022-07-02 16:20:59,35090
29489,2022-07-14 14:27:35,35091
29491,2023-06-26 18:33:36,35093
29492,2023-07-17 15:39:36,35094
29493,2020-10-01 14:59:40,35095
29494,2022-10-08 08:57:48,35096
29497,2020-10-28 10:14:39,35099
29498,2022-03-18 09:30:33,35100
29501,2020-08-27 09:54:01,35103
29502,2023-09-08 15:38:29,35104
29504,2021-11-27 16:44:48,35106
29505,2022-10-21 10:28:58,35107
29506,2022-09-03 12:09:10,35108
29507,2023-07-01 17:05:51,35109
29508,2022-06-28 11:27:29,35110
29509,2022-06-09 14:21:23,35111
29511,2021-12-23 16:30:22,35113
29512,2020-01-14 17:02:47,35114
29513,2023-03-25 09:54:02,35115
29515,2023-06-19 14:25:58,35117
29516,2022-02-06 13:15:04,35118
29518,2020-03-18 10:14:27,35120
29522,2022-10-25 14:31:09,35124
29523,2023-11-26 19:02:36,35125
29525,2020-04-20 16:43:44,35127
29528,2020-01-16 17:16:23,35130
29531,2022-12-19 14:11:12,35133
29533,2020-05-11 15:02:52,35135
29534,2021-08-11 16:59:23,35136
29535,2021-12-07 11:41:35,35137
29536,2021-04-21 17:53:13,35138
29539,2020-12-08 08:29:48,35141
29541,2021-08-26 16:38:11,35143
29543,2023-07-18 14:01:18,35145
29544,2021-01-03 10:04:07,35146
29545,2023-06-16 10:49:52,35147
29546,2020-07-19 14:23:57,35148
29547,2023-07-16 17:13:28,35149
29549,2021-01-26 16:09:57,35151
29550,2023-12-01 17:15:20,35152
29551,2020-10-13 11:33:16,35153
29552,2021-02-27 13:40:28,35154
29553,2021-08-09 12:06:30,35155
29554,2023-01-22 17:09:53,35156
29556,2020-12-02 09:42:12,35158
29558,2020-09-03 09:44:58,35160
29559,2022-01-07 16:18:23,35161
29562,2022-04-06 17:54:16,35164
29563,2023-06-02 12:59:23,35165
29564,2021-09-12 10:42:04,35166
29568,2023-11-12 11:25:26,35170
29569,2020-05-10 16:26:18,35171
29571,2021-02-18 16:59:26,35173
29572,2021-12-09 10:21:35,35174
29573,2021-10-04 15:04:13,35175
29574,2023-04-27 12:44:49,35176
29576,2020-01-03 12:12:08,35178
29577,2022-05-22 13:46:46,35179
29581,2022-06-22 11:28:41,35183
29582,2023-08-23 13:08:48,35184
29583,2020-01-12 09:34:23,35185
29584,2022-12-19 13:00:13,35186
29585,2022-11-17 17:07:01,35187
29586,2023-09-27 12:40:29,35188
29587,2021-09-08 17:51:24,35189
29588,2020-05-17 18:23:11,35190
29589,2022-05-05 18:24:09,35191
29590,2023-05-25 17:55:14,35192
29591,2020-08-13 09:32:55,35193
29592,2020-03-24 17:19:10,35194
29593,2022-03-18 09:44:20,35195
29594,2023-05-22 10:42:33,35196
29595,2020-12-27 17:35:22,35197
29596,2021-03-19 09:56:02,35198
29597,2021-06-13 17:45:53,35199
29598,2020-07-01 14:26:25,35200
29604,2023-06-18 10:23:06,35206
29606,2021-07-11 17:05:06,35208
29607,2023-11-07 10:37:50,35209
29608,2020-09-12 16:32:05,35210
29611,2022-01-28 14:16:22,35213
29613,2023-04-13 10:34:16,35215
29614,2021-09-13 16:59:27,35216
29616,2022-02-13 12:27:25,35218
29617,2022-07-09 09:26:31,35219
29618,2020-01-25 13:56:00,35220
29619,2023-11-07 13:33:30,35221
29628,2022-03-27 18:40:40,35230
29629,2023-02-05 15:32:54,35231
29630,2023-11-15 14:15:07,35232
29631,2023-10-08 10:54:21,35233
29633,2023-06-01 16:30:17,35235
29636,2023-08-08 09:36:08,35238
29638,2021-02-15 13:59:38,35240
29640,2020-02-20 14:55:12,35242
29642,2020-05-07 13:47:19,35244
29643,2021-11-23 09:50:50,35245
29644,2021-05-26 09:23:55,35246
29645,2022-12-13 13:06:31,35247
29646,2020-03-11 14:34:46,35248
29647,2022-07-06 10:36:52,35249
29649,2022-09-09 15:03:08,35251
29650,2022-01-14 15:16:41,35252
29651,2023-03-18 18:13:10,35253
29652,2023-06-03 12:00:01,35254
29653,2021-09-10 13:52:14,35255
29654,2020-11-02 11:00:45,35256
29655,2023-03-28 09:34:49,35257
29656,2022-09-11 12:14:14,35258
29658,2020-05-25 11:11:00,35260
29659,2020-08-11 17:24:50,35261
29661,2023-02-21 17:06:07,35263
29662,2023-09-12 17:30:21,35264
29663,2023-05-02 14:59:51,35265
29665,2020-10-23 13:20:15,35267
29666,2023-10-11 15:01:58,35268
29667,2021-04-16 17:40:04,35269
29670,2020-01-16 09:51:35,35272
29671,2020-04-19 09:22:22,35273
29672,2022-11-28 10:27:58,35274
29673,2021-12-06 16:23:35,35275
29674,2022-07-01 10:11:16,35276
29675,2021-09-01 16:58:36,35277
29676,2022-12-23 10:49:05,35278
29677,2021-12-19 10:32:20,35279
29678,2023-09-19 13:13:32,35280
29679,2020-07-23 12:34:55,35281
29681,2023-03-18 09:40:35,35283
29682,2022-06-19 13:29:19,35284
29683,2022-02-24 17:02:56,35285
29684,2022-05-26 16:37:29,35286
29685,2023-10-01 14:00:06,35287
29687,2020-12-22 10:14:23,35289
29689,2022-01-09 11:21:50,35291
29691,2022-11-18 16:21:52,35293
29692,2023-02-15 16:12:25,35294
29693,2020-08-23 10:14:10,35295
29694,2023-06-18 11:08:05,35296
29695,2022-04-02 12:14:23,35297
29697,2020-06-27 16:23:28,35299
29698,2023-05-26 09:07:48,35300
29701,2020-04-19 13:49:04,35303
29702,2020-07-25 15:55:41,35304
29703,2020-11-23 15:35:20,35305
29704,2023-12-11 16:07:47,35306
29705,2022-02-21 14:53:12,35307
29706,2022-02-28 11:49:45,35308
29709,2023-10-02 09:19:32,35311
29711,2021-09-14 11:35:35,35313
29712,2020-12-01 10:09:57,35314
29716,2022-01-12 11:15:03,35318
29718,2021-11-05 14:46:25,35320
29719,2021-08-04 11:51:23,35321
29720,2021-03-01 08:24:21,35322
29721,2023-09-22 12:42:39,35323
29722,2023-10-09 18:59:03,35324
29723,2022-05-25 14:13:22,35325
29724,2020-10-01 17:05:56,35326
29725,2020-11-18 10:18:08,35327
29726,2021-05-13 09:28:08,35328
29727,2022-07-03 12:55:43,35329
29730,2022-01-21 11:14:12,35332
29731,2023-02-14 16:50:00,35333
29733,2020-12-26 17:04:03,35335
29734,2020-02-18 10:48:08,35336
29738,2022-01-16 12:02:37,35340
29739,2021-03-24 10:00:04,35341
29740,2023-11-01 11:34:55,35342
29741,2023-03-04 11:21:53,35343
29746,2021-03-18 14:15:18,35348
29747,2022-08-04 12:58:27,35349
29748,2021-01-15 13:38:39,35350
29749,2021-01-13 11:16:19,35351
29750,2023-07-23 11:32:09,35352
29752,2021-05-26 12:49:26,35354
29754,2021-10-28 15:10:13,35356
29755,2023-11-23 16:08:38,35357
29757,2023-08-19 16:33:50,35359
29758,2022-02-23 18:11:50,35360
29759,2021-09-14 08:50:03,35361
29760,2022-12-28 15:41:30,35362
29761,2021-11-04 12:44:33,35363
29762,2022-04-07 16:50:53,35364
29763,2023-04-17 17:38:22,35365
29765,2020-04-24 13:08:07,35367
29768,2022-07-15 12:03:02,35370
29770,2020-12-10 11:32:19,35372
29771,2021-01-26 17:08:32,35373
29772,2021-01-25 09:02:15,35374
29773,2023-04-22 14:41:33,35375
29774,2021-09-28 16:46:48,35376
29775,2023-10-28 17:30:24,35377
29779,2022-12-24 16:43:25,35381
29780,2021-02-23 13:16:35,35382
29781,2020-05-09 17:53:07,35383
29782,2020-08-05 15:21:29,35384
29784,2021-12-07 13:27:51,35386
29785,2022-07-19 15:48:20,35387
29786,2022-11-27 18:36:09,35388
29787,2022-02-26 15:14:05,35389
29788,2021-03-01 14:29:58,35390
29790,2023-07-24 12:56:22,35392
29791,2021-01-03 18:20:25,35393
29793,2021-09-07 14:04:41,35395
29794,2020-10-02 09:24:02,35396
29795,2021-08-06 18:26:01,35397
29796,2023-10-02 12:47:28,35398
29797,2021-01-22 16:37:22,35399
29798,2022-01-12 09:59:54,35400
29800,2020-06-01 09:17:29,35402
29801,2021-12-22 12:57:57,35403
29802,2021-04-27 13:23:17,35404
29804,2022-03-13 12:33:16,35406
29805,2023-10-14 10:02:00,35407
29809,2023-04-03 15:27:24,35411
29810,2021-06-16 12:01:10,35412
29811,2021-08-05 11:09:50,35413
29812,2020-09-06 17:09:08,35414
29813,2022-11-21 16:15:22,35415
29814,2021-06-24 14:10:35,35416
29816,2022-08-19 18:44:49,35418
29817,2020-11-10 09:50:19,35419
29819,2022-10-03 16:24:55,35421
29820,2023-07-18 11:09:11,35422
29821,2021-06-06 09:19:48,35423
29822,2020-10-19 17:05:23,35424
29823,2021-04-11 16:12:52,35425
29824,2023-03-09 10:51:53,35426
29825,2021-10-24 16:58:08,35427
29827,2020-04-28 11:25:08,35429
29828,2023-04-16 17:46:29,35430
29829,2022-04-25 13:32:33,35431
29830,2022-04-28 09:18:53,35432
29831,2023-05-17 15:52:12,35433
29832,2022-04-09 08:35:18,35434
29833,2023-09-07 13:53:22,35435
29834,2022-12-23 10:09:53,35436
29835,2023-07-06 14:32:48,35437
29836,2022-03-27 16:53:48,35438
29838,2021-03-28 16:07:26,35440
29840,2020-10-04 17:05:18,35442
29843,2020-08-23 12:01:33,35445
29844,2021-07-19 08:41:15,35446
29845,2023-03-22 18:15:12,35447
29846,2023-09-24 17:04:05,35448
29848,2021-03-21 13:00:58,35450
29851,2023-08-04 16:59:18,35453
29852,2020-06-02 11:19:14,35454
29853,2020-05-12 15:02:13,35455
29857,2022-05-20 09:53:55,35459
29858,2022-11-18 11:54:40,35460
29859,2023-08-20 12:16:39,35461
29860,2023-01-28 08:20:20,35462
29861,2023-05-25 17:36:19,35463
29863,2023-10-07 16:14:13,35465
29865,2022-03-01 16:34:36,35467
29867,2021-08-07 17:15:11,35469
29869,2022-03-05 12:54:59,35471
29871,2021-06-12 14:13:05,35473
29873,2022-07-15 14:06:30,35475
29874,2021-02-18 09:59:06,35476
29876,2020-03-21 10:21:41,35478
29878,2022-05-23 10:53:26,35480
29880,2023-01-26 11:15:32,35482
29881,2023-11-21 09:48:28,35483
29884,2022-10-22 14:02:06,35486
29885,2023-09-12 10:22:46,35487
29886,2023-08-15 13:39:31,35488
29887,2020-07-19 12:33:16,35489
29888,2020-03-23 16:21:04,35490
29889,2020-04-04 18:03:02,35491
29891,2023-07-22 08:25:26,35493
29895,2023-08-07 10:36:58,35497
29896,2023-02-15 11:08:56,35498
29898,2021-10-25 17:13:08,35500
29899,2023-10-16 16:48:26,35501
29900,2020-10-18 13:48:42,35502
29901,2021-04-11 15:17:40,35503
29902,2023-10-08 08:33:26,35504
29904,2022-05-03 14:11:11,35506
29905,2020-03-11 14:56:42,35507
29907,2022-01-22 12:11:58,35509
29908,2021-01-21 17:24:58,35510
29909,2020-03-26 17:19:32,35511
29910,2021-09-24 11:32:44,35512
29913,2021-05-21 12:42:03,35515
29914,2021-12-21 15:05:57,35516
29915,2022-01-19 17:28:15,35517
29919,2020-10-14 09:38:57,35521
29921,2021-12-17 16:36:29,35523
29923,2022-02-09 11:33:04,35525
29924,2021-12-17 17:02:53,35526
29926,2022-12-16 10:31:57,35528
29927,2021-11-01 14:23:24,35529
29928,2021-11-02 13:17:56,35530
29929,2022-11-27 17:43:57,35531
29930,2021-06-11 18:43:24,35532
29931,2020-02-05 15:17:31,35533
29932,2021-11-20 09:10:21,35534
29933,2023-10-15 11:29:29,35535
29935,2022-04-16 15:07:42,35537
29936,2022-12-22 09:31:40,35538
29937,2023-09-27 10:48:48,35539
29938,2022-01-01 10:57:09,35540
29940,2021-09-11 15:16:19,35542
29941,2022-10-01 08:58:12,35543
29943,2020-12-24 16:26:19,35545
29944,2023-06-17 13:40:24,35546
29945,2020-06-11 17:25:50,35547
29946,2023-07-03 11:30:32,35548
29947,2020-04-24 18:48:40,35549
29948,2023-05-14 08:53:15,35550
29949,2021-04-26 15:49:05,35551
29950,2023-01-24 15:17:44,35552
29952,2022-09-20 14:16:32,35554
29954,2022-06-05 09:24:20,35556
29955,2022-09-05 11:56:16,35557
29959,2020-03-24 09:08:24,35561
29963,2023-11-28 14:33:34,35565
29964,2023-09-26 13:01:06,35566
29966,2022-04-18 10:33:18,35568
29968,2022-10-22 08:51:35,35570
29969,2021-05-04 14:28:41,35571
29971,2022-03-22 11:02:52,35573
29972,2022-12-02 16:40:07,35574
29974,2023-07-03 13:37:06,35576
29976,2020-07-08 17:17:27,35578
29977,2021-10-24 18:35:51,35579
29978,2021-06-14 14:28:12,35580
29980,2023-05-14 10:22:17,35582
29983,2023-09-19 09:12:59,35585
29984,2023-11-24 17:26:00,35586
29986,2023-05-17 13:15:44,35588
29988,2020-10-01 16:53:53,35590
29989,2022-12-05 11:53:39,35591
29990,2023-05-07 15:03:40,35592
29991,2020-05-09 11:09:32,35593
29992,2023-06-11 12:56:47,35594
29993,2021-08-18 09:53:55,35595
29994,2023-09-14 12:40:47,35596
29995,2022-12-17 11:31:05,35597
29996,2020-05-02 09:46:14,35598
29997,2022-11-24 16:22:01,35599
29998,2020-11-25 12:48:47,35600
30000,2023-03-13 18:39:36,35602
30002,2021-11-14 12:23:46,35604
30003,2020-10-18 12:26:42,35605
30004,2021-08-11 14:53:17,35606
30005,2023-05-19 15:22:59,35607
30007,2023-05-28 16:25:33,35609
30009,2023-09-04 14:06:06,35611
30010,2021-11-22 13:24:41,35612
30011,2022-12-01 10:34:57,35613
30012,2022-01-14 13:06:03,35614
30014,2023-12-20 17:50:48,35616
30015,2020-05-17 11:55:08,35617
30016,2020-02-03 09:05:03,35618
30017,2022-06-10 10:18:41,35619
30019,2021-09-01 09:03:17,35621
30020,2022-02-13 08:55:23,35622
30021,2020-02-26 16:22:01,35623
30022,2020-03-05 10:56:33,35624
30025,2022-08-06 15:39:57,35627
30028,2022-07-08 17:38:20,35630
30029,2023-03-21 18:19:35,35631
30031,2022-11-16 14:44:36,35633
30032,2020-08-13 08:04:33,35634
30034,2023-02-25 17:09:29,35636
30035,2020-12-08 11:18:13,35637
30036,2022-07-08 15:55:51,35638
30037,2020-10-06 14:54:17,35639
30038,2021-08-05 09:54:45,35640
30040,2020-06-08 13:52:32,35642
30042,2023-04-16 16:41:43,35644
30043,2022-12-18 13:49:04,35645
30044,2021-05-28 18:12:39,35646
30047,2023-04-06 15:52:45,35649
30050,2021-10-19 13:10:29,35652
30052,2020-12-21 15:32:23,35654
30053,2023-01-18 17:31:10,35655
30054,2022-03-18 16:55:25,35656
30055,2022-04-17 09:29:59,35657
30057,2020-09-16 13:04:57,35659
30059,2020-05-23 12:29:24,35661
30064,2020-01-24 15:21:59,35666
30065,2021-05-02 14:48:41,35667
30066,2020-11-16 16:41:21,35668
30069,2023-03-28 16:15:21,35671
30070,2020-07-10 10:39:12,35672
30071,2020-05-17 16:16:36,35673
30073,2021-03-05 18:17:46,35675
30074,2023-06-16 16:09:28,35676
30075,2021-05-22 17:04:01,35677
30078,2021-01-25 11:02:30,35680
30079,2022-05-18 18:10:22,35681
30081,2023-01-12 14:00:43,35683
30083,2020-10-01 13:45:01,35685
30084,2022-08-05 18:19:02,35686
30085,2022-04-13 15:38:16,35687
30087,2022-07-01 09:18:48,35689
30088,2023-07-21 13:56:31,35690
30089,2023-04-09 11:14:24,35691
30090,2021-07-19 09:37:48,35692
30091,2023-10-15 09:10:53,35693
30092,2022-04-17 11:21:33,35694
30093,2020-08-26 16:24:47,35695
30094,2022-12-07 17:16:56,35696
30097,2022-07-20 09:25:57,35699
30098,2020-05-16 11:44:41,35700
30100,2021-09-10 13:53:55,35702
30101,2022-10-05 17:44:14,35703
30104,2022-03-11 14:05:07,35706
30106,2020-11-13 13:39:47,35708
30108,2023-11-18 13:25:53,35710
30111,2020-03-04 16:45:15,35713
30112,2022-09-23 12:32:22,35714
30113,2023-03-06 15:28:54,35715
30114,2020-05-25 14:31:40,35716
30116,2021-11-21 11:11:37,35718
30117,2021-05-23 18:07:41,35719
30118,2023-03-14 09:56:49,35720
30119,2022-07-19 13:16:09,35721
30120,2021-08-07 17:36:42,35722
30122,2023-01-08 09:17:15,35724
30123,2021-03-08 11:14:02,35725
30126,2021-03-21 10:48:53,35728
30127,2023-08-07 17:06:21,35729
30128,2023-06-07 13:46:11,35730
30129,2021-12-16 18:52:08,35731
30132,2023-09-22 13:42:00,35734
30133,2023-08-26 17:01:31,35735
30134,2022-09-20 12:47:24,35736
30136,2022-03-21 14:27:27,35738
30138,2020-05-16 13:10:26,35740
30139,2021-02-12 12:22:26,35741
30140,2021-05-07 14:20:20,35742
30141,2022-07-08 14:27:29,35743
30142,2022-10-08 17:07:26,35744
30143,2020-06-25 16:10:00,35745
30144,2020-08-17 16:25:52,35746
30145,2021-02-17 17:33:30,35747
30148,2021-02-19 10:05:18,35750
30149,2022-12-17 16:43:23,35751
30150,2022-01-09 17:53:49,35752
30151,2020-07-21 16:02:59,35753
30152,2021-11-08 10:22:51,35754
30154,2021-09-04 12:02:20,35756
30156,2020-01-23 13:32:01,35758
30158,2023-06-01 10:41:50,35760
30159,2021-08-02 10:29:37,35761
30160,2023-06-07 15:38:52,35762
30162,2023-02-08 09:55:58,35764
30163,2023-06-10 13:10:03,35765
30164,2023-12-17 15:42:24,35766
30165,2021-09-17 13:10:16,35767
30166,2022-06-24 10:23:24,35768
30167,2022-05-13 16:00:31,35769
30169,2022-05-28 15:31:38,35771
30171,2023-08-04 17:16:46,35773
30175,2023-11-27 15:12:40,35777
30176,2022-02-22 17:28:57,35778
30177,2022-08-05 13:32:45,35779
30178,2021-10-28 10:47:44,35780
30179,2021-04-20 11:22:25,35781
30181,2022-07-09 12:59:17,35783
30183,2020-05-15 13:53:49,35785
30184,2022-08-25 13:50:24,35786
30186,2023-03-08 13:00:24,35788
30188,2023-12-10 09:01:47,35790
30189,2021-10-19 09:44:47,35791
30190,2021-01-09 14:30:02,35792
30191,2021-02-23 10:53:25,35793
30193,2021-11-25 18:10:43,35795
30194,2021-06-19 10:16:05,35796
30195,2023-11-11 16:36:30,35797
30197,2021-09-05 10:08:21,35799
30198,2022-11-13 13:40:16,35800
30200,2022-01-22 11:17:50,35802
30202,2020-08-21 09:23:22,35804
30203,2020-06-16 09:16:59,35805
30205,2021-02-20 16:53:36,35807
30206,2020-10-10 13:40:52,35808
30209,2021-04-14 16:36:32,35811
30210,2020-02-12 17:28:23,35812
30211,2020-03-28 13:29:59,35813
30213,2023-04-17 11:30:37,35815
30214,2022-12-02 13:52:29,35816
30215,2021-04-07 13:41:04,35817
30216,2022-06-22 13:15:54,35818
30217,2023-07-24 13:24:38,35819
30219,2022-09-28 16:31:08,35821
30220,2021-03-22 12:43:53,35822
30221,2021-10-01 12:02:02,35823
30222,2021-10-18 12:24:27,35824
30223,2022-11-17 15:14:19,35825
30224,2023-09-09 12:00:14,35826
30225,2022-02-05 16:35:36,35827
30229,2022-02-21 10:52:42,35831
30230,2021-05-11 13:54:26,35832
30231,2023-09-08 15:15:22,35833
30232,2022-03-03 15:46:39,35834
30233,2021-08-15 17:21:15,35835
30234,2020-11-06 09:26:33,35836
30235,2021-02-05 18:17:30,35837
30237,2021-01-28 15:55:55,35839
30238,2021-04-27 09:59:03,35840
30239,2022-12-17 16:24:43,35841
30240,2022-03-27 14:54:11,35842
30241,2020-02-15 10:08:05,35843
30243,2022-05-20 16:25:40,35845
30244,2021-01-21 16:47:31,35846
30245,2021-07-11 09:51:33,35847
30247,2023-04-26 14:19:29,35849
30248,2021-02-28 12:58:51,35850
30251,2023-09-17 09:52:28,35853
30252,2021-11-15 12:37:23,35854
30253,2022-11-12 12:42:05,35855
30254,2021-05-12 13:17:19,35856
30257,2023-01-05 13:05:59,35859
30258,2020-09-18 08:49:36,35860
30259,2020-10-25 16:34:30,35861
30260,2023-12-03 11:15:59,35862
30261,2021-06-07 17:18:44,35863
30262,2022-08-15 16:24:48,35864
30264,2022-03-21 09:10:23,35866
30265,2022-06-13 12:57:32,35867
30267,2023-12-17 12:43:59,35869
30268,2020-05-10 18:52:45,35870
30269,2020-12-14 12:10:40,35871
30270,2023-11-11 17:09:23,35872
30272,2023-12-22 18:53:04,35874
30273,2021-02-12 15:33:05,35875
30276,2023-03-20 14:52:14,35878
30278,2023-10-25 14:22:31,35880
30280,2020-09-08 10:41:11,35882
30282,2023-06-17 10:55:10,35884
30283,2021-04-22 12:43:40,35885
30284,2020-01-22 10:02:25,35886
30285,2022-11-09 15:52:56,35887
30286,2022-12-20 12:28:16,35888
30287,2020-03-26 14:20:30,35889
30288,2022-07-28 10:04:24,35890
30291,2023-10-04 13:21:55,35893
30292,2020-10-27 11:46:19,35894
30293,2022-02-10 12:12:48,35895
30296,2022-07-10 13:48:26,35898
30298,2023-05-21 13:11:05,35900
30299,2022-03-14 13:04:29,35901
30301,2023-01-18 13:46:20,35903
30302,2020-01-11 14:43:26,35904
30303,2020-03-18 13:53:20,35905
30304,2023-10-04 14:33:34,35906
30308,2020-05-20 18:00:03,35910
30310,2022-07-03 17:18:18,35912
30311,2021-01-18 11:15:48,35913
30312,2020-09-06 15:59:45,35914
30313,2020-04-18 09:24:55,35915
30314,2020-01-26 08:46:05,35916
30316,2021-12-21 18:41:45,35918
30317,2022-11-25 17:46:27,35919
30318,2020-09-13 15:38:17,35920
30319,2021-11-20 18:43:23,35921
30320,2021-05-08 14:43:47,35922
30322,2022-01-21 17:40:19,35924
30324,2021-11-23 09:37:37,35926
30325,2022-02-11 08:52:11,35927
30326,2020-02-09 13:40:37,35928
30329,2021-02-16 17:15:52,35931
30330,2022-08-22 14:11:49,35932
30332,2020-03-16 18:24:22,35934
30333,2021-12-25 14:38:37,35935
30335,2021-10-10 14:54:47,35937
30336,2020-04-17 18:22:28,35938
30337,2020-10-24 13:45:07,35939
30338,2020-07-08 11:03:12,35940
30339,2020-02-14 14:23:16,35941
30340,2020-06-02 10:12:31,35942
30341,2021-01-11 10:48:05,35943
30342,2020-03-14 12:04:25,35944
30344,2022-01-11 10:16:39,35946
30345,2023-05-21 08:45:50,35947
30347,2023-07-08 11:30:28,35949
30349,2022-09-10 14:47:04,35951
30350,2023-02-11 18:01:34,35952
30352,2022-02-18 10:05:44,35954
30353,2020-02-03 17:57:50,35955
30355,2020-06-14 15:43:10,35957
30357,2021-01-27 14:21:42,35959
30362,2020-05-03 12:16:05,35964
30364,2021-11-06 13:43:48,35966
30365,2020-03-21 11:18:19,35967
30367,2022-03-10 16:04:12,35969
30370,2020-07-08 15:17:44,35972
30371,2023-01-12 15:27:59,35973
30372,2021-09-11 13:44:34,35974
30373,2023-02-15 12:31:50,35975
30374,2023-12-26 16:53:21,35976
30375,2022-09-08 11:47:59,35977
30377,2021-03-26 16:51:34,35979
30378,2023-12-28 17:22:11,35980
30382,2020-05-26 13:01:34,35984
30384,2021-09-22 17:45:10,35986
30385,2020-07-18 14:44:29,35987
30386,2023-09-24 09:37:19,35988
30387,2022-08-14 10:50:45,35989
30389,2023-11-05 11:42:14,35991
30390,2020-04-03 09:58:51,35992
30391,2020-06-05 10:17:00,35993
30392,2023-09-23 15:25:56,35994
30393,2023-01-17 13:48:44,35995
30394,2021-02-20 15:52:57,35996
30395,2022-03-07 11:42:41,35997
30397,2023-12-26 10:24:17,35999
30398,2023-09-05 14:44:27,36000
30401,2021-03-17 12:08:29,36003
30402,2021-06-07 12:41:56,36004
30404,2020-02-08 17:31:11,36006
30405,2021-07-06 12:49:07,36007
30407,2023-07-23 12:34:06,36009
30408,2021-08-05 14:23:01,36010
30410,2023-07-24 15:51:06,36012
30411,2023-05-11 15:44:01,36013
30412,2020-07-13 17:01:46,36014
30413,2022-11-21 17:21:48,36015
30414,2021-05-22 10:15:41,36016
30416,2020-04-20 10:50:33,36018
30417,2021-10-05 09:18:29,36019
30421,2022-09-01 10:35:01,36023
30422,2022-08-21 09:57:55,36024
30423,2023-08-16 16:43:50,36025
30424,2021-01-21 13:39:12,36026
30425,2023-10-23 14:24:41,36027
30427,2021-11-25 17:07:57,36029
30428,2020-09-09 11:18:13,36030
30430,2021-05-14 16:41:56,36032
30431,2022-06-18 18:35:54,36033
30434,2021-12-03 11:26:36,36036
30435,2023-12-18 10:38:57,36037
30436,2020-02-27 16:53:41,36038
30437,2023-07-07 17:34:54,36039
30438,2021-04-10 16:13:56,36040
30439,2020-03-18 15:43:03,36041
30440,2020-01-02 16:31:48,36042
30441,2022-04-03 18:35:53,36043
30442,2020-05-21 10:22:59,36044
30443,2023-06-24 18:10:21,36045
30444,2020-07-26 12:55:00,36046
30445,2022-03-06 11:17:48,36047
30446,2022-02-15 12:35:30,36048
30448,2023-03-15 11:24:07,36050
30449,2023-08-13 10:20:18,36051
30450,2020-03-04 14:12:14,36052
30451,2023-04-01 14:20:31,36053
30453,2023-02-10 11:12:48,36055
30455,2021-12-07 14:24:43,36057
30457,2022-08-07 17:36:31,36059
30461,2020-02-25 09:47:46,36063
30462,2022-10-05 08:45:18,36064
30464,2021-06-11 16:55:44,36066
30465,2021-02-09 12:06:02,36067
30468,2023-08-01 10:42:18,36070
30469,2022-06-06 09:44:59,36071
30471,2023-12-18 12:11:58,36073
30473,2021-04-21 09:04:16,36075
30476,2023-11-14 13:21:10,36078
30477,2020-10-13 10:39:55,36079
30478,2023-01-01 08:37:07,36080
30479,2021-09-20 12:09:42,36081
30480,2020-09-04 09:35:33,36082
30481,2022-06-27 09:45:50,36083
30483,2021-04-12 16:40:20,36085
30484,2023-07-26 11:10:45,36086
30485,2020-12-24 14:23:38,36087
30486,2023-01-13 12:27:15,36088
30487,2021-06-26 12:23:49,36089
30488,2020-07-09 13:09:55,36090
30489,2023-10-27 12:59:46,36091
30491,2020-12-16 09:59:47,36093
30492,2021-07-22 16:14:35,36094
30493,2023-02-26 12:20:27,36095
30494,2023-07-14 15:28:35,36096
30496,2020-12-07 16:49:10,36098
30497,2022-02-07 12:52:53,36099
30499,2020-05-25 17:28:46,36101
30500,2022-08-15 14:55:58,36102
30501,2021-09-17 09:11:34,36103
30502,2021-09-02 13:50:01,36104
30504,2022-10-17 13:26:36,36106
30505,2020-06-27 10:04:01,36107
30509,2020-08-12 14:11:57,36111
30510,2021-09-21 18:15:40,36112
30511,2021-07-25 17:13:31,36113
30513,2022-08-22 10:09:59,36115
30514,2021-06-24 11:41:57,36116
30515,2020-10-21 11:39:31,36117
30517,2023-01-01 13:47:27,36119
30518,2020-07-09 11:16:47,36120
30519,2023-09-16 11:31:17,36121
30520,2023-06-03 11:19:56,36122
30521,2020-10-06 10:31:20,36123
30523,2023-11-08 15:13:06,36125
30524,2022-03-26 13:45:20,36126
30525,2020-07-17 17:07:59,36127
30526,2020-01-16 14:21:41,36128
30527,2020-12-01 14:43:00,36129
30530,2021-07-26 13:42:17,36132
30532,2022-10-17 11:00:57,36134
30533,2021-07-22 13:40:07,36135
30534,2021-08-22 16:04:00,36136
30537,2020-06-20 10:51:22,36139
30538,2021-10-21 18:05:19,36140
30542,2022-05-10 12:59:15,36144
30543,2021-05-26 13:36:09,36145
30544,2020-10-05 14:54:17,36146
30545,2023-05-21 09:00:28,36147
30546,2021-11-03 12:56:01,36148
30547,2021-02-26 12:29:49,36149
30548,2020-10-12 15:26:12,36150
30549,2022-10-03 15:34:51,36151
30550,2023-01-04 11:24:14,36152
30551,2020-06-03 10:35:46,36153
30553,2022-04-14 17:57:12,36155
30555,2020-10-25 16:08:20,36157
30556,2020-09-08 14:44:28,36158
30557,2022-01-23 15:57:24,36159
30558,2023-04-23 11:42:33,36160
30559,2020-11-16 11:57:26,36161
30560,2021-03-16 12:00:19,36162
30561,2023-11-17 14:39:05,36163
30563,2023-08-27 18:12:51,36165
30564,2023-09-19 11:09:26,36166
30565,2022-12-02 11:19:53,36167
30566,2022-04-26 11:52:45,36168
30567,2020-04-01 12:31:37,36169
30568,2020-08-20 16:03:35,36170
30570,2020-04-27 12:17:40,36172
30571,2020-06-03 17:07:33,36173
30572,2023-02-26 10:16:41,36174
30574,2023-10-21 10:14:49,36176
30576,2020-10-19 10:08:04,36178
30578,2021-01-18 08:17:41,36180
30581,2023-03-16 14:12:04,36183
30583,2021-06-23 17:25:09,36185
30584,2021-12-23 15:08:39,36186
30586,2021-12-28 18:14:05,36188
30589,2023-10-08 12:24:29,36191
30590,2020-05-16 10:24:49,36192
30591,2020-08-05 09:21:32,36193
30592,2022-03-12 16:45:55,36194
30594,2020-03-22 12:19:46,36196
30595,2020-09-04 09:50:10,36197
30596,2020-06-20 14:22:21,36198
30597,2022-01-16 13:38:48,36199
30598,2020-01-23 12:02:28,36200
30600,2023-09-10 10:53:24,36202
30601,2020-09-22 16:43:00,36203
30602,2023-07-14 17:15:56,36204
30603,2020-04-05 16:44:44,36205
30605,2020-06-08 12:21:24,36207
30606,2021-12-18 12:14:56,36208
30607,2021-07-02 15:38:05,36209
30608,2022-05-06 13:47:18,36210
30609,2021-12-04 11:58:12,36211
30610,2022-07-05 10:35:35,36212
30611,2021-01-27 18:19:27,36213
30612,2023-12-26 12:04:12,36214
30613,2022-10-03 14:23:08,36215
30614,2022-09-26 11:37:49,36216
30616,2023-12-16 17:02:33,36218
30617,2023-10-21 12:28:36,36219
30618,2023-11-03 18:56:44,36220
30619,2023-01-08 14:17:23,36221
30621,2022-06-07 12:01:22,36223
30622,2022-03-15 18:22:36,36224
30623,2023-03-27 12:37:19,36225
30625,2023-12-05 17:07:52,36227
30627,2021-03-01 18:25:21,36229
30630,2021-08-16 10:06:02,36232
30631,2020-06-26 08:15:53,36233
30632,2023-06-26 14:13:30,36234
30633,2021-01-21 13:14:05,36235
30635,2022-01-05 17:31:21,36237
30636,2023-06-21 09:54:32,36238
30637,2020-03-28 18:09:39,36239
30638,2023-07-15 18:09:19,36240
30639,2022-03-04 09:17:18,36241
30641,2023-10-10 15:36:35,36243
30644,2020-09-13 11:51:52,36246
30646,2022-04-21 12:42:25,36248
30649,2022-01-12 12:38:39,36251
30650,2021-01-24 11:07:59,36252
30651,2020-07-21 17:22:56,36253
30653,2020-12-21 15:15:48,36255
30655,2020-11-11 17:15:56,36257
30656,2020-03-23 13:05:20,36258
30657,2023-05-25 11:00:23,36259
30658,2022-12-15 13:36:08,36260
30659,2020-10-02 13:20:17,36261
30660,2023-01-13 17:55:30,36262
30663,2021-02-21 17:45:41,36265
30664,2021-05-23 08:55:34,36266
30665,2021-09-26 17:35:56,36267
30667,2022-03-03 12:52:59,36269
30668,2022-12-06 14:01:22,36270
30669,2021-08-24 17:19:40,36271
30670,2021-12-24 11:35:52,36272
30671,2022-12-10 10:22:02,36273
30673,2021-06-05 11:39:38,36275
30675,2020-09-08 15:58:58,36277
30677,2021-11-20 15:11:50,36279
30679,2020-04-22 11:38:39,36281
30680,2020-02-04 09:53:04,36282
30681,2023-11-06 12:28:01,36283
30682,2020-06-04 12:15:07,36284
30683,2021-08-27 17:50:29,36285
30684,2022-08-05 17:11:06,36286
30688,2022-06-02 15:24:07,36290
30692,2020-01-21 13:25:09,36294
30694,2021-11-12 16:45:52,36296
30695,2021-02-03 08:34:36,36297
30696,2021-09-12 13:02:52,36298
30698,2021-12-25 17:43:02,36300
30702,2020-07-13 10:22:55,36304
30703,2020-02-27 18:30:52,36305
30704,2020-04-16 12:53:11,36306
30707,2021-10-26 14:00:33,36309
30708,2021-03-17 18:14:59,36310
30710,2023-08-28 13:02:48,36312
30711,2020-04-27 12:06:45,36313
30712,2020-04-10 14:15:36,36314
30714,2020-04-18 13:51:34,36316
30715,2021-04-09 11:28:41,36317
30716,2021-04-25 17:36:01,36318
30717,2021-09-10 15:51:32,36319
30719,2023-05-15 14:08:13,36321
30722,2022-03-13 16:54:42,36324
30723,2022-06-19 18:42:03,36325
30724,2023-03-18 16:20:53,36326
30725,2023-07-28 09:52:28,36327
30726,2022-12-22 17:35:44,36328
30727,2020-04-11 17:44:52,36329
30728,2023-03-19 13:20:58,36330
30729,2021-06-27 13:08:00,36331
30730,2023-07-02 13:45:28,36332
30731,2022-02-27 11:04:08,36333
30733,2021-11-08 14:29:39,36335
30734,2022-05-09 12:09:47,36336
30736,2020-04-09 08:51:31,36338
30739,2021-08-06 14:33:58,36341
30740,2021-12-03 11:53:15,36342
30741,2023-09-19 14:26:37,36343
30742,2023-05-15 11:16:00,36344
30743,2020-04-05 15:57:04,36345
30744,2022-06-18 14:41:53,36346
30745,2021-09-18 09:00:45,36347
30746,2022-09-01 09:58:56,36348
30747,2022-03-09 09:14:27,36349
30749,2020-10-25 17:31:44,36351
30750,2021-07-20 11:32:11,36352
30751,2023-12-28 16:17:14,36353
30752,2021-02-17 12:16:03,36354
30755,2021-02-13 16:07:28,36357
30757,2020-04-20 14:42:15,36359
30758,2021-01-21 11:28:12,36360
30760,2020-08-22 17:36:58,36362
30761,2023-04-26 08:06:30,36363
30762,2023-05-14 18:04:53,36364
30764,2020-01-26 08:37:02,36366
30765,2023-03-19 12:36:13,36367
30766,2021-11-09 16:09:19,36368
30767,2023-08-02 11:31:27,36369
30768,2023-05-11 12:19:39,36370
30769,2022-06-14 14:02:54,36371
30770,2021-03-04 11:32:01,36372
30771,2023-05-24 10:18:56,36373
30772,2023-08-03 11:59:44,36374
30773,2020-06-27 14:27:46,36375
30774,2021-12-27 17:53:00,36376
30776,2022-05-20 17:50:14,36378
30783,2020-01-20 10:31:23,36385
30785,2023-10-10 11:11:32,36387
30786,2020-12-14 10:05:01,36388
30787,2023-11-19 11:04:47,36389
30788,2020-09-22 12:38:43,36390
30789,2020-02-17 11:47:28,36391
30790,2022-03-25 16:40:12,36392
30792,2020-12-28 18:20:36,36394
30794,2022-03-25 11:06:02,36396
30795,2022-08-04 12:13:33,36397
30796,2021-11-22 12:33:22,36398
30798,2023-08-27 17:55:25,36400
30799,2023-02-14 14:33:49,36401
30800,2023-04-01 17:34:52,36402
30801,2022-04-18 10:53:33,36403
30802,2023-01-11 09:38:18,36404
30803,2023-04-12 15:26:25,36405
30804,2023-12-08 13:24:52,36406
30805,2021-09-25 16:39:29,36407
30806,2020-08-04 16:54:57,36408
30807,2021-01-07 15:51:16,36409
30808,2021-07-26 13:22:52,36410
30809,2023-12-22 14:42:10,36411
30810,2023-04-28 09:49:42,36412
30811,2022-11-17 16:31:10,36413
30812,2020-10-14 14:02:26,36414
30813,2023-05-08 09:20:12,36415
30815,2020-07-11 13:37:16,36417
30816,2020-05-28 14:25:14,36418
30817,2023-09-28 15:18:08,36419
30818,2022-01-18 11:49:52,36420
30820,2022-08-19 10:41:13,36422
30821,2022-08-12 17:55:13,36423
30822,2022-12-03 10:35:12,36424
30823,2021-08-20 12:20:42,36425
30824,2021-09-25 12:12:00,36426
30825,2022-08-06 17:41:57,36427
30826,2021-12-13 14:48:44,36428
30828,2021-04-24 18:06:52,36430
30832,2023-12-17 14:16:02,36434
30834,2023-07-17 17:58:35,36436
30837,2023-02-07 10:07:30,36439
30839,2022-04-22 10:15:23,36441
30841,2021-12-05 11:22:43,36443
30843,2020-08-08 14:01:16,36445
30845,2023-01-24 18:13:33,36447
30846,2022-11-02 12:51:36,36448
30849,2021-03-04 12:16:22,36451
30850,2021-02-05 13:37:05,36452
30851,2021-03-10 11:04:01,36453
30852,2022-04-04 16:15:39,36454
30853,2020-12-24 18:19:30,36455
30854,2020-08-04 16:45:38,36456
30856,2022-03-27 15:43:21,36458
30858,2023-02-26 11:30:12,36460
30859,2021-05-19 13:07:51,36461
30860,2023-05-28 15:08:48,36462
30864,2021-05-19 08:58:05,36466
30865,2023-06-05 12:06:36,36467
30866,2021-06-08 13:44:04,36468
30868,2021-09-12 09:05:34,36470
30870,2022-02-22 14:53:53,36472
30871,2021-05-11 09:26:47,36473
30874,2020-11-03 09:47:38,36476
30875,2021-04-02 17:05:55,36477
30876,2021-05-11 12:22:42,36478
30877,2021-09-05 09:42:33,36479
30880,2020-03-24 17:19:30,36482
30881,2022-04-23 10:04:20,36483
30882,2020-09-26 10:16:25,36484
30883,2022-12-28 17:35:56,36485
30885,2020-07-19 15:01:07,36487
30890,2023-12-11 09:43:21,36492
30891,2023-08-09 16:31:59,36493
30893,2023-08-17 10:08:46,36495
30895,2022-06-09 18:43:15,36497
30896,2022-09-22 14:25:44,36498
30897,2020-03-24 16:47:01,36499
30898,2023-11-01 18:18:25,36500
30899,2020-03-07 13:44:09,36501
30902,2023-10-09 11:01:28,36504
30903,2021-11-09 18:23:52,36505
30904,2020-06-18 16:53:43,36506
30905,2022-12-01 17:33:01,36507
30906,2021-08-11 15:36:20,36508
30907,2021-01-05 12:42:37,36509
30909,2021-12-11 08:57:39,36511
30910,2020-01-16 17:20:46,36512
30912,2023-04-18 13:25:54,36514
30914,2022-12-13 10:23:33,36516
30915,2021-10-19 08:51:47,36517
30916,2023-02-28 15:19:29,36518
30917,2021-04-02 12:32:58,36519
30918,2023-11-06 17:13:22,36520
30919,2023-03-09 10:51:32,36521
30920,2023-09-27 14:00:31,36522
30922,2020-02-19 11:53:51,36524
30923,2023-07-21 11:51:29,36525
30924,2022-03-14 13:26:38,36526
30926,2021-10-24 14:53:05,36528
30927,2023-06-03 14:38:47,36529
30928,2020-03-18 15:14:16,36530
30930,2020-07-13 10:01:45,36532
30932,2020-02-20 09:07:58,36534
30933,2020-02-17 14:51:56,36535
30934,2020-01-21 08:50:23,36536
30935,2021-01-05 09:25:43,36537
30936,2023-06-15 15:40:01,36538
30937,2021-02-04 15:27:04,36539
30938,2022-02-01 16:42:13,36540
30939,2020-04-11 10:01:20,36541
30940,2021-12-11 18:19:35,36542
30941,2020-03-16 12:34:14,36543
30942,2023-02-19 10:57:36,36544
30943,2020-01-13 16:24:25,36545
30944,2022-11-21 17:08:36,36546
30947,2021-06-24 11:33:51,36549
30949,2022-06-23 17:13:28,36551
30950,2021-04-18 13:49:36,36552
30951,2021-07-07 11:25:26,36553
30952,2020-10-21 16:24:58,36554
30953,2022-05-12 12:15:53,36555
30954,2020-01-04 16:07:17,36556
30955,2021-07-19 15:02:44,36557
30956,2022-08-23 14:28:47,36558
30957,2021-02-17 09:55:22,36559
30958,2022-07-04 14:52:13,36560
30959,2020-07-19 14:31:33,36561
30960,2023-04-14 14:50:22,36562
30961,2020-02-26 13:29:21,36563
30962,2020-03-21 10:46:46,36564
30965,2022-06-15 13:28:27,36567
30966,2022-08-18 15:46:27,36568
30967,2021-01-13 09:49:56,36569
30968,2021-01-19 10:23:11,36570
30970,2023-12-12 10:35:42,36572
30973,2023-02-09 16:23:38,36575
30974,2021-03-23 17:26:48,36576
30975,2021-12-14 18:07:58,36577
30977,2020-09-10 10:41:02,36579
30979,2023-12-28 10:25:18,36581
30981,2020-04-22 10:58:33,36583
30982,2020-11-21 14:35:35,36584
30984,2022-04-06 15:45:34,36586
30985,2023-06-02 11:16:00,36587
30986,2023-10-27 11:27:23,36588
30988,2023-09-11 11:18:27,36590
30989,2022-07-24 18:24:06,36591
30990,2022-06-05 15:45:28,36592
30991,2023-05-12 17:39:24,36593
30992,2020-12-02 17:15:32,36594
30993,2020-12-15 08:29:32,36595
30994,2020-06-17 13:45:04,36596
30995,2022-12-28 11:57:41,36597
30996,2022-08-04 18:27:10,36598
30997,2020-10-25 11:02:18,36599
30998,2022-09-25 17:37:52,36600
30999,2022-06-06 18:23:49,36601
31001,2023-04-02 11:43:48,36603
31004,2023-06-07 13:36:39,36606
31006,2023-04-18 17:43:04,36608
31007,2020-05-08 14:42:25,36609
31009,2020-05-12 08:59:29,36611
31010,2023-07-12 09:20:56,36612
31012,2021-08-14 09:25:59,36614
31014,2021-09-19 14:23:13,36616
31015,2021-04-03 15:29:55,36617
31018,2020-02-08 17:43:26,36620
31019,2023-04-23 15:06:42,36621
31020,2020-10-06 17:28:16,36622
31021,2023-05-02 12:10:02,36623
31022,2023-03-20 18:33:10,36624
31023,2021-03-07 13:12:58,36625
31024,2022-10-17 15:46:02,36626
31026,2023-05-07 13:19:10,36628
31027,2023-04-03 09:40:30,36629
31030,2022-09-14 17:31:37,36632
31032,2022-11-27 17:04:49,36634
31033,2023-11-15 11:42:42,36635
31034,2021-05-23 14:02:40,36636
31035,2020-09-07 17:10:06,36637
31036,2022-01-16 17:47:15,36638
31037,2021-10-21 12:05:56,36639
31038,2020-04-22 16:03:10,36640
31039,2022-02-09 12:26:38,36641
31040,2021-04-08 15:36:00,36642
31042,2023-01-21 12:09:16,36644
31043,2023-11-15 13:05:26,36645
31044,2023-11-25 13:07:22,36646
31045,2022-08-21 12:18:03,36647
31046,2021-12-17 10:29:18,36648
31047,2020-06-07 18:07:56,36649
31048,2020-06-07 17:32:02,36650
31049,2020-02-22 09:19:16,36651
31050,2023-01-05 16:47:15,36652
31051,2023-06-27 13:05:42,36653
31053,2020-07-28 09:17:14,36655
31055,2023-10-14 08:50:16,36657
31056,2021-06-04 11:01:16,36658
31059,2021-04-09 09:20:25,36661
31060,2021-08-13 16:10:54,36662
31061,2023-06-22 16:48:38,36663
31062,2023-09-23 12:57:08,36664
31063,2022-04-12 12:38:07,36665
31064,2021-10-14 11:03:17,36666
31065,2023-10-05 09:21:37,36667
31067,2021-10-02 12:29:35,36669
31069,2020-01-13 12:24:58,36671
31070,2023-07-04 16:12:11,36672
31071,2022-04-06 17:11:07,36673
31074,2020-02-11 09:16:27,36676
31076,2021-04-13 10:32:31,36678
31079,2021-01-08 09:23:10,36681
31080,2023-07-11 14:35:54,36682
31081,2020-11-27 16:02:55,36683
31082,2023-03-25 17:03:59,36684
31083,2023-02-26 10:53:31,36685
31085,2020-03-10 16:12:58,36687
31086,2020-02-13 16:03:10,36688
31087,2020-06-23 12:51:17,36689
31089,2023-07-13 10:53:13,36691
31091,2022-02-03 15:09:38,36693
31092,2022-10-05 16:35:00,36694
31093,2020-12-21 16:24:10,36695
31094,2021-08-26 13:07:45,36696
31095,2022-11-12 18:06:15,36697
31096,2023-02-17 13:05:11,36698
31098,2021-07-22 17:49:54,36700
31099,2023-01-06 18:32:18,36701
31100,2022-08-22 14:56:01,36702
31102,2020-01-22 13:50:12,36704
31103,2022-11-08 18:15:56,36705
31106,2020-04-21 17:28:20,36708
31108,2023-02-26 15:32:00,36710
31109,2022-03-02 09:06:35,36711
31110,2021-09-24 14:48:40,36712
31111,2023-08-14 11:40:29,36713
31112,2023-03-17 13:03:36,36714
31114,2020-12-25 18:23:27,36716
31115,2023-06-01 13:06:54,36717
31116,2022-03-08 10:37:53,36718
31118,2021-12-08 17:01:27,36720
31119,2021-07-13 13:29:53,36721
31123,2020-11-09 14:20:25,36725
31124,2021-11-18 17:40:08,36726
31125,2023-09-11 12:17:36,36727
31126,2021-11-18 14:47:39,36728
31127,2023-11-22 11:31:27,36729
31128,2022-10-06 16:50:12,36730
31129,2020-05-12 12:14:40,36731
31130,2022-09-22 16:38:01,36732
31131,2023-06-15 15:00:28,36733
31132,2022-08-08 13:02:33,36734
31133,2022-08-10 16:22:40,36735
31138,2023-05-17 10:43:22,36740
31139,2020-02-15 12:06:35,36741
31140,2020-04-17 11:32:37,36742
31142,2023-11-14 12:23:23,36744
31143,2023-04-01 10:09:15,36745
31144,2021-11-08 17:12:18,36746
31145,2020-03-05 09:29:52,36747
31146,2022-09-16 15:19:10,36748
31148,2023-03-28 08:20:08,36750
31149,2021-04-09 11:38:01,36751
31150,2023-11-25 16:08:49,36752
31151,2023-06-10 14:42:38,36753
31152,2021-05-01 15:32:55,36754
31153,2020-07-02 15:41:05,36755
31154,2020-10-19 12:45:48,36756
31155,2023-12-05 18:18:43,36757
31156,2022-09-03 11:10:12,36758
31157,2022-08-25 16:09:03,36759
31158,2021-03-12 12:51:12,36760
31160,2021-09-07 14:27:42,36762
31162,2022-03-04 09:06:58,36764
31163,2020-02-14 14:14:12,36765
31164,2023-09-24 11:38:48,36766
31165,2020-03-23 17:39:43,36767
31166,2021-12-22 18:00:09,36768
31168,2021-09-03 18:18:07,36770
31169,2021-03-02 11:59:49,36771
31170,2020-11-22 18:28:19,36772
31171,2020-09-14 11:32:33,36773
31172,2023-10-24 12:42:02,36774
31173,2023-03-28 14:40:13,36775
31174,2022-12-06 10:01:18,36776
31175,2020-03-05 17:18:06,36777
31176,2022-03-01 12:21:13,36778
31178,2021-04-07 16:01:39,36780
31179,2022-06-08 15:57:45,36781
31181,2020-10-18 14:18:16,36783
31183,2022-04-16 14:53:24,36785
31186,2020-05-23 16:19:07,36788
31187,2022-11-25 18:21:02,36789
31189,2020-03-20 11:51:24,36791
31190,2021-09-20 14:34:26,36792
31191,2021-02-07 09:35:58,36793
31192,2023-09-28 13:49:59,36794
31193,2023-09-07 14:31:58,36795
31194,2021-05-22 18:04:25,36796
31195,2020-12-27 14:41:28,36797
31197,2022-08-21 09:49:47,36799
31198,2021-12-06 18:02:14,36800
31199,2023-08-14 12:52:10,36801
31202,2021-01-16 15:38:40,36804
31203,2023-05-21 08:54:17,36805
31204,2021-12-12 09:37:44,36806
31207,2020-03-24 18:00:07,36809
31208,2023-05-23 10:40:26,36810
31209,2021-02-27 15:46:02,36811
31210,2023-01-04 15:36:42,36812
31211,2023-02-23 15:05:14,36813
31212,2023-02-14 10:36:59,36814
31213,2023-05-15 14:19:40,36815
31214,2021-09-28 14:13:39,36816
31215,2021-08-07 08:15:09,36817
31216,2020-02-05 18:23:09,36818
31217,2020-07-21 09:46:53,36819
31218,2022-06-15 11:26:13,36820
31224,2023-11-23 15:09:41,36826
31226,2023-08-16 13:38:27,36828
31228,2020-07-27 10:05:25,36830
31229,2022-03-17 17:04:10,36831
31231,2020-02-11 16:36:32,36833
31232,2021-01-25 13:18:31,36834
31233,2022-05-05 12:54:22,36835
31234,2023-10-16 11:17:04,36836
31236,2020-08-25 08:19:18,36838
31237,2021-04-21 11:50:48,36839
31238,2022-07-28 13:29:38,36840
31241,2022-03-07 11:06:31,36843
31243,2023-04-20 13:52:34,36845
31245,2020-10-09 10:15:27,36847
31247,2023-09-14 09:10:09,36849
31248,2020-04-22 08:29:28,36850
31249,2021-04-08 10:58:15,36851
31251,2021-12-15 15:32:28,36853
31252,2023-03-27 11:43:39,36854
31255,2023-02-27 09:56:36,36857
31256,2021-03-03 14:08:03,36858
31257,2020-12-19 09:41:36,36859
31258,2021-06-09 16:11:41,36860
31259,2020-01-18 11:43:08,36861
31261,2023-04-08 15:09:21,36863
31262,2021-05-24 14:36:32,36864
31264,2023-09-13 17:19:41,36866
31265,2020-12-03 13:29:06,36867
31266,2020-05-16 09:18:38,36868
31267,2022-03-20 11:18:27,36869
31268,2022-01-27 17:59:13,36870
31269,2020-03-10 12:58:28,36871
31270,2021-07-10 15:12:45,36872
31271,2023-02-28 15:29:07,36873
31273,2022-05-12 10:39:20,36875
31276,2023-06-19 15:01:51,36878
31277,2021-10-21 17:46:59,36879
31278,2023-03-01 15:19:56,36880
31279,2023-07-17 12:37:32,36881
31284,2020-01-15 09:31:37,36886
31286,2022-05-15 12:05:58,36888
31287,2021-04-14 15:39:21,36889
31288,2020-01-23 15:57:28,36890
31290,2023-07-05 14:07:25,36892
31291,2021-02-14 14:31:59,36893
31292,2022-12-14 12:04:26,36894
31293,2021-06-02 15:16:24,36895
31295,2021-05-28 18:20:58,36897
31297,2022-09-02 10:38:30,36899
31298,2020-11-23 15:50:06,36900
31299,2022-01-27 09:51:57,36901
31300,2021-12-24 12:38:10,36902
31301,2020-08-18 13:27:53,36903
31303,2022-01-09 10:58:00,36905
31304,2023-10-22 14:12:20,36906
31305,2022-02-25 12:46:13,36907
31306,2020-09-20 17:58:24,36908
31308,2023-01-12 17:53:26,36910
31311,2020-05-17 13:45:31,36913
31312,2023-04-04 09:38:20,36914
31313,2022-04-11 13:30:28,36915
31314,2020-05-18 11:04:11,36916
31316,2020-08-21 14:09:50,36918
31317,2023-06-27 12:17:56,36919
31319,2020-07-02 13:49:17,36921
31322,2023-01-23 17:26:54,36924
31323,2022-05-16 17:25:23,36925
31324,2020-10-23 10:37:56,36926
31328,2020-04-01 17:30:59,36930
31331,2023-03-06 09:32:05,36933
31332,2022-03-09 16:42:27,36934
31334,2021-11-07 09:25:37,36936
31335,2022-02-10 09:08:47,36937
31337,2021-06-18 13:05:19,36939
31339,2022-04-28 10:17:26,36941
31341,2023-12-19 13:18:51,36943
31342,2023-12-27 11:37:14,36944
31343,2021-01-26 13:05:30,36945
31345,2020-07-08 14:33:01,36947
31346,2023-08-25 12:19:20,36948
31347,2020-05-11 18:05:55,36949
31348,2021-03-18 17:26:04,36950
31349,2022-10-02 12:44:26,36951
31350,2022-10-27 11:02:10,36952
31351,2022-03-14 08:39:03,36953
31352,2023-02-07 10:54:32,36954
31353,2021-07-15 12:33:29,36955
31354,2021-05-02 16:08:20,36956
31355,2023-08-18 13:16:38,36957
31356,2023-03-17 10:05:21,36958
31358,2023-07-10 13:26:37,36960
31361,2020-06-21 16:40:32,36963
31362,2023-01-17 11:14:27,36964
31363,2023-06-04 18:14:07,36965
31364,2021-11-15 13:44:50,36966
31367,2021-05-05 18:13:50,36969
31368,2023-01-07 12:07:17,36970
31370,2020-07-20 09:40:12,36972
31373,2023-12-03 12:29:58,36975
31374,2023-09-02 16:17:23,36976
31375,2020-08-20 16:48:50,36977
31379,2020-07-23 11:09:01,36981
31380,2021-12-26 09:46:01,36982
31381,2022-02-24 13:37:34,36983
31384,2023-03-01 10:23:15,36986
31385,2023-03-18 10:01:40,36987
31387,2023-08-25 17:44:53,36989
31392,2020-03-07 12:47:56,36994
31394,2020-05-21 10:54:30,36996
31396,2023-04-17 09:53:01,36998
31397,2020-08-09 10:55:06,36999
31398,2021-01-09 15:20:48,37000
31399,2020-10-07 15:33:21,37001
31401,2022-02-11 09:45:37,37003
31403,2023-06-14 13:57:33,37005
31405,2022-12-21 09:45:02,37007
31406,2022-08-02 13:20:14,37008
31407,2022-01-16 12:05:06,37009
31410,2022-01-07 17:08:40,37012
31411,2021-06-05 11:56:44,37013
31413,2021-05-27 16:17:59,37015
31416,2020-07-13 11:35:45,37018
31417,2023-06-21 13:43:39,37019
31419,2021-04-19 14:36:17,37021
31420,2022-01-11 15:20:08,37022
31421,2020-10-08 12:46:23,37023
31422,2023-08-28 12:21:27,37024
31423,2022-03-25 17:29:27,37025
31424,2020-07-22 14:18:19,37026
31425,2022-04-23 17:06:32,37027
31426,2021-09-21 10:49:30,37028
31427,2023-04-22 10:10:49,37029
31428,2020-03-20 10:09:18,37030
31429,2022-02-17 13:24:16,37031
31430,2021-07-22 18:14:31,37032
31432,2020-12-14 16:50:51,37034
31433,2021-11-25 14:53:07,37035
31434,2022-02-02 14:57:28,37036
31435,2023-09-13 13:43:30,37037
31436,2021-02-27 18:10:50,37038
31437,2022-07-19 13:33:39,37039
31438,2022-07-05 12:04:04,37040
31440,2023-07-05 11:36:12,37042
31441,2021-03-12 14:08:39,37043
31444,2022-11-05 16:34:07,37046
31445,2020-12-26 09:18:56,37047
31446,2021-12-03 11:17:54,37048
31447,2023-06-25 15:21:49,37049
31448,2021-11-24 18:51:27,37050
31449,2022-09-26 14:20:14,37051
31450,2023-01-26 12:02:19,37052
31451,2020-12-02 12:03:01,37053
31452,2023-01-12 11:45:13,37054
31453,2023-09-18 17:37:42,37055
31454,2023-06-16 16:12:32,37056
31455,2023-09-18 11:49:28,37057
31456,2020-02-09 08:59:44,37058
31457,2022-02-17 15:01:01,37059
31458,2021-11-05 15:21:19,37060
31460,2022-02-06 12:30:43,37062
31462,2020-06-21 09:00:01,37064
31464,2022-09-12 12:09:27,37066
31467,2020-12-17 15:11:19,37069
31468,2021-09-09 09:35:29,37070
31469,2020-12-10 10:28:07,37071
31470,2023-05-06 15:43:05,37072
31472,2022-03-15 17:29:58,37074
31473,2020-01-28 16:19:34,37075
31474,2023-03-25 11:01:17,37076
31475,2022-12-16 11:45:26,37077
31477,2023-11-28 15:04:55,37079
31478,2020-11-07 17:25:24,37080
31480,2023-03-26 16:06:06,37082
31483,2022-02-14 16:15:00,37085
31485,2023-04-27 18:27:07,37087
31486,2020-06-22 12:13:05,37088
31489,2022-05-27 15:38:33,37091
31490,2022-04-14 15:32:36,37092
31491,2021-01-04 14:23:25,37093
31492,2022-10-13 12:21:19,37094
31493,2020-12-14 15:00:34,37095
31495,2022-07-10 14:58:55,37097
31496,2021-10-01 13:18:18,37098
31497,2023-01-07 10:12:36,37099
31498,2023-12-14 13:38:41,37100
31499,2022-05-07 17:13:45,37101
31500,2020-07-28 10:29:15,37102
31501,2020-04-02 15:38:03,37103
31502,2022-12-17 09:33:28,37104
31503,2021-05-13 13:30:07,37105
31504,2022-01-19 12:47:50,37106
31506,2021-06-27 08:50:55,37108
31511,2021-12-01 16:05:35,37113
31512,2020-01-05 14:16:49,37114
31513,2022-11-06 09:17:24,37115
31514,2021-10-07 16:47:00,37116
31516,2020-04-22 09:09:23,37118
31517,2022-06-07 09:50:58,37119
31518,2021-04-20 15:35:09,37120
31519,2021-06-09 12:19:30,37121
31520,2021-10-01 15:44:39,37122
31521,2022-03-04 14:33:29,37123
31523,2022-01-08 15:56:42,37125
31524,2020-09-12 15:47:12,37126
31526,2021-08-02 13:07:30,37128
31527,2021-04-14 17:24:51,37129
31528,2020-04-13 09:53:43,37130
31530,2023-11-16 14:11:56,37132
31531,2021-07-02 10:42:02,37133
31533,2020-04-13 12:29:14,37135
31534,2023-03-27 12:13:50,37136
31535,2022-06-05 09:12:49,37137
31536,2021-07-17 10:28:55,37138
31537,2020-02-12 10:41:01,37139
31538,2022-07-22 15:00:10,37140
31539,2023-12-18 11:41:49,37141
31540,2021-01-14 10:25:03,37142
31541,2021-03-03 09:48:53,37143
31542,2023-08-04 14:58:42,37144
31543,2023-06-19 15:22:35,37145
31546,2023-06-05 17:36:16,37148
31547,2022-03-08 14:27:03,37149
31548,2020-08-26 09:21:14,37150
31549,2020-04-16 14:26:48,37151
31550,2020-09-13 12:12:04,37152
31553,2021-01-08 15:59:20,37155
31555,2021-04-17 09:15:31,37157
31558,2021-09-14 11:47:20,37160
31559,2023-12-11 10:08:53,37161
31560,2021-10-19 12:52:37,37162
31563,2022-11-02 17:22:06,37165
31564,2021-04-24 16:07:18,37166
31565,2021-06-25 16:44:08,37167
31566,2020-10-13 12:37:20,37168
31567,2021-11-25 16:17:24,37169
31568,2023-11-18 13:15:35,37170
31569,2023-01-16 12:12:20,37171
31571,2020-04-27 13:03:35,37173
31572,2022-03-03 12:07:08,37174
31573,2023-09-04 11:00:10,37175
31575,2022-04-24 10:25:10,37177
31577,2022-06-10 10:05:50,37179
31578,2021-12-19 09:40:30,37180
31579,2020-06-06 13:29:36,37181
31580,2020-03-08 13:59:55,37182
31581,2021-07-23 16:34:51,37183
31582,2023-07-16 15:24:07,37184
31583,2021-04-21 17:58:11,37185
31584,2021-11-11 10:19:36,37186
31585,2023-12-13 13:04:37,37187
31586,2022-08-09 12:49:37,37188
31591,2023-12-08 14:19:11,37193
31592,2023-08-12 14:51:44,37194
31595,2023-01-22 13:14:40,37197
31597,2021-12-14 17:10:38,37199
31599,2022-12-22 12:43:15,37201
31600,2022-07-12 13:50:40,37202
31601,2020-12-06 14:14:53,37203
31603,2023-07-13 13:27:37,37205
31604,2020-06-27 15:13:23,37206
31605,2023-05-08 14:31:31,37207
31606,2023-02-22 15:59:34,37208
31607,2021-09-14 14:00:17,37209
31608,2023-04-09 16:11:28,37210
31609,2021-06-19 12:15:25,37211
31610,2023-05-16 10:11:27,37212
31611,2020-11-10 08:49:49,37213
31613,2023-05-27 15:51:13,37215
31616,2020-05-20 15:53:26,37218
31617,2021-02-24 12:45:04,37219
31619,2020-06-24 14:19:46,37221
31621,2022-11-23 16:02:50,37223
31623,2020-05-28 12:27:01,37225
31625,2023-06-19 13:25:43,37227
31626,2022-04-01 13:05:14,37228
31627,2023-01-16 16:27:19,37229
31630,2023-01-01 13:34:49,37232
31632,2023-02-14 11:26:36,37234
31634,2022-02-20 12:04:15,37236
31635,2022-10-07 12:56:36,37237
31636,2020-07-15 11:32:13,37238
31637,2021-03-19 10:42:16,37239
31638,2021-09-07 12:25:07,37240
31639,2021-10-15 15:57:37,37241
31640,2022-03-04 10:07:32,37242
31642,2020-10-14 17:04:38,37244
31643,2020-12-21 14:57:04,37245
31645,2020-04-08 15:14:36,37247
31648,2023-09-05 17:36:27,37250
31650,2020-09-18 18:02:54,37252
31651,2020-12-26 12:54:40,37253
31654,2023-02-28 09:08:17,37256
31655,2021-08-23 15:12:33,37257
31656,2022-07-23 16:13:20,37258
31657,2021-10-03 09:38:09,37259
31659,2021-03-15 13:16:43,37261
31660,2021-07-27 14:21:50,37262
31661,2021-04-22 14:16:05,37263
31662,2022-03-20 16:52:56,37264
31665,2023-12-19 15:43:58,37267
31666,2022-09-27 15:28:30,37268
31667,2023-04-08 16:21:56,37269
31668,2022-09-21 10:19:38,37270
31669,2023-12-01 10:52:53,37271
31671,2023-03-26 17:27:37,37273
31674,2023-07-22 09:26:37,37276
31676,2023-02-16 18:16:58,37278
31680,2021-11-23 13:06:23,37282
31681,2023-12-15 09:34:50,37283
31682,2023-09-25 15:47:39,37284
31683,2023-08-06 12:59:46,37285
31684,2020-12-22 11:57:29,37286
31685,2023-12-19 14:32:23,37287
31686,2020-06-15 14:21:41,37288
31687,2023-11-21 17:02:26,37289
31688,2020-04-22 10:47:46,37290
31691,2023-04-26 12:45:43,37293
31692,2023-10-22 10:48:38,37294
31695,2023-04-22 11:36:23,37297
31696,2023-06-25 11:46:00,37298
31697,2023-01-12 12:38:30,37299
31699,2020-09-27 18:31:17,37301
31700,2021-02-03 17:21:05,37302
31703,2022-12-11 13:14:11,37305
31705,2023-04-18 11:28:15,37307
31706,2023-04-17 10:36:03,37308
31708,2021-06-21 09:01:46,37310
31709,2021-10-05 10:35:15,37311
31711,2023-10-28 14:22:21,37313
31712,2021-08-02 09:37:28,37314
31713,2023-12-18 14:38:21,37315
31714,2021-12-21 11:13:14,37316
31715,2021-10-26 11:52:26,37317
31716,2023-02-25 11:51:17,37318
31717,2023-02-24 14:50:47,37319
31719,2022-12-16 12:21:25,37321
31721,2020-12-15 15:49:15,37323
31722,2022-03-28 12:43:25,37324
31723,2022-04-20 19:04:23,37325
31725,2020-06-06 09:37:44,37327
31726,2021-07-19 12:47:13,37328
31727,2020-07-16 15:34:38,37329
31728,2021-08-01 12:16:12,37330
31730,2023-04-09 09:15:10,37332
31731,2021-11-27 14:24:34,37333
31732,2022-10-20 10:50:17,37334
31733,2022-04-10 10:10:37,37335
31734,2023-02-03 17:36:11,37336
31735,2021-02-14 13:31:41,37337
31737,2022-01-11 12:20:24,37339
31738,2023-11-13 13:38:33,37340
31739,2023-05-12 12:49:53,37341
31741,2023-02-19 15:29:06,37343
31744,2022-07-11 17:52:38,37346
31745,2022-08-19 13:26:32,37347
31746,2020-02-02 16:12:46,37348
31748,2023-04-21 12:27:29,37350
31749,2023-10-08 15:58:23,37351
31750,2022-12-03 10:03:46,37352
31751,2023-03-02 12:48:49,37353
31752,2023-08-19 10:31:42,37354
31753,2021-05-08 09:52:42,37355
31754,2023-04-15 13:23:35,37356
31755,2021-06-07 09:59:15,37357
31758,2022-12-03 14:20:21,37360
31759,2022-12-13 18:41:40,37361
31760,2020-08-13 12:11:05,37362
31762,2021-06-19 10:33:22,37364
31763,2022-04-25 12:49:07,37365
31764,2023-04-08 09:05:55,37366
31766,2021-05-20 13:57:12,37368
31770,2020-04-10 14:04:12,37372
31771,2020-09-17 15:57:19,37373
31772,2020-07-01 11:17:57,37374
31773,2022-06-21 08:55:31,37375
31774,2021-06-28 15:19:28,37376
31777,2020-12-14 15:57:32,37379
31779,2021-02-09 15:29:03,37381
31780,2023-09-06 12:21:22,37382
31782,2022-01-08 15:59:31,37384
31785,2023-07-05 17:35:29,37387
31789,2023-05-14 10:39:48,37391
31790,2023-07-23 10:11:03,37392
31795,2021-06-06 17:41:29,37397
31797,2021-01-18 10:27:44,37399
31801,2021-11-05 14:14:37,37403
31803,2023-07-11 13:04:21,37405
31804,2021-04-23 16:49:34,37406
31805,2021-12-20 16:20:18,37407
31806,2023-12-28 11:59:45,37408
31807,2020-07-24 14:56:24,37409
31808,2020-01-28 10:46:21,37410
31809,2021-10-05 16:32:21,37411
31810,2021-02-14 11:05:29,37412
31811,2023-03-16 15:17:20,37413
31812,2022-10-10 17:38:20,37414
31814,2023-07-16 11:49:39,37416
31816,2021-08-27 10:17:42,37418
31818,2022-11-19 14:24:22,37420
31819,2021-02-22 11:57:13,37421
31820,2020-06-05 13:45:39,37422
31821,2022-01-24 18:45:19,37423
31825,2022-06-22 12:10:50,37427
31826,2021-01-07 12:44:04,37428
31827,2022-04-02 14:53:52,37429
31829,2021-02-26 17:37:37,37431
31830,2022-01-24 14:56:08,37432
31831,2020-01-13 12:29:33,37433
31832,2022-05-27 08:51:34,37434
31833,2022-04-28 16:49:29,37435
31835,2023-06-24 11:13:57,37437
31836,2020-04-19 10:52:25,37438
31837,2021-01-07 14:47:18,37439
31838,2021-01-26 11:47:08,37440
31839,2020-10-26 12:55:55,37441
31840,2021-09-01 11:06:44,37442
31843,2023-12-27 14:15:02,37445
31844,2021-09-18 08:29:53,37446
31845,2023-01-09 10:30:42,37447
31847,2022-08-23 12:07:52,37449
31848,2020-11-10 12:01:53,37450
31849,2020-12-04 15:41:21,37451
31850,2020-11-08 10:01:56,37452
31853,2021-01-12 09:36:35,37455
31854,2023-06-15 14:46:19,37456
31855,2022-06-14 18:54:36,37457
31858,2023-06-17 13:23:32,37460
31859,2023-01-13 15:38:24,37461
31860,2023-02-18 11:17:30,37462
31861,2020-09-28 16:20:52,37463
31862,2022-07-26 15:23:47,37464
31864,2021-06-11 15:19:10,37466
31865,2021-05-27 08:51:33,37467
31866,2020-02-26 18:04:55,37468
31867,2023-09-21 17:46:18,37469
31869,2023-08-22 12:57:27,37471
31870,2021-03-03 15:27:00,37472
31872,2020-12-13 10:30:10,37474
31873,2023-12-09 12:36:24,37475
31874,2020-05-14 18:31:06,37476
31875,2022-03-28 15:37:42,37477
31881,2023-05-07 11:17:43,37483
31884,2021-11-10 16:53:56,37486
31885,2020-10-10 18:21:58,37487
31886,2021-03-08 18:08:26,37488
31887,2023-06-25 11:33:30,37489
31888,2023-02-03 11:03:29,37490
31890,2022-12-20 14:24:18,37492
31891,2023-01-23 17:04:37,37493
31892,2023-11-03 14:52:56,37494
31893,2020-09-17 13:59:17,37495
31899,2021-03-10 09:14:54,37501
31900,2020-06-03 18:12:21,37502
31902,2021-12-13 16:06:37,37504
31903,2020-03-28 10:45:29,37505
31905,2022-01-01 09:47:47,37507
31906,2022-02-19 10:12:07,37508
31907,2020-05-04 09:33:54,37509
31909,2021-05-04 15:30:13,37511
31911,2023-01-26 10:41:46,37513
