username,password_hash,user_type
peggy.mendez1,$2b$10$bcf55e52f5cc430388c5a32cb7a86df9,doctor
stacy.riley2,$2b$10$01c38924bba640c4a83acee75023cab4,doctor
carol.flores3,$2b$10$d7210d037eb44833a47711bb1647f036,doctor
ralph.ramirez4,$2b$10$28f93dc2818646fd9795647cd2d41a2d,doctor
ronald.carroll5,$2b$10$b5c3b288a7a74d72a13d2c2994364e25,doctor
evelyn.weaver6,$2b$10$733ec8b24a5f406eafc6dbad4eacdba9,doctor
bradley.johnston7,$2b$10$2cbf33d220ef474499a50836f038e856,doctor
kennedy.james8,$2b$10$9347c39a93b048b6b20e397ad4f76147,doctor
bennett.hunt9,$2b$10$946d1c3fe91d40a8b9fb3b6f0ec64945,doctor
kingston.simmons10,$2b$10$36a1d0742b3e404b9bc52333937ea660,doctor
abigail.walker11,$2b$10$154aed64a2e647ac9d4b5063ed9e11e8,doctor
cassie.figueroa12,$2b$10$7d929387e39741ee849c6883b393526d,doctor
sandra.barnes13,$2b$10$ba91fe8631bb453db57236daa3b0f928,doctor
mark.manning14,$2b$10$7ab08a1601754369a2a256a898e26281,doctor
caleb.diaz15,$2b$10$a733001ad8c14101851ed861334a1d3c,doctor
megan.ray16,$2b$10$73cd216c9afd4ac98d4268636c282f8b,doctor
laura.scott17,$2b$10$3b0eeb9ed21d4b90af391d5a840d1a8e,doctor
destiny.richardson18,$2b$10$b3525b6bef4b431fa424ab57982097db,doctor
juanita.wheeler19,$2b$10$0004a91581be453488ad3c1869b0d1c9,doctor
regina.long20,$2b$10$d41ab7854a60462f84fb28263bea096a,doctor
cassandra.williamson21,$2b$10$825a08ac2fb14d309c4bc7a4e1a2ebe9,doctor
carter.powell22,$2b$10$c582029483c84233999cf7e1dfff753c,doctor
douglas.soto23,$2b$10$be1568c27fc8471aa865c839c5ecd417,doctor
frank.parker24,$2b$10$f84576ee11dd4047aadb4b84ea02434b,doctor
jasper.carlson25,$2b$10$953167cbb9594d5f8bce2a0ef2c2c2af,doctor
emmett.tran26,$2b$10$48947a13665b48039a877c0f295dadcd,doctor
marcus.green27,$2b$10$5edcb0b43c8340b98f3a1fb2e333df24,doctor
diane.reynolds28,$2b$10$656fb83ad93d4ea2b5c735a11b34ef62,doctor
hugo.valdez29,$2b$10$26f356a81a8e41ff8f3fb94f391bc1dc,doctor
jasmine.murphy30,$2b$10$4fb1434dd6ff43b1bb159978c7a0564d,doctor
lisa.anderson31,$2b$10$84853c1f89ce4a71aad9cf184d8ec752,doctor
lauren.wong32,$2b$10$82e84af2fb9140e78ff4014ee666b450,doctor
emma.vargas33,$2b$10$7327da6a519c49b39264e7d5f3e588e7,doctor
sharon.murray34,$2b$10$ab0f289326fe49ddae45560bdc6acdb5,doctor
cynthia.duncan35,$2b$10$fc5b29e6ada54adbb6e46dbeb0b4f43e,doctor
alan.li36,$2b$10$c69f8193cabb46378df268ad67a30555,doctor
wanda.garcia37,$2b$10$f3492e77629e4352bae1e0e5e41b9717,doctor
grayson.olson38,$2b$10$e7cd094cf6924169a111d12182dfe252,doctor
claire.wagner39,$2b$10$f0e89577843c48bd9a2afc33820fed76,doctor
sheryl.o'brien40,$2b$10$351da805f25e404ca9c41b0bbf56402b,doctor
mateo.gomez41,$2b$10$b65d2f58cc9d4bd7af2af349c28c4d63,doctor
walter.pierce42,$2b$10$51390f93720149feb9534edad6a9e1ae,doctor
valentina.herrera43,$2b$10$03aa4dba47cf4913ad4088093e84149a,doctor
declan.peters44,$2b$10$d844045c27a14adc9eb2c9a01cb36a41,doctor
aiden.nelson45,$2b$10$466a4b511863429cbf23a5ed1d699226,doctor
linda.johnson46,$2b$10$6103216b9a034a6aa8f37794ac9ca7a1,doctor
kelly.alexander47,$2b$10$23b6f9510b2840eebb5cf2a0b741b1f7,doctor
bonnie.willis48,$2b$10$08edc71a85624eb5a0c6fc149e5ffb11,doctor
edward.ortega49,$2b$10$bb1e64811acb4d898747de9e3e8c9da9,doctor
sebastian.brown50,$2b$10$53e2c93d6e854d47b673cd62b877012f,doctor
andrea.butler51,$2b$10$309704c27b164e449d3b06da53b667e3,doctor
owen.morales52,$2b$10$9d6cbc0e74fa43f693e381018c6971c0,doctor
emily.ortiz53,$2b$10$06fed40a22b74b1c991a66f3a6ea65a2,doctor
ella.wallace54,$2b$10$e9e71b0113da476e84f62b8f1d23be85,doctor
joyce.black55,$2b$10$7a268de0ffdc45249d844eba4f62b5c9,doctor
nora.grant56,$2b$10$56a1ebe1b7604ed9b75ed26d41c1b482,doctor
josiah.hoffman57,$2b$10$85e91da6580b458ebb64892ea5189453,doctor
jonathan.oliver58,$2b$10$87dab072f13d48e880b51fa9fb5e903a,doctor
jordan.ross59,$2b$10$67f9be6ced5e422f845b4e73b2b8acc3,doctor
anna.davis60,$2b$10$0bc97e7c50384a41ada6030fd1bd20c5,doctor
lydia.espinoza61,$2b$10$d71e0a328b214339a96cdea8399cdfb6,doctor
miles.munoz62,$2b$10$4506829e426b43ceb0aba98a16ecc9a6,doctor
leilani.patel63,$2b$10$f738db8b5d5a4266a93d8d5176cc7f3a,doctor
tyler.burns64,$2b$10$0635977e475a4fc7a1b6aaf63b4bfb4e,doctor
deborah.alvarado65,$2b$10$5aa4b73405b141ad9959f71226a503b9,doctor
larry.romero66,$2b$10$afe5cdb6d09540a4b8469b0a4b13787d,doctor
gabriel.watson67,$2b$10$e74bd1f326bc4d71ae44b9666f0f5ffb,doctor
vivian.dean68,$2b$10$c8d7d05ba5e84d0098dcb44d9dd64e39,doctor
hudson.rose69,$2b$10$2ae3767ae8b04b0db7a38e514100f005,doctor
makayla.dunn70,$2b$10$684c4df01bc5458cab38951d694e8993,doctor
cole.gonzalez71,$2b$10$307032513dab43aeb6f0e1ab94148d91,doctor
jack.contreras72,$2b$10$657df26033714438976c7acb30fe61e5,doctor
hazel.jimenez73,$2b$10$3f3ab4f9e4fb4a48ae2787279c866973,doctor
max.hart74,$2b$10$78fba44f071642cc916e0a83f6c82c8a,doctor
helen.carpenter75,$2b$10$6e10f1c817bc4a238701aafdb8e52a54,doctor
carrie.mccoy76,$2b$10$97c307f78b5c4c8b83a047018c0b3878,doctor
laurie.washington77,$2b$10$73ce7d421b35421da0e121916b98a90e,doctor
erica.nunez78,$2b$10$f5393aa82f6b4f2aa1c9044415a2377a,doctor
courtney.hunter79,$2b$10$67cd1c28fb70414b9f779868265aed17,doctor
molly.armstrong80,$2b$10$f85eca8106244340b9940e4cbfa58f1f,doctor
ruby.sullivan81,$2b$10$ac551b9529264c29886362f178daf71d,doctor
bentley.hansen82,$2b$10$239ff514da994e1b901b2d78886c581b,doctor
kaden.jacobs83,$2b$10$ae3e1fcff5e04bfb8192007f1b247508,doctor
gerald.hernandez84,$2b$10$1ff8a6312a2b4d94a527df8886f8cb6c,doctor
reagan.lewis85,$2b$10$b5e24a734c5643d3b5d3aee694787691,doctor
rita.morgan86,$2b$10$dbe288bf6bea4ed69b66a6fb15641f3a,doctor
wyatt.shaw87,$2b$10$e93e85ef9ec04315b1a67c4c6be27f8e,doctor
doreen.wilson88,$2b$10$f42a92c4fa4b4ba69208bce98dbc38d6,doctor
ava.wright89,$2b$10$63b2a6cf510c4679bc84bebbf4adbd11,doctor
justin.harrison90,$2b$10$10388de34d404d2dbb676d1da5ec5442,doctor
mary.gray91,$2b$10$dd15710ee21447f4afe213d5a8a5a49d,doctor
ruby.snyder92,$2b$10$749b32c53fff493eb410324c66a65727,doctor
timothy.austin93,$2b$10$f237aaf56d9b4beea9a639e34b4a6261,doctor
josephine.matthews94,$2b$10$f3c09691d8654bf19d0f9643f5af6f43,doctor
arianna.jackson95,$2b$10$d4a8962371a94ca1a27fe2684aa0736a,doctor
donna.santiago96,$2b$10$318900d5c2e94522964fd042389804aa,doctor
ethan.knight97,$2b$10$3de10f72752349acaf58eb03648af131,doctor
vanessa.estrada98,$2b$10$d1b39c25b4a3458bb141f0c044780250,doctor
rowan.allen99,$2b$10$2452116f1bec4f2da46aa51cac76516a,doctor
christopher.nichols100,$2b$10$f537a874f5154a899d9232e1f5bfe45a,doctor
admin_claude_hostede,00000000000000000000000000002b57b38b61646d696e313030303030363235,admin
admin_tường_barrett,00000000000000000000000000002b57b38c61646d696e313030303030363236,admin
admin_veronica_burgess,00000000000000000000000000002b57b38d61646d696e313030303030363237,admin
admin_úti_sibomana,00000000000000000000000000002b57b38e61646d696e313030303030363238,admin
admin_alice_kisoza,00000000000000000000000000002b57b38f61646d696e313030303030363239,admin
admin_giselle_tripathi,00000000000000000000000000002b57b3a561646d696e313030303030363330,admin
admin_raymond_pagan,00000000000000000000000000002b57b3a661646d696e313030303030363331,admin
admin_jyoti_baitursunov,00000000000000000000000000002b57b3a761646d696e313030303030363332,admin
admin_dolores_hughes,00000000000000000000000000002b57b3a861646d696e313030303030363333,admin
admin_þorbjörg_westbrock,00000000000000000000000000002b57b3a961646d696e313030303030363334,admin
admin_tadelech_cross,00000000000000000000000000002b57b3aa61646d696e313030303030363335,admin
admin_rosario_havea,00000000000000000000000000002b57b3ab61646d696e313030303030363336,admin
admin_kei_condé,00000000000000000000000000002b57b3ac61646d696e313030303030363337,admin
admin_marta_al-hashemi,00000000000000000000000000002b57b3ad61646d696e313030303030363338,admin
admin_fahad_jones,00000000000000000000000000002b57b3ae61646d696e313030303030363339,admin
admin_odette_montas,00000000000000000000000000002b57b3c461646d696e313030303030363430,admin
admin_fríða_danso,00000000000000000000000000002b57b3c561646d696e313030303030363431,admin
admin_tudor_irish,00000000000000000000000000002b57b3c661646d696e313030303030363432,admin
admin_pedro_tinorua,00000000000000000000000000002b57b3c761646d696e313030303030363433,admin
admin_nowshin_gonzález,00000000000000000000000000002b57b3c861646d696e313030303030363434,admin
patient_anita_gray_200000000,0000000000000000000000004c3870cd70617469656e74323030303030303030,patient
patient_landon_harvey_200000001,0000000000000000000000004c3870ce70617469656e74323030303030303031,patient
patient_ryan_ortega_200000002,0000000000000000000000004c3870cf70617469656e74323030303030303032,patient
patient_ralph_dixon_200000003,0000000000000000000000004c3870d070617469656e74323030303030303033,patient
patient_jacob_jacobs_200000004,0000000000000000000000004c3870d170617469656e74323030303030303034,patient
patient_aaron_gibson_200000005,0000000000000000000000004c3870d270617469656e74323030303030303035,patient
patient_austin_simmons_200000006,0000000000000000000000004c3870d370617469656e74323030303030303036,patient
patient_melissa_robinson_200000007,0000000000000000000000004c3870d470617469656e74323030303030303037,patient
patient_esther_hansen_200000008,0000000000000000000000004c3870d570617469656e74323030303030303038,patient
patient_everett_taylor_200000009,0000000000000000000000004c3870d670617469656e74323030303030303039,patient
patient_madelyn_olson_200000010,0000000000000000000000004c3870ec70617469656e74323030303030303130,patient
patient_helen_kim_200000011,0000000000000000000000004c3870ed70617469656e74323030303030303131,patient
patient_irene_wright_200000012,0000000000000000000000004c3870ee70617469656e74323030303030303132,patient
patient_jonathan_gilbert_200000013,0000000000000000000000004c3870ef70617469656e74323030303030303133,patient
patient_albert_willis_200000014,0000000000000000000000004c3870f070617469656e74323030303030303134,patient
patient_ann_mills_200000015,0000000000000000000000004c3870f170617469656e74323030303030303135,patient
patient_wesley_cole_200000016,0000000000000000000000004c3870f270617469656e74323030303030303136,patient
patient_patrick_reed_200000017,0000000000000000000000004c3870f370617469656e74323030303030303137,patient
patient_avery_stewart_200000018,0000000000000000000000004c3870f470617469656e74323030303030303138,patient
patient_hazel_thomas_200000019,0000000000000000000000004c3870f570617469656e74323030303030303139,patient
patient_sebastian_medina_200000020,0000000000000000000000004c38710b70617469656e74323030303030303230,patient
patient_bentley_sutton_200000021,0000000000000000000000004c38710c70617469656e74323030303030303231,patient
patient_gage_ramos_200000022,0000000000000000000000004c38710d70617469656e74323030303030303232,patient
patient_jean_anderson_200000023,0000000000000000000000004c38710e70617469656e74323030303030303233,patient
patient_frances_gutierrez_200000024,0000000000000000000000004c38710f70617469656e74323030303030303234,patient
patient_willow_cox_200000025,0000000000000000000000004c38711070617469656e74323030303030303235,patient
patient_denise_rivera_200000026,0000000000000000000000004c38711170617469656e74323030303030303236,patient
patient_betty_reid_200000027,0000000000000000000000004c38711270617469656e74323030303030303237,patient
patient_martha_ross_200000028,0000000000000000000000004c38711370617469656e74323030303030303238,patient
patient_harold_bishop_200000029,0000000000000000000000004c38711470617469656e74323030303030303239,patient
patient_griffin_guzman_200000030,0000000000000000000000004c38712a70617469656e74323030303030303330,patient
patient_molly_harrison_200000031,0000000000000000000000004c38712b70617469656e74323030303030303331,patient
patient_anthony_owens_200000032,0000000000000000000000004c38712c70617469656e74323030303030303332,patient
patient_scarlett_vega_200000033,0000000000000000000000004c38712d70617469656e74323030303030303333,patient
patient_christopher_baker_200000034,0000000000000000000000004c38712e70617469656e74323030303030303334,patient
patient_ronald_sanchez_200000035,0000000000000000000000004c38712f70617469656e74323030303030303335,patient
patient_daniel_clark_200000036,0000000000000000000000004c38713070617469656e74323030303030303336,patient
patient_rhonda_vargas_200000037,0000000000000000000000004c38713170617469656e74323030303030303337,patient
patient_bailey_nguyen_200000038,0000000000000000000000004c38713270617469656e74323030303030303338,patient
patient_madeline_myers_200000039,0000000000000000000000004c38713370617469656e74323030303030303339,patient
patient_wendy_torres_200000040,0000000000000000000000004c38714970617469656e74323030303030303430,patient
patient_bethany_vasquez_200000041,0000000000000000000000004c38714a70617469656e74323030303030303431,patient
patient_nolan_mendez_200000042,0000000000000000000000004c38714b70617469656e74323030303030303432,patient
patient_phyllis_boyd_200000043,0000000000000000000000004c38714c70617469656e74323030303030303433,patient
patient_katelyn_mitchell_200000044,0000000000000000000000004c38714d70617469656e74323030303030303434,patient
patient_cynthia_fox_200000045,0000000000000000000000004c38714e70617469656e74323030303030303435,patient
patient_silas_williamson_200000046,0000000000000000000000004c38714f70617469656e74323030303030303436,patient
patient_jace_parsons_200000047,0000000000000000000000004c38715070617469656e74323030303030303437,patient
patient_jessica_simpson_200000048,0000000000000000000000004c38715170617469656e74323030303030303438,patient
patient_keith_griffin_200000049,0000000000000000000000004c38715270617469656e74323030303030303439,patient
patient_elijah_cunningham_200000050,0000000000000000000000004c38716870617469656e74323030303030303530,patient
patient_leilani_smith_200000051,0000000000000000000000004c38716970617469656e74323030303030303531,patient
patient_ethan_wood_200000052,0000000000000000000000004c38716a70617469656e74323030303030303532,patient
patient_lisa_richardson_200000053,0000000000000000000000004c38716b70617469656e74323030303030303533,patient
patient_ruby_jones_200000054,0000000000000000000000004c38716c70617469656e74323030303030303534,patient
patient_jordan_robertson_200000055,0000000000000000000000004c38716d70617469656e74323030303030303535,patient
patient_vanessa_matthews_200000056,0000000000000000000000004c38716e70617469656e74323030303030303536,patient
patient_eric_harper_200000057,0000000000000000000000004c38716f70617469656e74323030303030303537,patient
patient_cooper_morgan_200000058,0000000000000000000000004c38717070617469656e74323030303030303538,patient
patient_brayden_rios_200000059,0000000000000000000000004c38717170617469656e74323030303030303539,patient
patient_michelle_george_200000060,0000000000000000000000004c38718770617469656e74323030303030303630,patient
patient_oscar_salazar_200000061,0000000000000000000000004c38718870617469656e74323030303030303631,patient
patient_brandon_wong_200000062,0000000000000000000000004c38718970617469656e74323030303030303632,patient
patient_andrea_perez_200000063,0000000000000000000000004c38718a70617469656e74323030303030303633,patient
patient_violet_graham_200000064,0000000000000000000000004c38718b70617469656e74323030303030303634,patient
patient_adalynn_diaz_200000065,0000000000000000000000004c38718c70617469656e74323030303030303635,patient
patient_norma_andrews_200000066,0000000000000000000000004c38718d70617469656e74323030303030303636,patient
patient_sean_franklin_200000067,0000000000000000000000004c38718e70617469656e74323030303030303637,patient
patient_kathryn_king_200000068,0000000000000000000000004c38718f70617469656e74323030303030303638,patient
patient_owen_guerrero_200000069,0000000000000000000000004c38719070617469656e74323030303030303639,patient
patient_bella_perkins_200000070,0000000000000000000000004c3871a670617469656e74323030303030303730,patient
patient_juan_carr_200000071,0000000000000000000000004c3871a770617469656e74323030303030303731,patient
patient_victoria_rose_200000072,0000000000000000000000004c3871a870617469656e74323030303030303732,patient
patient_luke_shaw_200000073,0000000000000000000000004c3871a970617469656e74323030303030303733,patient
patient_kenneth_hunter_200000074,0000000000000000000000004c3871aa70617469656e74323030303030303734,patient
patient_raymond_long_200000075,0000000000000000000000004c3871ab70617469656e74323030303030303735,patient
patient_ryker_watson_200000076,0000000000000000000000004c3871ac70617469656e74323030303030303736,patient
patient_alexander_alexander_200000077,0000000000000000000000004c3871ad70617469656e74323030303030303737,patient
patient_dorothy_li_200000078,0000000000000000000000004c3871ae70617469656e74323030303030303738,patient
patient_randy_castro_200000079,0000000000000000000000004c3871af70617469656e74323030303030303739,patient
patient_elena_ruiz_200000080,0000000000000000000000004c3871c570617469656e74323030303030303830,patient
patient_roger_snyder_200000081,0000000000000000000000004c3871c670617469656e74323030303030303831,patient
patient_russell_pena_200000082,0000000000000000000000004c3871c770617469656e74323030303030303832,patient
patient_connor_estrada_200000083,0000000000000000000000004c3871c870617469656e74323030303030303833,patient
patient_caleb_lawson_200000084,0000000000000000000000004c3871c970617469656e74323030303030303834,patient
patient_diana_holmes_200000085,0000000000000000000000004c3871ca70617469656e74323030303030303835,patient
patient_river_wilson_200000086,0000000000000000000000004c3871cb70617469656e74323030303030303836,patient
patient_levi_foster_200000087,0000000000000000000000004c3871cc70617469656e74323030303030303837,patient
patient_amanda_murray_200000088,0000000000000000000000004c3871cd70617469656e74323030303030303838,patient
patient_danielle_martinez_200000089,0000000000000000000000004c3871ce70617469656e74323030303030303839,patient
patient_john_knight_200000090,0000000000000000000000004c3871e470617469656e74323030303030303930,patient
patient_brenda_johnston_200000091,0000000000000000000000004c3871e570617469656e74323030303030303931,patient
patient_george_mccoy_200000092,0000000000000000000000004c3871e670617469656e74323030303030303932,patient
patient_jack_powell_200000093,0000000000000000000000004c3871e770617469656e74323030303030303933,patient
patient_sheryl_james_200000094,0000000000000000000000004c3871e870617469656e74323030303030303934,patient
patient_addison_payne_200000095,0000000000000000000000004c3871e970617469656e74323030303030303935,patient
patient_jacqueline_meyer_200000096,0000000000000000000000004c3871ea70617469656e74323030303030303936,patient
patient_william_austin_200000097,0000000000000000000000004c3871eb70617469656e74323030303030303937,patient
patient_nora_marshall_200000098,0000000000000000000000004c3871ec70617469656e74323030303030303938,patient
patient_annie_kelley_200000099,0000000000000000000000004c3871ed70617469656e74323030303030303939,patient
patient_eli_young_200000100,0000000000000000000000004c38748e70617469656e74323030303030313030,patient
patient_sydney_hale_200000101,0000000000000000000000004c38748f70617469656e74323030303030313031,patient
patient_colton_collins_200000102,0000000000000000000000004c38749070617469656e74323030303030313032,patient
patient_sandra_dunn_200000103,0000000000000000000000004c38749170617469656e74323030303030313033,patient
patient_mary_watkins_200000104,0000000000000000000000004c38749270617469656e74323030303030313034,patient
patient_joshua_garcia_200000105,0000000000000000000000004c38749370617469656e74323030303030313035,patient
patient_damian_soto_200000106,0000000000000000000000004c38749470617469656e74323030303030313036,patient
patient_ashley_kennedy_200000107,0000000000000000000000004c38749570617469656e74323030303030313037,patient
patient_ivy_hicks_200000108,0000000000000000000000004c38749670617469656e74323030303030313038,patient
patient_alan_bennett_200000109,0000000000000000000000004c38749770617469656e74323030303030313039,patient
patient_alexis_herrera_200000110,0000000000000000000000004c3874ad70617469656e74323030303030313130,patient
patient_rachel_morris_200000111,0000000000000000000000004c3874ae70617469656e74323030303030313131,patient
patient_isabelle_dean_200000112,0000000000000000000000004c3874af70617469656e74323030303030313132,patient
patient_rowan_nichols_200000113,0000000000000000000000004c3874b070617469656e74323030303030313133,patient
patient_stella_freeman_200000114,0000000000000000000000004c3874b170617469656e74323030303030313134,patient
patient_steven_bryant_200000115,0000000000000000000000004c3874b270617469656e74323030303030313135,patient
patient_louise_cooper_200000116,0000000000000000000000004c3874b370617469656e74323030303030313136,patient
patient_eva_martin_200000117,0000000000000000000000004c3874b470617469656e74323030303030313137,patient
patient_arianna_hall_200000118,0000000000000000000000004c3874b570617469656e74323030303030313138,patient
patient_paul_chapman_200000119,0000000000000000000000004c3874b670617469656e74323030303030313139,patient
patient_layla_sanders_200000120,0000000000000000000000004c3874cc70617469656e74323030303030313230,patient
patient_liam_cook_200000121,0000000000000000000000004c3874cd70617469656e74323030303030313231,patient
patient_david_bradley_200000122,0000000000000000000000004c3874ce70617469656e74323030303030313232,patient
patient_cassandra_phillips_200000123,0000000000000000000000004c3874cf70617469656e74323030303030313233,patient
patient_oliver_carroll_200000124,0000000000000000000000004c3874d070617469656e74323030303030313234,patient
patient_lillian_ellis_200000125,0000000000000000000000004c3874d170617469656e74323030303030313235,patient
patient_joyce_le_200000126,0000000000000000000000004c3874d270617469656e74323030303030313236,patient
patient_jennifer_murphy_200000127,0000000000000000000000004c3874d370617469656e74323030303030313237,patient
patient_thomas_hanson_200000128,0000000000000000000000004c3874d470617469656e74323030303030313238,patient
patient_maverick_flores_200000129,0000000000000000000000004c3874d570617469656e74323030303030313239,patient
patient_nathan_adams_200000130,0000000000000000000000004c3874eb70617469656e74323030303030313330,patient
patient_lincoln_peterson_200000131,0000000000000000000000004c3874ec70617469656e74323030303030313331,patient
patient_douglas_larson_200000132,0000000000000000000000004c3874ed70617469656e74323030303030313332,patient
patient_vivian_jimenez_200000133,0000000000000000000000004c3874ee70617469656e74323030303030313333,patient
patient_mariah_sullivan_200000134,0000000000000000000000004c3874ef70617469656e74323030303030313334,patient
patient_jude_wells_200000135,0000000000000000000000004c3874f070617469656e74323030303030313335,patient
patient_calvin_stevens_200000136,0000000000000000000000004c3874f170617469656e74323030303030313336,patient
patient_jesse_silva_200000137,0000000000000000000000004c3874f270617469656e74323030303030313337,patient
patient_timothy_hart_200000138,0000000000000000000000004c3874f370617469656e74323030303030313338,patient
patient_diane_castillo_200000139,0000000000000000000000004c3874f470617469656e74323030303030313339,patient
patient_jose_howard_200000140,0000000000000000000000004c38750a70617469656e74323030303030313430,patient
patient_peter_sandoval_200000141,0000000000000000000000004c38750b70617469656e74323030303030313431,patient
patient_tiffany_miller_200000142,0000000000000000000000004c38750c70617469656e74323030303030313432,patient
patient_adrian_moore_200000143,0000000000000000000000004c38750d70617469656e74323030303030313433,patient
patient_jerry_hill_200000144,0000000000000000000000004c38750e70617469656e74323030303030313434,patient
patient_brooklyn_goodwin_200000145,0000000000000000000000004c38750f70617469656e74323030303030313435,patient
patient_florence_santos_200000146,0000000000000000000000004c38751070617469656e74323030303030313436,patient
patient_easton_chen_200000147,0000000000000000000000004c38751170617469656e74323030303030313437,patient
patient_eliana_wallace_200000148,0000000000000000000000004c38751270617469656e74323030303030313438,patient
patient_lucas_davis_200000149,0000000000000000000000004c38751370617469656e74323030303030313439,patient
patient_amber_daniels_200000150,0000000000000000000000004c38752970617469656e74323030303030313530,patient
patient_samuel_patterson_200000151,0000000000000000000000004c38752a70617469656e74323030303030313531,patient
patient_harper_allen_200000152,0000000000000000000000004c38752b70617469656e74323030303030313532,patient
patient_dawn_henry_200000153,0000000000000000000000004c38752c70617469656e74323030303030313533,patient
patient_georgia_hoffman_200000154,0000000000000000000000004c38752d70617469656e74323030303030313534,patient
patient_stephanie_chambers_200000155,0000000000000000000000004c38752e70617469656e74323030303030313535,patient
patient_logan_gonzalez_200000156,0000000000000000000000004c38752f70617469656e74323030303030313536,patient
patient_grace_walsh_200000157,0000000000000000000000004c38753070617469656e74323030303030313537,patient
patient_alexa_jordan_200000158,0000000000000000000000004c38753170617469656e74323030303030313538,patient
patient_lucille_santiago_200000159,0000000000000000000000004c38753270617469656e74323030303030313539,patient
patient_mateo_berry_200000160,0000000000000000000000004c38754870617469656e74323030303030313630,patient
patient_brittany_schmidt_200000161,0000000000000000000000004c38754970617469656e74323030303030313631,patient
patient_laura_morales_200000162,0000000000000000000000004c38754a70617469656e74323030303030313632,patient
patient_jackson_nunez_200000163,0000000000000000000000004c38754b70617469656e74323030303030313633,patient
patient_whitney_carter_200000164,0000000000000000000000004c38754c70617469656e74323030303030313634,patient
patient_benjamin_romero_200000165,0000000000000000000000004c38754d70617469656e74323030303030313635,patient
patient_carson_lynch_200000166,0000000000000000000000004c38754e70617469656e74323030303030313636,patient
patient_cindy_henderson_200000167,0000000000000000000000004c38754f70617469656e74323030303030313637,patient
patient_maxwell_barnes_200000168,0000000000000000000000004c38755070617469656e74323030303030313638,patient
patient_mason_sims_200000169,0000000000000000000000004c38755170617469656e74323030303030313639,patient
patient_declan_scott_200000170,0000000000000000000000004c38756770617469656e74323030303030313730,patient
patient_bryson_nelson_200000171,0000000000000000000000004c38756870617469656e74323030303030313731,patient
patient_alicia_fernandez_200000172,0000000000000000000000004c38756970617469656e74323030303030313732,patient
patient_sofia_kelly_200000173,0000000000000000000000004c38756a70617469656e74323030303030313733,patient
patient_angela_hernandez_200000174,0000000000000000000000004c38756b70617469656e74323030303030313734,patient
patient_bradley_russell_200000175,0000000000000000000000004c38756c70617469656e74323030303030313735,patient
patient_preston_edwards_200000176,0000000000000000000000004c38756d70617469656e74323030303030313736,patient
patient_gary_armstrong_200000177,0000000000000000000000004c38756e70617469656e74323030303030313737,patient
patient_natalie_brooks_200000178,0000000000000000000000004c38756f70617469656e74323030303030313738,patient
patient_holly_ramirez_200000179,0000000000000000000000004c38757070617469656e74323030303030313739,patient
patient_marie_lewis_200000180,0000000000000000000000004c38758670617469656e74323030303030313830,patient
patient_nicholas_peters_200000181,0000000000000000000000004c38758770617469656e74323030303030313831,patient
patient_summer_contreras_200000182,0000000000000000000000004c38758870617469656e74323030303030313832,patient
patient_jonah_hunt_200000183,0000000000000000000000004c38758970617469656e74323030303030313833,patient
patient_parker_rodriguez_200000184,0000000000000000000000004c38758a70617469656e74323030303030313834,patient
patient_hugo_hamilton_200000185,0000000000000000000000004c38758b70617469656e74323030303030313835,patient
patient_gertrude_alvarez_200000186,0000000000000000000000004c38758c70617469656e74323030303030313836,patient
patient_chelsea_newman_200000187,0000000000000000000000004c38758d70617469656e74323030303030313837,patient
patient_gavin_roberts_200000188,0000000000000000000000004c38758e70617469656e74323030303030313838,patient
patient_kelsey_mcdonald_200000189,0000000000000000000000004c38758f70617469656e74323030303030313839,patient
patient_cole_patel_200000190,0000000000000000000000004c3875a570617469656e74323030303030313930,patient
patient_ashton_ortiz_200000191,0000000000000000000000004c3875a670617469656e74323030303030313931,patient
patient_harrison_gonzales_200000192,0000000000000000000000004c3875a770617469656e74323030303030313932,patient
patient_bonnie_webb_200000193,0000000000000000000000004c3875a870617469656e74323030303030313933,patient
patient_jasmine_greene_200000194,0000000000000000000000004c3875a970617469656e74323030303030313934,patient
patient_emma_reyes_200000195,0000000000000000000000004c3875aa70617469656e74323030303030313935,patient
patient_theodore_price_200000196,0000000000000000000000004c3875ab70617469656e74323030303030313936,patient
patient_ezekiel_jensen_200000197,0000000000000000000000004c3875ac70617469656e74323030303030313937,patient
patient_dylan_ward_200000198,0000000000000000000000004c3875ad70617469656e74323030303030313938,patient
patient_hazel_lane_200000199,0000000000000000000000004c3875ae70617469656e74323030303030313939,patient
patient_james_parker_200000200,0000000000000000000000004c38784f70617469656e74323030303030323030,patient
patient_elliott_mendoza_200000201,0000000000000000000000004c38785070617469656e74323030303030323031,patient
patient_miles_vazquez_200000202,0000000000000000000000004c38785170617469656e74323030303030323032,patient
patient_henry_jenkins_200000203,0000000000000000000000004c38785270617469656e74323030303030323033,patient
patient_elizabeth_coleman_200000204,0000000000000000000000004c38785370617469656e74323030303030323034,patient
patient_beverly_maldonado_200000205,0000000000000000000000004c38785470617469656e74323030303030323035,patient
patient_carter_spencer_200000206,0000000000000000000000004c38785570617469656e74323030303030323036,patient
patient_chloe_figueroa_200000207,0000000000000000000000004c38785670617469656e74323030303030323037,patient
patient_michael_hughes_200000208,0000000000000000000000004c38785770617469656e74323030303030323038,patient
patient_lawrence_burke_200000209,0000000000000000000000004c38785870617469656e74323030303030323039,patient
patient_ian_palmer_200000210,0000000000000000000000004c38786e70617469656e74323030303030323130,patient
patient_kingston_duncan_200000211,0000000000000000000000004c38786f70617469656e74323030303030323131,patient
patient_claire_crawford_200000212,0000000000000000000000004c38787070617469656e74323030303030323132,patient
patient_juanita_lawrence_200000213,0000000000000000000000004c38787170617469656e74323030303030323133,patient
patient_eleanor_chavez_200000214,0000000000000000000000004c38787270617469656e74323030303030323134,patient
patient_jocelyn_bailey_200000215,0000000000000000000000004c38787370617469656e74323030303030323135,patient
patient_doreen_manning_200000216,0000000000000000000000004c38787470617469656e74323030303030323136,patient
patient_kyle_richards_200000217,0000000000000000000000004c38787570617469656e74323030303030323137,patient
patient_lucy_elliott_200000218,0000000000000000000000004c38787670617469656e74323030303030323138,patient
patient_frank_burns_200000219,0000000000000000000000004c38787770617469656e74323030303030323139,patient
patient_wyatt_montgomery_200000220,0000000000000000000000004c38788d70617469656e74323030303030323230,patient
patient_dennis_porter_200000221,0000000000000000000000004c38788e70617469656e74323030303030323231,patient
patient_destiny_wheeler_200000222,0000000000000000000000004c38788f70617469656e74323030303030323232,patient
patient_richard_romero_200000223,0000000000000000000000004c38789070617469656e74323030303030323233,patient
patient_lincoln_reynolds_200000224,0000000000000000000000004c38789170617469656e74323030303030323234,patient
patient_becky_hudson_200000225,0000000000000000000000004c38789270617469656e74323030303030323235,patient
patient_jaxon_campbell_200000226,0000000000000000000000004c38789370617469656e74323030303030323236,patient
patient_milo_butler_200000227,0000000000000000000000004c38789470617469656e74323030303030323237,patient
patient_valentina_morrison_200000228,0000000000000000000000004c38789570617469656e74323030303030323238,patient
patient_tyler_lopez_200000229,0000000000000000000000004c38789670617469656e74323030303030323239,patient
patient_asher_perry_200000230,0000000000000000000000004c3878ac70617469656e74323030303030323330,patient
patient_larry_moreno_200000231,0000000000000000000000004c3878ad70617469656e74323030303030323331,patient
patient_stephen_black_200000232,0000000000000000000000004c3878ae70617469656e74323030303030323332,patient
patient_savannah_gordon_200000233,0000000000000000000000004c3878af70617469656e74323030303030323333,patient
patient_johnny_ferguson_200000234,0000000000000000000000004c3878b070617469656e74323030303030323334,patient
patient_joseph_woods_200000235,0000000000000000000000004c3878b170617469656e74323030303030323335,patient
patient_kristin_valdez_200000236,0000000000000000000000004c3878b270617469656e74323030303030323336,patient
patient_emery_weaver_200000237,0000000000000000000000004c3878b370617469656e74323030303030323337,patient
patient_terry_singh_200000238,0000000000000000000000004c3878b470617469656e74323030303030323338,patient
patient_noah_ryan_200000239,0000000000000000000000004c3878b570617469656e74323030303030323339,patient
patient_catherine_rogers_200000240,0000000000000000000000004c3878cb70617469656e74323030303030323430,patient
patient_adam_zimmerman_200000241,0000000000000000000000004c3878cc70617469656e74323030303030323431,patient
patient_bruce_lee_200000242,0000000000000000000000004c3878cd70617469656e74323030303030323432,patient
patient_nina_cruz_200000243,0000000000000000000000004c3878ce70617469656e74323030303030323433,patient
patient_bobby_dominguez_200000244,0000000000000000000000004c3878cf70617469656e74323030303030323434,patient
patient_jeremy_riley_200000245,0000000000000000000000004c3878d070617469656e74323030303030323435,patient
patient_max_turner_200000246,0000000000000000000000004c3878d170617469656e74323030303030323436,patient
patient_jade_aguilar_200000247,0000000000000000000000004c3878d270617469656e74323030303030323437,patient
patient_laurie_warren_200000248,0000000000000000000000004c3878d370617469656e74323030303030323438,patient
patient_louis_espinoza_200000249,0000000000000000000000004c3878d470617469656e74323030303030323439,patient
patient_roy_fisher_200000250,0000000000000000000000004c3878ea70617469656e74323030303030323530,patient
patient_ezra_green_200000251,0000000000000000000000004c3878eb70617469656e74323030303030323531,patient
patient_spencer_o'brien_200000252,0000000000000000000000004c3878ec70617469656e74323030303030323532,patient
patient_tina_harris_200000253,0000000000000000000000004c3878ed70617469656e74323030303030323533,patient
patient_skylar_carpenter_200000254,0000000000000000000000004c3878ee70617469656e74323030303030323534,patient
patient_bennett_evans_200000255,0000000000000000000000004c3878ef70617469656e74323030303030323535,patient
patient_evelyn_gardner_200000256,0000000000000000000000004c3878f070617469656e74323030303030323536,patient
patient_hudson_tucker_200000257,0000000000000000000000004c3878f170617469656e74323030303030323537,patient
patient_victor_jackson_200000258,0000000000000000000000004c3878f270617469656e74323030303030323538,patient
patient_naomi_washington_200000259,0000000000000000000000004c3878f370617469656e74323030303030323539,patient
patient_marilyn_bell_200000260,0000000000000000000000004c38790970617469656e74323030303030323630,patient
patient_tucker_pierce_200000261,0000000000000000000000004c38790a70617469656e74323030303030323631,patient
patient_hayden_mason_200000262,0000000000000000000000004c38790b70617469656e74323030303030323632,patient
patient_makayla_munoz_200000263,0000000000000000000000004c38790c70617469656e74323030303030323633,patient
patient_beckett_arnold_200000264,0000000000000000000000004c38790d70617469656e74323030303030323634,patient
patient_andrew_grant_200000265,0000000000000000000000004c38790e70617469656e74323030303030323635,patient
patient_joe_hernandes_200000266,0000000000000000000000004c38790f70617469656e74323030303030323636,patient
patient_willie_jacobs_200000267,0000000000000000000000004c38791070617469656e74323030303030323637,patient
patient_kathleen_williams_200000268,0000000000000000000000004c38791170617469656e74323030303030323638,patient
patient_margaret_ford_200000269,0000000000000000000000004c38791270617469656e74323030303030323639,patient
patient_caroline_tran_200000270,0000000000000000000000004c38792870617469656e74323030303030323730,patient
patient_quinn_white_200000271,0000000000000000000000004c38792970617469656e74323030303030323731,patient
patient_theo_delgado_200000272,0000000000000000000000004c38792a70617469656e74323030303030323732,patient
patient_billy_garza_200000273,0000000000000000000000004c38792b70617469656e74323030303030323733,patient
patient_dean_stephens_200000274,0000000000000000000000004c38792c70617469656e74323030303030323734,patient
patient_isaac_wagner_200000275,0000000000000000000000004c38792d70617469656e74323030303030323735,patient
patient_amy_gomez_200000276,0000000000000000000000004c38792e70617469656e74323030303030323736,patient
patient_emmett_thompson_200000277,0000000000000000000000004c38792f70617469656e74323030303030323737,patient
patient_ryder_oliver_200000278,0000000000000000000000004c38793070617469656e74323030303030323738,patient
patient_josiah_brown_200000279,0000000000000000000000004c38793170617469656e74323030303030323739,patient
patient_aiden_french_200000280,0000000000000000000000004c38794770617469656e74323030303030323830,patient
patient_jason_johnson_200000281,0000000000000000000000004c38794870617469656e74323030303030323831,patient
patient_april_stone_200000282,0000000000000000000000004c38794970617469656e74323030303030323832,patient
patient_shannon_rice_200000283,0000000000000000000000004c38794a70617469656e74323030303030323833,patient
patient_alexandra_hawkins_200000284,0000000000000000000000004c38794b70617469656e74323030303030323834,patient
patient_nancy_ray_200000285,0000000000000000000000004c38794c70617469656e74323030303030323835,patient
patient_zachary_alvarado_200000286,0000000000000000000000004c38794d70617469656e74323030303030323836,patient
patient_kennedy_hayes_200000287,0000000000000000000000004c38794e70617469656e74323030303030323837,patient
patient_oliver_walker_200000288,0000000000000000000000004c38794f70617469656e74323030303030323838,patient
patient_sawyer_west_200000289,0000000000000000000000004c38795070617469656e74323030303030323839,patient
patient_matthew_howell_200000290,0000000000000000000000004c38796670617469656e74323030303030323930,patient
patient_josephine_carlson_200000291,0000000000000000000000004c38796770617469656e74323030303030323931,patient
patient_gianna_stone_200000292,0000000000000000000000004c38796870617469656e74323030303030323932,patient
patient_kaiden_hawkins_200000293,0000000000000000000000004c38796970617469656e74323030303030323933,patient
patient_dana_harvey_200000294,0000000000000000000000004c38796a70617469656e74323030303030323934,patient
patient_taylor_morrison_200000295,0000000000000000000000004c38796b70617469656e74323030303030323935,patient
patient_jasper_martinez_200000296,0000000000000000000000004c38796c70617469656e74323030303030323936,patient
patient_arthur_vasquez_200000297,0000000000000000000000004c38796d70617469656e74323030303030323937,patient
patient_bryan_castillo_200000298,0000000000000000000000004c38796e70617469656e74323030303030323938,patient
patient_veronica_tucker_200000299,0000000000000000000000004c38796f70617469656e74323030303030323939,patient
patient_donald_griffin_200000300,0000000000000000000000004c387c1070617469656e74323030303030333030,patient
patient_cameron_martin_200000301,0000000000000000000000004c387c1170617469656e74323030303030333031,patient
patient_gloria_gray_200000302,0000000000000000000000004c387c1270617469656e74323030303030333032,patient
patient_maddox_young_200000303,0000000000000000000000004c387c1370617469656e74323030303030333033,patient
patient_elaine_mitchell_200000304,0000000000000000000000004c387c1470617469656e74323030303030333034,patient
patient_alyssa_gilbert_200000305,0000000000000000000000004c387c1570617469656e74323030303030333035,patient
patient_cassie_jacobs_200000306,0000000000000000000000004c387c1670617469656e74323030303030333036,patient
patient_gerald_nguyen_200000307,0000000000000000000000004c387c1770617469656e74323030303030333037,patient
patient_serenity_bailey_200000308,0000000000000000000000004c387c1870617469656e74323030303030333038,patient
patient_evan_chen_200000309,0000000000000000000000004c387c1970617469656e74323030303030333039,patient
patient_maria_berry_200000310,0000000000000000000000004c387c2f70617469656e74323030303030333130,patient
patient_brian_manning_200000311,0000000000000000000000004c387c3070617469656e74323030303030333131,patient
patient_edna_silva_200000312,0000000000000000000000004c387c3170617469656e74323030303030333132,patient
patient_christina_french_200000313,0000000000000000000000004c387c3270617469656e74323030303030333133,patient
patient_mark_hicks_200000314,0000000000000000000000004c387c3370617469656e74323030303030333134,patient
patient_pamela_willis_200000315,0000000000000000000000004c387c3470617469656e74323030303030333135,patient
patient_sarah_olson_200000316,0000000000000000000000004c387c3570617469656e74323030303030333136,patient
patient_debra_greene_200000317,0000000000000000000000004c387c3670617469656e74323030303030333137,patient
patient_kaden_mills_200000318,0000000000000000000000004c387c3770617469656e74323030303030333138,patient
patient_dominic_hernandez_200000319,0000000000000000000000004c387c3870617469656e74323030303030333139,patient
patient_trinity_alvarado_200000320,0000000000000000000000004c387c4e70617469656e74323030303030333230,patient
patient_valerie_alexander_200000321,0000000000000000000000004c387c4f70617469656e74323030303030333231,patient
patient_greyson_spencer_200000322,0000000000000000000000004c387c5070617469656e74323030303030333232,patient
patient_judith_ramirez_200000323,0000000000000000000000004c387c5170617469656e74323030303030333233,patient
patient_grayson_ortiz_200000324,0000000000000000000000004c387c5270617469656e74323030303030333234,patient
patient_charlotte_woods_200000325,0000000000000000000000004c387c5370617469656e74323030303030333235,patient
patient_leo_cruz_200000326,0000000000000000000000004c387c5470617469656e74323030303030333236,patient
patient_megan_kelley_200000327,0000000000000000000000004c387c5570617469656e74323030303030333237,patient
patient_nicole_gonzalez_200000328,0000000000000000000000004c387c5670617469656e74323030303030333238,patient
patient_walter_webb_200000329,0000000000000000000000004c387c5770617469656e74323030303030333239,patient
patient_weston_goodwin_200000330,0000000000000000000000004c387c6d70617469656e74323030303030333330,patient
patient_luna_kelly_200000331,0000000000000000000000004c387c6e70617469656e74323030303030333331,patient
patient_maya_james_200000332,0000000000000000000000004c387c6f70617469656e74323030303030333332,patient
patient_brandy_bishop_200000333,0000000000000000000000004c387c7070617469656e74323030303030333333,patient
patient_deborah_hudson_200000334,0000000000000000000000004c387c7170617469656e74323030303030333334,patient
patient_roman_owens_200000335,0000000000000000000000004c387c7270617469656e74323030303030333335,patient
patient_justin_carroll_200000336,0000000000000000000000004c387c7370617469656e74323030303030333336,patient
patient_rosa_sutton_200000337,0000000000000000000000004c387c7470617469656e74323030303030333337,patient
patient_bernice_washington_200000338,0000000000000000000000004c387c7570617469656e74323030303030333338,patient
patient_gabriel_green_200000339,0000000000000000000000004c387c7670617469656e74323030303030333339,patient
patient_rose_maldonado_200000340,0000000000000000000000004c387c8c70617469656e74323030303030333430,patient
patient_brody_jimenez_200000341,0000000000000000000000004c387c8d70617469656e74323030303030333431,patient
patient_janet_rose_200000342,0000000000000000000000004c387c8e70617469656e74323030303030333432,patient
patient_alice_mason_200000343,0000000000000000000000004c387c8f70617469656e74323030303030333433,patient
patient_brittney_johnston_200000344,0000000000000000000000004c387c9070617469656e74323030303030333434,patient
patient_kevin_robinson_200000345,0000000000000000000000004c387c9170617469656e74323030303030333435,patient
patient_piper_coleman_200000346,0000000000000000000000004c387c9270617469656e74323030303030333436,patient
patient_ella_reyes_200000347,0000000000000000000000004c387c9370617469656e74323030303030333437,patient
patient_kayla_chavez_200000348,0000000000000000000000004c387c9470617469656e74323030303030333438,patient
patient_meredith_sims_200000349,0000000000000000000000004c387c9570617469656e74323030303030333439,patient
patient_julia_george_200000350,0000000000000000000000004c387cab70617469656e74323030303030333530,patient
patient_vincent_cox_200000351,0000000000000000000000004c387cac70617469656e74323030303030333531,patient
patient_faith_andrews_200000352,0000000000000000000000004c387cad70617469656e74323030303030333532,patient
patient_ruth_wilson_200000353,0000000000000000000000004c387cae70617469656e74323030303030333533,patient
patient_hunter_lynch_200000354,0000000000000000000000004c387caf70617469656e74323030303030333534,patient
patient_edward_reid_200000355,0000000000000000000000004c387cb070617469656e74323030303030333535,patient
patient_mackenzie_peterson_200000356,0000000000000000000000004c387cb170617469656e74323030303030333536,patient
patient_tristan_cunningham_200000357,0000000000000000000000004c387cb270617469656e74323030303030333537,patient
patient_chase_stephens_200000358,0000000000000000000000004c387cb370617469656e74323030303030333538,patient
patient_christian_watson_200000359,0000000000000000000000004c387cb470617469656e74323030303030333539,patient
patient_micah_chapman_200000360,0000000000000000000000004c387cca70617469656e74323030303030333630,patient
patient_paula_walsh_200000361,0000000000000000000000004c387ccb70617469656e74323030303030333631,patient
patient_isabella_howard_200000362,0000000000000000000000004c387ccc70617469656e74323030303030333632,patient
patient_robert_scott_200000363,0000000000000000000000004c387ccd70617469656e74323030303030333633,patient
patient_jamie_li_200000364,0000000000000000000000004c387cce70617469656e74323030303030333634,patient
patient_jeffrey_graham_200000365,0000000000000000000000004c387ccf70617469656e74323030303030333635,patient
patient_connie_wagner_200000366,0000000000000000000000004c387cd070617469656e74323030303030333636,patient
patient_eugene_chambers_200000367,0000000000000000000000004c387cd170617469656e74323030303030333637,patient
patient_scott_long_200000368,0000000000000000000000004c387cd270617469656e74323030303030333638,patient
patient_jayden_nichols_200000369,0000000000000000000000004c387cd370617469656e74323030303030333639,patient
patient_philip_vargas_200000370,0000000000000000000000004c387ce970617469656e74323030303030333730,patient
patient_charles_lopez_200000371,0000000000000000000000004c387cea70617469656e74323030303030333731,patient
patient_gregory_perry_200000372,0000000000000000000000004c387ceb70617469656e74323030303030333732,patient
patient_donna_wright_200000373,0000000000000000000000004c387cec70617469656e74323030303030333733,patient
patient_carl_pena_200000374,0000000000000000000000004c387ced70617469656e74323030303030333734,patient
patient_tara_lewis_200000375,0000000000000000000000004c387cee70617469656e74323030303030333735,patient
patient_marcus_hernandes_200000376,0000000000000000000000004c387cef70617469656e74323030303030333736,patient
patient_axel_franklin_200000377,0000000000000000000000004c387cf070617469656e74323030303030333737,patient
patient_hailey_payne_200000378,0000000000000000000000004c387cf170617469656e74323030303030333738,patient
patient_felix_bennett_200000379,0000000000000000000000004c387cf270617469656e74323030303030333739,patient
patient_wayne_santos_200000380,0000000000000000000000004c387d0870617469656e74323030303030333830,patient
patient_blake_bryant_200000381,0000000000000000000000004c387d0970617469656e74323030303030333831,patient
patient_wesley_walker_200000382,0000000000000000000000004c387d0a70617469656e74323030303030333832,patient
patient_xavier_carpenter_200000383,0000000000000000000000004c387d0b70617469656e74323030303030333833,patient
patient_lauren_peters_200000384,0000000000000000000000004c387d0c70617469656e74323030303030333834,patient
patient_dylan_rodriguez_200000385,0000000000000000000000004c387d0d70617469656e74323030303030333835,patient
patient_carson_morgan_200000386,0000000000000000000000004c387d0e70617469656e74323030303030333836,patient
patient_carolyn_foster_200000387,0000000000000000000000004c387d0f70617469656e74323030303030333837,patient
patient_jacob_daniels_200000388,0000000000000000000000004c387d1070617469656e74323030303030333838,patient
patient_douglas_henry_200000389,0000000000000000000000004c387d1170617469656e74323030303030333839,patient
patient_jeremy_oliver_200000390,0000000000000000000000004c387d2770617469656e74323030303030333930,patient
patient_roman_pierce_200000391,0000000000000000000000004c387d2870617469656e74323030303030333931,patient
patient_james_gardner_200000392,0000000000000000000000004c387d2970617469656e74323030303030333932,patient
patient_pauline_hoffman_200000393,0000000000000000000000004c387d2a70617469656e74323030303030333933,patient
patient_reagan_rios_200000394,0000000000000000000000004c387d2b70617469656e74323030303030333934,patient
patient_samantha_wells_200000395,0000000000000000000000004c387d2c70617469656e74323030303030333935,patient
patient_judy_dean_200000396,0000000000000000000000004c387d2d70617469656e74323030303030333936,patient
patient_erin_parsons_200000397,0000000000000000000000004c387d2e70617469656e74323030303030333937,patient
patient_donald_ruiz_200000398,0000000000000000000000004c387d2f70617469656e74323030303030333938,patient
patient_theo_jordan_200000399,0000000000000000000000004c387d3070617469656e74323030303030333939,patient
patient_paul_allen_200000400,0000000000000000000000004c387fd170617469656e74323030303030343030,patient
patient_kristen_russell_200000401,0000000000000000000000004c387fd270617469656e74323030303030343031,patient
patient_andrew_evans_200000402,0000000000000000000000004c387fd370617469656e74323030303030343032,patient
patient_miles_rice_200000403,0000000000000000000000004c387fd470617469656e74323030303030343033,patient
patient_chase_white_200000404,0000000000000000000000004c387fd570617469656e74323030303030343034,patient
patient_xavier_collins_200000405,0000000000000000000000004c387fd670617469656e74323030303030343035,patient
patient_aria_gomez_200000406,0000000000000000000000004c387fd770617469656e74323030303030343036,patient
patient_silas_wallace_200000407,0000000000000000000000004c387fd870617469656e74323030303030343037,patient
patient_morgan_mendez_200000408,0000000000000000000000004c387fd970617469656e74323030303030343038,patient
patient_josephine_sandoval_200000409,0000000000000000000000004c387fda70617469656e74323030303030343039,patient
patient_bennett_smith_200000410,0000000000000000000000004c387ff070617469656e74323030303030343130,patient
patient_katie_austin_200000411,0000000000000000000000004c387ff170617469656e74323030303030343131,patient
patient_ethan_duncan_200000412,0000000000000000000000004c387ff270617469656e74323030303030343132,patient
patient_mildred_schmidt_200000413,0000000000000000000000004c387ff370617469656e74323030303030343133,patient
patient_kaitlyn_phillips_200000414,0000000000000000000000004c387ff470617469656e74323030303030343134,patient
patient_audrey_lawrence_200000415,0000000000000000000000004c387ff570617469656e74323030303030343135,patient
patient_mateo_campbell_200000416,0000000000000000000000004c387ff670617469656e74323030303030343136,patient
patient_bobby_thompson_200000417,0000000000000000000000004c387ff770617469656e74323030303030343137,patient
patient_susan_thomas_200000418,0000000000000000000000004c387ff870617469656e74323030303030343138,patient
patient_vincent_moore_200000419,0000000000000000000000004c387ff970617469656e74323030303030343139,patient
patient_anna_medina_200000420,0000000000000000000000004c38800f70617469656e74323030303030343230,patient
patient_ellen_price_200000421,0000000000000000000000004c38801070617469656e74323030303030343231,patient
patient_katherine_johnson_200000422,0000000000000000000000004c38801170617469656e74323030303030343232,patient
patient_lily_ford_200000423,0000000000000000000000004c38801270617469656e74323030303030343233,patient
patient_everly_wong_200000424,0000000000000000000000004c38801370617469656e74323030303030343234,patient
patient_justin_jones_200000425,0000000000000000000000004c38801470617469656e74323030303030343235,patient
patient_patricia_harris_200000426,0000000000000000000000004c38801570617469656e74323030303030343236,patient
patient_paisley_stevens_200000427,0000000000000000000000004c38801670617469656e74323030303030343237,patient
patient_lori_salazar_200000428,0000000000000000000000004c38801770617469656e74323030303030343238,patient
patient_william_aguilar_200000429,0000000000000000000000004c38801870617469656e74323030303030343239,patient
patient_nolan_castro_200000430,0000000000000000000000004c38802e70617469656e74323030303030343330,patient
patient_thelma_baker_200000431,0000000000000000000000004c38802f70617469656e74323030303030343331,patient
patient_alice_meyer_200000432,0000000000000000000000004c38803070617469656e74323030303030343332,patient
patient_kinsley_hunt_200000433,0000000000000000000000004c38803170617469656e74323030303030343333,patient
patient_teresa_west_200000434,0000000000000000000000004c38803270617469656e74323030303030343334,patient
patient_harold_myers_200000435,0000000000000000000000004c38803370617469656e74323030303030343335,patient
patient_levi_jensen_200000436,0000000000000000000000004c38803470617469656e74323030303030343336,patient
patient_delilah_rogers_200000437,0000000000000000000000004c38803570617469656e74323030303030343337,patient
patient_jill_perez_200000438,0000000000000000000000004c38803670617469656e74323030303030343338,patient
patient_joan_delgado_200000439,0000000000000000000000004c38803770617469656e74323030303030343339,patient
patient_wyatt_ferguson_200000440,0000000000000000000000004c38804d70617469656e74323030303030343430,patient
patient_karen_jenkins_200000441,0000000000000000000000004c38804e70617469656e74323030303030343431,patient
patient_jace_figueroa_200000442,0000000000000000000000004c38804f70617469656e74323030303030343432,patient
patient_maddox_estrada_200000443,0000000000000000000000004c38805070617469656e74323030303030343433,patient
patient_janice_hughes_200000444,0000000000000000000000004c38805170617469656e74323030303030343434,patient
patient_alexander_miller_200000445,0000000000000000000000004c38805270617469656e74323030303030343435,patient
patient_elliott_patel_200000446,0000000000000000000000004c38805370617469656e74323030303030343436,patient
patient_adam_howell_200000447,0000000000000000000000004c38805470617469656e74323030303030343437,patient
patient_ariana_burns_200000448,0000000000000000000000004c38805570617469656e74323030303030343438,patient
patient_thomas_tran_200000449,0000000000000000000000004c38805670617469656e74323030303030343439,patient
patient_robert_harrison_200000450,0000000000000000000000004c38806c70617469656e74323030303030343530,patient
patient_rebecca_armstrong_200000451,0000000000000000000000004c38806d70617469656e74323030303030343531,patient
patient_kaden_romero_200000452,0000000000000000000000004c38806e70617469656e74323030303030343532,patient
patient_christine_davis_200000453,0000000000000000000000004c38806f70617469656e74323030303030343533,patient
patient_julie_roberts_200000454,0000000000000000000000004c38807070617469656e74323030303030343534,patient
patient_zachary_ryan_200000455,0000000000000000000000004c38807170617469656e74323030303030343535,patient
patient_autumn_hansen_200000456,0000000000000000000000004c38807270617469656e74323030303030343536,patient
patient_liam_morris_200000457,0000000000000000000000004c38807370617469656e74323030303030343537,patient
patient_shirley_hayes_200000458,0000000000000000000000004c38807470617469656e74323030303030343538,patient
patient_jenna_reynolds_200000459,0000000000000000000000004c38807570617469656e74323030303030343539,patient
patient_oliver_singh_200000460,0000000000000000000000004c38808b70617469656e74323030303030343630,patient
patient_carol_barnes_200000461,0000000000000000000000004c38808c70617469656e74323030303030343631,patient
patient_mia_mendoza_200000462,0000000000000000000000004c38808d70617469656e74323030303030343632,patient
patient_lois_vega_200000463,0000000000000000000000004c38808e70617469656e74323030303030343633,patient
patient_joseph_bell_200000464,0000000000000000000000004c38808f70617469656e74323030303030343634,patient
patient_virginia_hall_200000465,0000000000000000000000004c38809070617469656e74323030303030343635,patient
patient_emma_riley_200000466,0000000000000000000000004c38809170617469656e74323030303030343636,patient
patient_zoe_holmes_200000467,0000000000000000000000004c38809270617469656e74323030303030343637,patient
patient_albert_sanders_200000468,0000000000000000000000004c38809370617469656e74323030303030343638,patient
patient_keith_dunn_200000469,0000000000000000000000004c38809470617469656e74323030303030343639,patient
patient_grayson_powell_200000470,0000000000000000000000004c3880aa70617469656e74323030303030343730,patient
patient_billy_cook_200000471,0000000000000000000000004c3880ab70617469656e74323030303030343731,patient
patient_damian_robertson_200000472,0000000000000000000000004c3880ac70617469656e74323030303030343732,patient
patient_ezekiel_arnold_200000473,0000000000000000000000004c3880ad70617469656e74323030303030343733,patient
patient_isaac_contreras_200000474,0000000000000000000000004c3880ae70617469656e74323030303030343734,patient
patient_axel_ross_200000475,0000000000000000000000004c3880af70617469656e74323030303030343735,patient
patient_cole_guerrero_200000476,0000000000000000000000004c3880b070617469656e74323030303030343736,patient
patient_jason_le_200000477,0000000000000000000000004c3880b170617469656e74323030303030343737,patient
patient_peggy_flores_200000478,0000000000000000000000004c3880b270617469656e74323030303030343738,patient
patient_peyton_zimmerman_200000479,0000000000000000000000004c3880b370617469656e74323030303030343739,patient
patient_gail_larson_200000480,0000000000000000000000004c3880c970617469656e74323030303030343830,patient
patient_ezra_gibson_200000481,0000000000000000000000004c3880ca70617469656e74323030303030343831,patient
patient_penelope_kennedy_200000482,0000000000000000000000004c3880cb70617469656e74323030303030343832,patient
patient_riley_richards_200000483,0000000000000000000000004c3880cc70617469656e74323030303030343833,patient
patient_aurora_sanchez_200000484,0000000000000000000000004c3880cd70617469656e74323030303030343834,patient
patient_stephen_black_200000485,0000000000000000000000004c3880ce70617469656e74323030303030343835,patient
patient_lynn_parker_200000486,0000000000000000000000004c3880cf70617469656e74323030303030343836,patient
patient_ryder_hart_200000487,0000000000000000000000004c3880d070617469656e74323030303030343837,patient
patient_kylie_williamson_200000488,0000000000000000000000004c3880d170617469656e74323030303030343838,patient
patient_gregory_porter_200000489,0000000000000000000000004c3880d270617469656e74323030303030343839,patient
patient_sebastian_ray_200000490,0000000000000000000000004c3880e870617469656e74323030303030343930,patient
patient_mark_cooper_200000491,0000000000000000000000004c3880e970617469656e74323030303030343931,patient
patient_landon_crawford_200000492,0000000000000000000000004c3880ea70617469656e74323030303030343932,patient
patient_jude_torres_200000493,0000000000000000000000004c3880eb70617469656e74323030303030343933,patient
patient_hunter_alvarez_200000494,0000000000000000000000004c3880ec70617469656e74323030303030343934,patient
patient_geraldine_garcia_200000495,0000000000000000000000004c3880ed70617469656e74323030303030343935,patient
patient_olivia_ramos_200000496,0000000000000000000000004c3880ee70617469656e74323030303030343936,patient
patient_leslie_hanson_200000497,0000000000000000000000004c3880ef70617469656e74323030303030343937,patient
patient_sara_gonzales_200000498,0000000000000000000000004c3880f070617469656e74323030303030343938,patient
patient_russell_diaz_200000499,0000000000000000000000004c3880f170617469656e74323030303030343939,patient
patient_rowan_dixon_200000500,0000000000000000000000004c38839270617469656e74323030303030353030,patient
patient_natalia_garza_200000501,0000000000000000000000004c38839370617469656e74323030303030353031,patient
patient_ellie_richardson_200000502,0000000000000000000000004c38839470617469656e74323030303030353032,patient
patient_allison_hamilton_200000503,0000000000000000000000004c38839570617469656e74323030303030353033,patient
patient_jesse_morales_200000504,0000000000000000000000004c38839670617469656e74323030303030353034,patient
patient_oliver_wheeler_200000505,0000000000000000000000004c38839770617469656e74323030303030353035,patient
patient_courtney_williams_200000506,0000000000000000000000004c38839870617469656e74323030303030353036,patient
patient_paige_murphy_200000507,0000000000000000000000004c38839970617469656e74323030303030353037,patient
patient_christian_fox_200000508,0000000000000000000000004c38839a70617469656e74323030303030353038,patient
patient_walter_jackson_200000509,0000000000000000000000004c38839b70617469656e74323030303030353039,patient
patient_carl_carr_200000510,0000000000000000000000004c3883b170617469656e74323030303030353130,patient
patient_theresa_kim_200000511,0000000000000000000000004c3883b270617469656e74323030303030353131,patient
patient_regina_gutierrez_200000512,0000000000000000000000004c3883b370617469656e74323030303030353132,patient
patient_hannah_burke_200000513,0000000000000000000000004c3883b470617469656e74323030303030353133,patient
patient_lawrence_warren_200000514,0000000000000000000000004c3883b570617469656e74323030303030353134,patient
patient_gabriella_adams_200000515,0000000000000000000000004c3883b670617469656e74323030303030353135,patient
patient_joanne_perkins_200000516,0000000000000000000000004c3883b770617469656e74323030303030353136,patient
patient_josiah_patterson_200000517,0000000000000000000000004c3883b870617469656e74323030303030353137,patient
patient_david_butler_200000518,0000000000000000000000004c3883b970617469656e74323030303030353138,patient
patient_ava_guzman_200000519,0000000000000000000000004c3883ba70617469656e74323030303030353139,patient
patient_austin_ward_200000520,0000000000000000000000004c3883d070617469656e74323030303030353230,patient
patient_emilia_carter_200000521,0000000000000000000000004c3883d170617469656e74323030303030353231,patient
patient_linda_weaver_200000522,0000000000000000000000004c3883d270617469656e74323030303030353232,patient
patient_tammy_brown_200000523,0000000000000000000000004c3883d370617469656e74323030303030353233,patient
patient_stacy_lee_200000524,0000000000000000000000004c3883d470617469656e74323030303030353234,patient
patient_lydia_gordon_200000525,0000000000000000000000004c3883d570617469656e74323030303030353235,patient
patient_victor_king_200000526,0000000000000000000000004c3883d670617469656e74323030303030353236,patient
patient_cooper_wood_200000527,0000000000000000000000004c3883d770617469656e74323030303030353237,patient
patient_doris_knight_200000528,0000000000000000000000004c3883d870617469656e74323030303030353238,patient
patient_dean_lawson_200000529,0000000000000000000000004c3883d970617469656e74323030303030353239,patient
patient_melanie_hunter_200000530,0000000000000000000000004c3883ef70617469656e74323030303030353330,patient
patient_everett_romero_200000531,0000000000000000000000004c3883f070617469656e74323030303030353331,patient
patient_rita_espinoza_200000532,0000000000000000000000004c3883f170617469656e74323030303030353332,patient
patient_frank_hale_200000533,0000000000000000000000004c3883f270617469656e74323030303030353333,patient
patient_abigail_valdez_200000534,0000000000000000000000004c3883f370617469656e74323030303030353334,patient
patient_connor_fernandez_200000535,0000000000000000000000004c3883f470617469656e74323030303030353335,patient
patient_lillian_henderson_200000536,0000000000000000000000004c3883f570617469656e74323030303030353336,patient
patient_ryan_o'brien_200000537,0000000000000000000000004c3883f670617469656e74323030303030353337,patient
patient_gage_vazquez_200000538,0000000000000000000000004c3883f770617469656e74323030303030353338,patient
patient_kyle_palmer_200000539,0000000000000000000000004c3883f870617469656e74323030303030353339,patient
patient_jackson_anderson_200000540,0000000000000000000000004c38840e70617469656e74323030303030353430,patient
patient_noah_clark_200000541,0000000000000000000000004c38840f70617469656e74323030303030353431,patient
patient_jonathan_ellis_200000542,0000000000000000000000004c38841070617469656e74323030303030353432,patient
patient_barbara_nelson_200000543,0000000000000000000000004c38841170617469656e74323030303030353433,patient
patient_jordan_marshall_200000544,0000000000000000000000004c38841270617469656e74323030303030353434,patient
patient_timothy_elliott_200000545,0000000000000000000000004c38841370617469656e74323030303030353435,patient
patient_harrison_shaw_200000546,0000000000000000000000004c38841470617469656e74323030303030353436,patient
patient_gladys_newman_200000547,0000000000000000000000004c38841570617469656e74323030303030353437,patient
patient_sharon_dominguez_200000548,0000000000000000000000004c38841670617469656e74323030303030353438,patient
patient_philip_simmons_200000549,0000000000000000000000004c38841770617469656e74323030303030353439,patient
patient_emily_reed_200000550,0000000000000000000000004c38842d70617469656e74323030303030353530,patient
patient_joe_lane_200000551,0000000000000000000000004c38842e70617469656e74323030303030353531,patient
patient_kimberly_herrera_200000552,0000000000000000000000004c38842f70617469656e74323030303030353532,patient
patient_crystal_mccoy_200000553,0000000000000000000000004c38843070617469656e74323030303030353533,patient
patient_carrie_ortega_200000554,0000000000000000000000004c38843170617469656e74323030303030353534,patient
patient_jasper_stewart_200000555,0000000000000000000000004c38843270617469656e74323030303030353535,patient
patient_kelly_mcdonald_200000556,0000000000000000000000004c38843370617469656e74323030303030353536,patient
patient_kenneth_taylor_200000557,0000000000000000000000004c38843470617469656e74323030303030353537,patient
patient_hudson_soto_200000558,0000000000000000000000004c38843570617469656e74323030303030353538,patient
patient_christopher_santiago_200000559,0000000000000000000000004c38843670617469656e74323030303030353539,patient
patient_leah_carlson_200000560,0000000000000000000000004c38844c70617469656e74323030303030353630,patient
patient_heather_moreno_200000561,0000000000000000000000004c38844d70617469656e74323030303030353631,patient
patient_brayden_matthews_200000562,0000000000000000000000004c38844e70617469656e74323030303030353632,patient
patient_lincoln_freeman_200000563,0000000000000000000000004c38844f70617469656e74323030303030353633,patient
patient_ruby_nunez_200000564,0000000000000000000000004c38845070617469656e74323030303030353634,patient
patient_madison_sullivan_200000565,0000000000000000000000004c38845170617469656e74323030303030353635,patient
patient_monica_grant_200000566,0000000000000000000000004c38845270617469656e74323030303030353636,patient
patient_blake_hill_200000567,0000000000000000000000004c38845370617469656e74323030303030353637,patient
patient_brooke_snyder_200000568,0000000000000000000000004c38845470617469656e74323030303030353638,patient
patient_kingston_jacobs_200000569,0000000000000000000000004c38845570617469656e74323030303030353639,patient
patient_sophia_bradley_200000570,0000000000000000000000004c38846b70617469656e74323030303030353730,patient
patient_cameron_turner_200000571,0000000000000000000000004c38846c70617469656e74323030303030353731,patient
patient_richard_cole_200000572,0000000000000000000000004c38846d70617469656e74323030303030353732,patient
patient_brianna_fisher_200000573,0000000000000000000000004c38846e70617469656e74323030303030353733,patient
patient_aiden_murray_200000574,0000000000000000000000004c38846f70617469656e74323030303030353734,patient
patient_jack_harper_200000575,0000000000000000000000004c38847070617469656e74323030303030353735,patient
patient_audrey_watkins_200000576,0000000000000000000000004c38847170617469656e74323030303030353736,patient
patient_dominic_montgomery_200000577,0000000000000000000000004c38847270617469656e74323030303030353737,patient
patient_wanda_munoz_200000578,0000000000000000000000004c38847370617469656e74323030303030353738,patient
patient_erica_edwards_200000579,0000000000000000000000004c38847470617469656e74323030303030353739,patient
patient_daniel_brooks_200000580,0000000000000000000000004c38848a70617469656e74323030303030353830,patient
patient_jose_boyd_200000581,0000000000000000000000004c38848b70617469656e74323030303030353831,patient
patient_tristan_simpson_200000582,0000000000000000000000004c38848c70617469656e74323030303030353832,patient
patient_hugo_rivera_200000583,0000000000000000000000004c38848d70617469656e74323030303030353833,patient
patient_sawyer_sanchez_200000584,0000000000000000000000004c38848e70617469656e74323030303030353834,patient
patient_cheryl_parker_200000585,0000000000000000000000004c38848f70617469656e74323030303030353835,patient
patient_veronica_estrada_200000586,0000000000000000000000004c38849070617469656e74323030303030353836,patient
patient_teresa_johnston_200000587,0000000000000000000000004c38849170617469656e74323030303030353837,patient
patient_alexa_gordon_200000588,0000000000000000000000004c38849270617469656e74323030303030353838,patient
patient_elijah_moore_200000589,0000000000000000000000004c38849370617469656e74323030303030353839,patient
patient_nathan_hill_200000590,0000000000000000000000004c3884a970617469656e74323030303030353930,patient
patient_sheryl_vazquez_200000591,0000000000000000000000004c3884aa70617469656e74323030303030353931,patient
patient_ruby_wright_200000592,0000000000000000000000004c3884ab70617469656e74323030303030353932,patient
patient_jaxon_vasquez_200000593,0000000000000000000000004c3884ac70617469656e74323030303030353933,patient
patient_theodore_palmer_200000594,0000000000000000000000004c3884ad70617469656e74323030303030353934,patient
patient_max_gonzales_200000595,0000000000000000000000004c3884ae70617469656e74323030303030353935,patient
patient_maverick_rice_200000596,0000000000000000000000004c3884af70617469656e74323030303030353936,patient
patient_brandon_diaz_200000597,0000000000000000000000004c3884b070617469656e74323030303030353937,patient
patient_samuel_sutton_200000598,0000000000000000000000004c3884b170617469656e74323030303030353938,patient
patient_janet_ryan_200000599,0000000000000000000000004c3884b270617469656e74323030303030353939,patient
patient_preston_santiago_200000600,0000000000000000000000004c38875370617469656e74323030303030363030,patient
patient_ronald_kelly_200000601,0000000000000000000000004c38875470617469656e74323030303030363031,patient
patient_declan_gardner_200000602,0000000000000000000000004c38875570617469656e74323030303030363032,patient
patient_roger_garza_200000603,0000000000000000000000004c38875670617469656e74323030303030363033,patient
patient_natalie_andrews_200000604,0000000000000000000000004c38875770617469656e74323030303030363034,patient
patient_eva_hayes_200000605,0000000000000000000000004c38875870617469656e74323030303030363035,patient
patient_makayla_allen_200000606,0000000000000000000000004c38875970617469656e74323030303030363036,patient
patient_terry_young_200000607,0000000000000000000000004c38875a70617469656e74323030303030363037,patient
patient_micah_grant_200000608,0000000000000000000000004c38875b70617469656e74323030303030363038,patient
patient_george_harvey_200000609,0000000000000000000000004c38875c70617469656e74323030303030363039,patient
patient_eric_jacobs_200000610,0000000000000000000000004c38877270617469656e74323030303030363130,patient
patient_madison_dunn_200000611,0000000000000000000000004c38877370617469656e74323030303030363131,patient
patient_kaiden_powell_200000612,0000000000000000000000004c38877470617469656e74323030303030363132,patient
patient_mason_taylor_200000613,0000000000000000000000004c38877570617469656e74323030303030363133,patient
patient_henry_chambers_200000614,0000000000000000000000004c38877670617469656e74323030303030363134,patient
patient_alan_fisher_200000615,0000000000000000000000004c38877770617469656e74323030303030363135,patient
patient_diana_burke_200000616,0000000000000000000000004c38877870617469656e74323030303030363136,patient
patient_alice_wheeler_200000617,0000000000000000000000004c38877970617469656e74323030303030363137,patient
patient_serenity_nunez_200000618,0000000000000000000000004c38877a70617469656e74323030303030363138,patient
patient_paula_gomez_200000619,0000000000000000000000004c38877b70617469656e74323030303030363139,patient
patient_stella_ortiz_200000620,0000000000000000000000004c38879170617469656e74323030303030363230,patient
patient_scott_evans_200000621,0000000000000000000000004c38879270617469656e74323030303030363231,patient
patient_easton_carter_200000622,0000000000000000000000004c38879370617469656e74323030303030363232,patient
patient_maxwell_guerrero_200000623,0000000000000000000000004c38879470617469656e74323030303030363233,patient
patient_geraldine_meyer_200000624,0000000000000000000000004c38879570617469656e74323030303030363234,patient
patient_jocelyn_murray_200000625,0000000000000000000000004c38879670617469656e74323030303030363235,patient
patient_connie_kennedy_200000626,0000000000000000000000004c38879770617469656e74323030303030363236,patient
patient_tucker_figueroa_200000627,0000000000000000000000004c38879870617469656e74323030303030363237,patient
patient_ashley_dominguez_200000628,0000000000000000000000004c38879970617469656e74323030303030363238,patient
patient_savannah_herrera_200000629,0000000000000000000000004c38879a70617469656e74323030303030363239,patient
patient_ellie_henderson_200000630,0000000000000000000000004c3887b070617469656e74323030303030363330,patient
patient_riley_lee_200000631,0000000000000000000000004c3887b170617469656e74323030303030363331,patient
patient_faith_clark_200000632,0000000000000000000000004c3887b270617469656e74323030303030363332,patient
patient_mia_carlson_200000633,0000000000000000000000004c3887b370617469656e74323030303030363333,patient
patient_kylie_parsons_200000634,0000000000000000000000004c3887b470617469656e74323030303030363334,patient
patient_caroline_carroll_200000635,0000000000000000000000004c3887b570617469656e74323030303030363335,patient
patient_felix_scott_200000636,0000000000000000000000004c3887b670617469656e74323030303030363336,patient
patient_brian_ruiz_200000637,0000000000000000000000004c3887b770617469656e74323030303030363337,patient
patient_elizabeth_hanson_200000638,0000000000000000000000004c3887b870617469656e74323030303030363338,patient
patient_katherine_weaver_200000639,0000000000000000000000004c3887b970617469656e74323030303030363339,patient
patient_milo_roberts_200000640,0000000000000000000000004c3887cf70617469656e74323030303030363430,patient
patient_edward_rivera_200000641,0000000000000000000000004c3887d070617469656e74323030303030363431,patient
patient_river_dean_200000642,0000000000000000000000004c3887d170617469656e74323030303030363432,patient
patient_taylor_henry_200000643,0000000000000000000000004c3887d270617469656e74323030303030363433,patient
patient_edna_guzman_200000644,0000000000000000000000004c3887d370617469656e74323030303030363434,patient
patient_irene_phillips_200000645,0000000000000000000000004c3887d470617469656e74323030303030363435,patient
patient_vivian_ortega_200000646,0000000000000000000000004c3887d570617469656e74323030303030363436,patient
patient_ella_chen_200000647,0000000000000000000000004c3887d670617469656e74323030303030363437,patient
patient_john_olson_200000648,0000000000000000000000004c3887d770617469656e74323030303030363438,patient
patient_juan_pena_200000649,0000000000000000000000004c3887d870617469656e74323030303030363439,patient
patient_jeffrey_morris_200000650,0000000000000000000000004c3887ee70617469656e74323030303030363530,patient
patient_griffin_kim_200000651,0000000000000000000000004c3887ef70617469656e74323030303030363531,patient
patient_oscar_maldonado_200000652,0000000000000000000000004c3887f070617469656e74323030303030363532,patient
patient_aurora_reed_200000653,0000000000000000000000004c3887f170617469656e74323030303030363533,patient
patient_spencer_hunter_200000654,0000000000000000000000004c3887f270617469656e74323030303030363534,patient
patient_raymond_wallace_200000655,0000000000000000000000004c3887f370617469656e74323030303030363535,patient
patient_patrick_martinez_200000656,0000000000000000000000004c3887f470617469656e74323030303030363536,patient
patient_randy_rodriguez_200000657,0000000000000000000000004c3887f570617469656e74323030303030363537,patient
patient_ellen_hale_200000658,0000000000000000000000004c3887f670617469656e74323030303030363538,patient
patient_rose_stone_200000659,0000000000000000000000004c3887f770617469656e74323030303030363539,patient
patient_lisa_cruz_200000660,0000000000000000000000004c38880d70617469656e74323030303030363630,patient
patient_lucille_mason_200000661,0000000000000000000000004c38880e70617469656e74323030303030363631,patient
patient_jerry_perkins_200000662,0000000000000000000000004c38880f70617469656e74323030303030363632,patient
patient_asher_wagner_200000663,0000000000000000000000004c38881070617469656e74323030303030363633,patient
patient_isabelle_lawson_200000664,0000000000000000000000004c38881170617469656e74323030303030363634,patient
patient_mary_torres_200000665,0000000000000000000000004c38881270617469656e74323030303030363635,patient
patient_wayne_moreno_200000666,0000000000000000000000004c38881370617469656e74323030303030363636,patient
patient_adrian_pierce_200000667,0000000000000000000000004c38881470617469656e74323030303030363637,patient
patient_roy_watson_200000668,0000000000000000000000004c38881570617469656e74323030303030363638,patient
patient_bradley_nichols_200000669,0000000000000000000000004c38881670617469656e74323030303030363639,patient
patient_abigail_rogers_200000670,0000000000000000000000004c38882c70617469656e74323030303030363730,patient
patient_arthur_walker_200000671,0000000000000000000000004c38882d70617469656e74323030303030363731,patient
patient_lauren_peterson_200000672,0000000000000000000000004c38882e70617469656e74323030303030363732,patient
patient_pauline_carpenter_200000673,0000000000000000000000004c38882f70617469656e74323030303030363733,patient
patient_annie_sims_200000674,0000000000000000000000004c38883070617469656e74323030303030363734,patient
patient_bentley_williams_200000675,0000000000000000000000004c38883170617469656e74323030303030363735,patient
patient_marcus_george_200000676,0000000000000000000000004c38883270617469656e74323030303030363736,patient
patient_calvin_salazar_200000677,0000000000000000000000004c38883370617469656e74323030303030363737,patient
patient_emmett_mendoza_200000678,0000000000000000000000004c38883470617469656e74323030303030363738,patient
patient_owen_ward_200000679,0000000000000000000000004c38883570617469656e74323030303030363739,patient
patient_beckett_gray_200000680,0000000000000000000000004c38884b70617469656e74323030303030363830,patient
patient_nicholas_black_200000681,0000000000000000000000004c38884c70617469656e74323030303030363831,patient
patient_gabriel_singh_200000682,0000000000000000000000004c38884d70617469656e74323030303030363832,patient
patient_eliana_valdez_200000683,0000000000000000000000004c38884e70617469656e74323030303030363833,patient
patient_logan_ross_200000684,0000000000000000000000004c38884f70617469656e74323030303030363834,patient
patient_brooke_hughes_200000685,0000000000000000000000004c38885070617469656e74323030303030363835,patient
patient_erica_howell_200000686,0000000000000000000000004c38885170617469656e74323030303030363836,patient
patient_lincoln_ferguson_200000687,0000000000000000000000004c38885270617469656e74323030303030363837,patient
patient_gary_jackson_200000688,0000000000000000000000004c38885370617469656e74323030303030363838,patient
patient_lydia_simmons_200000689,0000000000000000000000004c38885470617469656e74323030303030363839,patient
patient_colton_watkins_200000690,0000000000000000000000004c38886a70617469656e74323030303030363930,patient
patient_deborah_zimmerman_200000691,0000000000000000000000004c38886b70617469656e74323030303030363931,patient
patient_gianna_thompson_200000692,0000000000000000000000004c38886c70617469656e74323030303030363932,patient
patient_ralph_o'brien_200000693,0000000000000000000000004c38886d70617469656e74323030303030363933,patient
patient_norma_delgado_200000694,0000000000000000000000004c38886e70617469656e74323030303030363934,patient
patient_nora_howard_200000695,0000000000000000000000004c38886f70617469656e74323030303030363935,patient
patient_greyson_shaw_200000696,0000000000000000000000004c38887070617469656e74323030303030363936,patient
patient_josephine_harris_200000697,0000000000000000000000004c38887170617469656e74323030303030363937,patient
patient_monica_patterson_200000698,0000000000000000000000004c38887270617469656e74323030303030363938,patient
patient_wendy_gutierrez_200000699,0000000000000000000000004c38887370617469656e74323030303030363939,patient
patient_caleb_daniels_200000700,0000000000000000000000004c388b1470617469656e74323030303030373030,patient
patient_jonah_schmidt_200000701,0000000000000000000000004c388b1570617469656e74323030303030373031,patient
patient_ann_manning_200000702,0000000000000000000000004c388b1670617469656e74323030303030373032,patient
patient_sean_jordan_200000703,0000000000000000000000004c388b1770617469656e74323030303030373033,patient
patient_peyton_hernandez_200000704,0000000000000000000000004c388b1870617469656e74323030303030373034,patient
patient_michael_james_200000705,0000000000000000000000004c388b1970617469656e74323030303030373035,patient
patient_willie_stewart_200000706,0000000000000000000000004c388b1a70617469656e74323030303030373036,patient
patient_carol_richardson_200000707,0000000000000000000000004c388b1b70617469656e74323030303030373037,patient
patient_sophia_reyes_200000708,0000000000000000000000004c388b1c70617469656e74323030303030373038,patient
patient_bryson_austin_200000709,0000000000000000000000004c388b1d70617469656e74323030303030373039,patient
patient_bonnie_butler_200000710,0000000000000000000000004c388b3370617469656e74323030303030373130,patient
patient_josephine_vargas_200000711,0000000000000000000000004c388b3470617469656e74323030303030373131,patient
patient_matthew_hunt_200000712,0000000000000000000000004c388b3570617469656e74323030303030373132,patient
patient_piper_ray_200000713,0000000000000000000000004c388b3670617469656e74323030303030373133,patient
patient_kevin_stephens_200000714,0000000000000000000000004c388b3770617469656e74323030303030373134,patient
patient_jessica_lewis_200000715,0000000000000000000000004c388b3870617469656e74323030303030373135,patient
patient_charles_lawrence_200000716,0000000000000000000000004c388b3970617469656e74323030303030373136,patient
patient_brooklyn_bishop_200000717,0000000000000000000000004c388b3a70617469656e74323030303030373137,patient
patient_eugene_holmes_200000718,0000000000000000000000004c388b3b70617469656e74323030303030373138,patient
patient_paisley_price_200000719,0000000000000000000000004c388b3c70617469656e74323030303030373139,patient
patient_ian_berry_200000720,0000000000000000000000004c388b5270617469656e74323030303030373230,patient
patient_charlotte_tucker_200000721,0000000000000000000000004c388b5370617469656e74323030303030373231,patient
patient_jamie_lopez_200000722,0000000000000000000000004c388b5470617469656e74323030303030373232,patient
patient_summer_miller_200000723,0000000000000000000000004c388b5570617469656e74323030303030373233,patient
patient_steven_foster_200000724,0000000000000000000000004c388b5670617469656e74323030303030373234,patient
patient_wesley_knight_200000725,0000000000000000000000004c388b5770617469656e74323030303030373235,patient
patient_aaron_bradley_200000726,0000000000000000000000004c388b5870617469656e74323030303030373236,patient
patient_carter_campbell_200000727,0000000000000000000000004c388b5970617469656e74323030303030373237,patient
patient_jayden_perry_200000728,0000000000000000000000004c388b5a70617469656e74323030303030373238,patient
patient_dennis_simpson_200000729,0000000000000000000000004c388b5b70617469656e74323030303030373239,patient
patient_kathleen_duncan_200000730,0000000000000000000000004c388b7170617469656e74323030303030373330,patient
patient_anthony_ellis_200000731,0000000000000000000000004c388b7270617469656e74323030303030373331,patient
patient_larry_green_200000732,0000000000000000000000004c388b7370617469656e74323030303030373332,patient
patient_kayla_mccoy_200000733,0000000000000000000000004c388b7470617469656e74323030303030373333,patient
patient_melanie_le_200000734,0000000000000000000000004c388b7570617469656e74323030303030373334,patient
patient_danielle_harper_200000735,0000000000000000000000004c388b7670617469656e74323030303030373335,patient
patient_janice_garcia_200000736,0000000000000000000000004c388b7770617469656e74323030303030373336,patient
patient_gerald_mendez_200000737,0000000000000000000000004c388b7870617469656e74323030303030373337,patient
patient_peter_smith_200000738,0000000000000000000000004c388b7970617469656e74323030303030373338,patient
patient_florence_franklin_200000739,0000000000000000000000004c388b7a70617469656e74323030303030373339,patient
patient_joshua_adams_200000740,0000000000000000000000004c388b9070617469656e74323030303030373430,patient
patient_ariana_munoz_200000741,0000000000000000000000004c388b9170617469656e74323030303030373431,patient
patient_lucas_ramos_200000742,0000000000000000000000004c388b9270617469656e74323030303030373432,patient
patient_ryker_ford_200000743,0000000000000000000000004c388b9370617469656e74323030303030373433,patient
patient_ruby_edwards_200000744,0000000000000000000000004c388b9470617469656e74323030303030373434,patient
patient_brody_silva_200000745,0000000000000000000000004c388b9570617469656e74323030303030373435,patient
patient_jacqueline_castro_200000746,0000000000000000000000004c388b9670617469656e74323030303030373436,patient
patient_wesley_lynch_200000747,0000000000000000000000004c388b9770617469656e74323030303030373437,patient
patient_luke_washington_200000748,0000000000000000000000004c388b9870617469656e74323030303030373438,patient
patient_tiffany_richards_200000749,0000000000000000000000004c388b9970617469656e74323030303030373439,patient
patient_sara_patel_200000750,0000000000000000000000004c388baf70617469656e74323030303030373530,patient
patient_aria_fox_200000751,0000000000000000000000004c388bb070617469656e74323030303030373531,patient
patient_eli_martin_200000752,0000000000000000000000004c388bb170617469656e74323030303030373532,patient
patient_valentina_long_200000753,0000000000000000000000004c388bb270617469656e74323030303030373533,patient
patient_courtney_larson_200000754,0000000000000000000000004c388bb370617469656e74323030303030373534,patient
patient_parker_boyd_200000755,0000000000000000000000004c388bb470617469656e74323030303030373535,patient
patient_gavin_turner_200000756,0000000000000000000000004c388bb570617469656e74323030303030373536,patient
patient_betty_greene_200000757,0000000000000000000000004c388bb670617469656e74323030303030373537,patient
patient_johnny_hawkins_200000758,0000000000000000000000004c388bb770617469656e74323030303030373538,patient
patient_louis_wong_200000759,0000000000000000000000004c388bb870617469656e74323030303030373539,patient
patient_bruce_lane_200000760,0000000000000000000000004c388bce70617469656e74323030303030373630,patient
patient_addison_barnes_200000761,0000000000000000000000004c388bcf70617469656e74323030303030373631,patient
patient_lynn_murphy_200000762,0000000000000000000000004c388bd070617469656e74323030303030373632,patient
patient_adalynn_elliott_200000763,0000000000000000000000004c388bd170617469656e74323030303030373633,patient
patient_crystal_alvarado_200000764,0000000000000000000000004c388bd270617469656e74323030303030373634,patient
patient_judy_alexander_200000765,0000000000000000000000004c388bd370617469656e74323030303030373635,patient
patient_weston_santos_200000766,0000000000000000000000004c388bd470617469656e74323030303030373636,patient
patient_ashton_carr_200000767,0000000000000000000000004c388bd570617469656e74323030303030373637,patient
patient_hayden_gonzalez_200000768,0000000000000000000000004c388bd670617469656e74323030303030373638,patient
patient_lois_west_200000769,0000000000000000000000004c388bd770617469656e74323030303030373639,patient
patient_tyler_french_200000770,0000000000000000000000004c388bed70617469656e74323030303030373730,patient
patient_kaitlyn_griffin_200000771,0000000000000000000000004c388bee70617469656e74323030303030373731,patient
patient_nina_willis_200000772,0000000000000000000000004c388bef70617469656e74323030303030373732,patient
patient_theresa_jimenez_200000773,0000000000000000000000004c388bf070617469656e74323030303030373733,patient
patient_leo_bryant_200000774,0000000000000000000000004c388bf170617469656e74323030303030373734,patient
patient_evan_graham_200000775,0000000000000000000000004c388bf270617469656e74323030303030373735,patient
patient_emilia_myers_200000776,0000000000000000000000004c388bf370617469656e74323030303030373736,patient
patient_jenna_mitchell_200000777,0000000000000000000000004c388bf470617469656e74323030303030373737,patient
patient_gladys_dixon_200000778,0000000000000000000000004c388bf570617469656e74323030303030373738,patient
patient_rachel_cook_200000779,0000000000000000000000004c388bf670617469656e74323030303030373739,patient
patient_kinsley_montgomery_200000780,0000000000000000000000004c388c0c70617469656e74323030303030373830,patient
patient_violet_bailey_200000781,0000000000000000000000004c388c0d70617469656e74323030303030373831,patient
patient_hazel_contreras_200000782,0000000000000000000000004c388c0e70617469656e74323030303030373832,patient
patient_christina_white_200000783,0000000000000000000000004c388c0f70617469656e74323030303030373833,patient
patient_bethany_hudson_200000784,0000000000000000000000004c388c1070617469656e74323030303030373834,patient
patient_bryan_hicks_200000785,0000000000000000000000004c388c1170617469656e74323030303030373835,patient
patient_debra_li_200000786,0000000000000000000000004c388c1270617469656e74323030303030373836,patient
patient_benjamin_soto_200000787,0000000000000000000000004c388c1370617469656e74323030303030373837,patient
patient_morgan_williamson_200000788,0000000000000000000000004c388c1470617469656e74323030303030373838,patient
patient_gage_king_200000789,0000000000000000000000004c388c1570617469656e74323030303030373839,patient
patient_larry_stevens_200000790,0000000000000000000000004c388c2b70617469656e74323030303030373930,patient
patient_nolan_hamilton_200000791,0000000000000000000000004c388c2c70617469656e74323030303030373931,patient
patient_eleanor_robertson_200000792,0000000000000000000000004c388c2d70617469656e74323030303030373932,patient
patient_parker_kelley_200000793,0000000000000000000000004c388c2e70617469656e74323030303030373933,patient
patient_tina_jones_200000794,0000000000000000000000004c388c2f70617469656e74323030303030373934,patient
patient_madelyn_jenkins_200000795,0000000000000000000000004c388c3070617469656e74323030303030373935,patient
patient_megan_cunningham_200000796,0000000000000000000000004c388c3170617469656e74323030303030373936,patient
patient_peter_goodwin_200000797,0000000000000000000000004c388c3270617469656e74323030303030373937,patient
patient_leilani_matthews_200000798,0000000000000000000000004c388c3370617469656e74323030303030373938,patient
patient_bennett_rose_200000799,0000000000000000000000004c388c3470617469656e74323030303030373939,patient
patient_rita_robinson_200000800,0000000000000000000000004c388ed570617469656e74323030303030383030,patient
patient_luna_gilbert_200000801,0000000000000000000000004c388ed670617469656e74323030303030383031,patient
patient_zoe_hoffman_200000802,0000000000000000000000004c388ed770617469656e74323030303030383032,patient
patient_tyler_cox_200000803,0000000000000000000000004c388ed870617469656e74323030303030383033,patient
patient_doreen_hansen_200000804,0000000000000000000000004c388ed970617469656e74323030303030383034,patient
patient_hudson_riley_200000805,0000000000000000000000004c388eda70617469656e74323030303030383035,patient
patient_jasper_nelson_200000806,0000000000000000000000004c388edb70617469656e74323030303030383036,patient
patient_noah_webb_200000807,0000000000000000000000004c388edc70617469656e74323030303030383037,patient
patient_grayson_chapman_200000808,0000000000000000000000004c388edd70617469656e74323030303030383038,patient
patient_gavin_newman_200000809,0000000000000000000000004c388ede70617469656e74323030303030383039,patient
patient_john_espinoza_200000810,0000000000000000000000004c388ef470617469656e74323030303030383130,patient
patient_eugene_crawford_200000811,0000000000000000000000004c388ef570617469656e74323030303030383131,patient
patient_paige_arnold_200000812,0000000000000000000000004c388ef670617469656e74323030303030383132,patient
patient_nancy_brown_200000813,0000000000000000000000004c388ef770617469656e74323030303030383133,patient
patient_brenda_vega_200000814,0000000000000000000000004c388ef870617469656e74323030303030383134,patient
patient_jack_warren_200000815,0000000000000000000000004c388ef970617469656e74323030303030383135,patient
patient_marilyn_brooks_200000816,0000000000000000000000004c388efa70617469656e74323030303030383136,patient
patient_lucy_thomas_200000817,0000000000000000000000004c388efb70617469656e74323030303030383137,patient
patient_doris_burns_200000818,0000000000000000000000004c388efc70617469656e74323030303030383138,patient
patient_peggy_gibson_200000819,0000000000000000000000004c388efd70617469656e74323030303030383139,patient
patient_jude_castillo_200000820,0000000000000000000000004c388f1370617469656e74323030303030383230,patient
patient_max_sanders_200000821,0000000000000000000000004c388f1470617469656e74323030303030383231,patient
patient_roger_wood_200000822,0000000000000000000000004c388f1570617469656e74323030303030383232,patient
patient_amanda_bennett_200000823,0000000000000000000000004c388f1670617469656e74323030303030383233,patient
patient_wyatt_jensen_200000824,0000000000000000000000004c388f1770617469656e74323030303030383234,patient
patient_alice_wilson_200000825,0000000000000000000000004c388f1870617469656e74323030303030383235,patient
patient_audrey_romero_200000826,0000000000000000000000004c388f1970617469656e74323030303030383236,patient
patient_christian_woods_200000827,0000000000000000000000004c388f1a70617469656e74323030303030383237,patient
patient_becky_rios_200000828,0000000000000000000000004c388f1b70617469656e74323030303030383238,patient
patient_caleb_davis_200000829,0000000000000000000000004c388f1c70617469656e74323030303030383239,patient
patient_cassie_jacobs_200000830,0000000000000000000000004c388f3270617469656e74323030303030383330,patient
patient_andrew_morgan_200000831,0000000000000000000000004c388f3370617469656e74323030303030383331,patient
patient_sean_spencer_200000832,0000000000000000000000004c388f3470617469656e74323030303030383332,patient
patient_kimberly_fernandez_200000833,0000000000000000000000004c388f3570617469656e74323030303030383333,patient
patient_samuel_cole_200000834,0000000000000000000000004c388f3670617469656e74323030303030383334,patient
patient_mariah_reid_200000835,0000000000000000000000004c388f3770617469656e74323030303030383335,patient
patient_vincent_tran_200000836,0000000000000000000000004c388f3870617469656e74323030303030383336,patient
patient_isaac_romero_200000837,0000000000000000000000004c388f3970617469656e74323030303030383337,patient
patient_adam_hart_200000838,0000000000000000000000004c388f3a70617469656e74323030303030383338,patient
patient_jennifer_cooper_200000839,0000000000000000000000004c388f3b70617469656e74323030303030383339,patient
patient_kristin_oliver_200000840,0000000000000000000000004c388f5170617469656e74323030303030383430,patient
patient_jerry_armstrong_200000841,0000000000000000000000004c388f5270617469656e74323030303030383431,patient
patient_alexandra_marshall_200000842,0000000000000000000000004c388f5370617469656e74323030303030383432,patient
patient_penelope_porter_200000843,0000000000000000000000004c388f5470617469656e74323030303030383433,patient
patient_alexis_russell_200000844,0000000000000000000000004c388f5570617469656e74323030303030383434,patient
patient_erin_snyder_200000845,0000000000000000000000004c388f5670617469656e74323030303030383435,patient
patient_robert_anderson_200000846,0000000000000000000000004c388f5770617469656e74323030303030383436,patient
patient_gabriella_aguilar_200000847,0000000000000000000000004c388f5870617469656e74323030303030383437,patient
patient_alexander_morales_200000848,0000000000000000000000004c388f5970617469656e74323030303030383438,patient
patient_harold_medina_200000849,0000000000000000000000004c388f5a70617469656e74323030303030383439,patient
patient_joe_walsh_200000850,0000000000000000000000004c388f7070617469656e74323030303030383530,patient
patient_theodore_chavez_200000851,0000000000000000000000004c388f7170617469656e74323030303030383531,patient
patient_elaine_mcdonald_200000852,0000000000000000000000004c388f7270617469656e74323030303030383532,patient
patient_katelyn_alvarez_200000853,0000000000000000000000004c388f7370617469656e74323030303030383533,patient
patient_bradley_harrison_200000854,0000000000000000000000004c388f7470617469656e74323030303030383534,patient
patient_victoria_sullivan_200000855,0000000000000000000000004c388f7570617469656e74323030303030383535,patient
patient_micah_reynolds_200000856,0000000000000000000000004c388f7670617469656e74323030303030383536,patient
patient_skylar_collins_200000857,0000000000000000000000004c388f7770617469656e74323030303030383537,patient
patient_blake_perez_200000858,0000000000000000000000004c388f7870617469656e74323030303030383538,patient
patient_valerie_hernandes_200000859,0000000000000000000000004c388f7970617469656e74323030303030383539,patient
patient_cynthia_johnson_200000860,0000000000000000000000004c388f8f70617469656e74323030303030383630,patient
patient_albert_coleman_200000861,0000000000000000000000004c388f9070617469656e74323030303030383631,patient
patient_chloe_freeman_200000862,0000000000000000000000004c388f9170617469656e74323030303030383632,patient
patient_brittney_hall_200000863,0000000000000000000000004c388f9270617469656e74323030303030383633,patient
patient_walter_peters_200000864,0000000000000000000000004c388f9370617469656e74323030303030383634,patient
patient_emma_baker_200000865,0000000000000000000000004c388f9470617469656e74323030303030383635,patient
patient_emmett_mills_200000866,0000000000000000000000004c388f9570617469656e74323030303030383636,patient
patient_louise_wells_200000867,0000000000000000000000004c388f9670617469656e74323030303030383637,patient
patient_jackson_owens_200000868,0000000000000000000000004c388f9770617469656e74323030303030383638,patient
patient_quinn_ramirez_200000869,0000000000000000000000004c388f9870617469656e74323030303030383639,patient
patient_declan_sandoval_200000870,0000000000000000000000004c388fae70617469656e74323030303030383730,patient
patient_olivia_bell_200000871,0000000000000000000000004c388faf70617469656e74323030303030383731,patient
patient_liam_morrison_200000872,0000000000000000000000004c388fb070617469656e74323030303030383732,patient
patient_isabella_payne_200000873,0000000000000000000000004c388fb170617469656e74323030303030383733,patient
patient_kennedy_flores_200000874,0000000000000000000000004c388fb270617469656e74323030303030383734,patient
patient_griffin_nguyen_200000875,0000000000000000000000004c388fb370617469656e74323030303030383735,patient
patient_emily_bennett_200000876,0000000000000000000000004c388fb470617469656e74323030303030383736,patient
patient_lincoln_munoz_200000877,0000000000000000000000004c388fb570617469656e74323030303030383737,patient
patient_jesse_jones_200000878,0000000000000000000000004c388fb670617469656e74323030303030383738,patient
patient_cole_foster_200000879,0000000000000000000000004c388fb770617469656e74323030303030383739,patient
patient_daniel_diaz_200000880,0000000000000000000000004c388fcd70617469656e74323030303030383830,patient
patient_gloria_harper_200000881,0000000000000000000000004c388fce70617469656e74323030303030383831,patient
patient_maria_holmes_200000882,0000000000000000000000004c388fcf70617469656e74323030303030383832,patient
patient_brandon_hernandes_200000883,0000000000000000000000004c388fd070617469656e74323030303030383833,patient
patient_natalia_richards_200000884,0000000000000000000000004c388fd170617469656e74323030303030383834,patient
patient_oliver_mcdonald_200000885,0000000000000000000000004c388fd270617469656e74323030303030383835,patient
patient_judith_stone_200000886,0000000000000000000000004c388fd370617469656e74323030303030383836,patient
patient_asher_roberts_200000887,0000000000000000000000004c388fd470617469656e74323030303030383837,patient
patient_cheryl_hughes_200000888,0000000000000000000000004c388fd570617469656e74323030303030383838,patient
patient_scarlett_phillips_200000889,0000000000000000000000004c388fd670617469656e74323030303030383839,patient
patient_ryan_gray_200000890,0000000000000000000000004c388fec70617469656e74323030303030383930,patient
patient_bruce_santiago_200000891,0000000000000000000000004c388fed70617469656e74323030303030383931,patient
patient_jade_cooper_200000892,0000000000000000000000004c388fee70617469656e74323030303030383932,patient
patient_ian_manning_200000893,0000000000000000000000004c388fef70617469656e74323030303030383933,patient
patient_chelsea_rice_200000894,0000000000000000000000004c388ff070617469656e74323030303030383934,patient
patient_gail_alexander_200000895,0000000000000000000000004c388ff170617469656e74323030303030383935,patient
patient_maya_howell_200000896,0000000000000000000000004c388ff270617469656e74323030303030383936,patient
patient_catherine_flores_200000897,0000000000000000000000004c388ff370617469656e74323030303030383937,patient
patient_stephen_kelly_200000898,0000000000000000000000004c388ff470617469656e74323030303030383938,patient
patient_ethan_gutierrez_200000899,0000000000000000000000004c388ff570617469656e74323030303030383939,patient
patient_maxwell_ramos_200000900,0000000000000000000000004c38929670617469656e74323030303030393030,patient
patient_whitney_chavez_200000901,0000000000000000000000004c38929770617469656e74323030303030393031,patient
patient_donald_rose_200000902,0000000000000000000000004c38929870617469656e74323030303030393032,patient
patient_susan_ortiz_200000903,0000000000000000000000004c38929970617469656e74323030303030393033,patient
patient_molly_figueroa_200000904,0000000000000000000000004c38929a70617469656e74323030303030393034,patient
patient_milo_ray_200000905,0000000000000000000000004c38929b70617469656e74323030303030393035,patient
patient_beverly_gomez_200000906,0000000000000000000000004c38929c70617469656e74323030303030393036,patient
patient_wanda_green_200000907,0000000000000000000000004c38929d70617469656e74323030303030393037,patient
patient_kristen_freeman_200000908,0000000000000000000000004c38929e70617469656e74323030303030393038,patient
patient_ezekiel_scott_200000909,0000000000000000000000004c38929f70617469656e74323030303030393039,patient
patient_sebastian_jordan_200000910,0000000000000000000000004c3892b570617469656e74323030303030393130,patient
patient_cindy_clark_200000911,0000000000000000000000004c3892b670617469656e74323030303030393131,patient
patient_avery_ortega_200000912,0000000000000000000000004c3892b770617469656e74323030303030393132,patient
patient_ava_sanchez_200000913,0000000000000000000000004c3892b870617469656e74323030303030393133,patient
patient_joseph_miller_200000914,0000000000000000000000004c3892b970617469656e74323030303030393134,patient
patient_james_hunter_200000915,0000000000000000000000004c3892ba70617469656e74323030303030393135,patient
patient_frank_brown_200000916,0000000000000000000000004c3892bb70617469656e74323030303030393136,patient
patient_jordan_hall_200000917,0000000000000000000000004c3892bc70617469656e74323030303030393137,patient
patient_martha_soto_200000918,0000000000000000000000004c3892bd70617469656e74323030303030393138,patient
patient_jaxon_carr_200000919,0000000000000000000000004c3892be70617469656e74323030303030393139,patient
patient_joyce_fisher_200000920,0000000000000000000000004c3892d470617469656e74323030303030393230,patient
patient_rhonda_romero_200000921,0000000000000000000000004c3892d570617469656e74323030303030393231,patient
patient_marie_hernandez_200000922,0000000000000000000000004c3892d670617469656e74323030303030393232,patient
patient_maverick_patel_200000923,0000000000000000000000004c3892d770617469656e74323030303030393233,patient
patient_jasmine_adams_200000924,0000000000000000000000004c3892d870617469656e74323030303030393234,patient
patient_calvin_young_200000925,0000000000000000000000004c3892d970617469656e74323030303030393235,patient
patient_weston_goodwin_200000926,0000000000000000000000004c3892da70617469656e74323030303030393236,patient
patient_esther_lynch_200000927,0000000000000000000000004c3892db70617469656e74323030303030393237,patient
patient_lillian_maldonado_200000928,0000000000000000000000004c3892dc70617469656e74323030303030393238,patient
patient_autumn_lane_200000929,0000000000000000000000004c3892dd70617469656e74323030303030393239,patient
patient_arianna_reynolds_200000930,0000000000000000000000004c3892f370617469656e74323030303030393330,patient
patient_bryson_stephens_200000931,0000000000000000000000004c3892f470617469656e74323030303030393331,patient
patient_stacy_anderson_200000932,0000000000000000000000004c3892f570617469656e74323030303030393332,patient
patient_sandra_powell_200000933,0000000000000000000000004c3892f670617469656e74323030303030393333,patient
patient_adrian_fox_200000934,0000000000000000000000004c3892f770617469656e74323030303030393334,patient
patient_melissa_wong_200000935,0000000000000000000000004c3892f870617469656e74323030303030393335,patient
patient_bella_chen_200000936,0000000000000000000000004c3892f970617469656e74323030303030393336,patient
patient_brody_myers_200000937,0000000000000000000000004c3892fa70617469656e74323030303030393337,patient
patient_hunter_walker_200000938,0000000000000000000000004c3892fb70617469656e74323030303030393338,patient
patient_greyson_west_200000939,0000000000000000000000004c3892fc70617469656e74323030303030393339,patient
patient_spencer_bradley_200000940,0000000000000000000000004c38931270617469656e74323030303030393430,patient
patient_george_perkins_200000941,0000000000000000000000004c38931370617469656e74323030303030393431,patient
patient_matthew_guzman_200000942,0000000000000000000000004c38931470617469656e74323030303030393432,patient
patient_anita_murray_200000943,0000000000000000000000004c38931570617469656e74323030303030393433,patient
patient_owen_bryant_200000944,0000000000000000000000004c38931670617469656e74323030303030393434,patient
patient_ivy_vasquez_200000945,0000000000000000000000004c38931770617469656e74323030303030393435,patient
patient_barbara_cunningham_200000946,0000000000000000000000004c38931870617469656e74323030303030393436,patient
patient_eric_payne_200000947,0000000000000000000000004c38931970617469656e74323030303030393437,patient
patient_joan_castillo_200000948,0000000000000000000000004c38931a70617469656e74323030303030393438,patient
patient_carolyn_medina_200000949,0000000000000000000000004c38931b70617469656e74323030303030393439,patient
patient_russell_duncan_200000950,0000000000000000000000004c38933170617469656e74323030303030393530,patient
patient_katie_vazquez_200000951,0000000000000000000000004c38933270617469656e74323030303030393531,patient
patient_lincoln_bishop_200000952,0000000000000000000000004c38933370617469656e74323030303030393532,patient
patient_lucas_hudson_200000953,0000000000000000000000004c38933470617469656e74323030303030393533,patient
patient_donna_dixon_200000954,0000000000000000000000004c38933570617469656e74323030303030393534,patient
patient_everett_peters_200000955,0000000000000000000000004c38933670617469656e74323030303030393535,patient
patient_ashton_watson_200000956,0000000000000000000000004c38933770617469656e74323030303030393536,patient
patient_philip_castro_200000957,0000000000000000000000004c38933870617469656e74323030303030393537,patient
patient_raymond_ryan_200000958,0000000000000000000000004c38933970617469656e74323030303030393538,patient
patient_layla_hill_200000959,0000000000000000000000004c38933a70617469656e74323030303030393539,patient
patient_april_dominguez_200000960,0000000000000000000000004c38935070617469656e74323030303030393630,patient
patient_andrea_shaw_200000961,0000000000000000000000004c38935170617469656e74323030303030393631,patient
patient_victor_cook_200000962,0000000000000000000000004c38935270617469656e74323030303030393632,patient
patient_virginia_stevens_200000963,0000000000000000000000004c38935370617469656e74323030303030393633,patient
patient_charles_morgan_200000964,0000000000000000000000004c38935470617469656e74323030303030393634,patient
patient_amy_campbell_200000965,0000000000000000000000004c38935570617469656e74323030303030393635,patient
patient_kingston_li_200000966,0000000000000000000000004c38935670617469656e74323030303030393636,patient
patient_louis_turner_200000967,0000000000000000000000004c38935770617469656e74323030303030393637,patient
patient_sofia_lawson_200000968,0000000000000000000000004c38935870617469656e74323030303030393638,patient
patient_helen_guerrero_200000969,0000000000000000000000004c38935970617469656e74323030303030393639,patient
patient_dylan_lee_200000970,0000000000000000000000004c38936f70617469656e74323030303030393730,patient
patient_aiden_warren_200000971,0000000000000000000000004c38937070617469656e74323030303030393731,patient
patient_marcus_hart_200000972,0000000000000000000000004c38937170617469656e74323030303030393732,patient
patient_elijah_king_200000973,0000000000000000000000004c38937270617469656e74323030303030393733,patient
patient_bobby_daniels_200000974,0000000000000000000000004c38937370617469656e74323030303030393734,patient
patient_eli_morales_200000975,0000000000000000000000004c38937470617469656e74323030303030393735,patient
patient_jayden_george_200000976,0000000000000000000000004c38937570617469656e74323030303030393736,patient
patient_josiah_schmidt_200000977,0000000000000000000000004c38937670617469656e74323030303030393737,patient
patient_carter_ross_200000978,0000000000000000000000004c38937770617469656e74323030303030393738,patient
patient_heather_cole_200000979,0000000000000000000000004c38937870617469656e74323030303030393739,patient
patient_diane_morrison_200000980,0000000000000000000000004c38938e70617469656e74323030303030393830,patient
patient_beckett_jackson_200000981,0000000000000000000000004c38938f70617469656e74323030303030393831,patient
patient_joanne_chapman_200000982,0000000000000000000000004c38939070617469656e74323030303030393832,patient
patient_emery_pierce_200000983,0000000000000000000000004c38939170617469656e74323030303030393833,patient
patient_jose_elliott_200000984,0000000000000000000000004c38939270617469656e74323030303030393834,patient
patient_allison_williams_200000985,0000000000000000000000004c38939370617469656e74323030303030393835,patient
patient_julie_parker_200000986,0000000000000000000000004c38939470617469656e74323030303030393836,patient
patient_lawrence_washington_200000987,0000000000000000000000004c38939570617469656e74323030303030393837,patient
patient_elliott_jimenez_200000988,0000000000000000000000004c38939670617469656e74323030303030393838,patient
patient_rosa_singh_200000989,0000000000000000000000004c38939770617469656e74323030303030393839,patient
patient_margaret_tran_200000990,0000000000000000000000004c3893ad70617469656e74323030303030393930,patient
patient_harper_gilbert_200000991,0000000000000000000000004c3893ae70617469656e74323030303030393931,patient
patient_leslie_rogers_200000992,0000000000000000000000004c3893af70617469656e74323030303030393932,patient
patient_christine_meyer_200000993,0000000000000000000000004c3893b070617469656e74323030303030393933,patient
patient_grace_dean_200000994,0000000000000000000000004c3893b170617469656e74323030303030393934,patient
patient_kaiden_ward_200000995,0000000000000000000000004c3893b270617469656e74323030303030393935,patient
patient_carson_fernandez_200000996,0000000000000000000000004c3893b370617469656e74323030303030393936,patient
patient_bailey_barnes_200000997,0000000000000000000000004c3893b470617469656e74323030303030393937,patient
patient_karen_moreno_200000998,0000000000000000000000004c3893b570617469656e74323030303030393938,patient
patient_lori_black_200000999,0000000000000000000000004c3893b670617469656e74323030303030393939,patient
patient_tara_collins_200001000,0000000000000000000000004c38e52c70617469656e74323030303031303030,patient
patient_aaron_contreras_200001001,0000000000000000000000004c38e52d70617469656e74323030303031303031,patient
patient_roy_espinoza_200001002,0000000000000000000000004c38e52e70617469656e74323030303031303032,patient
patient_theo_russell_200001003,0000000000000000000000004c38e52f70617469656e74323030303031303033,patient
patient_joshua_mason_200001004,0000000000000000000000004c38e53070617469656e74323030303031303034,patient
patient_ruth_wagner_200001005,0000000000000000000000004c38e53170617469656e74323030303031303035,patient
patient_maddox_jacobs_200001006,0000000000000000000000004c38e53270617469656e74323030303031303036,patient
patient_tammy_mills_200001007,0000000000000000000000004c38e53370617469656e74323030303031303037,patient
patient_jeffrey_coleman_200001008,0000000000000000000000004c38e53470617469656e74323030303031303038,patient
patient_alyssa_moore_200001009,0000000000000000000000004c38e53570617469656e74323030303031303039,patient
patient_reagan_hanson_200001010,0000000000000000000000004c38e54b70617469656e74323030303031303130,patient
patient_thomas_kelley_200001011,0000000000000000000000004c38e54c70617469656e74323030303031303131,patient
patient_dana_riley_200001012,0000000000000000000000004c38e54d70617469656e74323030303031303132,patient
patient_mason_wood_200001013,0000000000000000000000004c38e54e70617469656e74323030303031303133,patient
patient_regina_mendez_200001014,0000000000000000000000004c38e54f70617469656e74323030303031303134,patient
patient_dorothy_franklin_200001015,0000000000000000000000004c38e55070617469656e74323030303031303135,patient
patient_hugo_baker_200001016,0000000000000000000000004c38e55170617469656e74323030303031303136,patient
patient_elena_brooks_200001017,0000000000000000000000004c38e55270617469656e74323030303031303137,patient
patient_evelyn_sandoval_200001018,0000000000000000000000004c38e55370617469656e74323030303031303138,patient
patient_mateo_oliver_200001019,0000000000000000000000004c38e55470617469656e74323030303031303139,patient
patient_georgia_long_200001020,0000000000000000000000004c38e56a70617469656e74323030303031303230,patient
patient_audrey_estrada_200001021,0000000000000000000000004c38e56b70617469656e74323030303031303231,patient
patient_roman_parsons_200001022,0000000000000000000000004c38e56c70617469656e74323030303031303232,patient
patient_dominic_harrison_200001023,0000000000000000000000004c38e56d70617469656e74323030303031303233,patient
patient_benjamin_pena_200001024,0000000000000000000000004c38e56e70617469656e74323030303031303234,patient
patient_thelma_simmons_200001025,0000000000000000000000004c38e56f70617469656e74323030303031303235,patient
patient_keith_wheeler_200001026,0000000000000000000000004c38e57070617469656e74323030303031303236,patient
patient_kenneth_peterson_200001027,0000000000000000000000004c38e57170617469656e74323030303031303237,patient
patient_julia_thompson_200001028,0000000000000000000000004c38e57270617469656e74323030303031303238,patient
patient_brandy_mccoy_200001029,0000000000000000000000004c38e57370617469656e74323030303031303239,patient
patient_harrison_cruz_200001030,0000000000000000000000004c38e58970617469656e74323030303031303330,patient
patient_sharon_gibson_200001031,0000000000000000000000004c38e58a70617469656e74323030303031303331,patient
patient_jeremy_woods_200001032,0000000000000000000000004c38e58b70617469656e74323030303031303332,patient
patient_hazel_martin_200001033,0000000000000000000000004c38e58c70617469656e74323030303031303333,patient
patient_arthur_garcia_200001034,0000000000000000000000004c38e58d70617469656e74323030303031303334,patient
patient_michael_gonzales_200001035,0000000000000000000000004c38e58e70617469656e74323030303031303335,patient
patient_oscar_knight_200001036,0000000000000000000000004c38e58f70617469656e74323030303031303336,patient
patient_randy_lewis_200001037,0000000000000000000000004c38e59070617469656e74323030303031303337,patient
patient_mark_wilson_200001038,0000000000000000000000004c38e59170617469656e74323030303031303338,patient
patient_linda_price_200001039,0000000000000000000000004c38e59270617469656e74323030303031303339,patient
patient_nathan_owens_200001040,0000000000000000000000004c38e5a870617469656e74323030303031303430,patient
patient_preston_kim_200001041,0000000000000000000000004c38e5a970617469656e74323030303031303431,patient
patient_shirley_smith_200001042,0000000000000000000000004c38e5aa70617469656e74323030303031303432,patient
patient_kevin_simpson_200001043,0000000000000000000000004c38e5ab70617469656e74323030303031303433,patient
patient_sarah_wells_200001044,0000000000000000000000004c38e5ac70617469656e74323030303031303434,patient
patient_damian_morris_200001045,0000000000000000000000004c38e5ad70617469656e74323030303031303435,patient
patient_mildred_hamilton_200001046,0000000000000000000000004c38e5ae70617469656e74323030303031303436,patient
patient_rowan_watkins_200001047,0000000000000000000000004c38e5af70617469656e74323030303031303437,patient
patient_laurie_graham_200001048,0000000000000000000000004c38e5b070617469656e74323030303031303438,patient
patient_scott_lopez_200001049,0000000000000000000000004c38e5b170617469656e74323030303031303439,patient
patient_johnny_garza_200001050,0000000000000000000000004c38e5c770617469656e74323030303031303530,patient
patient_bryan_greene_200001051,0000000000000000000000004c38e5c870617469656e74323030303031303531,patient
patient_justin_ellis_200001052,0000000000000000000000004c38e5c970617469656e74323030303031303532,patient
patient_river_lawrence_200001053,0000000000000000000000004c38e5ca70617469656e74323030303031303533,patient
patient_billy_sullivan_200001054,0000000000000000000000004c38e5cb70617469656e74323030303031303534,patient
patient_leo_silva_200001055,0000000000000000000000004c38e5cc70617469656e74323030303031303535,patient
patient_naomi_butler_200001056,0000000000000000000000004c38e5cd70617469656e74323030303031303536,patient
patient_patrick_willis_200001057,0000000000000000000000004c38e5ce70617469656e74323030303031303537,patient
patient_carrie_vargas_200001058,0000000000000000000000004c38e5cf70617469656e74323030303031303538,patient
patient_luke_ferguson_200001059,0000000000000000000000004c38e5d070617469656e74323030303031303539,patient
patient_colton_davis_200001060,0000000000000000000000004c38e5e670617469656e74323030303031303630,patient
patient_nicole_rivera_200001061,0000000000000000000000004c38e5e770617469656e74323030303031303631,patient
patient_everly_johnston_200001062,0000000000000000000000004c38e5e870617469656e74323030303031303632,patient
patient_easton_gordon_200001063,0000000000000000000000004c38e5e970617469656e74323030303031303633,patient
patient_landon_perez_200001064,0000000000000000000000004c38e5ea70617469656e74323030303031303634,patient
patient_kelly_robinson_200001065,0000000000000000000000004c38e5eb70617469656e74323030303031303635,patient
patient_sydney_walsh_200001066,0000000000000000000000004c38e5ec70617469656e74323030303031303636,patient
patient_ezra_hicks_200001067,0000000000000000000000004c38e5ed70617469656e74323030303031303637,patient
patient_wesley_salazar_200001068,0000000000000000000000004c38e5ee70617469656e74323030303031303638,patient
patient_david_carpenter_200001069,0000000000000000000000004c38e5ef70617469656e74323030303031303639,patient
patient_alicia_o'brien_200001070,0000000000000000000000004c38e60570617469656e74323030303031303730,patient
patient_bentley_chambers_200001071,0000000000000000000000004c38e60670617469656e74323030303031303731,patient
patient_alan_mitchell_200001072,0000000000000000000000004c38e60770617469656e74323030303031303732,patient
patient_claire_cox_200001073,0000000000000000000000004c38e60870617469656e74323030303031303733,patient
patient_kelsey_romero_200001074,0000000000000000000000004c38e60970617469656e74323030303031303734,patient
patient_jacob_griffin_200001075,0000000000000000000000004c38e60a70617469656e74323030303031303735,patient
patient_angela_herrera_200001076,0000000000000000000000004c38e60b70617469656e74323030303031303736,patient
patient_wayne_berry_200001077,0000000000000000000000004c38e60c70617469656e74323030303031303737,patient
patient_chase_hale_200001078,0000000000000000000000004c38e60d70617469656e74323030303031303738,patient
patient_mackenzie_james_200001079,0000000000000000000000004c38e60e70617469656e74323030303031303739,patient
patient_logan_evans_200001080,0000000000000000000000004c38e62470617469656e74323030303031303830,patient
patient_leah_nelson_200001081,0000000000000000000000004c38e62570617469656e74323030303031303831,patient
patient_connor_snyder_200001082,0000000000000000000000004c38e62670617469656e74323030303031303832,patient
patient_wesley_marshall_200001083,0000000000000000000000004c38e62770617469656e74323030303031303833,patient
patient_gary_hansen_200001084,0000000000000000000000004c38e62870617469656e74323030303031303834,patient
patient_timothy_ford_200001085,0000000000000000000000004c38e62970617469656e74323030303031303835,patient
patient_jean_porter_200001086,0000000000000000000000004c38e62a70617469656e74323030303031303836,patient
patient_gabriel_henry_200001087,0000000000000000000000004c38e62b70617469656e74323030303031303837,patient
patient_brianna_crawford_200001088,0000000000000000000000004c38e62c70617469656e74323030303031303838,patient
patient_evan_dunn_200001089,0000000000000000000000004c38e62d70617469656e74323030303031303839,patient
patient_willow_french_200001090,0000000000000000000000004c38e64370617469656e74323030303031303930,patient
patient_vanessa_tucker_200001091,0000000000000000000000004c38e64470617469656e74323030303031303931,patient
patient_holly_edwards_200001092,0000000000000000000000004c38e64570617469656e74323030303031303932,patient
patient_lily_wright_200001093,0000000000000000000000004c38e64670617469656e74323030303031303933,patient
patient_emma_ruiz_200001094,0000000000000000000000004c38e64770617469656e74323030303031303934,patient
patient_lillian_arnold_200001095,0000000000000000000000004c38e64870617469656e74323030303031303935,patient
patient_trinity_newman_200001096,0000000000000000000000004c38e64970617469656e74323030303031303936,patient
patient_willie_armstrong_200001097,0000000000000000000000004c38e64a70617469656e74323030303031303937,patient
patient_kaden_zimmerman_200001098,0000000000000000000000004c38e64b70617469656e74323030303031303938,patient
patient_nicholas_jenkins_200001099,0000000000000000000000004c38e64c70617469656e74323030303031303939,patient
patient_gerald_olson_200001100,0000000000000000000000004c38e8ed70617469656e74323030303031313030,patient
patient_laura_nguyen_200001101,0000000000000000000000004c38e8ee70617469656e74323030303031313031,patient
patient_xavier_montgomery_200001102,0000000000000000000000004c38e8ef70617469656e74323030303031313032,patient
patient_stephanie_kennedy_200001103,0000000000000000000000004c38e8f070617469656e74323030303031313033,patient
patient_ralph_austin_200001104,0000000000000000000000004c38e8f170617469656e74323030303031313034,patient
patient_dawn_ramirez_200001105,0000000000000000000000004c38e8f270617469656e74323030303031313035,patient
patient_brayden_andrews_200001106,0000000000000000000000004c38e8f370617469656e74323030303031313036,patient
patient_juanita_williamson_200001107,0000000000000000000000004c38e8f470617469656e74323030303031313037,patient
patient_delilah_hayes_200001108,0000000000000000000000004c38e8f570617469656e74323030303031313038,patient
patient_gertrude_allen_200001109,0000000000000000000000004c38e8f670617469656e74323030303031313039,patient
patient_kathryn_grant_200001110,0000000000000000000000004c38e90c70617469656e74323030303031313130,patient
patient_dean_nichols_200001111,0000000000000000000000004c38e90d70617469656e74323030303031313131,patient
patient_edward_aguilar_200001112,0000000000000000000000004c38e90e70617469656e74323030303031313132,patient
patient_anthony_thomas_200001113,0000000000000000000000004c38e90f70617469656e74323030303031313133,patient
patient_frances_jensen_200001114,0000000000000000000000004c38e91070617469656e74323030303031313134,patient
patient_douglas_boyd_200001115,0000000000000000000000004c38e91170617469656e74323030303031313135,patient
patient_william_reid_200001116,0000000000000000000000004c38e91270617469656e74323030303031313136,patient
patient_zachary_sanders_200001117,0000000000000000000000004c38e91370617469656e74323030303031313137,patient
patient_paul_valdez_200001118,0000000000000000000000004c38e91470617469656e74323030303031313138,patient
patient_anna_alvarez_200001119,0000000000000000000000004c38e91570617469656e74323030303031313139,patient
patient_jill_gonzalez_200001120,0000000000000000000000004c38e92b70617469656e74323030303031313230,patient
patient_patricia_rios_200001121,0000000000000000000000004c38e92c70617469656e74323030303031313231,patient
patient_jonah_carter_200001122,0000000000000000000000004c38e92d70617469656e74323030303031313232,patient
patient_miles_murphy_200001123,0000000000000000000000004c38e92e70617469656e74323030303031313233,patient
patient_hannah_larson_200001124,0000000000000000000000004c38e92f70617469656e74323030303031313234,patient
patient_kyle_stewart_200001125,0000000000000000000000004c38e93070617469656e74323030303031313235,patient
patient_hailey_martinez_200001126,0000000000000000000000004c38e93170617469656e74323030303031313236,patient
patient_cassandra_rodriguez_200001127,0000000000000000000000004c38e93270617469656e74323030303031313237,patient
patient_denise_howard_200001128,0000000000000000000000004c38e93370617469656e74323030303031313238,patient
patient_tucker_perry_200001129,0000000000000000000000004c38e93470617469656e74323030303031313239,patient
patient_madeline_hoffman_200001130,0000000000000000000000004c38e94a70617469656e74323030303031313330,patient
patient_henry_taylor_200001131,0000000000000000000000004c38e94b70617469656e74323030303031313331,patient
patient_phyllis_burns_200001132,0000000000000000000000004c38e94c70617469656e74323030303031313332,patient
patient_cooper_santos_200001133,0000000000000000000000004c38e94d70617469656e74323030303031313333,patient
patient_meredith_le_200001134,0000000000000000000000004c38e94e70617469656e74323030303031313334,patient
patient_shannon_weaver_200001135,0000000000000000000000004c38e94f70617469656e74323030303031313335,patient
patient_destiny_johnson_200001136,0000000000000000000000004c38e95070617469656e74323030303031313336,patient
patient_michelle_patterson_200001137,0000000000000000000000004c38e95170617469656e74323030303031313337,patient
patient_carl_harvey_200001138,0000000000000000000000004c38e95270617469656e74323030303031313338,patient
patient_bernice_mendoza_200001139,0000000000000000000000004c38e95370617469656e74323030303031313339,patient
patient_amber_sims_200001140,0000000000000000000000004c38e96970617469656e74323030303031313430,patient
patient_silas_reyes_200001141,0000000000000000000000004c38e96a70617469656e74323030303031313431,patient
patient_brittany_hawkins_200001142,0000000000000000000000004c38e96b70617469656e74323030303031313432,patient
patient_oliver_matthews_200001143,0000000000000000000000004c38e96c70617469656e74323030303031313433,patient
patient_rebecca_webb_200001144,0000000000000000000000004c38e96d70617469656e74323030303031313434,patient
patient_jonathan_richardson_200001145,0000000000000000000000004c38e96e70617469656e74323030303031313435,patient
patient_pamela_bell_200001146,0000000000000000000000004c38e96f70617469656e74323030303031313436,patient
patient_cameron_burke_200001147,0000000000000000000000004c38e97070617469656e74323030303031313437,patient
patient_austin_spencer_200001148,0000000000000000000000004c38e97170617469656e74323030303031313438,patient
patient_samantha_wallace_200001149,0000000000000000000000004c38e97270617469656e74323030303031313439,patient
patient_adalynn_white_200001150,0000000000000000000000004c38e98870617469656e74323030303031313530,patient
patient_ryder_torres_200001151,0000000000000000000000004c38e98970617469656e74323030303031313531,patient
patient_sydney_delgado_200001152,0000000000000000000000004c38e98a70617469656e74323030303031313532,patient
patient_anna_palmer_200001153,0000000000000000000000004c38e98b70617469656e74323030303031313533,patient
patient_jace_sutton_200001154,0000000000000000000000004c38e98c70617469656e74323030303031313534,patient
patient_mary_jacobs_200001155,0000000000000000000000004c38e98d70617469656e74323030303031313535,patient
patient_jason_vega_200001156,0000000000000000000000004c38e98e70617469656e74323030303031313536,patient
patient_becky_reed_200001157,0000000000000000000000004c38e98f70617469656e74323030303031313537,patient
patient_dennis_alvarado_200001158,0000000000000000000000004c38e99070617469656e74323030303031313538,patient
patient_ryker_gardner_200001159,0000000000000000000000004c38e99170617469656e74323030303031313539,patient
patient_april_bailey_200001160,0000000000000000000000004c38e9a770617469656e74323030303031313630,patient
patient_bailey_carroll_200001161,0000000000000000000000004c38e9a870617469656e74323030303031313631,patient
patient_tristan_robertson_200001162,0000000000000000000000004c38e9a970617469656e74323030303031313632,patient
patient_terry_hunt_200001163,0000000000000000000000004c38e9aa70617469656e74323030303031313633,patient
patient_hazel_henderson_200001164,0000000000000000000000004c38e9ab70617469656e74323030303031313634,patient
patient_juan_carlson_200001165,0000000000000000000000004c38e9ac70617469656e74323030303031313635,patient
patient_alexandra_nunez_200001166,0000000000000000000000004c38e9ad70617469656e74323030303031313636,patient
patient_joan_harris_200001167,0000000000000000000000004c38e9ae70617469656e74323030303031313637,patient
patient_molly_diaz_200001168,0000000000000000000000004c38e9af70617469656e74323030303031313638,patient
patient_jill_greene_200001169,0000000000000000000000004c38e9b070617469656e74323030303031313639,patient
patient_madison_lawrence_200001170,0000000000000000000000004c38e9c670617469656e74323030303031313730,patient
patient_lori_herrera_200001171,0000000000000000000000004c38e9c770617469656e74323030303031313731,patient
patient_betty_sims_200001172,0000000000000000000000004c38e9c870617469656e74323030303031313732,patient
patient_lois_price_200001173,0000000000000000000000004c38e9c970617469656e74323030303031313733,patient
patient_chelsea_jacobs_200001174,0000000000000000000000004c38e9ca70617469656e74323030303031313734,patient
patient_richard_castro_200001175,0000000000000000000000004c38e9cb70617469656e74323030303031313735,patient
patient_ariana_nguyen_200001176,0000000000000000000000004c38e9cc70617469656e74323030303031313736,patient
patient_gregory_richardson_200001177,0000000000000000000000004c38e9cd70617469656e74323030303031313737,patient
patient_steven_vargas_200001178,0000000000000000000000004c38e9ce70617469656e74323030303031313738,patient
patient_ashley_hunt_200001179,0000000000000000000000004c38e9cf70617469656e74323030303031313739,patient
patient_paula_thomas_200001180,0000000000000000000000004c38e9e570617469656e74323030303031313830,patient
patient_destiny_cruz_200001181,0000000000000000000000004c38e9e670617469656e74323030303031313831,patient
patient_teresa_perkins_200001182,0000000000000000000000004c38e9e770617469656e74323030303031313832,patient
patient_lillian_ray_200001183,0000000000000000000000004c38e9e870617469656e74323030303031313833,patient
patient_erica_edwards_200001184,0000000000000000000000004c38e9e970617469656e74323030303031313834,patient
patient_penelope_green_200001185,0000000000000000000000004c38e9ea70617469656e74323030303031313835,patient
patient_brian_singh_200001186,0000000000000000000000004c38e9eb70617469656e74323030303031313836,patient
patient_christopher_nunez_200001187,0000000000000000000000004c38e9ec70617469656e74323030303031313837,patient
patient_axel_fox_200001188,0000000000000000000000004c38e9ed70617469656e74323030303031313838,patient
patient_geraldine_grant_200001189,0000000000000000000000004c38e9ee70617469656e74323030303031313839,patient
patient_marie_french_200001190,0000000000000000000000004c38ea0470617469656e74323030303031313930,patient
patient_levi_peterson_200001191,0000000000000000000000004c38ea0570617469656e74323030303031313931,patient
patient_ronald_woods_200001192,0000000000000000000000004c38ea0670617469656e74323030303031313932,patient
patient_jade_riley_200001193,0000000000000000000000004c38ea0770617469656e74323030303031313933,patient
patient_reagan_harrison_200001194,0000000000000000000000004c38ea0870617469656e74323030303031313934,patient
patient_hayden_jackson_200001195,0000000000000000000000004c38ea0970617469656e74323030303031313935,patient
patient_theresa_jensen_200001196,0000000000000000000000004c38ea0a70617469656e74323030303031313936,patient
patient_felix_vazquez_200001197,0000000000000000000000004c38ea0b70617469656e74323030303031313937,patient
patient_sawyer_olson_200001198,0000000000000000000000004c38ea0c70617469656e74323030303031313938,patient
patient_jennifer_ford_200001199,0000000000000000000000004c38ea0d70617469656e74323030303031313939,patient
patient_frances_chapman_200001200,0000000000000000000000004c38ecae70617469656e74323030303031323030,patient
patient_wesley_simpson_200001201,0000000000000000000000004c38ecaf70617469656e74323030303031323031,patient
patient_grayson_roberts_200001202,0000000000000000000000004c38ecb070617469656e74323030303031323032,patient
patient_parker_hughes_200001203,0000000000000000000000004c38ecb170617469656e74323030303031323033,patient
patient_arthur_shaw_200001204,0000000000000000000000004c38ecb270617469656e74323030303031323034,patient
patient_amy_vasquez_200001205,0000000000000000000000004c38ecb370617469656e74323030303031323035,patient
patient_jacqueline_bennett_200001206,0000000000000000000000004c38ecb470617469656e74323030303031323036,patient
patient_kenneth_simmons_200001207,0000000000000000000000004c38ecb570617469656e74323030303031323037,patient
patient_aiden_burke_200001208,0000000000000000000000004c38ecb670617469656e74323030303031323038,patient
patient_julie_murphy_200001209,0000000000000000000000004c38ecb770617469656e74323030303031323039,patient
patient_stella_black_200001210,0000000000000000000000004c38eccd70617469656e74323030303031323130,patient
patient_danielle_hernandez_200001211,0000000000000000000000004c38ecce70617469656e74323030303031323131,patient
patient_janet_valdez_200001212,0000000000000000000000004c38eccf70617469656e74323030303031323132,patient
patient_victoria_contreras_200001213,0000000000000000000000004c38ecd070617469656e74323030303031323133,patient
patient_josephine_hicks_200001214,0000000000000000000000004c38ecd170617469656e74323030303031323134,patient
patient_milo_mcdonald_200001215,0000000000000000000000004c38ecd270617469656e74323030303031323135,patient
patient_bruce_willis_200001216,0000000000000000000000004c38ecd370617469656e74323030303031323136,patient
patient_ethan_ortiz_200001217,0000000000000000000000004c38ecd470617469656e74323030303031323137,patient
patient_brayden_jenkins_200001218,0000000000000000000000004c38ecd570617469656e74323030303031323138,patient
patient_tina_bishop_200001219,0000000000000000000000004c38ecd670617469656e74323030303031323139,patient
patient_wendy_clark_200001220,0000000000000000000000004c38ecec70617469656e74323030303031323230,patient
patient_jace_chambers_200001221,0000000000000000000000004c38eced70617469656e74323030303031323231,patient
patient_sawyer_campbell_200001222,0000000000000000000000004c38ecee70617469656e74323030303031323232,patient
patient_carolyn_webb_200001223,0000000000000000000000004c38ecef70617469656e74323030303031323233,patient
patient_anthony_barnes_200001224,0000000000000000000000004c38ecf070617469656e74323030303031323234,patient
patient_connie_smith_200001225,0000000000000000000000004c38ecf170617469656e74323030303031323235,patient
patient_brooklyn_evans_200001226,0000000000000000000000004c38ecf270617469656e74323030303031323236,patient
patient_jeremy_long_200001227,0000000000000000000000004c38ecf370617469656e74323030303031323237,patient
patient_alexa_brown_200001228,0000000000000000000000004c38ecf470617469656e74323030303031323238,patient
patient_karen_porter_200001229,0000000000000000000000004c38ecf570617469656e74323030303031323239,patient
patient_katherine_guzman_200001230,0000000000000000000000004c38ed0b70617469656e74323030303031323330,patient
patient_philip_reyes_200001231,0000000000000000000000004c38ed0c70617469656e74323030303031323331,patient
patient_natalie_wood_200001232,0000000000000000000000004c38ed0d70617469656e74323030303031323332,patient
patient_river_austin_200001233,0000000000000000000000004c38ed0e70617469656e74323030303031323333,patient
patient_doreen_silva_200001234,0000000000000000000000004c38ed0f70617469656e74323030303031323334,patient
patient_elaine_cunningham_200001235,0000000000000000000000004c38ed1070617469656e74323030303031323335,patient
patient_axel_gordon_200001236,0000000000000000000000004c38ed1170617469656e74323030303031323336,patient
patient_cooper_peters_200001237,0000000000000000000000004c38ed1270617469656e74323030303031323337,patient
patient_florence_hernandes_200001238,0000000000000000000000004c38ed1370617469656e74323030303031323338,patient
patient_allison_turner_200001239,0000000000000000000000004c38ed1470617469656e74323030303031323339,patient
patient_ruby_sanchez_200001240,0000000000000000000000004c38ed2a70617469656e74323030303031323430,patient
patient_brittney_gardner_200001241,0000000000000000000000004c38ed2b70617469656e74323030303031323431,patient
patient_ruth_elliott_200001242,0000000000000000000000004c38ed2c70617469656e74323030303031323432,patient
patient_alexis_hoffman_200001243,0000000000000000000000004c38ed2d70617469656e74323030303031323433,patient
patient_bennett_carroll_200001244,0000000000000000000000004c38ed2e70617469656e74323030303031323434,patient
patient_jayden_delgado_200001245,0000000000000000000000004c38ed2f70617469656e74323030303031323435,patient
patient_edna_soto_200001246,0000000000000000000000004c38ed3070617469656e74323030303031323436,patient
patient_bobby_sullivan_200001247,0000000000000000000000004c38ed3170617469656e74323030303031323437,patient
patient_emery_marshall_200001248,0000000000000000000000004c38ed3270617469656e74323030303031323438,patient
patient_brody_wagner_200001249,0000000000000000000000004c38ed3370617469656e74323030303031323439,patient
patient_stacy_johnston_200001250,0000000000000000000000004c38ed4970617469656e74323030303031323530,patient
patient_diana_hamilton_200001251,0000000000000000000000004c38ed4a70617469656e74323030303031323531,patient
patient_roman_morales_200001252,0000000000000000000000004c38ed4b70617469656e74323030303031323532,patient
patient_adam_watkins_200001253,0000000000000000000000004c38ed4c70617469656e74323030303031323533,patient
patient_silas_cox_200001254,0000000000000000000000004c38ed4d70617469656e74323030303031323534,patient
patient_kathleen_hawkins_200001255,0000000000000000000000004c38ed4e70617469656e74323030303031323535,patient
patient_ashton_davis_200001256,0000000000000000000000004c38ed4f70617469656e74323030303031323536,patient
patient_jason_pena_200001257,0000000000000000000000004c38ed5070617469656e74323030303031323537,patient
patient_mariah_hansen_200001258,0000000000000000000000004c38ed5170617469656e74323030303031323538,patient
patient_beckett_andrews_200001259,0000000000000000000000004c38ed5270617469656e74323030303031323539,patient
patient_lucy_carpenter_200001260,0000000000000000000000004c38ed6870617469656e74323030303031323630,patient
patient_melanie_bryant_200001261,0000000000000000000000004c38ed6970617469656e74323030303031323631,patient
patient_maya_martin_200001262,0000000000000000000000004c38ed6a70617469656e74323030303031323632,patient
patient_donald_holmes_200001263,0000000000000000000000004c38ed6b70617469656e74323030303031323633,patient
patient_ella_bradley_200001264,0000000000000000000000004c38ed6c70617469656e74323030303031323634,patient
patient_skylar_king_200001265,0000000000000000000000004c38ed6d70617469656e74323030303031323635,patient
patient_spencer_mitchell_200001266,0000000000000000000000004c38ed6e70617469656e74323030303031323636,patient
patient_summer_baker_200001267,0000000000000000000000004c38ed6f70617469656e74323030303031323637,patient
patient_stephanie_foster_200001268,0000000000000000000000004c38ed7070617469656e74323030303031323638,patient
patient_zoe_nelson_200001269,0000000000000000000000004c38ed7170617469656e74323030303031323639,patient
patient_carl_adams_200001270,0000000000000000000000004c38ed8770617469656e74323030303031323730,patient
patient_whitney_pierce_200001271,0000000000000000000000004c38ed8870617469656e74323030303031323731,patient
patient_linda_george_200001272,0000000000000000000000004c38ed8970617469656e74323030303031323732,patient
patient_thomas_rice_200001273,0000000000000000000000004c38ed8a70617469656e74323030303031323733,patient
patient_judy_jordan_200001274,0000000000000000000000004c38ed8b70617469656e74323030303031323734,patient
patient_greyson_griffin_200001275,0000000000000000000000004c38ed8c70617469656e74323030303031323735,patient
patient_meredith_chavez_200001276,0000000000000000000000004c38ed8d70617469656e74323030303031323736,patient
patient_kelly_owens_200001277,0000000000000000000000004c38ed8e70617469656e74323030303031323737,patient
patient_rebecca_anderson_200001278,0000000000000000000000004c38ed8f70617469656e74323030303031323738,patient
patient_lucille_west_200001279,0000000000000000000000004c38ed9070617469656e74323030303031323739,patient
patient_declan_schmidt_200001280,0000000000000000000000004c38eda670617469656e74323030303031323830,patient
patient_scott_wong_200001281,0000000000000000000000004c38eda770617469656e74323030303031323831,patient
patient_henry_miller_200001282,0000000000000000000000004c38eda870617469656e74323030303031323832,patient
patient_raymond_cooper_200001283,0000000000000000000000004c38eda970617469656e74323030303031323833,patient
patient_monica_carlson_200001284,0000000000000000000000004c38edaa70617469656e74323030303031323834,patient
patient_alice_collins_200001285,0000000000000000000000004c38edab70617469656e74323030303031323835,patient
patient_hudson_maldonado_200001286,0000000000000000000000004c38edac70617469656e74323030303031323836,patient
patient_bryson_morgan_200001287,0000000000000000000000004c38edad70617469656e74323030303031323837,patient
patient_randy_moore_200001288,0000000000000000000000004c38edae70617469656e74323030303031323838,patient
patient_adrian_hill_200001289,0000000000000000000000004c38edaf70617469656e74323030303031323839,patient
patient_leo_tucker_200001290,0000000000000000000000004c38edc570617469656e74323030303031323930,patient
patient_patrick_gomez_200001291,0000000000000000000000004c38edc670617469656e74323030303031323931,patient
patient_eric_wright_200001292,0000000000000000000000004c38edc770617469656e74323030303031323932,patient
patient_xavier_ramos_200001293,0000000000000000000000004c38edc870617469656e74323030303031323933,patient
patient_hayden_ferguson_200001294,0000000000000000000000004c38edc970617469656e74323030303031323934,patient
patient_lillian_lane_200001295,0000000000000000000000004c38edca70617469656e74323030303031323935,patient
patient_ellie_gonzales_200001296,0000000000000000000000004c38edcb70617469656e74323030303031323936,patient
patient_emma_sutton_200001297,0000000000000000000000004c38edcc70617469656e74323030303031323937,patient
patient_holly_santiago_200001298,0000000000000000000000004c38edcd70617469656e74323030303031323938,patient
patient_mildred_rodriguez_200001299,0000000000000000000000004c38edce70617469656e74323030303031323939,patient
patient_pauline_harvey_200001300,0000000000000000000000004c38f06f70617469656e74323030303031333030,patient
patient_phyllis_henry_200001301,0000000000000000000000004c38f07070617469656e74323030303031333031,patient
patient_sara_li_200001302,0000000000000000000000004c38f07170617469656e74323030303031333032,patient
patient_ian_sanders_200001303,0000000000000000000000004c38f07270617469656e74323030303031333033,patient
patient_calvin_reed_200001304,0000000000000000000000004c38f07370617469656e74323030303031333034,patient
patient_savannah_stephens_200001305,0000000000000000000000004c38f07470617469656e74323030303031333035,patient
patient_cheryl_arnold_200001306,0000000000000000000000004c38f07570617469656e74323030303031333036,patient
patient_david_walsh_200001307,0000000000000000000000004c38f07670617469656e74323030303031333037,patient
patient_owen_fernandez_200001308,0000000000000000000000004c38f07770617469656e74323030303031333038,patient
patient_jasper_ryan_200001309,0000000000000000000000004c38f07870617469656e74323030303031333039,patient
patient_jesse_carr_200001310,0000000000000000000000004c38f08e70617469656e74323030303031333130,patient
patient_emilia_aguilar_200001311,0000000000000000000000004c38f08f70617469656e74323030303031333131,patient
patient_emma_franklin_200001312,0000000000000000000000004c38f09070617469656e74323030303031333132,patient
patient_louis_taylor_200001313,0000000000000000000000004c38f09170617469656e74323030303031333133,patient
patient_robert_gonzalez_200001314,0000000000000000000000004c38f09270617469656e74323030303031333134,patient
patient_paige_robertson_200001315,0000000000000000000000004c38f09370617469656e74323030303031333135,patient
patient_piper_murray_200001316,0000000000000000000000004c38f09470617469656e74323030303031333136,patient
patient_pamela_martinez_200001317,0000000000000000000000004c38f09570617469656e74323030303031333137,patient
patient_jude_hart_200001318,0000000000000000000000004c38f09670617469656e74323030303031333138,patient
patient_leilani_munoz_200001319,0000000000000000000000004c38f09770617469656e74323030303031333139,patient
patient_gianna_perez_200001320,0000000000000000000000004c38f0ad70617469656e74323030303031333230,patient
patient_colton_robinson_200001321,0000000000000000000000004c38f0ae70617469656e74323030303031333231,patient
patient_aria_wallace_200001322,0000000000000000000000004c38f0af70617469656e74323030303031333232,patient
patient_tyler_johnson_200001323,0000000000000000000000004c38f0b070617469656e74323030303031333233,patient
patient_carson_garza_200001324,0000000000000000000000004c38f0b170617469656e74323030303031333234,patient
patient_kelsey_perry_200001325,0000000000000000000000004c38f0b270617469656e74323030303031333235,patient
patient_miles_dunn_200001326,0000000000000000000000004c38f0b370617469656e74323030303031333236,patient
patient_bernice_ortega_200001327,0000000000000000000000004c38f0b470617469656e74323030303031333237,patient
patient_lisa_harris_200001328,0000000000000000000000004c38f0b570617469656e74323030303031333238,patient
patient_ralph_brooks_200001329,0000000000000000000000004c38f0b670617469656e74323030303031333239,patient
patient_morgan_white_200001330,0000000000000000000000004c38f0cc70617469656e74323030303031333330,patient
patient_lincoln_mendoza_200001331,0000000000000000000000004c38f0cd70617469656e74323030303031333331,patient
patient_mia_fisher_200001332,0000000000000000000000004c38f0ce70617469656e74323030303031333332,patient
patient_jonah_payne_200001333,0000000000000000000000004c38f0cf70617469656e74323030303031333333,patient
patient_charles_romero_200001334,0000000000000000000000004c38f0d070617469656e74323030303031333334,patient
patient_arianna_rivera_200001335,0000000000000000000000004c38f0d170617469656e74323030303031333335,patient
patient_maddox_sandoval_200001336,0000000000000000000000004c38f0d270617469656e74323030303031333336,patient
patient_gladys_powell_200001337,0000000000000000000000004c38f0d370617469656e74323030303031333337,patient
patient_natalia_santos_200001338,0000000000000000000000004c38f0d470617469656e74323030303031333338,patient
patient_brandy_weaver_200001339,0000000000000000000000004c38f0d570617469656e74323030303031333339,patient
patient_bella_espinoza_200001340,0000000000000000000000004c38f0eb70617469656e74323030303031333430,patient
patient_peyton_lawson_200001341,0000000000000000000000004c38f0ec70617469656e74323030303031333431,patient
patient_harper_phillips_200001342,0000000000000000000000004c38f0ed70617469656e74323030303031333432,patient
patient_andrew_alvarado_200001343,0000000000000000000000004c38f0ee70617469656e74323030303031333433,patient
patient_bonnie_stevens_200001344,0000000000000000000000004c38f0ef70617469656e74323030303031333434,patient
patient_erin_hayes_200001345,0000000000000000000000004c38f0f070617469656e74323030303031333435,patient
patient_juanita_hall_200001346,0000000000000000000000004c38f0f170617469656e74323030303031333436,patient
patient_rhonda_medina_200001347,0000000000000000000000004c38f0f270617469656e74323030303031333437,patient
patient_juan_gibson_200001348,0000000000000000000000004c38f0f370617469656e74323030303031333438,patient
patient_sebastian_knight_200001349,0000000000000000000000004c38f0f470617469656e74323030303031333439,patient
patient_lucas_morrison_200001350,0000000000000000000000004c38f10a70617469656e74323030303031333530,patient
patient_jacob_larson_200001351,0000000000000000000000004c38f10b70617469656e74323030303031333531,patient
patient_beverly_kelly_200001352,0000000000000000000000004c38f10c70617469656e74323030303031333532,patient
patient_doris_lewis_200001353,0000000000000000000000004c38f10d70617469656e74323030303031333533,patient
patient_norma_scott_200001354,0000000000000000000000004c38f10e70617469656e74323030303031333534,patient
patient_benjamin_jimenez_200001355,0000000000000000000000004c38f10f70617469656e74323030303031333535,patient
patient_faith_coleman_200001356,0000000000000000000000004c38f11070617469656e74323030303031333536,patient
patient_irene_gutierrez_200001357,0000000000000000000000004c38f11170617469656e74323030303031333537,patient
patient_isaac_warren_200001358,0000000000000000000000004c38f11270617469656e74323030303031333538,patient
patient_albert_richards_200001359,0000000000000000000000004c38f11370617469656e74323030303031333539,patient
patient_christopher_howard_200001360,0000000000000000000000004c38f12970617469656e74323030303031333630,patient
patient_brenda_howell_200001361,0000000000000000000000004c38f12a70617469656e74323030303031333631,patient
patient_amanda_mason_200001362,0000000000000000000000004c38f12b70617469656e74323030303031333632,patient
patient_joyce_parker_200001363,0000000000000000000000004c38f12c70617469656e74323030303031333633,patient
patient_michelle_vega_200001364,0000000000000000000000004c38f12d70617469656e74323030303031333634,patient
patient_michael_tran_200001365,0000000000000000000000004c38f12e70617469656e74323030303031333635,patient
patient_judith_lopez_200001366,0000000000000000000000004c38f12f70617469656e74323030303031333636,patient
patient_kingston_butler_200001367,0000000000000000000000004c38f13070617469656e74323030303031333637,patient
patient_tammy_alvarez_200001368,0000000000000000000000004c38f13170617469656e74323030303031333638,patient
patient_nina_romero_200001369,0000000000000000000000004c38f13270617469656e74323030303031333639,patient
patient_elena_castillo_200001370,0000000000000000000000004c38f14870617469656e74323030303031333730,patient
patient_quinn_torres_200001371,0000000000000000000000004c38f14970617469656e74323030303031333731,patient
patient_cassandra_flores_200001372,0000000000000000000000004c38f14a70617469656e74323030303031333732,patient
patient_dawn_duncan_200001373,0000000000000000000000004c38f14b70617469656e74323030303031333733,patient
patient_makayla_russell_200001374,0000000000000000000000004c38f14c70617469656e74323030303031333734,patient
patient_sean_newman_200001375,0000000000000000000000004c38f14d70617469656e74323030303031333735,patient
patient_tristan_thompson_200001376,0000000000000000000000004c38f14e70617469656e74323030303031333736,patient
patient_helen_rogers_200001377,0000000000000000000000004c38f14f70617469656e74323030303031333737,patient
patient_susan_guerrero_200001378,0000000000000000000000004c38f15070617469656e74323030303031333738,patient
patient_sandra_patterson_200001379,0000000000000000000000004c38f15170617469656e74323030303031333739,patient
patient_max_parsons_200001380,0000000000000000000000004c38f16770617469656e74323030303031333830,patient
patient_ellen_hanson_200001381,0000000000000000000000004c38f16870617469656e74323030303031333831,patient
patient_logan_morris_200001382,0000000000000000000000004c38f16970617469656e74323030303031333832,patient
patient_nancy_jones_200001383,0000000000000000000000004c38f16a70617469656e74323030303031333833,patient
patient_eliana_harper_200001384,0000000000000000000000004c38f16b70617469656e74323030303031333834,patient
patient_gabriella_hudson_200001385,0000000000000000000000004c38f16c70617469656e74323030303031333835,patient
patient_caroline_hale_200001386,0000000000000000000000004c38f16d70617469656e74323030303031333836,patient
patient_debra_williams_200001387,0000000000000000000000004c38f16e70617469656e74323030303031333837,patient
patient_noah_gilbert_200001388,0000000000000000000000004c38f16f70617469656e74323030303031333838,patient
patient_gail_patel_200001389,0000000000000000000000004c38f17070617469656e74323030303031333839,patient
patient_lynn_mills_200001390,0000000000000000000000004c38f18670617469656e74323030303031333930,patient
patient_rosa_dean_200001391,0000000000000000000000004c38f18770617469656e74323030303031333931,patient
patient_oliver_oliver_200001392,0000000000000000000000004c38f18870617469656e74323030303031333932,patient
patient_shirley_figueroa_200001393,0000000000000000000000004c38f18970617469656e74323030303031333933,patient
patient_abigail_mccoy_200001394,0000000000000000000000004c38f18a70617469656e74323030303031333934,patient
patient_kayla_chen_200001395,0000000000000000000000004c38f18b70617469656e74323030303031333935,patient
patient_katelyn_estrada_200001396,0000000000000000000000004c38f18c70617469656e74323030303031333936,patient
patient_kaden_ward_200001397,0000000000000000000000004c38f18d70617469656e74323030303031333937,patient
patient_levi_matthews_200001398,0000000000000000000000004c38f18e70617469656e74323030303031333938,patient
patient_regina_gray_200001399,0000000000000000000000004c38f18f70617469656e74323030303031333939,patient
patient_willie_alexander_200001400,0000000000000000000000004c38f43070617469656e74323030303031343030,patient
patient_harold_garcia_200001401,0000000000000000000000004c38f43170617469656e74323030303031343031,patient
patient_maverick_dixon_200001402,0000000000000000000000004c38f43270617469656e74323030303031343032,patient
patient_paul_cook_200001403,0000000000000000000000004c38f43370617469656e74323030303031343033,patient
patient_jean_kennedy_200001404,0000000000000000000000004c38f43470617469656e74323030303031343034,patient
patient_valerie_boyd_200001405,0000000000000000000000004c38f43570617469656e74323030303031343035,patient
patient_naomi_le_200001406,0000000000000000000000004c38f43670617469656e74323030303031343036,patient
patient_russell_lee_200001407,0000000000000000000000004c38f43770617469656e74323030303031343037,patient
patient_kennedy_rios_200001408,0000000000000000000000004c38f43870617469656e74323030303031343038,patient
patient_preston_salazar_200001409,0000000000000000000000004c38f43970617469656e74323030303031343039,patient
patient_jasmine_wheeler_200001410,0000000000000000000000004c38f44f70617469656e74323030303031343130,patient
patient_kaiden_daniels_200001411,0000000000000000000000004c38f45070617469656e74323030303031343131,patient
patient_hazel_jacobs_200001412,0000000000000000000000004c38f45170617469656e74323030303031343132,patient
patient_keith_wells_200001413,0000000000000000000000004c38f45270617469656e74323030303031343133,patient
patient_joe_bell_200001414,0000000000000000000000004c38f45370617469656e74323030303031343134,patient
patient_ezra_snyder_200001415,0000000000000000000000004c38f45470617469656e74323030303031343135,patient
patient_gertrude_bailey_200001416,0000000000000000000000004c38f45570617469656e74323030303031343136,patient
patient_wesley_armstrong_200001417,0000000000000000000000004c38f45670617469656e74323030303031343137,patient
patient_jonathan_kim_200001418,0000000000000000000000004c38f45770617469656e74323030303031343138,patient
patient_mason_ross_200001419,0000000000000000000000004c38f45870617469656e74323030303031343139,patient
patient_oliver_nichols_200001420,0000000000000000000000004c38f46e70617469656e74323030303031343230,patient
patient_dylan_young_200001421,0000000000000000000000004c38f46f70617469656e74323030303031343231,patient
patient_amber_ruiz_200001422,0000000000000000000000004c38f47070617469656e74323030303031343232,patient
patient_billy_berry_200001423,0000000000000000000000004c38f47170617469656e74323030303031343233,patient
patient_violet_hunter_200001424,0000000000000000000000004c38f47270617469656e74323030303031343234,patient
patient_trinity_myers_200001425,0000000000000000000000004c38f47370617469656e74323030303031343235,patient
patient_rowan_spencer_200001426,0000000000000000000000004c38f47470617469656e74323030303031343236,patient
patient_audrey_cole_200001427,0000000000000000000000004c38f47570617469656e74323030303031343237,patient
patient_gavin_moreno_200001428,0000000000000000000000004c38f47670617469656e74323030303031343238,patient
patient_janice_henderson_200001429,0000000000000000000000004c38f47770617469656e74323030303031343239,patient
patient_ezekiel_manning_200001430,0000000000000000000000004c38f48d70617469656e74323030303031343330,patient
patient_eva_kelley_200001431,0000000000000000000000004c38f48e70617469656e74323030303031343331,patient
patient_rita_wilson_200001432,0000000000000000000000004c38f48f70617469656e74323030303031343332,patient
patient_chase_mendez_200001433,0000000000000000000000004c38f49070617469656e74323030303031343333,patient
patient_alan_ellis_200001434,0000000000000000000000004c38f49170617469656e74323030303031343334,patient
patient_samantha_stone_200001435,0000000000000000000000004c38f49270617469656e74323030303031343335,patient
patient_stephen_stewart_200001436,0000000000000000000000004c38f49370617469656e74323030303031343336,patient
patient_evan_o'brien_200001437,0000000000000000000000004c38f49470617469656e74323030303031343337,patient
patient_crystal_palmer_200001438,0000000000000000000000004c38f49570617469656e74323030303031343338,patient
patient_luke_freeman_200001439,0000000000000000000000004c38f49670617469656e74323030303031343339,patient
patient_leslie_carter_200001440,0000000000000000000000004c38f4ac70617469656e74323030303031343430,patient
patient_easton_ramirez_200001441,0000000000000000000000004c38f4ad70617469656e74323030303031343431,patient
patient_wanda_goodwin_200001442,0000000000000000000000004c38f4ae70617469656e74323030303031343432,patient
patient_alice_watson_200001443,0000000000000000000000004c38f4af70617469656e74323030303031343433,patient
patient_martha_washington_200001444,0000000000000000000000004c38f4b070617469656e74323030303031343434,patient
patient_caleb_montgomery_200001445,0000000000000000000000004c38f4b170617469656e74323030303031343435,patient
patient_johnny_rose_200001446,0000000000000000000000004c38f4b270617469656e74323030303031343436,patient
patient_georgia_graham_200001447,0000000000000000000000004c38f4b370617469656e74323030303031343437,patient
patient_riley_williamson_200001448,0000000000000000000000004c38f4b470617469656e74323030303031343438,patient
patient_kristen_james_200001449,0000000000000000000000004c38f4b570617469656e74323030303031343439,patient
patient_marcus_lynch_200001450,0000000000000000000000004c38f4cb70617469656e74323030303031343530,patient
patient_gloria_crawford_200001451,0000000000000000000000004c38f4cc70617469656e74323030303031343531,patient
patient_jaxon_zimmerman_200001452,0000000000000000000000004c38f4cd70617469656e74323030303031343532,patient
patient_walter_reynolds_200001453,0000000000000000000000004c38f4ce70617469656e74323030303031343533,patient
patient_cole_walker_200001454,0000000000000000000000004c38f4cf70617469656e74323030303031343534,patient
patient_virginia_dominguez_200001455,0000000000000000000000004c38f4d070617469656e74323030303031343535,patient
patient_carrie_reid_200001456,0000000000000000000000004c38f4d170617469656e74323030303031343536,patient
patient_gage_meyer_200001457,0000000000000000000000004c38f4d270617469656e74323030303031343537,patient
patient_alyssa_allen_200001458,0000000000000000000000004c38f4d370617469656e74323030303031343538,patient
patient_hugo_burns_200001459,0000000000000000000000004c38f4d470617469656e74323030303031343539,patient
patient_rachel_burke_200001460,0000000000000000000000004c38f4ea70617469656e74323030303031343630,patient
patient_cassie_ramos_200001461,0000000000000000000000004c38f4eb70617469656e74323030303031343631,patient
patient_george_gibson_200001462,0000000000000000000000004c38f4ec70617469656e74323030303031343632,patient
patient_layla_gilbert_200001463,0000000000000000000000004c38f4ed70617469656e74323030303031343633,patient
patient_zachary_young_200001464,0000000000000000000000004c38f4ee70617469656e74323030303031343634,patient
patient_jordan_carlson_200001465,0000000000000000000000004c38f4ef70617469656e74323030303031343635,patient
patient_kinsley_french_200001466,0000000000000000000000004c38f4f070617469656e74323030303031343636,patient
patient_jeffrey_baker_200001467,0000000000000000000000004c38f4f170617469656e74323030303031343637,patient
patient_lauren_palmer_200001468,0000000000000000000000004c38f4f270617469656e74323030303031343638,patient
patient_mackenzie_hicks_200001469,0000000000000000000000004c38f4f370617469656e74323030303031343639,patient
patient_wyatt_knight_200001470,0000000000000000000000004c38f50970617469656e74323030303031343730,patient
patient_douglas_aguilar_200001471,0000000000000000000000004c38f50a70617469656e74323030303031343731,patient
patient_hunter_gordon_200001472,0000000000000000000000004c38f50b70617469656e74323030303031343732,patient
patient_bryan_carroll_200001473,0000000000000000000000004c38f50c70617469656e74323030303031343733,patient
patient_josephine_tran_200001474,0000000000000000000000004c38f50d70617469656e74323030303031343734,patient
patient_ivy_murphy_200001475,0000000000000000000000004c38f50e70617469656e74323030303031343735,patient
patient_william_campbell_200001476,0000000000000000000000004c38f50f70617469656e74323030303031343736,patient
patient_peter_black_200001477,0000000000000000000000004c38f51070617469656e74323030303031343737,patient
patient_ryder_carr_200001478,0000000000000000000000004c38f51170617469656e74323030303031343738,patient
patient_josiah_munoz_200001479,0000000000000000000000004c38f51270617469656e74323030303031343739,patient
patient_olivia_franklin_200001480,0000000000000000000000004c38f52870617469656e74323030303031343830,patient
patient_emmett_powell_200001481,0000000000000000000000004c38f52970617469656e74323030303031343831,patient
patient_austin_burns_200001482,0000000000000000000000004c38f52a70617469656e74323030303031343832,patient
patient_james_evans_200001483,0000000000000000000000004c38f52b70617469656e74323030303031343833,patient
patient_kevin_le_200001484,0000000000000000000000004c38f52c70617469656e74323030303031343834,patient
patient_jocelyn_gonzales_200001485,0000000000000000000000004c38f52d70617469656e74323030303031343835,patient
patient_harrison_figueroa_200001486,0000000000000000000000004c38f52e70617469656e74323030303031343836,patient
patient_sophia_dixon_200001487,0000000000000000000000004c38f52f70617469656e74323030303031343837,patient
patient_gregory_morris_200001488,0000000000000000000000004c38f53070617469656e74323030303031343838,patient
patient_brittany_lee_200001489,0000000000000000000000004c38f53170617469656e74323030303031343839,patient
patient_kristin_hale_200001490,0000000000000000000000004c38f54770617469656e74323030303031343930,patient
patient_micah_o'brien_200001491,0000000000000000000000004c38f54870617469656e74323030303031343931,patient
patient_megan_parsons_200001492,0000000000000000000000004c38f54970617469656e74323030303031343932,patient
patient_luna_shaw_200001493,0000000000000000000000004c38f54a70617469656e74323030303031343933,patient
patient_melissa_reyes_200001494,0000000000000000000000004c38f54b70617469656e74323030303031343934,patient
patient_bentley_stephens_200001495,0000000000000000000000004c38f54c70617469656e74323030303031343935,patient
patient_jack_ruiz_200001496,0000000000000000000000004c38f54d70617469656e74323030303031343936,patient
patient_deborah_graham_200001497,0000000000000000000000004c38f54e70617469656e74323030303031343937,patient
patient_sofia_harris_200001498,0000000000000000000000004c38f54f70617469656e74323030303031343938,patient
patient_brandon_snyder_200001499,0000000000000000000000004c38f55070617469656e74323030303031343939,patient
patient_frank_fox_200001500,0000000000000000000000004c38f7f170617469656e74323030303031353030,patient
patient_laura_green_200001501,0000000000000000000000004c38f7f270617469656e74323030303031353031,patient
patient_roy_roberts_200001502,0000000000000000000000004c38f7f370617469656e74323030303031353032,patient
patient_alexander_chavez_200001503,0000000000000000000000004c38f7f470617469656e74323030303031353033,patient
patient_liam_brown_200001504,0000000000000000000000004c38f7f570617469656e74323030303031353034,patient
patient_catherine_bishop_200001505,0000000000000000000000004c38f7f670617469656e74323030303031353035,patient
patient_kylie_webb_200001506,0000000000000000000000004c38f7f770617469656e74323030303031353036,patient
patient_john_wagner_200001507,0000000000000000000000004c38f7f870617469656e74323030303031353037,patient
patient_christian_garza_200001508,0000000000000000000000004c38f7f970617469656e74323030303031353038,patient
patient_victor_ramirez_200001509,0000000000000000000000004c38f7fa70617469656e74323030303031353039,patient
patient_elijah_cole_200001510,0000000000000000000000004c38f81070617469656e74323030303031353130,patient
patient_denise_dean_200001511,0000000000000000000000004c38f81170617469656e74323030303031353131,patient
patient_blake_berry_200001512,0000000000000000000000004c38f81270617469656e74323030303031353132,patient
patient_tara_allen_200001513,0000000000000000000000004c38f81370617469656e74323030303031353133,patient
patient_nathan_holmes_200001514,0000000000000000000000004c38f81470617469656e74323030303031353134,patient
patient_audrey_morales_200001515,0000000000000000000000004c38f81570617469656e74323030303031353135,patient
patient_sheryl_stone_200001516,0000000000000000000000004c38f81670617469656e74323030303031353136,patient
patient_louise_jacobs_200001517,0000000000000000000000004c38f81770617469656e74323030303031353137,patient
patient_steven_cook_200001518,0000000000000000000000004c38f81870617469656e74323030303031353138,patient
patient_nora_fisher_200001519,0000000000000000000000004c38f81970617469656e74323030303031353139,patient
patient_timothy_castro_200001520,0000000000000000000000004c38f82f70617469656e74323030303031353230,patient
patient_joshua_hudson_200001521,0000000000000000000000004c38f83070617469656e74323030303031353231,patient
patient_felix_vargas_200001522,0000000000000000000000004c38f83170617469656e74323030303031353232,patient
patient_madeline_walker_200001523,0000000000000000000000004c38f83270617469656e74323030303031353233,patient
patient_paisley_rios_200001524,0000000000000000000000004c38f83370617469656e74323030303031353234,patient
patient_richard_payne_200001525,0000000000000000000000004c38f83470617469656e74323030303031353235,patient
patient_isabelle_cox_200001526,0000000000000000000000004c38f83570617469656e74323030303031353236,patient
patient_elliott_hanson_200001527,0000000000000000000000004c38f83670617469656e74323030303031353237,patient
patient_katie_wallace_200001528,0000000000000000000000004c38f83770617469656e74323030303031353238,patient
patient_dominic_romero_200001529,0000000000000000000000004c38f83870617469656e74323030303031353239,patient
patient_diane_richards_200001530,0000000000000000000000004c38f84e70617469656e74323030303031353330,patient
patient_weston_lynch_200001531,0000000000000000000000004c38f84f70617469656e74323030303031353331,patient
patient_ruby_west_200001532,0000000000000000000000004c38f85070617469656e74323030303031353332,patient
patient_lily_woods_200001533,0000000000000000000000004c38f85170617469656e74323030303031353333,patient
patient_tiffany_mcdonald_200001534,0000000000000000000000004c38f85270617469656e74323030303031353334,patient
patient_hailey_kim_200001535,0000000000000000000000004c38f85370617469656e74323030303031353335,patient
patient_laurie_hamilton_200001536,0000000000000000000000004c38f85470617469656e74323030303031353336,patient
patient_kimberly_willis_200001537,0000000000000000000000004c38f85570617469656e74323030303031353337,patient
patient_willow_valdez_200001538,0000000000000000000000004c38f85670617469656e74323030303031353338,patient
patient_evelyn_james_200001539,0000000000000000000000004c38f85770617469656e74323030303031353339,patient
patient_theodore_santos_200001540,0000000000000000000000004c38f86d70617469656e74323030303031353430,patient
patient_cynthia_nelson_200001541,0000000000000000000000004c38f86e70617469656e74323030303031353431,patient
patient_maxwell_jenkins_200001542,0000000000000000000000004c38f86f70617469656e74323030303031353432,patient
patient_nolan_diaz_200001543,0000000000000000000000004c38f87070617469656e74323030303031353433,patient
patient_thelma_andrews_200001544,0000000000000000000000004c38f87170617469656e74323030303031353434,patient
patient_dana_freeman_200001545,0000000000000000000000004c38f87270617469656e74323030303031353435,patient
patient_brooke_collins_200001546,0000000000000000000000004c38f87370617469656e74323030303031353436,patient
patient_serenity_chambers_200001547,0000000000000000000000004c38f87470617469656e74323030303031353437,patient
patient_jose_edwards_200001548,0000000000000000000000004c38f87570617469656e74323030303031353438,patient
patient_courtney_alvarado_200001549,0000000000000000000000004c38f87670617469656e74323030303031353439,patient
patient_mark_romero_200001550,0000000000000000000000004c38f88c70617469656e74323030303031353530,patient
patient_alicia_martinez_200001551,0000000000000000000000004c38f88d70617469656e74323030303031353531,patient
patient_jackson_duncan_200001552,0000000000000000000000004c38f88e70617469656e74323030303031353532,patient
patient_terry_butler_200001553,0000000000000000000000004c38f88f70617469656e74323030303031353533,patient
patient_bradley_bell_200001554,0000000000000000000000004c38f89070617469656e74323030303031353534,patient
patient_matthew_ellis_200001555,0000000000000000000000004c38f89170617469656e74323030303031353535,patient
patient_tucker_warren_200001556,0000000000000000000000004c38f89270617469656e74323030303031353536,patient
patient_annie_price_200001557,0000000000000000000000004c38f89370617469656e74323030303031353537,patient
patient_carter_matthews_200001558,0000000000000000000000004c38f89470617469656e74323030303031353538,patient
patient_damian_hart_200001559,0000000000000000000000004c38f89570617469656e74323030303031353539,patient
patient_andrea_sandoval_200001560,0000000000000000000000004c38f8ab70617469656e74323030303031353630,patient
patient_leah_chapman_200001561,0000000000000000000000004c38f8ac70617469656e74323030303031353631,patient
patient_landon_morrison_200001562,0000000000000000000000004c38f8ad70617469656e74323030303031353632,patient
patient_oscar_newman_200001563,0000000000000000000000004c38f8ae70617469656e74323030303031353633,patient
patient_ryan_salazar_200001564,0000000000000000000000004c38f8af70617469656e74323030303031353634,patient
patient_esther_simmons_200001565,0000000000000000000000004c38f8b070617469656e74323030303031353635,patient
patient_kyle_moore_200001566,0000000000000000000000004c38f8b170617469656e74323030303031353636,patient
patient_roger_ortiz_200001567,0000000000000000000000004c38f8b270617469656e74323030303031353637,patient
patient_ronald_walsh_200001568,0000000000000000000000004c38f8b370617469656e74323030303031353638,patient
patient_joseph_jackson_200001569,0000000000000000000000004c38f8b470617469656e74323030303031353639,patient
patient_christina_grant_200001570,0000000000000000000000004c38f8ca70617469656e74323030303031353730,patient
patient_elizabeth_maldonado_200001571,0000000000000000000000004c38f8cb70617469656e74323030303031353731,patient
patient_dean_gonzalez_200001572,0000000000000000000000004c38f8cc70617469656e74323030303031353732,patient
patient_autumn_meyer_200001573,0000000000000000000000004c38f8cd70617469656e74323030303031353733,patient
patient_vincent_marshall_200001574,0000000000000000000000004c38f8ce70617469656e74323030303031353734,patient
patient_justin_howard_200001575,0000000000000000000000004c38f8cf70617469656e74323030303031353735,patient
patient_vivian_morgan_200001576,0000000000000000000000004c38f8d070617469656e74323030303031353736,patient
patient_larry_long_200001577,0000000000000000000000004c38f8d170617469656e74323030303031353737,patient
patient_angela_hansen_200001578,0000000000000000000000004c38f8d270617469656e74323030303031353738,patient
patient_theo_bryant_200001579,0000000000000000000000004c38f8d370617469656e74323030303031353739,patient
patient_eli_perez_200001580,0000000000000000000000004c38f8e970617469656e74323030303031353830,patient
patient_christine_vasquez_200001581,0000000000000000000000004c38f8ea70617469656e74323030303031353831,patient
patient_eleanor_pena_200001582,0000000000000000000000004c38f8eb70617469656e74323030303031353832,patient
patient_addison_richardson_200001583,0000000000000000000000004c38f8ec70617469656e74323030303031353833,patient
patient_ava_taylor_200001584,0000000000000000000000004c38f8ed70617469656e74323030303031353834,patient
patient_donna_robertson_200001585,0000000000000000000000004c38f8ee70617469656e74323030303031353835,patient
patient_jenna_brooks_200001586,0000000000000000000000004c38f8ef70617469656e74323030303031353836,patient
patient_gerald_porter_200001587,0000000000000000000000004c38f8f070617469656e74323030303031353837,patient
patient_aaron_torres_200001588,0000000000000000000000004c38f8f170617469656e74323030303031353838,patient
patient_aurora_contreras_200001589,0000000000000000000000004c38f8f270617469656e74323030303031353839,patient
patient_gabriel_sutton_200001590,0000000000000000000000004c38f90870617469656e74323030303031353930,patient
patient_cameron_singh_200001591,0000000000000000000000004c38f90970617469656e74323030303031353931,patient
patient_kathryn_hill_200001592,0000000000000000000000004c38f90a70617469656e74323030303031353932,patient
patient_jamie_mills_200001593,0000000000000000000000004c38f90b70617469656e74323030303031353933,patient
patient_emily_silva_200001594,0000000000000000000000004c38f90c70617469656e74323030303031353934,patient
patient_jerry_lewis_200001595,0000000000000000000000004c38f90d70617469656e74323030303031353935,patient
patient_griffin_manning_200001596,0000000000000000000000004c38f90e70617469656e74323030303031353936,patient
patient_samuel_stewart_200001597,0000000000000000000000004c38f90f70617469656e74323030303031353937,patient
patient_mateo_harper_200001598,0000000000000000000000004c38f91070617469656e74323030303031353938,patient
patient_jessica_smith_200001599,0000000000000000000000004c38f91170617469656e74323030303031353939,patient
patient_eugene_mason_200001600,0000000000000000000000004c38fbb270617469656e74323030303031363030,patient
patient_lawrence_rivera_200001601,0000000000000000000000004c38fbb370617469656e74323030303031363031,patient
patient_dennis_martin_200001602,0000000000000000000000004c38fbb470617469656e74323030303031363032,patient
patient_joanne_spencer_200001603,0000000000000000000000004c38fbb570617469656e74323030303031363033,patient
patient_ryker_johnson_200001604,0000000000000000000000004c38fbb670617469656e74323030303031363034,patient
patient_connor_barnes_200001605,0000000000000000000000004c38fbb770617469656e74323030303031363035,patient
patient_edward_gomez_200001606,0000000000000000000000004c38fbb870617469656e74323030303031363036,patient
patient_madelyn_hughes_200001607,0000000000000000000000004c38fbb970617469656e74323030303031363037,patient
patient_chloe_tucker_200001608,0000000000000000000000004c38fbba70617469656e74323030303031363038,patient
patient_veronica_sullivan_200001609,0000000000000000000000004c38fbbb70617469656e74323030303031363039,patient
patient_asher_reynolds_200001610,0000000000000000000000004c38fbd170617469656e74323030303031363130,patient
patient_daniel_wheeler_200001611,0000000000000000000000004c38fbd270617469656e74323030303031363131,patient
patient_brian_nguyen_200001612,0000000000000000000000004c38fbd370617469656e74323030303031363132,patient
patient_everett_nichols_200001613,0000000000000000000000004c38fbd470617469656e74323030303031363133,patient
patient_valentina_oliver_200001614,0000000000000000000000004c38fbd570617469656e74323030303031363134,patient
patient_grace_rice_200001615,0000000000000000000000004c38fbd670617469656e74323030303031363135,patient
patient_lincoln_hernandez_200001616,0000000000000000000000004c38fbd770617469656e74323030303031363136,patient
patient_barbara_cruz_200001617,0000000000000000000000004c38fbd870617469656e74323030303031363137,patient
patient_gary_griffin_200001618,0000000000000000000000004c38fbd970617469656e74323030303031363138,patient
patient_wayne_mendoza_200001619,0000000000000000000000004c38fbda70617469656e74323030303031363139,patient
patient_taylor_hernandes_200001620,0000000000000000000000004c38fbf070617469656e74323030303031363230,patient
patient_maria_mendez_200001621,0000000000000000000000004c38fbf170617469656e74323030303031363231,patient
patient_nicholas_rogers_200001622,0000000000000000000000004c38fbf270617469656e74323030303031363232,patient
patient_lydia_flores_200001623,0000000000000000000000004c38fbf370617469656e74323030303031363233,patient
patient_hudson_williamson_200001624,0000000000000000000000004c38fbf470617469656e74323030303031363234,patient
patient_dorothy_watkins_200001625,0000000000000000000000004c38fbf570617469656e74323030303031363235,patient
patient_gary_fernandez_200001626,0000000000000000000000004c38fbf670617469656e74323030303031363236,patient
patient_ann_thompson_200001627,0000000000000000000000004c38fbf770617469656e74323030303031363237,patient
patient_cindy_jones_200001628,0000000000000000000000004c38fbf870617469656e74323030303031363238,patient
patient_sharon_george_200001629,0000000000000000000000004c38fbf970617469656e74323030303031363239,patient
patient_rose_ray_200001630,0000000000000000000000004c38fc0f70617469656e74323030303031363330,patient
patient_frank_hunter_200001631,0000000000000000000000004c38fc1070617469656e74323030303031363331,patient
patient_everly_kelly_200001632,0000000000000000000000004c38fc1170617469656e74323030303031363332,patient
patient_landon_bradley_200001633,0000000000000000000000004c38fc1270617469656e74323030303031363333,patient
patient_carol_davis_200001634,0000000000000000000000004c38fc1370617469656e74323030303031363334,patient
patient_isabella_greene_200001635,0000000000000000000000004c38fc1470617469656e74323030303031363335,patient
patient_zachary_ferguson_200001636,0000000000000000000000004c38fc1570617469656e74323030303031363336,patient
patient_kaitlyn_hayes_200001637,0000000000000000000000004c38fc1670617469656e74323030303031363337,patient
patient_anita_scott_200001638,0000000000000000000000004c38fc1770617469656e74323030303031363338,patient
patient_roger_watson_200001639,0000000000000000000000004c38fc1870617469656e74323030303031363339,patient
patient_avery_washington_200001640,0000000000000000000000004c38fc2e70617469656e74323030303031363430,patient
patient_roy_kennedy_200001641,0000000000000000000000004c38fc2f70617469656e74323030303031363431,patient
patient_marilyn_cooper_200001642,0000000000000000000000004c38fc3070617469656e74323030303031363432,patient
patient_william_gray_200001643,0000000000000000000000004c38fc3170617469656e74323030303031363433,patient
patient_margaret_johnston_200001644,0000000000000000000000004c38fc3270617469656e74323030303031363434,patient
patient_heather_robinson_200001645,0000000000000000000000004c38fc3370617469656e74323030303031363435,patient
patient_aaron_rodriguez_200001646,0000000000000000000000004c38fc3470617469656e74323030303031363436,patient
patient_hannah_vazquez_200001647,0000000000000000000000004c38fc3570617469656e74323030303031363437,patient
patient_joseph_anderson_200001648,0000000000000000000000004c38fc3670617469656e74323030303031363438,patient
patient_claire_phillips_200001649,0000000000000000000000004c38fc3770617469656e74323030303031363439,patient
patient_bethany_sanchez_200001650,0000000000000000000000004c38fc4d70617469656e74323030303031363530,patient
patient_delilah_sims_200001651,0000000000000000000000004c38fc4e70617469656e74323030303031363531,patient
patient_vanessa_wells_200001652,0000000000000000000000004c38fc4f70617469656e74323030303031363532,patient
patient_patricia_gutierrez_200001653,0000000000000000000000004c38fc5070617469656e74323030303031363533,patient
patient_richard_olson_200001654,0000000000000000000000004c38fc5170617469656e74323030303031363534,patient
patient_grayson_vega_200001655,0000000000000000000000004c38fc5270617469656e74323030303031363535,patient
patient_charlotte_larson_200001656,0000000000000000000000004c38fc5370617469656e74323030303031363536,patient
patient_mark_miller_200001657,0000000000000000000000004c38fc5470617469656e74323030303031363537,patient
patient_greyson_peterson_200001658,0000000000000000000000004c38fc5570617469656e74323030303031363538,patient
patient_josiah_bailey_200001659,0000000000000000000000004c38fc5670617469656e74323030303031363539,patient
patient_peggy_zimmerman_200001660,0000000000000000000000004c38fc6c70617469656e74323030303031363630,patient
patient_julia_schmidt_200001661,0000000000000000000000004c38fc6d70617469656e74323030303031363631,patient
patient_hunter_lane_200001662,0000000000000000000000004c38fc6e70617469656e74323030303031363632,patient
patient_shannon_perry_200001663,0000000000000000000000004c38fc6f70617469656e74323030303031363633,patient
patient_scarlett_armstrong_200001664,0000000000000000000000004c38fc7070617469656e74323030303031363634,patient
patient_nicole_thomas_200001665,0000000000000000000000004c38fc7170617469656e74323030303031363635,patient
patient_brianna_guerrero_200001666,0000000000000000000000004c38fc7270617469656e74323030303031363636,patient
patient_sarah_carpenter_200001667,0000000000000000000000004c38fc7370617469656e74323030303031363637,patient
patient_lisa_myers_200001668,0000000000000000000000004c38fc7470617469656e74323030303031363638,patient
patient_lucas_wright_200001669,0000000000000000000000004c38fc7570617469656e74323030303031363639,patient
patient_willow_gardner_200001670,0000000000000000000000004c38fc8b70617469656e74323030303031363730,patient
patient_marcus_wilson_200001671,0000000000000000000000004c38fc8c70617469656e74323030303031363731,patient
patient_wanda_owens_200001672,0000000000000000000000004c38fc8d70617469656e74323030303031363732,patient
patient_melanie_howell_200001673,0000000000000000000000004c38fc8e70617469656e74323030303031363733,patient
patient_luna_perkins_200001674,0000000000000000000000004c38fc8f70617469656e74323030303031363734,patient
patient_ann_guzman_200001675,0000000000000000000000004c38fc9070617469656e74323030303031363735,patient
patient_theo_pierce_200001676,0000000000000000000000004c38fc9170617469656e74323030303031363736,patient
patient_levi_henry_200001677,0000000000000000000000004c38fc9270617469656e74323030303031363737,patient
patient_michael_arnold_200001678,0000000000000000000000004c38fc9370617469656e74323030303031363738,patient
patient_terry_castillo_200001679,0000000000000000000000004c38fc9470617469656e74323030303031363739,patient
patient_brian_goodwin_200001680,0000000000000000000000004c38fcaa70617469656e74323030303031363830,patient
patient_kaiden_sanders_200001681,0000000000000000000000004c38fcab70617469656e74323030303031363831,patient
patient_alan_weaver_200001682,0000000000000000000000004c38fcac70617469656e74323030303031363832,patient
patient_jeremy_lawson_200001683,0000000000000000000000004c38fcad70617469656e74323030303031363833,patient
patient_anna_carter_200001684,0000000000000000000000004c38fcae70617469656e74323030303031363834,patient
patient_phyllis_coleman_200001685,0000000000000000000000004c38fcaf70617469656e74323030303031363835,patient
patient_gladys_peters_200001686,0000000000000000000000004c38fcb070617469656e74323030303031363836,patient
patient_andrew_lopez_200001687,0000000000000000000000004c38fcb170617469656e74323030303031363837,patient
patient_sean_chen_200001688,0000000000000000000000004c38fcb270617469656e74323030303031363838,patient
patient_grace_white_200001689,0000000000000000000000004c38fcb370617469656e74323030303031363839,patient
patient_bailey_reed_200001690,0000000000000000000000004c38fcc970617469656e74323030303031363930,patient
patient_russell_hunt_200001691,0000000000000000000000004c38fcca70617469656e74323030303031363931,patient
patient_sawyer_wong_200001692,0000000000000000000000004c38fccb70617469656e74323030303031363932,patient
patient_maria_simpson_200001693,0000000000000000000000004c38fccc70617469656e74323030303031363933,patient
patient_kingston_espinoza_200001694,0000000000000000000000004c38fccd70617469656e74323030303031363934,patient
patient_jesse_dunn_200001695,0000000000000000000000004c38fcce70617469656e74323030303031363935,patient
patient_nicole_harvey_200001696,0000000000000000000000004c38fccf70617469656e74323030303031363936,patient
patient_leah_nunez_200001697,0000000000000000000000004c38fcd070617469656e74323030303031363937,patient
patient_debra_jordan_200001698,0000000000000000000000004c38fcd170617469656e74323030303031363938,patient
patient_adalynn_jensen_200001699,0000000000000000000000004c38fcd270617469656e74323030303031363939,patient
patient_peter_williams_200001700,0000000000000000000000004c38ff7370617469656e74323030303031373030,patient
patient_easton_dominguez_200001701,0000000000000000000000004c38ff7470617469656e74323030303031373031,patient
patient_alice_li_200001702,0000000000000000000000004c38ff7570617469656e74323030303031373032,patient
patient_danielle_foster_200001703,0000000000000000000000004c38ff7670617469656e74323030303031373033,patient
patient_lawrence_santiago_200001704,0000000000000000000000004c38ff7770617469656e74323030303031373034,patient
patient_ariana_hall_200001705,0000000000000000000000004c38ff7870617469656e74323030303031373035,patient
patient_beckett_ross_200001706,0000000000000000000000004c38ff7970617469656e74323030303031373036,patient
patient_whitney_herrera_200001707,0000000000000000000000004c38ff7a70617469656e74323030303031373037,patient
patient_donald_reid_200001708,0000000000000000000000004c38ff7b70617469656e74323030303031373038,patient
patient_jeffrey_wood_200001709,0000000000000000000000004c38ff7c70617469656e74323030303031373039,patient
patient_courtney_parker_200001710,0000000000000000000000004c38ff9270617469656e74323030303031373130,patient
patient_emmett_hoffman_200001711,0000000000000000000000004c38ff9370617469656e74323030303031373131,patient
patient_benjamin_lawrence_200001712,0000000000000000000000004c38ff9470617469656e74323030303031373132,patient
patient_cynthia_bennett_200001713,0000000000000000000000004c38ff9570617469656e74323030303031373133,patient
patient_asher_boyd_200001714,0000000000000000000000004c38ff9670617469656e74323030303031373134,patient
patient_theresa_delgado_200001715,0000000000000000000000004c38ff9770617469656e74323030303031373135,patient
patient_tina_stevens_200001716,0000000000000000000000004c38ff9870617469656e74323030303031373136,patient
patient_douglas_elliott_200001717,0000000000000000000000004c38ff9970617469656e74323030303031373137,patient
patient_annie_ward_200001718,0000000000000000000000004c38ff9a70617469656e74323030303031373138,patient
patient_lincoln_murray_200001719,0000000000000000000000004c38ff9b70617469656e74323030303031373139,patient
patient_max_henderson_200001720,0000000000000000000000004c38ffb170617469656e74323030303031373230,patient
patient_angela_russell_200001721,0000000000000000000000004c38ffb270617469656e74323030303031373231,patient
patient_nora_harrison_200001722,0000000000000000000000004c38ffb370617469656e74323030303031373232,patient
patient_dominic_daniels_200001723,0000000000000000000000004c38ffb470617469656e74323030303031373233,patient
patient_ethan_clark_200001724,0000000000000000000000004c38ffb570617469656e74323030303031373234,patient
patient_christian_king_200001725,0000000000000000000000004c38ffb670617469656e74323030303031373235,patient
patient_anthony_turner_200001726,0000000000000000000000004c38ffb770617469656e74323030303031373236,patient
patient_bryson_kelley_200001727,0000000000000000000000004c38ffb870617469656e74323030303031373237,patient
patient_madelyn_medina_200001728,0000000000000000000000004c38ffb970617469656e74323030303031373238,patient
patient_alice_montgomery_200001729,0000000000000000000000004c38ffba70617469656e74323030303031373239,patient
patient_cassie_ford_200001730,0000000000000000000000004c38ffd070617469656e74323030303031373330,patient
patient_philip_crawford_200001731,0000000000000000000000004c38ffd170617469656e74323030303031373331,patient
patient_avery_moreno_200001732,0000000000000000000000004c38ffd270617469656e74323030303031373332,patient
patient_scott_austin_200001733,0000000000000000000000004c38ffd370617469656e74323030303031373333,patient
patient_marilyn_estrada_200001734,0000000000000000000000004c38ffd470617469656e74323030303031373334,patient
patient_emma_ortega_200001735,0000000000000000000000004c38ffd570617469656e74323030303031373335,patient
patient_madeline_jimenez_200001736,0000000000000000000000004c38ffd670617469656e74323030303031373336,patient
patient_zoe_patterson_200001737,0000000000000000000000004c38ffd770617469656e74323030303031373337,patient
patient_rebecca_rose_200001738,0000000000000000000000004c38ffd870617469656e74323030303031373338,patient
patient_natalie_alvarez_200001739,0000000000000000000000004c38ffd970617469656e74323030303031373339,patient
patient_josephine_soto_200001740,0000000000000000000000004c38ffef70617469656e74323030303031373430,patient
patient_penelope_alexander_200001741,0000000000000000000000004c38fff070617469656e74323030303031373431,patient
patient_harold_patel_200001742,0000000000000000000000004c38fff170617469656e74323030303031373432,patient
patient_jose_garcia_200001743,0000000000000000000000004c38fff270617469656e74323030303031373433,patient
patient_tiffany_hawkins_200001744,0000000000000000000000004c38fff370617469656e74323030303031373434,patient
patient_hazel_ryan_200001745,0000000000000000000000004c38fff470617469656e74323030303031373435,patient
patient_addison_cunningham_200001746,0000000000000000000000004c38fff570617469656e74323030303031373436,patient
patient_cooper_riley_200001747,0000000000000000000000004c38fff670617469656e74323030303031373437,patient
patient_alexa_mitchell_200001748,0000000000000000000000004c38fff770617469656e74323030303031373438,patient
patient_sydney_adams_200001749,0000000000000000000000004c38fff870617469656e74323030303031373439,patient
patient_jonathan_jacobs_200001750,0000000000000000000000004c39000e70617469656e74323030303031373530,patient
patient_chelsea_mccoy_200001751,0000000000000000000000004c39000f70617469656e74323030303031373531,patient
patient_sophia_nunez_200001752,0000000000000000000000004c39001070617469656e74323030303031373532,patient
patient_mary_mills_200001753,0000000000000000000000004c39001170617469656e74323030303031373533,patient
patient_piper_chavez_200001754,0000000000000000000000004c39001270617469656e74323030303031373534,patient
patient_susan_porter_200001755,0000000000000000000000004c39001370617469656e74323030303031373535,patient
patient_jerry_chapman_200001756,0000000000000000000000004c39001470617469656e74323030303031373536,patient
patient_gail_medina_200001757,0000000000000000000000004c39001570617469656e74323030303031373537,patient
patient_bentley_gilbert_200001758,0000000000000000000000004c39001670617469656e74323030303031373538,patient
patient_damian_johnston_200001759,0000000000000000000000004c39001770617469656e74323030303031373539,patient
patient_jackson_riley_200001760,0000000000000000000000004c39002d70617469656e74323030303031373630,patient
patient_hannah_cruz_200001761,0000000000000000000000004c39002e70617469656e74323030303031373631,patient
patient_ryder_harris_200001762,0000000000000000000000004c39002f70617469656e74323030303031373632,patient
patient_robert_martinez_200001763,0000000000000000000000004c39003070617469656e74323030303031373633,patient
patient_nathan_andrews_200001764,0000000000000000000000004c39003170617469656e74323030303031373634,patient
patient_donna_boyd_200001765,0000000000000000000000004c39003270617469656e74323030303031373635,patient
patient_edward_fisher_200001766,0000000000000000000000004c39003370617469656e74323030303031373636,patient
patient_elaine_spencer_200001767,0000000000000000000000004c39003470617469656e74323030303031373637,patient
patient_victoria_pierce_200001768,0000000000000000000000004c39003570617469656e74323030303031373638,patient
patient_ezekiel_marshall_200001769,0000000000000000000000004c39003670617469656e74323030303031373639,patient
patient_maddox_williamson_200001770,0000000000000000000000004c39004c70617469656e74323030303031373730,patient
patient_reagan_rose_200001771,0000000000000000000000004c39004d70617469656e74323030303031373731,patient
patient_mildred_torres_200001772,0000000000000000000000004c39004e70617469656e74323030303031373732,patient
patient_nina_manning_200001773,0000000000000000000000004c39004f70617469656e74323030303031373733,patient
patient_joyce_le_200001774,0000000000000000000000004c39005070617469656e74323030303031373734,patient
patient_brody_davis_200001775,0000000000000000000000004c39005170617469656e74323030303031373735,patient
patient_juan_mcdonald_200001776,0000000000000000000000004c39005270617469656e74323030303031373736,patient
patient_joanne_mendoza_200001777,0000000000000000000000004c39005370617469656e74323030303031373737,patient
patient_patrick_moore_200001778,0000000000000000000000004c39005470617469656e74323030303031373738,patient
patient_elliott_james_200001779,0000000000000000000000004c39005570617469656e74323030303031373739,patient
patient_diana_lawrence_200001780,0000000000000000000000004c39006b70617469656e74323030303031373830,patient
patient_dorothy_hawkins_200001781,0000000000000000000000004c39006c70617469656e74323030303031373831,patient
patient_nicholas_lopez_200001782,0000000000000000000000004c39006d70617469656e74323030303031373832,patient
patient_martha_west_200001783,0000000000000000000000004c39006e70617469656e74323030303031373833,patient
patient_ryan_cole_200001784,0000000000000000000000004c39006f70617469656e74323030303031373834,patient
patient_esther_simmons_200001785,0000000000000000000000004c39007070617469656e74323030303031373835,patient
patient_bethany_bell_200001786,0000000000000000000000004c39007170617469656e74323030303031373836,patient
patient_eli_jones_200001787,0000000000000000000000004c39007270617469656e74323030303031373837,patient
patient_kelsey_wilson_200001788,0000000000000000000000004c39007370617469656e74323030303031373838,patient
patient_christopher_evans_200001789,0000000000000000000000004c39007470617469656e74323030303031373839,patient
patient_spencer_vasquez_200001790,0000000000000000000000004c39008a70617469656e74323030303031373930,patient
patient_jaxon_romero_200001791,0000000000000000000000004c39008b70617469656e74323030303031373931,patient
patient_hugo_richards_200001792,0000000000000000000000004c39008c70617469656e74323030303031373932,patient
patient_monica_black_200001793,0000000000000000000000004c39008d70617469656e74323030303031373933,patient
patient_kevin_webb_200001794,0000000000000000000000004c39008e70617469656e74323030303031373934,patient
patient_lucy_jacobs_200001795,0000000000000000000000004c39008f70617469656e74323030303031373935,patient
patient_abigail_butler_200001796,0000000000000000000000004c39009070617469656e74323030303031373936,patient
patient_christine_schmidt_200001797,0000000000000000000000004c39009170617469656e74323030303031373937,patient
patient_gabriel_collins_200001798,0000000000000000000000004c39009270617469656e74323030303031373938,patient
patient_milo_holmes_200001799,0000000000000000000000004c39009370617469656e74323030303031373939,patient
patient_sarah_valdez_200001800,0000000000000000000000004c39033470617469656e74323030303031383030,patient
patient_cole_ward_200001801,0000000000000000000000004c39033570617469656e74323030303031383031,patient
patient_griffin_gomez_200001802,0000000000000000000000004c39033670617469656e74323030303031383032,patient
patient_mackenzie_rios_200001803,0000000000000000000000004c39033770617469656e74323030303031383033,patient
patient_delilah_ramos_200001804,0000000000000000000000004c39033870617469656e74323030303031383034,patient
patient_tyler_ross_200001805,0000000000000000000000004c39033970617469656e74323030303031383035,patient
patient_bernice_hanson_200001806,0000000000000000000000004c39033a70617469656e74323030303031383036,patient
patient_peggy_palmer_200001807,0000000000000000000000004c39033b70617469656e74323030303031383037,patient
patient_ella_murray_200001808,0000000000000000000000004c39033c70617469656e74323030303031383038,patient
patient_aria_george_200001809,0000000000000000000000004c39033d70617469656e74323030303031383039,patient
patient_felix_austin_200001810,0000000000000000000000004c39035370617469656e74323030303031383130,patient
patient_ryker_perkins_200001811,0000000000000000000000004c39035470617469656e74323030303031383131,patient
patient_ian_hicks_200001812,0000000000000000000000004c39035570617469656e74323030303031383132,patient
patient_jacob_sanchez_200001813,0000000000000000000000004c39035670617469656e74323030303031383133,patient
patient_nolan_sutton_200001814,0000000000000000000000004c39035770617469656e74323030303031383134,patient
patient_sebastian_lynch_200001815,0000000000000000000000004c39035870617469656e74323030303031383135,patient
patient_carolyn_aguilar_200001816,0000000000000000000000004c39035970617469656e74323030303031383136,patient
patient_colton_munoz_200001817,0000000000000000000000004c39035a70617469656e74323030303031383137,patient
patient_oliver_singh_200001818,0000000000000000000000004c39035b70617469656e74323030303031383138,patient
patient_ralph_freeman_200001819,0000000000000000000000004c39035c70617469656e74323030303031383139,patient
patient_bryan_ray_200001820,0000000000000000000000004c39037270617469656e74323030303031383230,patient
patient_connor_lawson_200001821,0000000000000000000000004c39037370617469656e74323030303031383231,patient
patient_justin_bailey_200001822,0000000000000000000000004c39037470617469656e74323030303031383232,patient
patient_noah_hamilton_200001823,0000000000000000000000004c39037570617469656e74323030303031383233,patient
patient_skylar_o'brien_200001824,0000000000000000000000004c39037670617469656e74323030303031383234,patient
patient_charlotte_gutierrez_200001825,0000000000000000000000004c39037770617469656e74323030303031383235,patient
patient_diane_morgan_200001826,0000000000000000000000004c39037870617469656e74323030303031383236,patient
patient_jonah_dunn_200001827,0000000000000000000000004c39037970617469656e74323030303031383237,patient
patient_kenneth_bradley_200001828,0000000000000000000000004c39037a70617469656e74323030303031383238,patient
patient_oliver_watkins_200001829,0000000000000000000000004c39037b70617469656e74323030303031383239,patient
patient_jill_vazquez_200001830,0000000000000000000000004c39039170617469656e74323030303031383330,patient
patient_logan_ortiz_200001831,0000000000000000000000004c39039270617469656e74323030303031383331,patient
patient_willie_ruiz_200001832,0000000000000000000000004c39039370617469656e74323030303031383332,patient
patient_wesley_graham_200001833,0000000000000000000000004c39039470617469656e74323030303031383333,patient
patient_eric_adams_200001834,0000000000000000000000004c39039570617469656e74323030303031383334,patient
patient_brittney_gonzales_200001835,0000000000000000000000004c39039670617469656e74323030303031383335,patient
patient_kristen_hunt_200001836,0000000000000000000000004c39039770617469656e74323030303031383336,patient
patient_juanita_pena_200001837,0000000000000000000000004c39039870617469656e74323030303031383337,patient
patient_arthur_bishop_200001838,0000000000000000000000004c39039970617469656e74323030303031383338,patient
patient_cindy_white_200001839,0000000000000000000000004c39039a70617469656e74323030303031383339,patient
patient_michelle_nichols_200001840,0000000000000000000000004c3903b070617469656e74323030303031383430,patient
patient_louis_bryant_200001841,0000000000000000000000004c3903b170617469656e74323030303031383431,patient
patient_brayden_taylor_200001842,0000000000000000000000004c3903b270617469656e74323030303031383432,patient
patient_vincent_reyes_200001843,0000000000000000000000004c3903b370617469656e74323030303031383433,patient
patient_steven_warren_200001844,0000000000000000000000004c3903b470617469656e74323030303031383434,patient
patient_janice_nelson_200001845,0000000000000000000000004c3903b570617469656e74323030303031383435,patient
patient_evelyn_jimenez_200001846,0000000000000000000000004c3903b670617469656e74323030303031383436,patient
patient_stephen_griffin_200001847,0000000000000000000000004c3903b770617469656e74323030303031383437,patient
patient_billy_rivera_200001848,0000000000000000000000004c3903b870617469656e74323030303031383438,patient
patient_melissa_berry_200001849,0000000000000000000000004c3903b970617469656e74323030303031383439,patient
patient_brenda_perry_200001850,0000000000000000000000004c3903cf70617469656e74323030303031383530,patient
patient_jayden_willis_200001851,0000000000000000000000004c3903d070617469656e74323030303031383531,patient
patient_daniel_peters_200001852,0000000000000000000000004c3903d170617469656e74323030303031383532,patient
patient_jude_williams_200001853,0000000000000000000000004c3903d270617469656e74323030303031383533,patient
patient_wendy_armstrong_200001854,0000000000000000000000004c3903d370617469656e74323030303031383534,patient
patient_gerald_wells_200001855,0000000000000000000000004c3903d470617469656e74323030303031383535,patient
patient_joshua_mendez_200001856,0000000000000000000000004c3903d570617469656e74323030303031383536,patient
patient_kaitlyn_allen_200001857,0000000000000000000000004c3903d670617469656e74323030303031383537,patient
patient_austin_miller_200001858,0000000000000000000000004c3903d770617469656e74323030303031383538,patient
patient_maxwell_cook_200001859,0000000000000000000000004c3903d870617469656e74323030303031383539,patient
patient_claire_walker_200001860,0000000000000000000000004c3903ee70617469656e74323030303031383630,patient
patient_wesley_soto_200001861,0000000000000000000000004c3903ef70617469656e74323030303031383631,patient
patient_gertrude_herrera_200001862,0000000000000000000000004c3903f070617469656e74323030303031383632,patient
patient_johnny_richardson_200001863,0000000000000000000000004c3903f170617469656e74323030303031383633,patient
patient_sheryl_maldonado_200001864,0000000000000000000000004c3903f270617469656e74323030303031383634,patient
patient_evan_oliver_200001865,0000000000000000000000004c3903f370617469656e74323030303031383635,patient
patient_layla_cox_200001866,0000000000000000000000004c3903f470617469656e74323030303031383636,patient
patient_edna_stewart_200001867,0000000000000000000000004c3903f570617469656e74323030303031383637,patient
patient_kaden_espinoza_200001868,0000000000000000000000004c3903f670617469656e74323030303031383638,patient
patient_morgan_kim_200001869,0000000000000000000000004c3903f770617469656e74323030303031383639,patient
patient_julie_sims_200001870,0000000000000000000000004c39040d70617469656e74323030303031383730,patient
patient_pauline_stephens_200001871,0000000000000000000000004c39040e70617469656e74323030303031383731,patient
patient_olivia_peterson_200001872,0000000000000000000000004c39040f70617469656e74323030303031383732,patient
patient_river_jackson_200001873,0000000000000000000000004c39041070617469656e74323030303031383733,patient
patient_irene_harvey_200001874,0000000000000000000000004c39041170617469656e74323030303031383734,patient
patient_george_crawford_200001875,0000000000000000000000004c39041270617469656e74323030303031383735,patient
patient_judith_edwards_200001876,0000000000000000000000004c39041370617469656e74323030303031383736,patient
patient_katie_zimmerman_200001877,0000000000000000000000004c39041470617469656e74323030303031383737,patient
patient_alexandra_bennett_200001878,0000000000000000000000004c39041570617469656e74323030303031383738,patient
patient_bonnie_carpenter_200001879,0000000000000000000000004c39041670617469656e74323030303031383739,patient
patient_dawn_stone_200001880,0000000000000000000000004c39042c70617469656e74323030303031383830,patient
patient_gregory_baker_200001881,0000000000000000000000004c39042d70617469656e74323030303031383831,patient
patient_miles_sullivan_200001882,0000000000000000000000004c39042e70617469656e74323030303031383832,patient
patient_crystal_hart_200001883,0000000000000000000000004c39042f70617469656e74323030303031383833,patient
patient_barbara_cooper_200001884,0000000000000000000000004c39043070617469656e74323030303031383834,patient
patient_tammy_burns_200001885,0000000000000000000000004c39043170617469656e74323030303031383835,patient
patient_laura_lane_200001886,0000000000000000000000004c39043270617469656e74323030303031383836,patient
patient_judy_dixon_200001887,0000000000000000000000004c39043370617469656e74323030303031383837,patient
patient_rose_henry_200001888,0000000000000000000000004c39043470617469656e74323030303031383838,patient
patient_andrea_castro_200001889,0000000000000000000000004c39043570617469656e74323030303031383839,patient
patient_helen_mason_200001890,0000000000000000000000004c39044b70617469656e74323030303031383930,patient
patient_emilia_ryan_200001891,0000000000000000000000004c39044c70617469656e74323030303031383931,patient
patient_charles_clark_200001892,0000000000000000000000004c39044d70617469656e74323030303031383932,patient
patient_audrey_reed_200001893,0000000000000000000000004c39044e70617469656e74323030303031383933,patient
patient_margaret_meyer_200001894,0000000000000000000000004c39044f70617469656e74323030303031383934,patient
patient_jade_parker_200001895,0000000000000000000000004c39045070617469656e74323030303031383935,patient
patient_kayla_greene_200001896,0000000000000000000000004c39045170617469656e74323030303031383936,patient
patient_stacy_scott_200001897,0000000000000000000000004c39045270617469656e74323030303031383937,patient
patient_tristan_weaver_200001898,0000000000000000000000004c39045370617469656e74323030303031383938,patient
patient_elena_ford_200001899,0000000000000000000000004c39045470617469656e74323030303031383939,patient
patient_geraldine_russell_200001900,0000000000000000000000004c3906f570617469656e74323030303031393030,patient
patient_walter_foster_200001901,0000000000000000000000004c3906f670617469656e74323030303031393031,patient
patient_aiden_daniels_200001902,0000000000000000000000004c3906f770617469656e74323030303031393032,patient
patient_maverick_barnes_200001903,0000000000000000000000004c3906f870617469656e74323030303031393033,patient
patient_laurie_vargas_200001904,0000000000000000000000004c3906f970617469656e74323030303031393034,patient
patient_alexander_romero_200001905,0000000000000000000000004c3906fa70617469656e74323030303031393035,patient
patient_karen_myers_200001906,0000000000000000000000004c3906fb70617469656e74323030303031393036,patient
patient_chase_smith_200001907,0000000000000000000000004c3906fc70617469656e74323030303031393037,patient
patient_erica_flores_200001908,0000000000000000000000004c3906fd70617469656e74323030303031393038,patient
patient_eleanor_salazar_200001909,0000000000000000000000004c3906fe70617469656e74323030303031393039,patient
patient_samuel_patel_200001910,0000000000000000000000004c39071470617469656e74323030303031393130,patient
patient_heather_alvarado_200001911,0000000000000000000000004c39071570617469656e74323030303031393131,patient
patient_molly_anderson_200001912,0000000000000000000000004c39071670617469656e74323030303031393132,patient
patient_dylan_carlson_200001913,0000000000000000000000004c39071770617469656e74323030303031393133,patient
patient_jennifer_payne_200001914,0000000000000000000000004c39071870617469656e74323030303031393134,patient
patient_brittany_watson_200001915,0000000000000000000000004c39071970617469656e74323030303031393135,patient
patient_leilani_martin_200001916,0000000000000000000000004c39071a70617469656e74323030303031393136,patient
patient_doreen_harrison_200001917,0000000000000000000000004c39071b70617469656e74323030303031393137,patient
patient_rosa_silva_200001918,0000000000000000000000004c39071c70617469656e74323030303031393138,patient
patient_ruby_rogers_200001919,0000000000000000000000004c39071d70617469656e74323030303031393139,patient
patient_arianna_murphy_200001920,0000000000000000000000004c39073370617469656e74323030303031393230,patient
patient_timothy_rodriguez_200001921,0000000000000000000000004c39073470617469656e74323030303031393231,patient
patient_ashton_howell_200001922,0000000000000000000000004c39073570617469656e74323030303031393232,patient
patient_jasper_long_200001923,0000000000000000000000004c39073670617469656e74323030303031393233,patient
patient_frances_cunningham_200001924,0000000000000000000000004c39073770617469656e74323030303031393234,patient
patient_parker_gonzalez_200001925,0000000000000000000000004c39073870617469656e74323030303031393235,patient
patient_ashley_roberts_200001926,0000000000000000000000004c39073970617469656e74323030303031393236,patient
patient_thomas_mccoy_200001927,0000000000000000000000004c39073a70617469656e74323030303031393237,patient
patient_louise_contreras_200001928,0000000000000000000000004c39073b70617469656e74323030303031393238,patient
patient_pamela_gardner_200001929,0000000000000000000000004c39073c70617469656e74323030303031393239,patient
patient_sandra_shaw_200001930,0000000000000000000000004c39075270617469656e74323030303031393330,patient
patient_carson_montgomery_200001931,0000000000000000000000004c39075370617469656e74323030303031393331,patient
patient_kyle_hale_200001932,0000000000000000000000004c39075470617469656e74323030303031393332,patient
patient_owen_hernandes_200001933,0000000000000000000000004c39075570617469656e74323030303031393333,patient
patient_roman_thompson_200001934,0000000000000000000000004c39075670617469656e74323030303031393334,patient
patient_ruby_chambers_200001935,0000000000000000000000004c39075770617469656e74323030303031393335,patient
patient_lynn_campbell_200001936,0000000000000000000000004c39075870617469656e74323030303031393336,patient
patient_emery_robertson_200001937,0000000000000000000000004c39075970617469656e74323030303031393337,patient
patient_gavin_garza_200001938,0000000000000000000000004c39075a70617469656e74323030303031393338,patient
patient_connie_king_200001939,0000000000000000000000004c39075b70617469656e74323030303031393339,patient
patient_erin_johnson_200001940,0000000000000000000000004c39077170617469656e74323030303031393430,patient
patient_jason_reid_200001941,0000000000000000000000004c39077270617469656e74323030303031393431,patient
patient_luke_larson_200001942,0000000000000000000000004c39077370617469656e74323030303031393432,patient
patient_allison_thomas_200001943,0000000000000000000000004c39077470617469656e74323030303031393433,patient
patient_alyssa_estrada_200001944,0000000000000000000000004c39077570617469656e74323030303031393434,patient
patient_joe_morrison_200001945,0000000000000000000000004c39077670617469656e74323030303031393435,patient
patient_christina_owens_200001946,0000000000000000000000004c39077770617469656e74323030303031393436,patient
patient_teresa_jordan_200001947,0000000000000000000000004c39077870617469656e74323030303031393437,patient
patient_eva_guzman_200001948,0000000000000000000000004c39077970617469656e74323030303031393438,patient
patient_lincoln_jenkins_200001949,0000000000000000000000004c39077a70617469656e74323030303031393439,patient
patient_naomi_wong_200001950,0000000000000000000000004c39079070617469656e74323030303031393530,patient
patient_liam_gray_200001951,0000000000000000000000004c39079170617469656e74323030303031393531,patient
patient_chloe_elliott_200001952,0000000000000000000000004c39079270617469656e74323030303031393532,patient
patient_mateo_arnold_200001953,0000000000000000000000004c39079370617469656e74323030303031393533,patient
patient_brianna_alexander_200001954,0000000000000000000000004c39079470617469656e74323030303031393534,patient
patient_isaac_robinson_200001955,0000000000000000000000004c39079570617469656e74323030303031393535,patient
patient_stephanie_castillo_200001956,0000000000000000000000004c39079670617469656e74323030303031393536,patient
patient_cameron_tran_200001957,0000000000000000000000004c39079770617469656e74323030303031393537,patient
patient_rhonda_carr_200001958,0000000000000000000000004c39079870617469656e74323030303031393538,patient
patient_ellen_ortega_200001959,0000000000000000000000004c39079970617469656e74323030303031393539,patient
patient_jack_woods_200001960,0000000000000000000000004c3907af70617469656e74323030303031393630,patient
patient_axel_garcia_200001961,0000000000000000000000004c3907b070617469656e74323030303031393631,patient
patient_eugene_wagner_200001962,0000000000000000000000004c3907b170617469656e74323030303031393632,patient
patient_calvin_mitchell_200001963,0000000000000000000000004c3907b270617469656e74323030303031393633,patient
patient_nancy_knight_200001964,0000000000000000000000004c3907b370617469656e74323030303031393634,patient
patient_blake_goodwin_200001965,0000000000000000000000004c3907b470617469656e74323030303031393635,patient
patient_jasmine_hansen_200001966,0000000000000000000000004c3907b570617469656e74323030303031393636,patient
patient_ezra_tucker_200001967,0000000000000000000000004c3907b670617469656e74323030303031393637,patient
patient_carl_brown_200001968,0000000000000000000000004c3907b770617469656e74323030303031393638,patient
patient_jordan_carroll_200001969,0000000000000000000000004c3907b870617469656e74323030303031393639,patient
patient_veronica_jacobs_200001970,0000000000000000000000004c3907ce70617469656e74323030303031393730,patient
patient_lauren_fernandez_200001971,0000000000000000000000004c3907cf70617469656e74323030303031393731,patient
patient_elijah_hoffman_200001972,0000000000000000000000004c3907d070617469656e74323030303031393732,patient
patient_ruth_snyder_200001973,0000000000000000000000004c3907d170617469656e74323030303031393733,patient
patient_kristin_jensen_200001974,0000000000000000000000004c3907d270617469656e74323030303031393734,patient
patient_cheryl_guerrero_200001975,0000000000000000000000004c3907d370617469656e74323030303031393735,patient
patient_bella_grant_200001976,0000000000000000000000004c3907d470617469656e74323030303031393736,patient
patient_virginia_wright_200001977,0000000000000000000000004c3907d570617469656e74323030303031393737,patient
patient_theodore_patterson_200001978,0000000000000000000000004c3907d670617469656e74323030303031393738,patient
patient_randy_perez_200001979,0000000000000000000000004c3907d770617469656e74323030303031393739,patient
patient_harrison_brooks_200001980,0000000000000000000000004c3907ed70617469656e74323030303031393830,patient
patient_aurora_hall_200001981,0000000000000000000000004c3907ee70617469656e74323030303031393831,patient
patient_jocelyn_turner_200001982,0000000000000000000000004c3907ef70617469656e74323030303031393832,patient
patient_deborah_hernandez_200001983,0000000000000000000000004c3907f070617469656e74323030303031393833,patient
patient_lily_hunter_200001984,0000000000000000000000004c3907f170617469656e74323030303031393834,patient
patient_jenna_kelley_200001985,0000000000000000000000004c3907f270617469656e74323030303031393835,patient
patient_faith_ellis_200001986,0000000000000000000000004c3907f370617469656e74323030303031393836,patient
patient_isabelle_green_200001987,0000000000000000000000004c3907f470617469656e74323030303031393837,patient
patient_wayne_lewis_200001988,0000000000000000000000004c3907f570617469656e74323030303031393838,patient
patient_wyatt_ferguson_200001989,0000000000000000000000004c3907f670617469656e74323030303031393839,patient
patient_preston_ramirez_200001990,0000000000000000000000004c39080c70617469656e74323030303031393930,patient
patient_weston_hudson_200001991,0000000000000000000000004c39080d70617469656e74323030303031393931,patient
patient_james_diaz_200001992,0000000000000000000000004c39080e70617469656e74323030303031393932,patient
patient_ronald_wood_200001993,0000000000000000000000004c39080f70617469656e74323030303031393933,patient
patient_sofia_coleman_200001994,0000000000000000000000004c39081070617469656e74323030303031393934,patient
patient_amanda_phillips_200001995,0000000000000000000000004c39081170617469656e74323030303031393935,patient
patient_peyton_fox_200001996,0000000000000000000000004c39081270617469656e74323030303031393936,patient
patient_keith_sandoval_200001997,0000000000000000000000004c39081370617469656e74323030303031393937,patient
patient_bruce_delgado_200001998,0000000000000000000000004c39081470617469656e74323030303031393938,patient
patient_natalia_dominguez_200001999,0000000000000000000000004c39081570617469656e74323030303031393939,patient
dr_walter_phillips_100000645,a665a45920422f9d417e4867efdc4fb8a04a1f3fff1fa07e998e86f7f7a27ae3,doctor
dr_roger_martinez_100000646,a665a45920422f9d417e4867efdc4fb8a04a1f3fff1fa07e998e86f7f7a27ae3,doctor
dr_jordan_ward_100000647,a665a45920422f9d417e4867efdc4fb8a04a1f3fff1fa07e998e86f7f7a27ae3,doctor
dr_larry_martin_100000648,a665a45920422f9d417e4867efdc4fb8a04a1f3fff1fa07e998e86f7f7a27ae3,doctor
dr_thomas_wood_100000649,a665a45920422f9d417e4867efdc4fb8a04a1f3fff1fa07e998e86f7f7a27ae3,doctor
dr_russell_cruz_100000650,a665a45920422f9d417e4867efdc4fb8a04a1f3fff1fa07e998e86f7f7a27ae3,doctor
dr_walter_thomas_100000651,a665a45920422f9d417e4867efdc4fb8a04a1f3fff1fa07e998e86f7f7a27ae3,doctor
dr_ethan_ortiz_100000652,a665a45920422f9d417e4867efdc4fb8a04a1f3fff1fa07e998e86f7f7a27ae3,doctor
dr_zachary_parker_100000653,a665a45920422f9d417e4867efdc4fb8a04a1f3fff1fa07e998e86f7f7a27ae3,doctor
dr_timothy_ortiz_100000654,a665a45920422f9d417e4867efdc4fb8a04a1f3fff1fa07e998e86f7f7a27ae3,doctor
dr_william_young_100000655,a665a45920422f9d417e4867efdc4fb8a04a1f3fff1fa07e998e86f7f7a27ae3,doctor
dr_joe_wilson_100000656,a665a45920422f9d417e4867efdc4fb8a04a1f3fff1fa07e998e86f7f7a27ae3,doctor
dr_noah_anderson_100000657,a665a45920422f9d417e4867efdc4fb8a04a1f3fff1fa07e998e86f7f7a27ae3,doctor
dr_harold_castillo_100000658,a665a45920422f9d417e4867efdc4fb8a04a1f3fff1fa07e998e86f7f7a27ae3,doctor
dr_alexander_chavez_100000659,a665a45920422f9d417e4867efdc4fb8a04a1f3fff1fa07e998e86f7f7a27ae3,doctor
dr_jerry_martin_100000660,a665a45920422f9d417e4867efdc4fb8a04a1f3fff1fa07e998e86f7f7a27ae3,doctor
dr_zachary_cook_100000661,a665a45920422f9d417e4867efdc4fb8a04a1f3fff1fa07e998e86f7f7a27ae3,doctor
dr_harold_cooper_100000662,a665a45920422f9d417e4867efdc4fb8a04a1f3fff1fa07e998e86f7f7a27ae3,doctor
dr_justin_robinson_100000663,a665a45920422f9d417e4867efdc4fb8a04a1f3fff1fa07e998e86f7f7a27ae3,doctor
dr_david_lee_100000664,a665a45920422f9d417e4867efdc4fb8a04a1f3fff1fa07e998e86f7f7a27ae3,doctor
dr_paul_ramos_100000665,a665a45920422f9d417e4867efdc4fb8a04a1f3fff1fa07e998e86f7f7a27ae3,doctor
dr_russell_gomez_100000666,a665a45920422f9d417e4867efdc4fb8a04a1f3fff1fa07e998e86f7f7a27ae3,doctor
dr_philip_smith_100000667,a665a45920422f9d417e4867efdc4fb8a04a1f3fff1fa07e998e86f7f7a27ae3,doctor
dr_adam_brown_100000668,a665a45920422f9d417e4867efdc4fb8a04a1f3fff1fa07e998e86f7f7a27ae3,doctor
dr_stephen_flores_100000669,a665a45920422f9d417e4867efdc4fb8a04a1f3fff1fa07e998e86f7f7a27ae3,doctor
dr_douglas_reed_100000670,a665a45920422f9d417e4867efdc4fb8a04a1f3fff1fa07e998e86f7f7a27ae3,doctor
dr_brian_thompson_100000671,a665a45920422f9d417e4867efdc4fb8a04a1f3fff1fa07e998e86f7f7a27ae3,doctor
dr_christian_young_100000672,a665a45920422f9d417e4867efdc4fb8a04a1f3fff1fa07e998e86f7f7a27ae3,doctor
dr_russell_hill_100000673,a665a45920422f9d417e4867efdc4fb8a04a1f3fff1fa07e998e86f7f7a27ae3,doctor
dr_stephen_rogers_100000674,a665a45920422f9d417e4867efdc4fb8a04a1f3fff1fa07e998e86f7f7a27ae3,doctor
dr_ralph_nelson_100000675,a665a45920422f9d417e4867efdc4fb8a04a1f3fff1fa07e998e86f7f7a27ae3,doctor
dr_sean_patel_100000676,a665a45920422f9d417e4867efdc4fb8a04a1f3fff1fa07e998e86f7f7a27ae3,doctor
dr_randy_campbell_100000677,a665a45920422f9d417e4867efdc4fb8a04a1f3fff1fa07e998e86f7f7a27ae3,doctor
dr_zachary_clark_100000678,a665a45920422f9d417e4867efdc4fb8a04a1f3fff1fa07e998e86f7f7a27ae3,doctor
dr_elijah_alvarez_100000679,a665a45920422f9d417e4867efdc4fb8a04a1f3fff1fa07e998e86f7f7a27ae3,doctor
dr_steven_martin_100000680,a665a45920422f9d417e4867efdc4fb8a04a1f3fff1fa07e998e86f7f7a27ae3,doctor
dr_matthew_richardson_100000681,a665a45920422f9d417e4867efdc4fb8a04a1f3fff1fa07e998e86f7f7a27ae3,doctor
dr_randy_parker_100000682,a665a45920422f9d417e4867efdc4fb8a04a1f3fff1fa07e998e86f7f7a27ae3,doctor
dr_carl_white_100000683,a665a45920422f9d417e4867efdc4fb8a04a1f3fff1fa07e998e86f7f7a27ae3,doctor
dr_ryan_sanchez_100000684,a665a45920422f9d417e4867efdc4fb8a04a1f3fff1fa07e998e86f7f7a27ae3,doctor
dr_jonathan_allen_100000685,a665a45920422f9d417e4867efdc4fb8a04a1f3fff1fa07e998e86f7f7a27ae3,doctor
dr_brian_ortiz_100000686,a665a45920422f9d417e4867efdc4fb8a04a1f3fff1fa07e998e86f7f7a27ae3,doctor
dr_david_jackson_100000687,a665a45920422f9d417e4867efdc4fb8a04a1f3fff1fa07e998e86f7f7a27ae3,doctor
dr_raymond_jackson_100000688,a665a45920422f9d417e4867efdc4fb8a04a1f3fff1fa07e998e86f7f7a27ae3,doctor
dr_peter_kim_100000689,a665a45920422f9d417e4867efdc4fb8a04a1f3fff1fa07e998e86f7f7a27ae3,doctor
dr_kevin_robinson_100000690,a665a45920422f9d417e4867efdc4fb8a04a1f3fff1fa07e998e86f7f7a27ae3,doctor
dr_mark_jones_100000691,a665a45920422f9d417e4867efdc4fb8a04a1f3fff1fa07e998e86f7f7a27ae3,doctor
dr_gregory_flores_100000692,a665a45920422f9d417e4867efdc4fb8a04a1f3fff1fa07e998e86f7f7a27ae3,doctor
dr_juan_cox_100000693,a665a45920422f9d417e4867efdc4fb8a04a1f3fff1fa07e998e86f7f7a27ae3,doctor
dr_gregory_mendoza_100000694,a665a45920422f9d417e4867efdc4fb8a04a1f3fff1fa07e998e86f7f7a27ae3,doctor
dr_adam_sanchez_100000695,a665a45920422f9d417e4867efdc4fb8a04a1f3fff1fa07e998e86f7f7a27ae3,doctor
dr_tyler_morales_100000696,a665a45920422f9d417e4867efdc4fb8a04a1f3fff1fa07e998e86f7f7a27ae3,doctor
dr_noah_wood_100000697,a665a45920422f9d417e4867efdc4fb8a04a1f3fff1fa07e998e86f7f7a27ae3,doctor
dr_harold_long_100000698,a665a45920422f9d417e4867efdc4fb8a04a1f3fff1fa07e998e86f7f7a27ae3,doctor
dr_frank_jackson_100000699,a665a45920422f9d417e4867efdc4fb8a04a1f3fff1fa07e998e86f7f7a27ae3,doctor
dr_noah_carter_100000700,a665a45920422f9d417e4867efdc4fb8a04a1f3fff1fa07e998e86f7f7a27ae3,doctor
dr_peter_cook_100000701,a665a45920422f9d417e4867efdc4fb8a04a1f3fff1fa07e998e86f7f7a27ae3,doctor
dr_nicholas_roberts_100000702,a665a45920422f9d417e4867efdc4fb8a04a1f3fff1fa07e998e86f7f7a27ae3,doctor
dr_andrew_flores_100000703,a665a45920422f9d417e4867efdc4fb8a04a1f3fff1fa07e998e86f7f7a27ae3,doctor
dr_bobby_bennett_100000704,a665a45920422f9d417e4867efdc4fb8a04a1f3fff1fa07e998e86f7f7a27ae3,doctor
dr_roger_miller_100000705,a665a45920422f9d417e4867efdc4fb8a04a1f3fff1fa07e998e86f7f7a27ae3,doctor
dr_douglas_brooks_100000706,a665a45920422f9d417e4867efdc4fb8a04a1f3fff1fa07e998e86f7f7a27ae3,doctor
dr_ralph_evans_100000707,a665a45920422f9d417e4867efdc4fb8a04a1f3fff1fa07e998e86f7f7a27ae3,doctor
dr_patrick_wright_100000708,a665a45920422f9d417e4867efdc4fb8a04a1f3fff1fa07e998e86f7f7a27ae3,doctor
dr_kevin_sanders_100000709,a665a45920422f9d417e4867efdc4fb8a04a1f3fff1fa07e998e86f7f7a27ae3,doctor
dr_arthur_brooks_100000710,a665a45920422f9d417e4867efdc4fb8a04a1f3fff1fa07e998e86f7f7a27ae3,doctor
dr_timothy_nelson_100000711,a665a45920422f9d417e4867efdc4fb8a04a1f3fff1fa07e998e86f7f7a27ae3,doctor
dr_walter_rivera_100000712,a665a45920422f9d417e4867efdc4fb8a04a1f3fff1fa07e998e86f7f7a27ae3,doctor
dr_christopher_ortiz_100000713,a665a45920422f9d417e4867efdc4fb8a04a1f3fff1fa07e998e86f7f7a27ae3,doctor
dr_philip_brown_100000714,a665a45920422f9d417e4867efdc4fb8a04a1f3fff1fa07e998e86f7f7a27ae3,doctor
dr_kyle_jones_100000715,a665a45920422f9d417e4867efdc4fb8a04a1f3fff1fa07e998e86f7f7a27ae3,doctor
dr_eugene_rivera_100000716,a665a45920422f9d417e4867efdc4fb8a04a1f3fff1fa07e998e86f7f7a27ae3,doctor
dr_nicholas_kelly_100000717,a665a45920422f9d417e4867efdc4fb8a04a1f3fff1fa07e998e86f7f7a27ae3,doctor
dr_louis_nguyen_100000718,a665a45920422f9d417e4867efdc4fb8a04a1f3fff1fa07e998e86f7f7a27ae3,doctor
dr_wayne_bailey_100000719,a665a45920422f9d417e4867efdc4fb8a04a1f3fff1fa07e998e86f7f7a27ae3,doctor
dr_larry_walker_100000720,a665a45920422f9d417e4867efdc4fb8a04a1f3fff1fa07e998e86f7f7a27ae3,doctor
dr_juan_morales_100000721,a665a45920422f9d417e4867efdc4fb8a04a1f3fff1fa07e998e86f7f7a27ae3,doctor
dr_daniel_miller_100000722,a665a45920422f9d417e4867efdc4fb8a04a1f3fff1fa07e998e86f7f7a27ae3,doctor
dr_alexander_taylor_100000723,a665a45920422f9d417e4867efdc4fb8a04a1f3fff1fa07e998e86f7f7a27ae3,doctor
dr_kenneth_diaz_100000724,a665a45920422f9d417e4867efdc4fb8a04a1f3fff1fa07e998e86f7f7a27ae3,doctor
dr_aaron_wilson_100000725,a665a45920422f9d417e4867efdc4fb8a04a1f3fff1fa07e998e86f7f7a27ae3,doctor
dr_andrew_mitchell_100000726,a665a45920422f9d417e4867efdc4fb8a04a1f3fff1fa07e998e86f7f7a27ae3,doctor
dr_mark_evans_100000727,a665a45920422f9d417e4867efdc4fb8a04a1f3fff1fa07e998e86f7f7a27ae3,doctor
dr_benjamin_gomez_100000728,a665a45920422f9d417e4867efdc4fb8a04a1f3fff1fa07e998e86f7f7a27ae3,doctor
dr_arthur_smith_100000729,a665a45920422f9d417e4867efdc4fb8a04a1f3fff1fa07e998e86f7f7a27ae3,doctor
dr_jeffrey_nguyen_100000730,a665a45920422f9d417e4867efdc4fb8a04a1f3fff1fa07e998e86f7f7a27ae3,doctor
dr_mark_brooks_100000731,a665a45920422f9d417e4867efdc4fb8a04a1f3fff1fa07e998e86f7f7a27ae3,doctor
dr_sean_cooper_100000732,a665a45920422f9d417e4867efdc4fb8a04a1f3fff1fa07e998e86f7f7a27ae3,doctor
dr_randy_hughes_100000733,a665a45920422f9d417e4867efdc4fb8a04a1f3fff1fa07e998e86f7f7a27ae3,doctor
dr_christian_thompson_100000734,a665a45920422f9d417e4867efdc4fb8a04a1f3fff1fa07e998e86f7f7a27ae3,doctor
dr_keith_turner_100000735,a665a45920422f9d417e4867efdc4fb8a04a1f3fff1fa07e998e86f7f7a27ae3,doctor
dr_brian_reyes_100000736,a665a45920422f9d417e4867efdc4fb8a04a1f3fff1fa07e998e86f7f7a27ae3,doctor
dr_adam_phillips_100000737,a665a45920422f9d417e4867efdc4fb8a04a1f3fff1fa07e998e86f7f7a27ae3,doctor
dr_joe_price_100000738,a665a45920422f9d417e4867efdc4fb8a04a1f3fff1fa07e998e86f7f7a27ae3,doctor
dr_philip_davis_100000739,a665a45920422f9d417e4867efdc4fb8a04a1f3fff1fa07e998e86f7f7a27ae3,doctor
dr_joe_turner_100000740,a665a45920422f9d417e4867efdc4fb8a04a1f3fff1fa07e998e86f7f7a27ae3,doctor
dr_aaron_lopez_100000741,a665a45920422f9d417e4867efdc4fb8a04a1f3fff1fa07e998e86f7f7a27ae3,doctor
dr_gregory_price_100000742,a665a45920422f9d417e4867efdc4fb8a04a1f3fff1fa07e998e86f7f7a27ae3,doctor
dr_vincent_brown_100000743,a665a45920422f9d417e4867efdc4fb8a04a1f3fff1fa07e998e86f7f7a27ae3,doctor
dr_steven_phillips_100000744,a665a45920422f9d417e4867efdc4fb8a04a1f3fff1fa07e998e86f7f7a27ae3,doctor
dr_richard_price_100000745,a665a45920422f9d417e4867efdc4fb8a04a1f3fff1fa07e998e86f7f7a27ae3,doctor
dr_eugene_allen_100000746,a665a45920422f9d417e4867efdc4fb8a04a1f3fff1fa07e998e86f7f7a27ae3,doctor
dr_bryan_rodriguez_100000747,a665a45920422f9d417e4867efdc4fb8a04a1f3fff1fa07e998e86f7f7a27ae3,doctor
dr_jesse_murphy_100000748,a665a45920422f9d417e4867efdc4fb8a04a1f3fff1fa07e998e86f7f7a27ae3,doctor
dr_daniel_martinez_100000749,a665a45920422f9d417e4867efdc4fb8a04a1f3fff1fa07e998e86f7f7a27ae3,doctor
dr_kenneth_ward_100000750,a665a45920422f9d417e4867efdc4fb8a04a1f3fff1fa07e998e86f7f7a27ae3,doctor
dr_ryan_turner_100000751,a665a45920422f9d417e4867efdc4fb8a04a1f3fff1fa07e998e86f7f7a27ae3,doctor
dr_nicholas_anderson_100000752,a665a45920422f9d417e4867efdc4fb8a04a1f3fff1fa07e998e86f7f7a27ae3,doctor
dr_willie_walker_100000753,a665a45920422f9d417e4867efdc4fb8a04a1f3fff1fa07e998e86f7f7a27ae3,doctor
dr_logan_kelly_100000754,a665a45920422f9d417e4867efdc4fb8a04a1f3fff1fa07e998e86f7f7a27ae3,doctor
dr_justin_king_100000755,a665a45920422f9d417e4867efdc4fb8a04a1f3fff1fa07e998e86f7f7a27ae3,doctor
dr_ethan_ramos_100000756,a665a45920422f9d417e4867efdc4fb8a04a1f3fff1fa07e998e86f7f7a27ae3,doctor
dr_steven_reed_100000757,a665a45920422f9d417e4867efdc4fb8a04a1f3fff1fa07e998e86f7f7a27ae3,doctor
dr_randy_robinson_100000758,a665a45920422f9d417e4867efdc4fb8a04a1f3fff1fa07e998e86f7f7a27ae3,doctor
dr_eugene_james_100000759,a665a45920422f9d417e4867efdc4fb8a04a1f3fff1fa07e998e86f7f7a27ae3,doctor
dr_nathan_stewart_100000760,a665a45920422f9d417e4867efdc4fb8a04a1f3fff1fa07e998e86f7f7a27ae3,doctor
dr_keith_parker_100000761,a665a45920422f9d417e4867efdc4fb8a04a1f3fff1fa07e998e86f7f7a27ae3,doctor
dr_albert_davis_100000762,a665a45920422f9d417e4867efdc4fb8a04a1f3fff1fa07e998e86f7f7a27ae3,doctor
dr_john_alvarez_100000763,a665a45920422f9d417e4867efdc4fb8a04a1f3fff1fa07e998e86f7f7a27ae3,doctor
dr_daniel_chavez_100000764,a665a45920422f9d417e4867efdc4fb8a04a1f3fff1fa07e998e86f7f7a27ae3,doctor
dr_logan_martinez_100000765,a665a45920422f9d417e4867efdc4fb8a04a1f3fff1fa07e998e86f7f7a27ae3,doctor
dr_mason_ramos_100000766,a665a45920422f9d417e4867efdc4fb8a04a1f3fff1fa07e998e86f7f7a27ae3,doctor
dr_nicholas_lopez_100000767,a665a45920422f9d417e4867efdc4fb8a04a1f3fff1fa07e998e86f7f7a27ae3,doctor
dr_russell_morales_100000768,a665a45920422f9d417e4867efdc4fb8a04a1f3fff1fa07e998e86f7f7a27ae3,doctor
dr_keith_green_100000769,a665a45920422f9d417e4867efdc4fb8a04a1f3fff1fa07e998e86f7f7a27ae3,doctor
dr_jose_chavez_100000770,a665a45920422f9d417e4867efdc4fb8a04a1f3fff1fa07e998e86f7f7a27ae3,doctor
dr_keith_robinson_100000771,a665a45920422f9d417e4867efdc4fb8a04a1f3fff1fa07e998e86f7f7a27ae3,doctor
dr_scott_cook_100000772,a665a45920422f9d417e4867efdc4fb8a04a1f3fff1fa07e998e86f7f7a27ae3,doctor
dr_joshua_young_100000773,a665a45920422f9d417e4867efdc4fb8a04a1f3fff1fa07e998e86f7f7a27ae3,doctor
dr_douglas_taylor_100000774,a665a45920422f9d417e4867efdc4fb8a04a1f3fff1fa07e998e86f7f7a27ae3,doctor
dr_nathan_diaz_100000775,a665a45920422f9d417e4867efdc4fb8a04a1f3fff1fa07e998e86f7f7a27ae3,doctor
dr_brandon_miller_100000776,a665a45920422f9d417e4867efdc4fb8a04a1f3fff1fa07e998e86f7f7a27ae3,doctor
dr_sean_castillo_100000777,a665a45920422f9d417e4867efdc4fb8a04a1f3fff1fa07e998e86f7f7a27ae3,doctor
dr_ralph_ortiz_100000778,a665a45920422f9d417e4867efdc4fb8a04a1f3fff1fa07e998e86f7f7a27ae3,doctor
dr_kyle_martin_100000779,a665a45920422f9d417e4867efdc4fb8a04a1f3fff1fa07e998e86f7f7a27ae3,doctor
dr_daniel_walker_100000780,a665a45920422f9d417e4867efdc4fb8a04a1f3fff1fa07e998e86f7f7a27ae3,doctor
dr_dylan_jackson_100000781,a665a45920422f9d417e4867efdc4fb8a04a1f3fff1fa07e998e86f7f7a27ae3,doctor
dr_kevin_allen_100000782,a665a45920422f9d417e4867efdc4fb8a04a1f3fff1fa07e998e86f7f7a27ae3,doctor
dr_eric_gutierrez_100000783,a665a45920422f9d417e4867efdc4fb8a04a1f3fff1fa07e998e86f7f7a27ae3,doctor
dr_gabriel_flores_100000784,a665a45920422f9d417e4867efdc4fb8a04a1f3fff1fa07e998e86f7f7a27ae3,doctor
dr_justin_mitchell_100000785,a665a45920422f9d417e4867efdc4fb8a04a1f3fff1fa07e998e86f7f7a27ae3,doctor
dr_john_gray_100000786,a665a45920422f9d417e4867efdc4fb8a04a1f3fff1fa07e998e86f7f7a27ae3,doctor
dr_john_campbell_100000787,a665a45920422f9d417e4867efdc4fb8a04a1f3fff1fa07e998e86f7f7a27ae3,doctor
dr_douglas_nelson_100000788,a665a45920422f9d417e4867efdc4fb8a04a1f3fff1fa07e998e86f7f7a27ae3,doctor
dr_bobby_morris_100000789,a665a45920422f9d417e4867efdc4fb8a04a1f3fff1fa07e998e86f7f7a27ae3,doctor
dr_vincent_wright_100000790,a665a45920422f9d417e4867efdc4fb8a04a1f3fff1fa07e998e86f7f7a27ae3,doctor
dr_jacob_bennett_100000791,a665a45920422f9d417e4867efdc4fb8a04a1f3fff1fa07e998e86f7f7a27ae3,doctor
dr_gabriel_ramos_100000792,a665a45920422f9d417e4867efdc4fb8a04a1f3fff1fa07e998e86f7f7a27ae3,doctor
dr_vincent_ramos_100000793,a665a45920422f9d417e4867efdc4fb8a04a1f3fff1fa07e998e86f7f7a27ae3,doctor
dr_alexander_white_100000794,a665a45920422f9d417e4867efdc4fb8a04a1f3fff1fa07e998e86f7f7a27ae3,doctor
